onset	duration	trial_type	value	sample
7.182	0.25	0	1	3591
7.2	0.25	0	1	3600
7.216	0.25	0	1	3608
7.232	0.25	0	1	3616
7.25	0.25	0	1	3625
7.266	0.25	0	1	3633
7.282	0.25	0	1	3641
7.3	0.25	0	1	3650
7.316	0.25	0	1	3658
7.332	0.25	0	1	3666
7.35	0.25	0	1	3675
7.366	0.25	0	1	3683
7.382	0.25	0	1	3691
7.4	0.25	0	1	3700
7.416	0.25	0	1	3708
7.432	0.25	0	1	3716
7.45	0.25	0	1	3725
7.466	0.25	0	1	3733
7.482	0.25	1	2	3741
7.5	0.25	1	2	3750
7.516	0.25	1	2	3758
7.532	0.25	1	2	3766
7.55	0.25	0	1	3775
7.566	0.25	0	1	3783
7.582	0.25	0	1	3791
7.6	0.25	0	1	3800
7.616	0.25	0	1	3808
7.632	0.25	0	1	3816
7.65	0.25	0	1	3825
7.666	0.25	0	1	3833
7.682	0.25	0	1	3841
7.7	0.25	0	1	3850
7.716	0.25	0	1	3858
7.732	0.25	0	1	3866
7.75	0.25	0	1	3875
7.766	0.25	0	1	3883
7.782	0.25	0	1	3891
7.8	0.25	0	1	3900
7.816	0.25	0	1	3908
7.832	0.25	0	1	3916
7.85	0.25	0	1	3925
7.866	0.25	0	1	3933
7.882	0.25	1	2	3941
7.9	0.25	1	2	3950
7.916	0.25	1	2	3958
7.932	0.25	1	2	3966
7.95	0.25	0	1	3975
7.966	0.25	0	1	3983
7.982	0.25	0	1	3991
8.0	0.25	0	1	4000
8.016	0.25	0	1	4008
8.032	0.25	0	1	4016
8.05	0.25	0	1	4025
8.066	0.25	0	1	4033
8.082	0.25	0	1	4041
8.1	0.25	0	1	4050
8.116	0.25	0	1	4058
8.132	0.25	0	1	4066
8.15	0.25	0	1	4075
8.166	0.25	1	2	4083
8.182	0.25	1	2	4091
8.2	0.25	1	2	4100
8.216	0.25	1	2	4108
8.232	0.25	0	1	4116
8.25	0.25	0	1	4125
8.266	0.25	0	1	4133
8.282	0.25	0	1	4141
8.3	0.25	0	1	4150
8.316	0.25	0	1	4158
8.332	0.25	0	1	4166
8.35	0.25	0	1	4175
8.366	0.25	0	1	4183
8.382	0.25	0	1	4191
8.4	0.25	0	1	4200
8.416	0.25	0	1	4208
8.432	0.25	0	1	4216
8.45	0.25	0	1	4225
8.466	0.25	0	1	4233
8.482	0.25	0	1	4241
8.5	0.25	0	1	4250
8.516	0.25	0	1	4258
8.532	0.25	1	2	4266
8.55	0.25	1	2	4275
8.566	0.25	1	2	4283
8.582	0.25	1	2	4291
8.6	0.25	0	1	4300
8.616	0.25	0	1	4308
8.632	0.25	0	1	4316
8.65	0.25	0	1	4325
8.666	0.25	0	1	4333
8.682	0.25	0	1	4341
8.7	0.25	0	1	4350
8.716	0.25	0	1	4358
8.732	0.25	0	1	4366
8.75	0.25	0	1	4375
8.766	0.25	0	1	4383
8.782	0.25	0	1	4391
8.8	0.25	0	1	4400
8.816	0.25	0	1	4408
8.832	0.25	0	1	4416
8.85	0.25	0	1	4425
8.866	0.25	0	1	4433
8.882	0.25	0	1	4441
8.9	0.25	0	1	4450
8.916	0.25	0	1	4458
8.932	0.25	0	1	4466
8.95	0.25	0	1	4475
8.966	0.25	0	1	4483
8.982	0.25	0	1	4491
9.0	0.25	1	2	4500
9.016	0.25	1	2	4508
9.032	0.25	1	2	4516
9.05	0.25	1	2	4525
9.066	0.25	0	1	4533
9.082	0.25	0	1	4541
9.1	0.25	0	1	4550
9.116	0.25	0	1	4558
10.6	0.25	0	1	5300
10.616	0.25	0	1	5308
10.632	0.25	0	1	5316
10.65	0.25	0	1	5325
10.666	0.25	0	1	5333
10.682	0.25	0	1	5341
10.7	0.25	0	1	5350
10.716	0.25	0	1	5358
10.732	0.25	0	1	5366
10.75	0.25	0	1	5375
10.766	0.25	0	1	5383
10.782	0.25	0	1	5391
10.8	0.25	0	1	5400
10.816	0.25	0	1	5408
10.832	0.25	0	1	5416
10.85	0.25	0	1	5425
10.866	0.25	0	1	5433
10.882	0.25	0	1	5441
10.9	0.25	0	1	5450
10.916	0.25	0	1	5458
10.932	0.25	0	1	5466
10.95	0.25	0	1	5475
10.966	0.25	0	1	5483
10.982	0.25	1	2	5491
11.0	0.25	1	2	5500
11.016	0.25	1	2	5508
11.032	0.25	1	2	5516
11.05	0.25	0	1	5525
11.066	0.25	0	1	5533
11.082	0.25	0	1	5541
11.1	0.25	0	1	5550
11.116	0.25	0	1	5558
11.132	0.25	0	1	5566
11.15	0.25	0	1	5575
11.166	0.25	0	1	5583
11.182	0.25	0	1	5591
11.2	0.25	0	1	5600
11.216	0.25	0	1	5608
11.232	0.25	0	1	5616
11.25	0.25	0	1	5625
11.266	0.25	0	1	5633
11.282	0.25	0	1	5641
11.3	0.25	0	1	5650
11.316	0.25	0	1	5658
11.332	0.25	0	1	5666
11.35	0.25	0	1	5675
11.366	0.25	1	2	5683
11.382	0.25	1	2	5691
11.4	0.25	1	2	5700
11.416	0.25	1	2	5708
11.432	0.25	0	1	5716
11.45	0.25	0	1	5725
11.466	0.25	0	1	5733
11.482	0.25	0	1	5741
11.5	0.25	0	1	5750
11.516	0.25	0	1	5758
11.532	0.25	0	1	5766
11.55	0.25	0	1	5775
11.566	0.25	0	1	5783
11.582	0.25	0	1	5791
11.6	0.25	0	1	5800
11.616	0.25	0	1	5808
11.632	0.25	0	1	5816
11.65	0.25	0	1	5825
11.666	0.25	1	2	5833
11.682	0.25	1	2	5841
11.7	0.25	1	2	5850
11.716	0.25	1	2	5858
11.732	0.25	0	1	5866
11.75	0.25	0	1	5875
11.766	0.25	0	1	5883
11.782	0.25	0	1	5891
11.8	0.25	0	1	5900
11.816	0.25	0	1	5908
11.832	0.25	0	1	5916
11.85	0.25	0	1	5925
11.866	0.25	0	1	5933
11.882	0.25	0	1	5941
11.9	0.25	0	1	5950
11.916	0.25	0	1	5958
11.932	0.25	0	1	5966
11.95	0.25	1	2	5975
11.966	0.25	1	2	5983
11.982	0.25	1	2	5991
12.0	0.25	1	2	6000
12.016	0.25	0	1	6008
12.032	0.25	0	1	6016
12.05	0.25	0	1	6025
12.066	0.25	0	1	6033
12.082	0.25	0	1	6041
12.1	0.25	0	1	6050
12.116	0.25	0	1	6058
12.132	0.25	0	1	6066
12.15	0.25	0	1	6075
12.166	0.25	0	1	6083
12.182	0.25	0	1	6091
12.2	0.25	0	1	6100
12.216	0.25	0	1	6108
12.232	0.25	0	1	6116
12.25	0.25	0	1	6125
12.266	0.25	0	1	6133
12.282	0.25	1	2	6141
12.3	0.25	1	2	6150
12.316	0.25	1	2	6158
12.332	0.25	1	2	6166
12.35	0.25	0	1	6175
12.366	0.25	0	1	6183
12.382	0.25	0	1	6191
12.4	0.25	0	1	6200
12.416	0.25	0	1	6208
12.432	0.25	0	1	6216
12.45	0.25	0	1	6225
12.466	0.25	0	1	6233
12.482	0.25	0	1	6241
12.5	0.25	0	1	6250
12.516	0.25	0	1	6258
12.532	0.25	0	1	6266
14.016	0.25	0	1	7008
14.032	0.25	1	2	7016
14.05	0.25	1	2	7025
14.066	0.25	1	2	7033
14.082	0.25	1	2	7041
14.1	0.25	0	1	7050
14.116	0.25	0	1	7058
14.132	0.25	0	1	7066
14.15	0.25	0	1	7075
14.166	0.25	0	1	7083
14.182	0.25	0	1	7091
14.2	0.25	0	1	7100
14.216	0.25	0	1	7108
14.232	0.25	0	1	7116
14.25	0.25	0	1	7125
14.266	0.25	0	1	7133
14.282	0.25	0	1	7141
14.3	0.25	0	1	7150
14.316	0.25	0	1	7158
14.332	0.25	0	1	7166
14.35	0.25	0	1	7175
14.366	0.25	0	1	7183
14.382	0.25	0	1	7191
14.4	0.25	0	1	7200
14.416	0.25	0	1	7208
14.432	0.25	0	1	7216
14.45	0.25	0	1	7225
14.466	0.25	0	1	7233
14.482	0.25	0	1	7241
14.5	0.25	0	1	7250
14.516	0.25	1	2	7258
14.532	0.25	1	2	7266
14.55	0.25	1	2	7275
14.566	0.25	1	2	7283
14.582	0.25	0	1	7291
14.6	0.25	0	1	7300
14.616	0.25	0	1	7308
14.632	0.25	0	1	7316
14.65	0.25	0	1	7325
14.666	0.25	0	1	7333
14.682	0.25	0	1	7341
14.7	0.25	0	1	7350
14.716	0.25	0	1	7358
14.732	0.25	0	1	7366
14.75	0.25	0	1	7375
14.766	0.25	0	1	7383
14.782	0.25	0	1	7391
14.8	0.25	0	1	7400
14.816	0.25	0	1	7408
14.832	0.25	0	1	7416
14.85	0.25	0	1	7425
14.866	0.25	0	1	7433
14.882	0.25	0	1	7441
14.9	0.25	0	1	7450
14.916	0.25	0	1	7458
14.932	0.25	0	1	7466
14.95	0.25	0	1	7475
14.966	0.25	0	1	7483
14.982	0.25	1	2	7491
15.0	0.25	1	2	7500
15.016	0.25	1	2	7508
15.032	0.25	1	2	7516
15.05	0.25	0	1	7525
15.066	0.25	0	1	7533
15.082	0.25	0	1	7541
15.1	0.25	0	1	7550
15.116	0.25	0	1	7558
15.132	0.25	0	1	7566
15.15	0.25	0	1	7575
15.166	0.25	0	1	7583
15.182	0.25	0	1	7591
15.2	0.25	0	1	7600
15.216	0.25	0	1	7608
15.232	0.25	0	1	7616
15.25	0.25	0	1	7625
15.266	0.25	0	1	7633
15.282	0.25	0	1	7641
15.3	0.25	0	1	7650
15.316	0.25	0	1	7658
15.332	0.25	0	1	7666
15.35	0.25	0	1	7675
15.366	0.25	0	1	7683
15.382	0.25	0	1	7691
15.4	0.25	1	2	7700
15.416	0.25	1	2	7708
15.432	0.25	1	2	7716
15.45	0.25	1	2	7725
15.466	0.25	0	1	7733
15.482	0.25	0	1	7741
15.5	0.25	0	1	7750
15.516	0.25	0	1	7758
15.532	0.25	0	1	7766
15.55	0.25	0	1	7775
15.566	0.25	0	1	7783
15.582	0.25	0	1	7791
15.6	0.25	0	1	7800
15.616	0.25	0	1	7808
15.632	0.25	0	1	7816
15.65	0.25	0	1	7825
15.666	0.25	0	1	7833
15.682	0.25	0	1	7841
15.7	0.25	0	1	7850
15.716	0.25	0	1	7858
15.732	0.25	0	1	7866
15.75	0.25	0	1	7875
15.766	0.25	0	1	7883
15.782	0.25	0	1	7891
15.8	0.25	0	1	7900
15.816	0.25	0	1	7908
15.832	0.25	1	2	7916
15.85	0.25	1	2	7925
15.866	0.25	1	2	7933
15.882	0.25	1	2	7941
15.9	0.25	0	1	7950
15.916	0.25	0	1	7958
15.932	0.25	0	1	7966
15.95	0.25	0	1	7975
17.432	0.25	0	1	8716
17.45	0.25	0	1	8725
17.466	0.25	0	1	8733
17.482	0.25	0	1	8741
17.5	0.25	0	1	8750
17.516	0.25	0	1	8758
17.532	0.25	0	1	8766
17.55	0.25	0	1	8775
17.566	0.25	0	1	8783
17.582	0.25	0	1	8791
17.6	0.25	0	1	8800
17.616	0.25	0	1	8808
17.632	0.25	0	1	8816
17.65	0.25	0	1	8825
17.666	0.25	0	1	8833
17.682	0.25	1	2	8841
17.7	0.25	1	2	8850
17.716	0.25	1	2	8858
17.732	0.25	1	2	8866
17.75	0.25	0	1	8875
17.766	0.25	0	1	8883
17.782	0.25	0	1	8891
17.8	0.25	0	1	8900
17.816	0.25	0	1	8908
17.832	0.25	0	1	8916
17.85	0.25	0	1	8925
17.866	0.25	0	1	8933
17.882	0.25	0	1	8941
17.9	0.25	0	1	8950
17.916	0.25	0	1	8958
17.932	0.25	0	1	8966
17.95	0.25	0	1	8975
17.966	0.25	0	1	8983
17.982	0.25	0	1	8991
18.0	0.25	0	1	9000
18.016	0.25	0	1	9008
18.032	0.25	0	1	9016
18.05	0.25	0	1	9025
18.066	0.25	0	1	9033
18.082	0.25	0	1	9041
18.1	0.25	0	1	9050
18.116	0.25	1	2	9058
18.132	0.25	1	2	9066
18.15	0.25	1	2	9075
18.166	0.25	1	2	9083
18.182	0.25	0	1	9091
18.2	0.25	0	1	9100
18.216	0.25	0	1	9108
18.232	0.25	0	1	9116
18.25	0.25	0	1	9125
18.266	0.25	0	1	9133
18.282	0.25	0	1	9141
18.3	0.25	0	1	9150
18.316	0.25	0	1	9158
18.332	0.25	0	1	9166
18.35	0.25	0	1	9175
18.366	0.25	0	1	9183
18.382	0.25	0	1	9191
18.4	0.25	0	1	9200
18.416	0.25	0	1	9208
18.432	0.25	0	1	9216
18.45	0.25	0	1	9225
18.466	0.25	0	1	9233
18.482	0.25	0	1	9241
18.5	0.25	0	1	9250
18.516	0.25	0	1	9258
18.532	0.25	0	1	9266
18.55	0.25	0	1	9275
18.566	0.25	0	1	9283
18.582	0.25	1	2	9291
18.6	0.25	1	2	9300
18.616	0.25	1	2	9308
18.632	0.25	1	2	9316
18.65	0.25	0	1	9325
18.666	0.25	0	1	9333
18.682	0.25	0	1	9341
18.7	0.25	0	1	9350
18.716	0.25	0	1	9358
18.732	0.25	0	1	9366
18.75	0.25	0	1	9375
18.766	0.25	0	1	9383
18.782	0.25	0	1	9391
18.8	0.25	0	1	9400
18.816	0.25	0	1	9408
18.832	0.25	0	1	9416
18.85	0.25	0	1	9425
18.866	0.25	0	1	9433
18.882	0.25	1	2	9441
18.9	0.25	1	2	9450
18.916	0.25	1	2	9458
18.932	0.25	1	2	9466
18.95	0.25	0	1	9475
18.966	0.25	0	1	9483
18.982	0.25	0	1	9491
19.0	0.25	0	1	9500
19.016	0.25	0	1	9508
19.032	0.25	0	1	9516
19.05	0.25	0	1	9525
19.066	0.25	0	1	9533
19.082	0.25	0	1	9541
19.1	0.25	0	1	9550
19.116	0.25	0	1	9558
19.132	0.25	0	1	9566
19.15	0.25	0	1	9575
19.166	0.25	0	1	9583
19.182	0.25	0	1	9591
19.2	0.25	0	1	9600
19.216	0.25	0	1	9608
19.232	0.25	0	1	9616
19.25	0.25	0	1	9625
19.266	0.25	0	1	9633
19.282	0.25	0	1	9641
19.3	0.25	0	1	9650
19.316	0.25	1	2	9658
19.332	0.25	1	2	9666
19.35	0.25	1	2	9675
19.366	0.25	1	2	9683
22.116	0.25	0	1	11058
22.132	0.25	0	1	11066
22.15	0.25	0	1	11075
22.166	0.25	0	1	11083
22.182	0.25	0	1	11091
22.2	0.25	0	1	11100
22.216	0.25	0	1	11108
22.232	0.25	0	1	11116
22.25	0.25	0	1	11125
22.266	0.25	0	1	11133
22.282	0.25	0	1	11141
22.3	0.25	0	1	11150
22.316	0.25	0	1	11158
22.332	0.25	0	1	11166
22.35	0.25	0	1	11175
22.366	0.25	0	1	11183
22.382	0.25	0	1	11191
22.4	0.25	0	1	11200
22.416	0.25	0	1	11208
22.432	0.25	0	1	11216
22.45	0.25	0	1	11225
22.466	0.25	0	1	11233
22.482	0.25	0	1	11241
22.5	0.25	1	2	11250
22.516	0.25	1	2	11258
22.532	0.25	1	2	11266
22.55	0.25	1	2	11275
22.566	0.25	0	1	11283
22.582	0.25	0	1	11291
22.6	0.25	0	1	11300
22.616	0.25	0	1	11308
22.632	0.25	0	1	11316
22.65	0.25	0	1	11325
22.666	0.25	0	1	11333
22.682	0.25	0	1	11341
22.7	0.25	0	1	11350
22.716	0.25	0	1	11358
22.732	0.25	0	1	11366
22.75	0.25	0	1	11375
22.766	0.25	0	1	11383
22.782	0.25	0	1	11391
22.8	0.25	0	1	11400
22.816	0.25	0	1	11408
22.832	0.25	0	1	11416
22.85	0.25	0	1	11425
22.866	0.25	0	1	11433
22.882	0.25	1	2	11441
22.9	0.25	1	2	11450
22.916	0.25	1	2	11458
22.932	0.25	1	2	11466
22.95	0.25	0	1	11475
22.966	0.25	0	1	11483
22.982	0.25	0	1	11491
23.0	0.25	0	1	11500
23.016	0.25	0	1	11508
23.032	0.25	0	1	11516
23.05	0.25	0	1	11525
23.066	0.25	0	1	11533
23.082	0.25	0	1	11541
23.1	0.25	0	1	11550
23.116	0.25	0	1	11558
23.132	0.25	0	1	11566
23.15	0.25	0	1	11575
23.166	0.25	0	1	11583
23.182	0.25	1	2	11591
23.2	0.25	1	2	11600
23.216	0.25	1	2	11608
23.232	0.25	1	2	11616
23.25	0.25	0	1	11625
23.266	0.25	0	1	11633
23.282	0.25	0	1	11641
23.3	0.25	0	1	11650
23.316	0.25	0	1	11658
23.332	0.25	0	1	11666
23.35	0.25	0	1	11675
23.366	0.25	0	1	11683
23.382	0.25	0	1	11691
23.4	0.25	0	1	11700
23.416	0.25	0	1	11708
23.432	0.25	0	1	11716
23.45	0.25	0	1	11725
23.466	0.25	1	2	11733
23.482	0.25	1	2	11741
23.5	0.25	1	2	11750
23.516	0.25	1	2	11758
23.532	0.25	0	1	11766
23.55	0.25	0	1	11775
23.566	0.25	0	1	11783
23.582	0.25	0	1	11791
23.6	0.25	0	1	11800
23.616	0.25	0	1	11808
23.632	0.25	0	1	11816
23.65	0.25	0	1	11825
23.666	0.25	0	1	11833
23.682	0.25	0	1	11841
23.7	0.25	0	1	11850
23.716	0.25	0	1	11858
23.732	0.25	0	1	11866
23.75	0.25	0	1	11875
23.766	0.25	0	1	11883
23.782	0.25	0	1	11891
23.8	0.25	1	2	11900
23.816	0.25	1	2	11908
23.832	0.25	1	2	11916
23.85	0.25	1	2	11925
23.866	0.25	0	1	11933
23.882	0.25	0	1	11941
23.9	0.25	0	1	11950
23.916	0.25	0	1	11958
23.932	0.25	0	1	11966
23.95	0.25	0	1	11975
23.966	0.25	0	1	11983
23.982	0.25	0	1	11991
24.0	0.25	0	1	12000
24.016	0.25	0	1	12008
24.032	0.25	0	1	12016
24.05	0.25	0	1	12025
25.532	0.25	0	1	12766
25.55	0.25	0	1	12775
25.566	0.25	0	1	12783
25.582	0.25	0	1	12791
25.6	0.25	0	1	12800
25.616	0.25	0	1	12808
25.632	0.25	0	1	12816
25.65	0.25	0	1	12825
25.666	0.25	0	1	12833
25.682	0.25	0	1	12841
25.7	0.25	0	1	12850
25.716	0.25	0	1	12858
25.732	0.25	0	1	12866
25.75	0.25	0	1	12875
25.766	0.25	0	1	12883
25.782	0.25	0	1	12891
25.8	0.25	0	1	12900
25.816	0.25	0	1	12908
25.832	0.25	1	2	12916
25.85	0.25	1	2	12925
25.866	0.25	1	2	12933
25.882	0.25	1	2	12941
25.9	0.25	0	1	12950
25.916	0.25	0	1	12958
25.932	0.25	0	1	12966
25.95	0.25	0	1	12975
25.966	0.25	0	1	12983
25.982	0.25	0	1	12991
26.0	0.25	0	1	13000
26.016	0.25	0	1	13008
26.032	0.25	0	1	13016
26.05	0.25	0	1	13025
26.066	0.25	0	1	13033
26.082	0.25	0	1	13041
26.1	0.25	0	1	13050
26.116	0.25	0	1	13058
26.132	0.25	0	1	13066
26.15	0.25	0	1	13075
26.166	0.25	0	1	13083
26.182	0.25	0	1	13091
26.2	0.25	0	1	13100
26.216	0.25	0	1	13108
26.232	0.25	1	2	13116
26.25	0.25	1	2	13125
26.266	0.25	1	2	13133
26.282	0.25	1	2	13141
26.3	0.25	0	1	13150
26.316	0.25	0	1	13158
26.332	0.25	0	1	13166
26.35	0.25	0	1	13175
26.366	0.25	0	1	13183
26.382	0.25	0	1	13191
26.4	0.25	0	1	13200
26.416	0.25	0	1	13208
26.432	0.25	0	1	13216
26.45	0.25	0	1	13225
26.466	0.25	0	1	13233
26.482	0.25	0	1	13241
26.5	0.25	0	1	13250
26.516	0.25	1	2	13258
26.532	0.25	1	2	13266
26.55	0.25	1	2	13275
26.566	0.25	1	2	13283
26.582	0.25	0	1	13291
26.6	0.25	0	1	13300
26.616	0.25	0	1	13308
26.632	0.25	0	1	13316
26.65	0.25	0	1	13325
26.666	0.25	0	1	13333
26.682	0.25	0	1	13341
26.7	0.25	0	1	13350
26.716	0.25	0	1	13358
26.732	0.25	0	1	13366
26.75	0.25	0	1	13375
26.766	0.25	0	1	13383
26.782	0.25	0	1	13391
26.8	0.25	0	1	13400
26.816	0.25	0	1	13408
26.832	0.25	0	1	13416
26.85	0.25	0	1	13425
26.866	0.25	0	1	13433
26.882	0.25	1	2	13441
26.9	0.25	1	2	13450
26.916	0.25	1	2	13458
26.932	0.25	1	2	13466
26.95	0.25	0	1	13475
26.966	0.25	0	1	13483
26.982	0.25	0	1	13491
27.0	0.25	0	1	13500
27.016	0.25	0	1	13508
27.032	0.25	0	1	13516
27.05	0.25	0	1	13525
27.066	0.25	0	1	13533
27.082	0.25	0	1	13541
27.1	0.25	0	1	13550
27.116	0.25	0	1	13558
27.132	0.25	0	1	13566
27.15	0.25	0	1	13575
27.166	0.25	0	1	13583
27.182	0.25	0	1	13591
27.2	0.25	0	1	13600
27.216	0.25	0	1	13608
27.232	0.25	0	1	13616
27.25	0.25	0	1	13625
27.266	0.25	0	1	13633
27.282	0.25	0	1	13641
27.3	0.25	0	1	13650
27.316	0.25	0	1	13658
27.332	0.25	0	1	13666
27.35	0.25	1	2	13675
27.366	0.25	1	2	13683
27.382	0.25	1	2	13691
27.4	0.25	1	2	13700
27.416	0.25	0	1	13708
27.432	0.25	0	1	13716
27.45	0.25	0	1	13725
27.466	0.25	0	1	13733
28.95	0.25	0	1	14475
28.966	0.25	0	1	14483
28.982	0.25	0	1	14491
29.0	0.25	0	1	14500
29.016	0.25	0	1	14508
29.032	0.25	0	1	14516
29.05	0.25	0	1	14525
29.066	0.25	0	1	14533
29.082	0.25	0	1	14541
29.1	0.25	0	1	14550
29.116	0.25	0	1	14558
29.132	0.25	0	1	14566
29.15	0.25	0	1	14575
29.166	0.25	0	1	14583
29.182	0.25	0	1	14591
29.2	0.25	1	2	14600
29.216	0.25	1	2	14608
29.232	0.25	1	2	14616
29.25	0.25	1	2	14625
29.266	0.25	0	1	14633
29.282	0.25	0	1	14641
29.3	0.25	0	1	14650
29.316	0.25	0	1	14658
29.332	0.25	0	1	14666
29.35	0.25	0	1	14675
29.366	0.25	0	1	14683
29.382	0.25	0	1	14691
29.4	0.25	0	1	14700
29.416	0.25	0	1	14708
29.432	0.25	0	1	14716
29.45	0.25	0	1	14725
29.466	0.25	0	1	14733
29.482	0.25	0	1	14741
29.5	0.25	0	1	14750
29.516	0.25	0	1	14758
29.532	0.25	0	1	14766
29.55	0.25	0	1	14775
29.566	0.25	0	1	14783
29.582	0.25	0	1	14791
29.6	0.25	0	1	14800
29.616	0.25	0	1	14808
29.632	0.25	1	2	14816
29.65	0.25	1	2	14825
29.666	0.25	1	2	14833
29.682	0.25	1	2	14841
29.7	0.25	0	1	14850
29.716	0.25	0	1	14858
29.732	0.25	0	1	14866
29.75	0.25	0	1	14875
29.766	0.25	0	1	14883
29.782	0.25	0	1	14891
29.8	0.25	0	1	14900
29.816	0.25	0	1	14908
29.832	0.25	0	1	14916
29.85	0.25	0	1	14925
29.866	0.25	0	1	14933
29.882	0.25	0	1	14941
29.9	0.25	0	1	14950
29.916	0.25	0	1	14958
29.932	0.25	0	1	14966
29.95	0.25	0	1	14975
29.966	0.25	0	1	14983
29.982	0.25	0	1	14991
30.0	0.25	0	1	15000
30.016	0.25	0	1	15008
30.032	0.25	0	1	15016
30.05	0.25	0	1	15025
30.066	0.25	0	1	15033
30.082	0.25	0	1	15041
30.1	0.25	1	2	15050
30.116	0.25	1	2	15058
30.132	0.25	1	2	15066
30.15	0.25	1	2	15075
30.166	0.25	0	1	15083
30.182	0.25	0	1	15091
30.2	0.25	0	1	15100
30.216	0.25	0	1	15108
30.232	0.25	0	1	15116
30.25	0.25	0	1	15125
30.266	0.25	0	1	15133
30.282	0.25	0	1	15141
30.3	0.25	0	1	15150
30.316	0.25	0	1	15158
30.332	0.25	0	1	15166
30.35	0.25	0	1	15175
30.366	0.25	0	1	15183
30.382	0.25	0	1	15191
30.4	0.25	1	2	15200
30.416	0.25	1	2	15208
30.432	0.25	1	2	15216
30.45	0.25	1	2	15225
30.466	0.25	0	1	15233
30.482	0.25	0	1	15241
30.5	0.25	0	1	15250
30.516	0.25	0	1	15258
30.532	0.25	0	1	15266
30.55	0.25	0	1	15275
30.566	0.25	0	1	15283
30.582	0.25	0	1	15291
30.6	0.25	0	1	15300
30.616	0.25	0	1	15308
30.632	0.25	0	1	15316
30.65	0.25	0	1	15325
30.666	0.25	0	1	15333
30.682	0.25	0	1	15341
30.7	0.25	0	1	15350
30.716	0.25	0	1	15358
30.732	0.25	0	1	15366
30.75	0.25	0	1	15375
30.766	0.25	0	1	15383
30.782	0.25	0	1	15391
30.8	0.25	0	1	15400
30.816	0.25	0	1	15408
30.832	0.25	1	2	15416
30.85	0.25	1	2	15425
30.866	0.25	1	2	15433
30.882	0.25	1	2	15441
32.382	0.25	0	1	16191
32.4	0.25	1	2	16200
32.416	0.25	1	2	16208
32.432	0.25	1	2	16216
32.45	0.25	1	2	16225
32.466	0.25	0	1	16233
32.482	0.25	0	1	16241
32.5	0.25	0	1	16250
32.516	0.25	0	1	16258
32.532	0.25	0	1	16266
32.548	0.25	0	1	16274
32.566	0.25	0	1	16283
32.582	0.25	0	1	16291
32.6	0.25	0	1	16300
32.616	0.25	0	1	16308
32.632	0.25	0	1	16316
32.65	0.25	0	1	16325
32.666	0.25	0	1	16333
32.682	0.25	0	1	16341
32.7	0.25	0	1	16350
32.716	0.25	0	1	16358
32.732	0.25	0	1	16366
32.75	0.25	0	1	16375
32.766	0.25	0	1	16383
32.782	0.25	0	1	16391
32.8	0.25	0	1	16400
32.816	0.25	0	1	16408
32.832	0.25	0	1	16416
32.85	0.25	0	1	16425
32.866	0.25	0	1	16433
32.882	0.25	1	2	16441
32.9	0.25	1	2	16450
32.916	0.25	1	2	16458
32.932	0.25	1	2	16466
32.95	0.25	0	1	16475
32.966	0.25	0	1	16483
32.982	0.25	0	1	16491
33.0	0.25	0	1	16500
33.016	0.25	0	1	16508
33.032	0.25	0	1	16516
33.05	0.25	0	1	16525
33.066	0.25	0	1	16533
33.082	0.25	0	1	16541
33.1	0.25	0	1	16550
33.116	0.25	0	1	16558
33.132	0.25	0	1	16566
33.15	0.25	0	1	16575
33.166	0.25	0	1	16583
33.182	0.25	0	1	16591
33.2	0.25	0	1	16600
33.216	0.25	0	1	16608
33.232	0.25	0	1	16616
33.25	0.25	0	1	16625
33.266	0.25	0	1	16633
33.282	0.25	0	1	16641
33.3	0.25	0	1	16650
33.316	0.25	0	1	16658
33.332	0.25	0	1	16666
33.35	0.25	1	2	16675
33.366	0.25	1	2	16683
33.382	0.25	1	2	16691
33.4	0.25	1	2	16700
33.416	0.25	0	1	16708
33.432	0.25	0	1	16716
33.45	0.25	0	1	16725
33.466	0.25	0	1	16733
33.482	0.25	0	1	16741
33.5	0.25	0	1	16750
33.516	0.25	0	1	16758
33.532	0.25	0	1	16766
33.55	0.25	0	1	16775
33.566	0.25	0	1	16783
33.582	0.25	0	1	16791
33.6	0.25	0	1	16800
33.616	0.25	0	1	16808
33.632	0.25	0	1	16816
33.65	0.25	0	1	16825
33.666	0.25	0	1	16833
33.682	0.25	0	1	16841
33.7	0.25	0	1	16850
33.716	0.25	0	1	16858
33.732	0.25	0	1	16866
33.75	0.25	0	1	16875
33.766	0.25	1	2	16883
33.782	0.25	1	2	16891
33.8	0.25	1	2	16900
33.816	0.25	1	2	16908
33.832	0.25	0	1	16916
33.85	0.25	0	1	16925
33.866	0.25	0	1	16933
33.882	0.25	0	1	16941
33.9	0.25	0	1	16950
33.916	0.25	0	1	16958
33.932	0.25	0	1	16966
33.95	0.25	0	1	16975
33.966	0.25	0	1	16983
33.982	0.25	0	1	16991
34.0	0.25	0	1	17000
34.016	0.25	0	1	17008
34.032	0.25	0	1	17016
34.05	0.25	0	1	17025
34.066	0.25	0	1	17033
34.082	0.25	0	1	17041
34.1	0.25	0	1	17050
34.116	0.25	0	1	17058
34.132	0.25	0	1	17066
34.15	0.25	0	1	17075
34.166	0.25	0	1	17083
34.182	0.25	0	1	17091
34.2	0.25	1	2	17100
34.216	0.25	1	2	17108
34.232	0.25	1	2	17116
34.25	0.25	1	2	17125
34.266	0.25	0	1	17133
34.282	0.25	0	1	17141
34.3	0.25	0	1	17150
34.316	0.25	0	1	17158
36.832	0.25	0	1	18416
36.85	0.25	0	1	18425
36.866	0.25	0	1	18433
36.882	0.25	0	1	18441
36.9	0.25	0	1	18450
36.916	0.25	0	1	18458
36.932	0.25	0	1	18466
36.95	0.25	0	1	18475
36.966	0.25	0	1	18483
36.982	0.25	0	1	18491
37.0	0.25	0	1	18500
37.016	0.25	0	1	18508
37.032	0.25	0	1	18516
37.05	0.25	0	1	18525
37.066	0.25	0	1	18533
37.082	0.25	0	1	18541
37.1	0.25	0	1	18550
37.116	0.25	0	1	18558
37.132	0.25	1	2	18566
37.15	0.25	1	2	18575
37.166	0.25	1	2	18583
37.182	0.25	1	2	18591
37.2	0.25	0	1	18600
37.216	0.25	0	1	18608
37.232	0.25	0	1	18616
37.25	0.25	0	1	18625
37.266	0.25	0	1	18633
37.282	0.25	0	1	18641
37.3	0.25	0	1	18650
37.316	0.25	0	1	18658
37.332	0.25	0	1	18666
37.35	0.25	0	1	18675
37.366	0.25	0	1	18683
37.382	0.25	0	1	18691
37.4	0.25	0	1	18700
37.416	0.25	0	1	18708
37.432	0.25	0	1	18716
37.45	0.25	0	1	18725
37.466	0.25	0	1	18733
37.482	0.25	0	1	18741
37.5	0.25	0	1	18750
37.516	0.25	0	1	18758
37.532	0.25	1	2	18766
37.55	0.25	1	2	18775
37.566	0.25	1	2	18783
37.582	0.25	1	2	18791
37.6	0.25	0	1	18800
37.616	0.25	0	1	18808
37.632	0.25	0	1	18816
37.65	0.25	0	1	18825
37.666	0.25	0	1	18833
37.682	0.25	0	1	18841
37.7	0.25	0	1	18850
37.716	0.25	0	1	18858
37.732	0.25	0	1	18866
37.75	0.25	0	1	18875
37.766	0.25	0	1	18883
37.782	0.25	0	1	18891
37.8	0.25	0	1	18900
37.816	0.25	1	2	18908
37.832	0.25	1	2	18916
37.85	0.25	1	2	18925
37.866	0.25	1	2	18933
37.882	0.25	0	1	18941
37.9	0.25	0	1	18950
37.916	0.25	0	1	18958
37.932	0.25	0	1	18966
37.95	0.25	0	1	18975
37.966	0.25	0	1	18983
37.982	0.25	0	1	18991
38.0	0.25	0	1	19000
38.016	0.25	0	1	19008
38.032	0.25	0	1	19016
38.05	0.25	0	1	19025
38.066	0.25	0	1	19033
38.082	0.25	0	1	19041
38.1	0.25	0	1	19050
38.116	0.25	0	1	19058
38.132	0.25	0	1	19066
38.15	0.25	0	1	19075
38.166	0.25	0	1	19083
38.182	0.25	1	2	19091
38.2	0.25	1	2	19100
38.216	0.25	1	2	19108
38.232	0.25	1	2	19116
38.25	0.25	0	1	19125
38.266	0.25	0	1	19133
38.282	0.25	0	1	19141
38.3	0.25	0	1	19150
38.316	0.25	0	1	19158
38.332	0.25	0	1	19166
38.35	0.25	0	1	19175
38.366	0.25	0	1	19183
38.382	0.25	0	1	19191
38.4	0.25	0	1	19200
38.416	0.25	0	1	19208
38.432	0.25	0	1	19216
38.45	0.25	0	1	19225
38.466	0.25	0	1	19233
38.482	0.25	0	1	19241
38.5	0.25	0	1	19250
38.516	0.25	0	1	19258
38.532	0.25	0	1	19266
38.55	0.25	0	1	19275
38.566	0.25	0	1	19283
38.582	0.25	0	1	19291
38.6	0.25	0	1	19300
38.616	0.25	0	1	19308
38.632	0.25	0	1	19316
38.65	0.25	1	2	19325
38.666	0.25	1	2	19333
38.682	0.25	1	2	19341
38.7	0.25	1	2	19350
38.716	0.25	0	1	19358
38.732	0.25	0	1	19366
38.75	0.25	0	1	19375
38.766	0.25	0	1	19383
40.25	0.25	0	1	20125
40.266	0.25	0	1	20133
40.282	0.25	0	1	20141
40.3	0.25	0	1	20150
40.316	0.25	0	1	20158
40.332	0.25	0	1	20166
40.35	0.25	0	1	20175
40.366	0.25	0	1	20183
40.382	0.25	0	1	20191
40.4	0.25	0	1	20200
40.416	0.25	0	1	20208
40.432	0.25	0	1	20216
40.45	0.25	0	1	20225
40.466	0.25	0	1	20233
40.482	0.25	0	1	20241
40.5	0.25	1	2	20250
40.516	0.25	1	2	20258
40.532	0.25	1	2	20266
40.55	0.25	1	2	20275
40.566	0.25	0	1	20283
40.582	0.25	0	1	20291
40.6	0.25	0	1	20300
40.616	0.25	0	1	20308
40.632	0.25	0	1	20316
40.65	0.25	0	1	20325
40.666	0.25	0	1	20333
40.682	0.25	0	1	20341
40.7	0.25	0	1	20350
40.716	0.25	0	1	20358
40.732	0.25	0	1	20366
40.75	0.25	0	1	20375
40.766	0.25	0	1	20383
40.782	0.25	0	1	20391
40.8	0.25	0	1	20400
40.816	0.25	0	1	20408
40.832	0.25	0	1	20416
40.85	0.25	0	1	20425
40.866	0.25	0	1	20433
40.882	0.25	0	1	20441
40.9	0.25	0	1	20450
40.916	0.25	0	1	20458
40.932	0.25	1	2	20466
40.95	0.25	1	2	20475
40.966	0.25	1	2	20483
40.982	0.25	1	2	20491
41.0	0.25	0	1	20500
41.016	0.25	0	1	20508
41.032	0.25	0	1	20516
41.05	0.25	0	1	20525
41.066	0.25	0	1	20533
41.082	0.25	0	1	20541
41.1	0.25	0	1	20550
41.116	0.25	0	1	20558
41.132	0.25	0	1	20566
41.15	0.25	0	1	20575
41.166	0.25	0	1	20583
41.182	0.25	0	1	20591
41.2	0.25	0	1	20600
41.216	0.25	0	1	20608
41.232	0.25	0	1	20616
41.25	0.25	0	1	20625
41.266	0.25	0	1	20633
41.282	0.25	0	1	20641
41.3	0.25	0	1	20650
41.316	0.25	0	1	20658
41.332	0.25	0	1	20666
41.35	0.25	0	1	20675
41.366	0.25	0	1	20683
41.382	0.25	0	1	20691
41.4	0.25	1	2	20700
41.416	0.25	1	2	20708
41.432	0.25	1	2	20716
41.45	0.25	1	2	20725
41.466	0.25	0	1	20733
41.482	0.25	0	1	20741
41.5	0.25	0	1	20750
41.516	0.25	0	1	20758
41.532	0.25	0	1	20766
41.55	0.25	0	1	20775
41.566	0.25	0	1	20783
41.582	0.25	0	1	20791
41.6	0.25	0	1	20800
41.616	0.25	0	1	20808
41.632	0.25	0	1	20816
41.65	0.25	0	1	20825
41.666	0.25	0	1	20833
41.682	0.25	0	1	20841
41.7	0.25	1	2	20850
41.716	0.25	1	2	20858
41.732	0.25	1	2	20866
41.75	0.25	1	2	20875
41.766	0.25	0	1	20883
41.782	0.25	0	1	20891
41.8	0.25	0	1	20900
41.816	0.25	0	1	20908
41.832	0.25	0	1	20916
41.85	0.25	0	1	20925
41.866	0.25	0	1	20933
41.882	0.25	0	1	20941
41.9	0.25	0	1	20950
41.916	0.25	0	1	20958
41.932	0.25	0	1	20966
41.95	0.25	0	1	20975
41.966	0.25	0	1	20983
41.982	0.25	0	1	20991
42.0	0.25	0	1	21000
42.016	0.25	0	1	21008
42.032	0.25	0	1	21016
42.05	0.25	0	1	21025
42.066	0.25	0	1	21033
42.082	0.25	0	1	21041
42.1	0.25	0	1	21050
42.116	0.25	0	1	21058
42.132	0.25	1	2	21066
42.15	0.25	1	2	21075
42.166	0.25	1	2	21083
42.182	0.25	1	2	21091
43.666	0.25	0	1	21833
43.682	0.25	1	2	21841
43.7	0.25	1	2	21850
43.716	0.25	1	2	21858
43.732	0.25	1	2	21866
43.75	0.25	0	1	21875
43.766	0.25	0	1	21883
43.782	0.25	0	1	21891
43.8	0.25	0	1	21900
43.816	0.25	0	1	21908
43.832	0.25	0	1	21916
43.85	0.25	0	1	21925
43.866	0.25	0	1	21933
43.882	0.25	0	1	21941
43.9	0.25	0	1	21950
43.916	0.25	0	1	21958
43.932	0.25	0	1	21966
43.95	0.25	0	1	21975
43.966	0.25	0	1	21983
43.982	0.25	0	1	21991
44.0	0.25	0	1	22000
44.016	0.25	0	1	22008
44.032	0.25	0	1	22016
44.05	0.25	0	1	22025
44.066	0.25	0	1	22033
44.082	0.25	0	1	22041
44.1	0.25	0	1	22050
44.116	0.25	0	1	22058
44.132	0.25	0	1	22066
44.15	0.25	0	1	22075
44.166	0.25	1	2	22083
44.182	0.25	1	2	22091
44.2	0.25	1	2	22100
44.216	0.25	1	2	22108
44.232	0.25	0	1	22116
44.25	0.25	0	1	22125
44.266	0.25	0	1	22133
44.282	0.25	0	1	22141
44.3	0.25	0	1	22150
44.316	0.25	0	1	22158
44.332	0.25	0	1	22166
44.35	0.25	0	1	22175
44.366	0.25	0	1	22183
44.382	0.25	0	1	22191
44.4	0.25	0	1	22200
44.416	0.25	0	1	22208
44.432	0.25	0	1	22216
44.45	0.25	0	1	22225
44.466	0.25	0	1	22233
44.482	0.25	0	1	22241
44.5	0.25	0	1	22250
44.516	0.25	0	1	22258
44.532	0.25	0	1	22266
44.55	0.25	0	1	22275
44.566	0.25	0	1	22283
44.582	0.25	0	1	22291
44.6	0.25	0	1	22300
44.616	0.25	0	1	22308
44.632	0.25	1	2	22316
44.65	0.25	1	2	22325
44.666	0.25	1	2	22333
44.682	0.25	1	2	22341
44.7	0.25	0	1	22350
44.716	0.25	0	1	22358
44.732	0.25	0	1	22366
44.75	0.25	0	1	22375
44.766	0.25	0	1	22383
44.782	0.25	0	1	22391
44.8	0.25	0	1	22400
44.816	0.25	0	1	22408
44.832	0.25	0	1	22416
44.85	0.25	0	1	22425
44.866	0.25	0	1	22433
44.882	0.25	0	1	22441
44.9	0.25	0	1	22450
44.916	0.25	0	1	22458
44.932	0.25	0	1	22466
44.95	0.25	0	1	22475
44.966	0.25	0	1	22483
44.982	0.25	0	1	22491
45.0	0.25	0	1	22500
45.016	0.25	0	1	22508
45.032	0.25	0	1	22516
45.05	0.25	1	2	22525
45.066	0.25	1	2	22533
45.082	0.25	1	2	22541
45.1	0.25	1	2	22550
45.116	0.25	0	1	22558
45.132	0.25	0	1	22566
45.15	0.25	0	1	22575
45.166	0.25	0	1	22583
45.182	0.25	0	1	22591
45.2	0.25	0	1	22600
45.216	0.25	0	1	22608
45.232	0.25	0	1	22616
45.25	0.25	0	1	22625
45.266	0.25	0	1	22633
45.282	0.25	0	1	22641
45.3	0.25	0	1	22650
45.316	0.25	0	1	22658
45.332	0.25	0	1	22666
45.35	0.25	0	1	22675
45.366	0.25	0	1	22683
45.382	0.25	0	1	22691
45.4	0.25	0	1	22700
45.416	0.25	0	1	22708
45.432	0.25	0	1	22716
45.45	0.25	0	1	22725
45.466	0.25	0	1	22733
45.482	0.25	1	2	22741
45.5	0.25	1	2	22750
45.516	0.25	1	2	22758
45.532	0.25	1	2	22766
45.55	0.25	0	1	22775
45.566	0.25	0	1	22783
45.582	0.25	0	1	22791
45.6	0.25	0	1	22800
47.082	0.25	0	1	23541
47.1	0.25	0	1	23550
47.116	0.25	0	1	23558
47.132	0.25	0	1	23566
47.15	0.25	0	1	23575
47.166	0.25	0	1	23583
47.182	0.25	0	1	23591
47.2	0.25	0	1	23600
47.216	0.25	0	1	23608
47.232	0.25	0	1	23616
47.25	0.25	0	1	23625
47.266	0.25	0	1	23633
47.282	0.25	0	1	23641
47.3	0.25	0	1	23650
47.316	0.25	0	1	23658
47.332	0.25	0	1	23666
47.35	0.25	0	1	23675
47.366	0.25	0	1	23683
47.382	0.25	0	1	23691
47.4	0.25	0	1	23700
47.416	0.25	0	1	23708
47.432	0.25	0	1	23716
47.45	0.25	0	1	23725
47.466	0.25	1	2	23733
47.482	0.25	1	2	23741
47.5	0.25	1	2	23750
47.516	0.25	1	2	23758
47.532	0.25	0	1	23766
47.55	0.25	0	1	23775
47.566	0.25	0	1	23783
47.582	0.25	0	1	23791
47.6	0.25	0	1	23800
47.616	0.25	0	1	23808
47.632	0.25	0	1	23816
47.65	0.25	0	1	23825
47.666	0.25	0	1	23833
47.682	0.25	0	1	23841
47.7	0.25	0	1	23850
47.716	0.25	0	1	23858
47.732	0.25	0	1	23866
47.75	0.25	0	1	23875
47.766	0.25	0	1	23883
47.782	0.25	0	1	23891
47.8	0.25	0	1	23900
47.816	0.25	0	1	23908
47.832	0.25	0	1	23916
47.85	0.25	1	2	23925
47.866	0.25	1	2	23933
47.882	0.25	1	2	23941
47.9	0.25	1	2	23950
47.916	0.25	0	1	23958
47.932	0.25	0	1	23966
47.95	0.25	0	1	23975
47.966	0.25	0	1	23983
47.982	0.25	0	1	23991
48.0	0.25	0	1	24000
48.016	0.25	0	1	24008
48.032	0.25	0	1	24016
48.05	0.25	0	1	24025
48.066	0.25	0	1	24033
48.082	0.25	0	1	24041
48.1	0.25	0	1	24050
48.116	0.25	0	1	24058
48.132	0.25	0	1	24066
48.15	0.25	1	2	24075
48.166	0.25	1	2	24083
48.182	0.25	1	2	24091
48.2	0.25	1	2	24100
48.216	0.25	0	1	24108
48.232	0.25	0	1	24116
48.25	0.25	0	1	24125
48.266	0.25	0	1	24133
48.282	0.25	0	1	24141
48.3	0.25	0	1	24150
48.316	0.25	0	1	24158
48.332	0.25	0	1	24166
48.35	0.25	0	1	24175
48.366	0.25	0	1	24183
48.382	0.25	0	1	24191
48.4	0.25	0	1	24200
48.416	0.25	0	1	24208
48.432	0.25	1	2	24216
48.45	0.25	1	2	24225
48.466	0.25	1	2	24233
48.482	0.25	1	2	24241
48.5	0.25	0	1	24250
48.516	0.25	0	1	24258
48.532	0.25	0	1	24266
48.55	0.25	0	1	24275
48.566	0.25	0	1	24283
48.582	0.25	0	1	24291
48.6	0.25	0	1	24300
48.616	0.25	0	1	24308
48.632	0.25	0	1	24316
48.65	0.25	0	1	24325
48.666	0.25	0	1	24333
48.682	0.25	0	1	24341
48.7	0.25	0	1	24350
48.716	0.25	0	1	24358
48.732	0.25	0	1	24366
48.75	0.25	0	1	24375
48.766	0.25	1	2	24383
48.782	0.25	1	2	24391
48.8	0.25	1	2	24400
48.816	0.25	1	2	24408
48.832	0.25	0	1	24416
48.85	0.25	0	1	24425
48.866	0.25	0	1	24433
48.882	0.25	0	1	24441
48.9	0.25	0	1	24450
48.916	0.25	0	1	24458
48.932	0.25	0	1	24466
48.95	0.25	0	1	24475
48.966	0.25	0	1	24483
48.982	0.25	0	1	24491
49.0	0.25	0	1	24500
49.016	0.25	0	1	24508
51.432	0.25	0	1	25716
51.45	0.25	0	1	25725
51.466	0.25	0	1	25733
51.482	0.25	0	1	25741
51.5	0.25	0	1	25750
51.516	0.25	0	1	25758
51.532	0.25	0	1	25766
51.55	0.25	0	1	25775
51.566	0.25	0	1	25783
51.582	0.25	0	1	25791
51.6	0.25	0	1	25800
51.616	0.25	0	1	25808
51.632	0.25	0	1	25816
51.65	0.25	0	1	25825
51.666	0.25	0	1	25833
51.682	0.25	0	1	25841
51.7	0.25	0	1	25850
51.716	0.25	0	1	25858
51.732	0.25	0	1	25866
51.75	0.25	0	1	25875
51.766	0.25	0	1	25883
51.782	0.25	0	1	25891
51.8	0.25	0	1	25900
51.816	0.25	1	2	25908
51.832	0.25	1	2	25916
51.85	0.25	1	2	25925
51.866	0.25	1	2	25933
51.882	0.25	0	1	25941
51.9	0.25	0	1	25950
51.916	0.25	0	1	25958
51.932	0.25	0	1	25966
51.95	0.25	0	1	25975
51.966	0.25	0	1	25983
51.982	0.25	0	1	25991
52.0	0.25	0	1	26000
52.016	0.25	0	1	26008
52.032	0.25	0	1	26016
52.05	0.25	0	1	26025
52.066	0.25	0	1	26033
52.082	0.25	0	1	26041
52.1	0.25	0	1	26050
52.116	0.25	0	1	26058
52.132	0.25	0	1	26066
52.15	0.25	0	1	26075
52.166	0.25	0	1	26083
52.182	0.25	0	1	26091
52.2	0.25	1	2	26100
52.216	0.25	1	2	26108
52.232	0.25	1	2	26116
52.25	0.25	1	2	26125
52.266	0.25	0	1	26133
52.282	0.25	0	1	26141
52.3	0.25	0	1	26150
52.316	0.25	0	1	26158
52.332	0.25	0	1	26166
52.35	0.25	0	1	26175
52.366	0.25	0	1	26183
52.382	0.25	0	1	26191
52.4	0.25	0	1	26200
52.416	0.25	0	1	26208
52.432	0.25	0	1	26216
52.45	0.25	0	1	26225
52.466	0.25	0	1	26233
52.482	0.25	0	1	26241
52.5	0.25	1	2	26250
52.516	0.25	1	2	26258
52.532	0.25	1	2	26266
52.55	0.25	1	2	26275
52.566	0.25	0	1	26283
52.582	0.25	0	1	26291
52.6	0.25	0	1	26300
52.616	0.25	0	1	26308
52.632	0.25	0	1	26316
52.65	0.25	0	1	26325
52.666	0.25	0	1	26333
52.682	0.25	0	1	26341
52.7	0.25	0	1	26350
52.716	0.25	0	1	26358
52.732	0.25	0	1	26366
52.75	0.25	0	1	26375
52.766	0.25	0	1	26383
52.782	0.25	1	2	26391
52.8	0.25	1	2	26400
52.816	0.25	1	2	26408
52.832	0.25	1	2	26416
52.85	0.25	0	1	26425
52.866	0.25	0	1	26433
52.882	0.25	0	1	26441
52.9	0.25	0	1	26450
52.916	0.25	0	1	26458
52.932	0.25	0	1	26466
52.95	0.25	0	1	26475
52.966	0.25	0	1	26483
52.982	0.25	0	1	26491
53.0	0.25	0	1	26500
53.016	0.25	0	1	26508
53.032	0.25	0	1	26516
53.05	0.25	0	1	26525
53.066	0.25	0	1	26533
53.082	0.25	0	1	26541
53.1	0.25	0	1	26550
53.116	0.25	1	2	26558
53.132	0.25	1	2	26566
53.15	0.25	1	2	26575
53.166	0.25	1	2	26583
53.182	0.25	0	1	26591
53.2	0.25	0	1	26600
53.216	0.25	0	1	26608
53.232	0.25	0	1	26616
53.25	0.25	0	1	26625
53.266	0.25	0	1	26633
53.282	0.25	0	1	26641
53.3	0.25	0	1	26650
53.316	0.25	0	1	26658
53.332	0.25	0	1	26666
53.35	0.25	0	1	26675
53.366	0.25	0	1	26683
54.85	0.25	0	1	27425
54.866	0.25	1	2	27433
54.882	0.25	1	2	27441
54.9	0.25	1	2	27450
54.916	0.25	1	2	27458
54.932	0.25	0	1	27466
54.95	0.25	0	1	27475
54.966	0.25	0	1	27483
54.982	0.25	0	1	27491
55.0	0.25	0	1	27500
55.016	0.25	0	1	27508
55.032	0.25	0	1	27516
55.05	0.25	0	1	27525
55.066	0.25	0	1	27533
55.082	0.25	0	1	27541
55.1	0.25	0	1	27550
55.116	0.25	0	1	27558
55.132	0.25	0	1	27566
55.15	0.25	0	1	27575
55.166	0.25	0	1	27583
55.182	0.25	0	1	27591
55.2	0.25	0	1	27600
55.216	0.25	0	1	27608
55.232	0.25	0	1	27616
55.25	0.25	0	1	27625
55.266	0.25	0	1	27633
55.282	0.25	0	1	27641
55.3	0.25	0	1	27650
55.316	0.25	0	1	27658
55.332	0.25	0	1	27666
55.35	0.25	1	2	27675
55.366	0.25	1	2	27683
55.382	0.25	1	2	27691
55.4	0.25	1	2	27700
55.416	0.25	0	1	27708
55.432	0.25	0	1	27716
55.45	0.25	0	1	27725
55.466	0.25	0	1	27733
55.482	0.25	0	1	27741
55.5	0.25	0	1	27750
55.516	0.25	0	1	27758
55.532	0.25	0	1	27766
55.55	0.25	0	1	27775
55.566	0.25	0	1	27783
55.582	0.25	0	1	27791
55.6	0.25	0	1	27800
55.616	0.25	0	1	27808
55.632	0.25	0	1	27816
55.65	0.25	0	1	27825
55.666	0.25	0	1	27833
55.682	0.25	0	1	27841
55.7	0.25	0	1	27850
55.716	0.25	0	1	27858
55.732	0.25	0	1	27866
55.75	0.25	0	1	27875
55.766	0.25	0	1	27883
55.782	0.25	0	1	27891
55.8	0.25	0	1	27900
55.816	0.25	1	2	27908
55.832	0.25	1	2	27916
55.85	0.25	1	2	27925
55.866	0.25	1	2	27933
55.882	0.25	0	1	27941
55.9	0.25	0	1	27950
55.916	0.25	0	1	27958
55.932	0.25	0	1	27966
55.95	0.25	0	1	27975
55.966	0.25	0	1	27983
55.982	0.25	0	1	27991
56.0	0.25	0	1	28000
56.016	0.25	0	1	28008
56.032	0.25	0	1	28016
56.05	0.25	0	1	28025
56.066	0.25	0	1	28033
56.082	0.25	0	1	28041
56.1	0.25	0	1	28050
56.116	0.25	0	1	28058
56.132	0.25	0	1	28066
56.15	0.25	0	1	28075
56.166	0.25	0	1	28083
56.182	0.25	0	1	28091
56.2	0.25	0	1	28100
56.216	0.25	0	1	28108
56.232	0.25	1	2	28116
56.25	0.25	1	2	28125
56.266	0.25	1	2	28133
56.282	0.25	1	2	28141
56.3	0.25	0	1	28150
56.316	0.25	0	1	28158
56.332	0.25	0	1	28166
56.35	0.25	0	1	28175
56.366	0.25	0	1	28183
56.382	0.25	0	1	28191
56.4	0.25	0	1	28200
56.416	0.25	0	1	28208
56.432	0.25	0	1	28216
56.45	0.25	0	1	28225
56.466	0.25	0	1	28233
56.482	0.25	0	1	28241
56.5	0.25	0	1	28250
56.516	0.25	0	1	28258
56.532	0.25	0	1	28266
56.55	0.25	0	1	28275
56.566	0.25	0	1	28283
56.582	0.25	0	1	28291
56.6	0.25	0	1	28300
56.616	0.25	0	1	28308
56.632	0.25	0	1	28316
56.65	0.25	0	1	28325
56.666	0.25	1	2	28333
56.682	0.25	1	2	28341
56.7	0.25	1	2	28350
56.716	0.25	1	2	28358
56.732	0.25	0	1	28366
56.75	0.25	0	1	28375
56.766	0.25	0	1	28383
56.782	0.25	0	1	28391
58.266	0.25	0	1	29133
58.282	0.25	0	1	29141
58.3	0.25	0	1	29150
58.316	0.25	0	1	29158
58.332	0.25	0	1	29166
58.35	0.25	0	1	29175
58.366	0.25	0	1	29183
58.382	0.25	0	1	29191
58.4	0.25	0	1	29200
58.416	0.25	0	1	29208
58.432	0.25	0	1	29216
58.45	0.25	0	1	29225
58.466	0.25	0	1	29233
58.482	0.25	0	1	29241
58.5	0.25	0	1	29250
58.516	0.25	0	1	29258
58.532	0.25	0	1	29266
58.55	0.25	0	1	29275
58.566	0.25	1	2	29283
58.582	0.25	1	2	29291
58.6	0.25	1	2	29300
58.616	0.25	1	2	29308
58.632	0.25	0	1	29316
58.65	0.25	0	1	29325
58.666	0.25	0	1	29333
58.682	0.25	0	1	29341
58.7	0.25	0	1	29350
58.716	0.25	0	1	29358
58.732	0.25	0	1	29366
58.75	0.25	0	1	29375
58.766	0.25	0	1	29383
58.782	0.25	0	1	29391
58.8	0.25	0	1	29400
58.816	0.25	0	1	29408
58.832	0.25	0	1	29416
58.85	0.25	0	1	29425
58.866	0.25	0	1	29433
58.882	0.25	0	1	29441
58.9	0.25	0	1	29450
58.916	0.25	0	1	29458
58.932	0.25	0	1	29466
58.95	0.25	0	1	29475
58.966	0.25	1	2	29483
58.982	0.25	1	2	29491
59.0	0.25	1	2	29500
59.016	0.25	1	2	29508
59.032	0.25	0	1	29516
59.05	0.25	0	1	29525
59.066	0.25	0	1	29533
59.082	0.25	0	1	29541
59.1	0.25	0	1	29550
59.116	0.25	0	1	29558
59.132	0.25	0	1	29566
59.15	0.25	0	1	29575
59.166	0.25	0	1	29583
59.182	0.25	0	1	29591
59.2	0.25	0	1	29600
59.216	0.25	0	1	29608
59.232	0.25	0	1	29616
59.25	0.25	1	2	29625
59.266	0.25	1	2	29633
59.282	0.25	1	2	29641
59.3	0.25	1	2	29650
59.316	0.25	0	1	29658
59.332	0.25	0	1	29666
59.35	0.25	0	1	29675
59.366	0.25	0	1	29683
59.382	0.25	0	1	29691
59.4	0.25	0	1	29700
59.416	0.25	0	1	29708
59.432	0.25	0	1	29716
59.45	0.25	0	1	29725
59.466	0.25	0	1	29733
59.482	0.25	0	1	29741
59.5	0.25	0	1	29750
59.516	0.25	0	1	29758
59.532	0.25	0	1	29766
59.55	0.25	0	1	29775
59.566	0.25	0	1	29783
59.582	0.25	0	1	29791
59.6	0.25	0	1	29800
59.616	0.25	1	2	29808
59.632	0.25	1	2	29816
59.65	0.25	1	2	29825
59.666	0.25	1	2	29833
59.682	0.25	0	1	29841
59.7	0.25	0	1	29850
59.716	0.25	0	1	29858
59.732	0.25	0	1	29866
59.75	0.25	0	1	29875
59.766	0.25	0	1	29883
59.782	0.25	0	1	29891
59.8	0.25	0	1	29900
59.816	0.25	0	1	29908
59.832	0.25	0	1	29916
59.85	0.25	0	1	29925
59.866	0.25	0	1	29933
59.882	0.25	0	1	29941
59.9	0.25	0	1	29950
59.916	0.25	0	1	29958
59.932	0.25	0	1	29966
59.95	0.25	0	1	29975
59.966	0.25	0	1	29983
59.982	0.25	0	1	29991
60.0	0.25	0	1	30000
60.016	0.25	0	1	30008
60.032	0.25	0	1	30016
60.05	0.25	0	1	30025
60.066	0.25	0	1	30033
60.082	0.25	1	2	30041
60.1	0.25	1	2	30050
60.116	0.25	1	2	30058
60.132	0.25	1	2	30066
60.15	0.25	0	1	30075
60.166	0.25	0	1	30083
60.182	0.25	0	1	30091
60.2	0.25	0	1	30100
61.682	0.25	0	1	30841
61.7	0.25	0	1	30850
61.716	0.25	0	1	30858
61.732	0.25	0	1	30866
61.75	0.25	0	1	30875
61.766	0.25	0	1	30883
61.782	0.25	0	1	30891
61.8	0.25	0	1	30900
61.816	0.25	0	1	30908
61.832	0.25	0	1	30916
61.85	0.25	0	1	30925
61.866	0.25	0	1	30933
61.882	0.25	0	1	30941
61.9	0.25	0	1	30950
61.916	0.25	0	1	30958
61.932	0.25	1	2	30966
61.95	0.25	1	2	30975
61.966	0.25	1	2	30983
61.982	0.25	1	2	30991
62.0	0.25	0	1	31000
62.016	0.25	0	1	31008
62.032	0.25	0	1	31016
62.05	0.25	0	1	31025
62.066	0.25	0	1	31033
62.082	0.25	0	1	31041
62.1	0.25	0	1	31050
62.116	0.25	0	1	31058
62.132	0.25	0	1	31066
62.15	0.25	0	1	31075
62.166	0.25	0	1	31083
62.182	0.25	0	1	31091
62.2	0.25	0	1	31100
62.216	0.25	0	1	31108
62.232	0.25	0	1	31116
62.25	0.25	0	1	31125
62.266	0.25	0	1	31133
62.282	0.25	0	1	31141
62.3	0.25	0	1	31150
62.316	0.25	0	1	31158
62.332	0.25	0	1	31166
62.35	0.25	0	1	31175
62.366	0.25	1	2	31183
62.382	0.25	1	2	31191
62.4	0.25	1	2	31200
62.416	0.25	1	2	31208
62.432	0.25	0	1	31216
62.45	0.25	0	1	31225
62.466	0.25	0	1	31233
62.482	0.25	0	1	31241
62.5	0.25	0	1	31250
62.516	0.25	0	1	31258
62.532	0.25	0	1	31266
62.55	0.25	0	1	31275
62.566	0.25	0	1	31283
62.582	0.25	0	1	31291
62.6	0.25	0	1	31300
62.616	0.25	0	1	31308
62.632	0.25	0	1	31316
62.65	0.25	0	1	31325
62.666	0.25	0	1	31333
62.682	0.25	0	1	31341
62.7	0.25	0	1	31350
62.716	0.25	0	1	31358
62.732	0.25	0	1	31366
62.75	0.25	0	1	31375
62.766	0.25	0	1	31383
62.782	0.25	0	1	31391
62.8	0.25	0	1	31400
62.816	0.25	0	1	31408
62.832	0.25	1	2	31416
62.85	0.25	1	2	31425
62.866	0.25	1	2	31433
62.882	0.25	1	2	31441
62.9	0.25	0	1	31450
62.916	0.25	0	1	31458
62.932	0.25	0	1	31466
62.95	0.25	0	1	31475
62.966	0.25	0	1	31483
62.982	0.25	0	1	31491
63.0	0.25	0	1	31500
63.016	0.25	0	1	31508
63.032	0.25	0	1	31516
63.05	0.25	0	1	31525
63.066	0.25	0	1	31533
63.082	0.25	0	1	31541
63.1	0.25	0	1	31550
63.116	0.25	0	1	31558
63.132	0.25	1	2	31566
63.15	0.25	1	2	31575
63.166	0.25	1	2	31583
63.182	0.25	1	2	31591
63.2	0.25	0	1	31600
63.216	0.25	0	1	31608
63.232	0.25	0	1	31616
63.25	0.25	0	1	31625
63.266	0.25	0	1	31633
63.282	0.25	0	1	31641
63.3	0.25	0	1	31650
63.316	0.25	0	1	31658
63.332	0.25	0	1	31666
63.35	0.25	0	1	31675
63.366	0.25	0	1	31683
63.382	0.25	0	1	31691
63.4	0.25	0	1	31700
63.416	0.25	0	1	31708
63.432	0.25	0	1	31716
63.45	0.25	0	1	31725
63.466	0.25	0	1	31733
63.482	0.25	0	1	31741
63.5	0.25	0	1	31750
63.516	0.25	0	1	31758
63.532	0.25	0	1	31766
63.55	0.25	0	1	31775
63.566	0.25	1	2	31783
63.582	0.25	1	2	31791
63.6	0.25	1	2	31800
63.616	0.25	1	2	31808
65.9	0.25	0	1	32950
65.916	0.25	0	1	32958
65.932	0.25	0	1	32966
65.95	0.25	0	1	32975
65.966	0.25	0	1	32983
65.982	0.25	0	1	32991
66.0	0.25	0	1	33000
66.016	0.25	0	1	33008
66.032	0.25	0	1	33016
66.05	0.25	0	1	33025
66.066	0.25	0	1	33033
66.082	0.25	0	1	33041
66.1	0.25	0	1	33050
66.116	0.25	0	1	33058
66.132	0.25	0	1	33066
66.15	0.25	1	2	33075
66.166	0.25	1	2	33083
66.182	0.25	1	2	33091
66.2	0.25	1	2	33100
66.216	0.25	0	1	33108
66.232	0.25	0	1	33116
66.25	0.25	0	1	33125
66.266	0.25	0	1	33133
66.282	0.25	0	1	33141
66.3	0.25	0	1	33150
66.316	0.25	0	1	33158
66.332	0.25	0	1	33166
66.35	0.25	0	1	33175
66.366	0.25	0	1	33183
66.382	0.25	0	1	33191
66.4	0.25	0	1	33200
66.416	0.25	0	1	33208
66.432	0.25	0	1	33216
66.45	0.25	0	1	33225
66.466	0.25	0	1	33233
66.482	0.25	0	1	33241
66.5	0.25	0	1	33250
66.516	0.25	0	1	33258
66.532	0.25	0	1	33266
66.55	0.25	0	1	33275
66.566	0.25	0	1	33283
66.582	0.25	1	2	33291
66.6	0.25	1	2	33300
66.616	0.25	1	2	33308
66.632	0.25	1	2	33316
66.65	0.25	0	1	33325
66.666	0.25	0	1	33333
66.682	0.25	0	1	33341
66.7	0.25	0	1	33350
66.716	0.25	0	1	33358
66.732	0.25	0	1	33366
66.75	0.25	0	1	33375
66.766	0.25	0	1	33383
66.782	0.25	0	1	33391
66.8	0.25	0	1	33400
66.816	0.25	0	1	33408
66.832	0.25	0	1	33416
66.85	0.25	0	1	33425
66.866	0.25	0	1	33433
66.882	0.25	0	1	33441
66.9	0.25	0	1	33450
66.916	0.25	0	1	33458
66.932	0.25	0	1	33466
66.95	0.25	0	1	33475
66.966	0.25	0	1	33483
66.982	0.25	0	1	33491
67.0	0.25	0	1	33500
67.016	0.25	0	1	33508
67.032	0.25	0	1	33516
67.05	0.25	1	2	33525
67.066	0.25	1	2	33533
67.082	0.25	1	2	33541
67.1	0.25	1	2	33550
67.116	0.25	0	1	33558
67.132	0.25	0	1	33566
67.15	0.25	0	1	33575
67.166	0.25	0	1	33583
67.182	0.25	0	1	33591
67.2	0.25	0	1	33600
67.216	0.25	0	1	33608
67.232	0.25	0	1	33616
67.25	0.25	0	1	33625
67.266	0.25	0	1	33633
67.282	0.25	0	1	33641
67.3	0.25	0	1	33650
67.316	0.25	0	1	33658
67.332	0.25	0	1	33666
67.35	0.25	1	2	33675
67.366	0.25	1	2	33683
67.382	0.25	1	2	33691
67.4	0.25	1	2	33700
67.416	0.25	0	1	33708
67.432	0.25	0	1	33716
67.45	0.25	0	1	33725
67.466	0.25	0	1	33733
67.482	0.25	0	1	33741
67.5	0.25	0	1	33750
67.516	0.25	0	1	33758
67.532	0.25	0	1	33766
67.55	0.25	0	1	33775
67.566	0.25	0	1	33783
67.582	0.25	0	1	33791
67.6	0.25	0	1	33800
67.616	0.25	0	1	33808
67.632	0.25	0	1	33816
67.65	0.25	0	1	33825
67.666	0.25	0	1	33833
67.682	0.25	0	1	33841
67.7	0.25	0	1	33850
67.716	0.25	0	1	33858
67.732	0.25	0	1	33866
67.75	0.25	0	1	33875
67.766	0.25	0	1	33883
67.782	0.25	1	2	33891
67.8	0.25	1	2	33900
67.816	0.25	1	2	33908
67.832	0.25	1	2	33916
69.316	0.25	0	1	34658
69.332	0.25	0	1	34666
69.35	0.25	0	1	34675
69.366	0.25	0	1	34683
69.382	0.25	0	1	34691
69.4	0.25	0	1	34700
69.416	0.25	0	1	34708
69.432	0.25	0	1	34716
69.45	0.25	0	1	34725
69.466	0.25	0	1	34733
69.482	0.25	0	1	34741
69.5	0.25	0	1	34750
69.516	0.25	0	1	34758
69.532	0.25	0	1	34766
69.55	0.25	0	1	34775
69.566	0.25	0	1	34783
69.582	0.25	0	1	34791
69.6	0.25	0	1	34800
69.616	0.25	1	2	34808
69.632	0.25	1	2	34816
69.65	0.25	1	2	34825
69.666	0.25	1	2	34833
69.682	0.25	0	1	34841
69.7	0.25	0	1	34850
69.716	0.25	0	1	34858
69.732	0.25	0	1	34866
69.75	0.25	0	1	34875
69.766	0.25	0	1	34883
69.782	0.25	0	1	34891
69.8	0.25	0	1	34900
69.816	0.25	0	1	34908
69.832	0.25	0	1	34916
69.85	0.25	0	1	34925
69.866	0.25	0	1	34933
69.882	0.25	0	1	34941
69.9	0.25	0	1	34950
69.916	0.25	0	1	34958
69.932	0.25	0	1	34966
69.95	0.25	0	1	34975
69.966	0.25	0	1	34983
69.982	0.25	0	1	34991
70.0	0.25	0	1	35000
70.016	0.25	1	2	35008
70.032	0.25	1	2	35016
70.05	0.25	1	2	35025
70.066	0.25	1	2	35033
70.082	0.25	0	1	35041
70.1	0.25	0	1	35050
70.116	0.25	0	1	35058
70.132	0.25	0	1	35066
70.15	0.25	0	1	35075
70.166	0.25	0	1	35083
70.182	0.25	0	1	35091
70.2	0.25	0	1	35100
70.216	0.25	0	1	35108
70.232	0.25	0	1	35116
70.25	0.25	0	1	35125
70.266	0.25	0	1	35133
70.282	0.25	0	1	35141
70.3	0.25	1	2	35150
70.316	0.25	1	2	35158
70.332	0.25	1	2	35166
70.35	0.25	1	2	35175
70.366	0.25	0	1	35183
70.382	0.25	0	1	35191
70.4	0.25	0	1	35200
70.416	0.25	0	1	35208
70.432	0.25	0	1	35216
70.45	0.25	0	1	35225
70.466	0.25	0	1	35233
70.482	0.25	0	1	35241
70.5	0.25	0	1	35250
70.516	0.25	0	1	35258
70.532	0.25	0	1	35266
70.55	0.25	0	1	35275
70.566	0.25	0	1	35283
70.582	0.25	0	1	35291
70.6	0.25	0	1	35300
70.616	0.25	0	1	35308
70.632	0.25	0	1	35316
70.65	0.25	0	1	35325
70.666	0.25	1	2	35333
70.682	0.25	1	2	35341
70.7	0.25	1	2	35350
70.716	0.25	1	2	35358
70.732	0.25	0	1	35366
70.75	0.25	0	1	35375
70.766	0.25	0	1	35383
70.782	0.25	0	1	35391
70.8	0.25	0	1	35400
70.816	0.25	0	1	35408
70.832	0.25	0	1	35416
70.85	0.25	0	1	35425
70.866	0.25	0	1	35433
70.882	0.25	0	1	35441
70.9	0.25	0	1	35450
70.916	0.25	0	1	35458
70.932	0.25	0	1	35466
70.95	0.25	0	1	35475
70.966	0.25	0	1	35483
70.982	0.25	0	1	35491
71.0	0.25	0	1	35500
71.016	0.25	0	1	35508
71.032	0.25	0	1	35516
71.05	0.25	0	1	35525
71.066	0.25	0	1	35533
71.082	0.25	0	1	35541
71.1	0.25	0	1	35550
71.116	0.25	0	1	35558
71.132	0.25	1	2	35566
71.15	0.25	1	2	35575
71.166	0.25	1	2	35583
71.182	0.25	1	2	35591
71.2	0.25	0	1	35600
71.216	0.25	0	1	35608
71.232	0.25	0	1	35616
71.25	0.25	0	1	35625
72.732	0.25	0	1	36366
72.75	0.25	0	1	36375
72.766	0.25	0	1	36383
72.782	0.25	0	1	36391
72.8	0.25	0	1	36400
72.816	0.25	0	1	36408
72.832	0.25	0	1	36416
72.85	0.25	0	1	36425
72.866	0.25	0	1	36433
72.882	0.25	0	1	36441
72.9	0.25	0	1	36450
72.916	0.25	0	1	36458
72.932	0.25	0	1	36466
72.95	0.25	0	1	36475
72.966	0.25	0	1	36483
72.982	0.25	0	1	36491
73.0	0.25	0	1	36500
73.016	0.25	0	1	36508
73.032	0.25	0	1	36516
73.05	0.25	0	1	36525
73.066	0.25	0	1	36533
73.082	0.25	0	1	36541
73.1	0.25	0	1	36550
73.116	0.25	1	2	36558
73.132	0.25	1	2	36566
73.15	0.25	1	2	36575
73.166	0.25	1	2	36583
73.182	0.25	0	1	36591
73.2	0.25	0	1	36600
73.216	0.25	0	1	36608
73.232	0.25	0	1	36616
73.25	0.25	0	1	36625
73.266	0.25	0	1	36633
73.282	0.25	0	1	36641
73.3	0.25	0	1	36650
73.316	0.25	0	1	36658
73.332	0.25	0	1	36666
73.35	0.25	0	1	36675
73.366	0.25	0	1	36683
73.382	0.25	0	1	36691
73.4	0.25	0	1	36700
73.416	0.25	0	1	36708
73.432	0.25	0	1	36716
73.45	0.25	0	1	36725
73.466	0.25	0	1	36733
73.482	0.25	0	1	36741
73.5	0.25	1	2	36750
73.516	0.25	1	2	36758
73.532	0.25	1	2	36766
73.55	0.25	1	2	36775
73.566	0.25	0	1	36783
73.582	0.25	0	1	36791
73.6	0.25	0	1	36800
73.616	0.25	0	1	36808
73.632	0.25	0	1	36816
73.65	0.25	0	1	36825
73.666	0.25	0	1	36833
73.682	0.25	0	1	36841
73.7	0.25	0	1	36850
73.716	0.25	0	1	36858
73.732	0.25	0	1	36866
73.75	0.25	0	1	36875
73.766	0.25	0	1	36883
73.782	0.25	0	1	36891
73.8	0.25	1	2	36900
73.816	0.25	1	2	36908
73.832	0.25	1	2	36916
73.85	0.25	1	2	36925
73.866	0.25	0	1	36933
73.882	0.25	0	1	36941
73.9	0.25	0	1	36950
73.916	0.25	0	1	36958
73.932	0.25	0	1	36966
73.95	0.25	0	1	36975
73.966	0.25	0	1	36983
73.982	0.25	0	1	36991
74.0	0.25	0	1	37000
74.016	0.25	0	1	37008
74.032	0.25	0	1	37016
74.05	0.25	0	1	37025
74.066	0.25	0	1	37033
74.082	0.25	1	2	37041
74.1	0.25	1	2	37050
74.116	0.25	1	2	37058
74.132	0.25	1	2	37066
74.15	0.25	0	1	37075
74.166	0.25	0	1	37083
74.182	0.25	0	1	37091
74.2	0.25	0	1	37100
74.216	0.25	0	1	37108
74.232	0.25	0	1	37116
74.25	0.25	0	1	37125
74.266	0.25	0	1	37133
74.282	0.25	0	1	37141
74.3	0.25	0	1	37150
74.316	0.25	0	1	37158
74.332	0.25	0	1	37166
74.35	0.25	0	1	37175
74.366	0.25	0	1	37183
74.382	0.25	0	1	37191
74.4	0.25	0	1	37200
74.416	0.25	1	2	37208
74.432	0.25	1	2	37216
74.45	0.25	1	2	37225
74.466	0.25	1	2	37233
74.482	0.25	0	1	37241
74.5	0.25	0	1	37250
74.516	0.25	0	1	37258
74.532	0.25	0	1	37266
74.55	0.25	0	1	37275
74.566	0.25	0	1	37283
74.582	0.25	0	1	37291
74.6	0.25	0	1	37300
74.616	0.25	0	1	37308
74.632	0.25	0	1	37316
74.65	0.25	0	1	37325
74.666	0.25	0	1	37333
76.15	0.25	0	1	38075
76.166	0.25	1	2	38083
76.182	0.25	1	2	38091
76.2	0.25	1	2	38100
76.216	0.25	1	2	38108
76.232	0.25	0	1	38116
76.25	0.25	0	1	38125
76.266	0.25	0	1	38133
76.282	0.25	0	1	38141
76.3	0.25	0	1	38150
76.316	0.25	0	1	38158
76.332	0.25	0	1	38166
76.35	0.25	0	1	38175
76.366	0.25	0	1	38183
76.382	0.25	0	1	38191
76.4	0.25	0	1	38200
76.416	0.25	0	1	38208
76.432	0.25	0	1	38216
76.45	0.25	0	1	38225
76.466	0.25	0	1	38233
76.482	0.25	0	1	38241
76.5	0.25	0	1	38250
76.516	0.25	0	1	38258
76.532	0.25	0	1	38266
76.55	0.25	0	1	38275
76.566	0.25	0	1	38283
76.582	0.25	0	1	38291
76.6	0.25	0	1	38300
76.616	0.25	0	1	38308
76.632	0.25	0	1	38316
76.65	0.25	1	2	38325
76.666	0.25	1	2	38333
76.682	0.25	1	2	38341
76.7	0.25	1	2	38350
76.716	0.25	0	1	38358
76.732	0.25	0	1	38366
76.75	0.25	0	1	38375
76.766	0.25	0	1	38383
76.782	0.25	0	1	38391
76.8	0.25	0	1	38400
76.816	0.25	0	1	38408
76.832	0.25	0	1	38416
76.85	0.25	0	1	38425
76.866	0.25	0	1	38433
76.882	0.25	0	1	38441
76.9	0.25	0	1	38450
76.916	0.25	0	1	38458
76.932	0.25	0	1	38466
76.95	0.25	0	1	38475
76.966	0.25	0	1	38483
76.982	0.25	0	1	38491
77.0	0.25	0	1	38500
77.016	0.25	0	1	38508
77.032	0.25	0	1	38516
77.05	0.25	0	1	38525
77.066	0.25	0	1	38533
77.082	0.25	0	1	38541
77.1	0.25	0	1	38550
77.116	0.25	1	2	38558
77.132	0.25	1	2	38566
77.15	0.25	1	2	38575
77.166	0.25	1	2	38583
77.182	0.25	0	1	38591
77.2	0.25	0	1	38600
77.216	0.25	0	1	38608
77.232	0.25	0	1	38616
77.25	0.25	0	1	38625
77.266	0.25	0	1	38633
77.282	0.25	0	1	38641
77.3	0.25	0	1	38650
77.316	0.25	0	1	38658
77.332	0.25	0	1	38666
77.35	0.25	0	1	38675
77.366	0.25	0	1	38683
77.382	0.25	0	1	38691
77.4	0.25	0	1	38700
77.416	0.25	0	1	38708
77.432	0.25	0	1	38716
77.45	0.25	0	1	38725
77.466	0.25	0	1	38733
77.482	0.25	0	1	38741
77.5	0.25	0	1	38750
77.516	0.25	0	1	38758
77.532	0.25	1	2	38766
77.55	0.25	1	2	38775
77.566	0.25	1	2	38783
77.582	0.25	1	2	38791
77.6	0.25	0	1	38800
77.616	0.25	0	1	38808
77.632	0.25	0	1	38816
77.65	0.25	0	1	38825
77.666	0.25	0	1	38833
77.682	0.25	0	1	38841
77.7	0.25	0	1	38850
77.716	0.25	0	1	38858
77.732	0.25	0	1	38866
77.75	0.25	0	1	38875
77.766	0.25	0	1	38883
77.782	0.25	0	1	38891
77.8	0.25	0	1	38900
77.816	0.25	0	1	38908
77.832	0.25	0	1	38916
77.85	0.25	0	1	38925
77.866	0.25	0	1	38933
77.882	0.25	0	1	38941
77.9	0.25	0	1	38950
77.916	0.25	0	1	38958
77.932	0.25	0	1	38966
77.95	0.25	0	1	38975
77.966	0.25	1	2	38983
77.982	0.25	1	2	38991
78.0	0.25	1	2	39000
78.016	0.25	1	2	39008
78.032	0.25	0	1	39016
78.05	0.25	0	1	39025
78.066	0.25	0	1	39033
78.082	0.25	0	1	39041
80.9	0.25	0	1	40450
80.916	0.25	0	1	40458
80.932	0.25	0	1	40466
80.95	0.25	0	1	40475
80.966	0.25	0	1	40483
80.982	0.25	0	1	40491
81.0	0.25	0	1	40500
81.016	0.25	0	1	40508
81.032	0.25	0	1	40516
81.05	0.25	0	1	40525
81.066	0.25	0	1	40533
81.082	0.25	0	1	40541
81.1	0.25	0	1	40550
81.116	0.25	0	1	40558
81.132	0.25	0	1	40566
81.15	0.25	0	1	40575
81.166	0.25	0	1	40583
81.182	0.25	0	1	40591
81.2	0.25	1	2	40600
81.216	0.25	1	2	40608
81.232	0.25	1	2	40616
81.25	0.25	1	2	40625
81.266	0.25	0	1	40633
81.282	0.25	0	1	40641
81.3	0.25	0	1	40650
81.316	0.25	0	1	40658
81.332	0.25	0	1	40666
81.35	0.25	0	1	40675
81.366	0.25	0	1	40683
81.382	0.25	0	1	40691
81.4	0.25	0	1	40700
81.416	0.25	0	1	40708
81.432	0.25	0	1	40716
81.45	0.25	0	1	40725
81.466	0.25	0	1	40733
81.482	0.25	0	1	40741
81.5	0.25	0	1	40750
81.516	0.25	0	1	40758
81.532	0.25	0	1	40766
81.55	0.25	0	1	40775
81.566	0.25	0	1	40783
81.582	0.25	0	1	40791
81.6	0.25	1	2	40800
81.616	0.25	1	2	40808
81.632	0.25	1	2	40816
81.65	0.25	1	2	40825
81.666	0.25	0	1	40833
81.682	0.25	0	1	40841
81.7	0.25	0	1	40850
81.716	0.25	0	1	40858
81.732	0.25	0	1	40866
81.75	0.25	0	1	40875
81.766	0.25	0	1	40883
81.782	0.25	0	1	40891
81.8	0.25	0	1	40900
81.816	0.25	0	1	40908
81.832	0.25	0	1	40916
81.85	0.25	0	1	40925
81.866	0.25	0	1	40933
81.882	0.25	1	2	40941
81.9	0.25	1	2	40950
81.916	0.25	1	2	40958
81.932	0.25	1	2	40966
81.95	0.25	0	1	40975
81.966	0.25	0	1	40983
81.982	0.25	0	1	40991
82.0	0.25	0	1	41000
82.016	0.25	0	1	41008
82.032	0.25	0	1	41016
82.05	0.25	0	1	41025
82.066	0.25	0	1	41033
82.082	0.25	0	1	41041
82.1	0.25	0	1	41050
82.116	0.25	0	1	41058
82.132	0.25	0	1	41066
82.15	0.25	0	1	41075
82.166	0.25	0	1	41083
82.182	0.25	0	1	41091
82.2	0.25	0	1	41100
82.216	0.25	0	1	41108
82.232	0.25	0	1	41116
82.25	0.25	1	2	41125
82.266	0.25	1	2	41133
82.282	0.25	1	2	41141
82.3	0.25	1	2	41150
82.316	0.25	0	1	41158
82.332	0.25	0	1	41166
82.35	0.25	0	1	41175
82.366	0.25	0	1	41183
82.382	0.25	0	1	41191
82.4	0.25	0	1	41200
82.416	0.25	0	1	41208
82.432	0.25	0	1	41216
82.45	0.25	0	1	41225
82.466	0.25	0	1	41233
82.482	0.25	0	1	41241
82.5	0.25	0	1	41250
82.516	0.25	0	1	41258
82.532	0.25	0	1	41266
82.55	0.25	0	1	41275
82.566	0.25	0	1	41283
82.582	0.25	0	1	41291
82.6	0.25	0	1	41300
82.616	0.25	0	1	41308
82.632	0.25	0	1	41316
82.65	0.25	0	1	41325
82.666	0.25	0	1	41333
82.682	0.25	0	1	41341
82.7	0.25	0	1	41350
82.716	0.25	1	2	41358
82.732	0.25	1	2	41366
82.75	0.25	1	2	41375
82.766	0.25	1	2	41383
82.782	0.25	0	1	41391
82.8	0.25	0	1	41400
82.816	0.25	0	1	41408
82.832	0.25	0	1	41416
84.316	0.25	0	1	42158
84.332	0.25	1	2	42166
84.35	0.25	1	2	42175
84.366	0.25	1	2	42183
84.382	0.25	1	2	42191
84.4	0.25	0	1	42200
84.416	0.25	0	1	42208
84.432	0.25	0	1	42216
84.45	0.25	0	1	42225
84.466	0.25	0	1	42233
84.482	0.25	0	1	42241
84.5	0.25	0	1	42250
84.516	0.25	0	1	42258
84.532	0.25	0	1	42266
84.55	0.25	0	1	42275
84.566	0.25	0	1	42283
84.582	0.25	0	1	42291
84.6	0.25	0	1	42300
84.616	0.25	0	1	42308
84.632	0.25	0	1	42316
84.65	0.25	0	1	42325
84.666	0.25	0	1	42333
84.682	0.25	0	1	42341
84.7	0.25	0	1	42350
84.716	0.25	0	1	42358
84.732	0.25	0	1	42366
84.75	0.25	0	1	42375
84.766	0.25	0	1	42383
84.782	0.25	0	1	42391
84.8	0.25	0	1	42400
84.816	0.25	1	2	42408
84.832	0.25	1	2	42416
84.85	0.25	1	2	42425
84.866	0.25	1	2	42433
84.882	0.25	0	1	42441
84.9	0.25	0	1	42450
84.916	0.25	0	1	42458
84.932	0.25	0	1	42466
84.95	0.25	0	1	42475
84.966	0.25	0	1	42483
84.982	0.25	0	1	42491
85.0	0.25	0	1	42500
85.016	0.25	0	1	42508
85.032	0.25	0	1	42516
85.05	0.25	0	1	42525
85.066	0.25	0	1	42533
85.082	0.25	0	1	42541
85.1	0.25	0	1	42550
85.116	0.25	0	1	42558
85.132	0.25	0	1	42566
85.15	0.25	0	1	42575
85.166	0.25	0	1	42583
85.182	0.25	0	1	42591
85.2	0.25	0	1	42600
85.216	0.25	0	1	42608
85.232	0.25	0	1	42616
85.25	0.25	0	1	42625
85.266	0.25	0	1	42633
85.282	0.25	1	2	42641
85.3	0.25	1	2	42650
85.316	0.25	1	2	42658
85.332	0.25	1	2	42666
85.35	0.25	0	1	42675
85.366	0.25	0	1	42683
85.382	0.25	0	1	42691
85.4	0.25	0	1	42700
85.416	0.25	0	1	42708
85.432	0.25	0	1	42716
85.45	0.25	0	1	42725
85.466	0.25	0	1	42733
85.482	0.25	0	1	42741
85.5	0.25	0	1	42750
85.516	0.25	0	1	42758
85.532	0.25	0	1	42766
85.55	0.25	0	1	42775
85.566	0.25	0	1	42783
85.582	0.25	0	1	42791
85.6	0.25	0	1	42800
85.616	0.25	0	1	42808
85.632	0.25	0	1	42816
85.65	0.25	0	1	42825
85.666	0.25	0	1	42833
85.682	0.25	0	1	42841
85.7	0.25	1	2	42850
85.716	0.25	1	2	42858
85.732	0.25	1	2	42866
85.75	0.25	1	2	42875
85.766	0.25	0	1	42883
85.782	0.25	0	1	42891
85.8	0.25	0	1	42900
85.816	0.25	0	1	42908
85.832	0.25	0	1	42916
85.85	0.25	0	1	42925
85.866	0.25	0	1	42933
85.882	0.25	0	1	42941
85.9	0.25	0	1	42950
85.916	0.25	0	1	42958
85.932	0.25	0	1	42966
85.95	0.25	0	1	42975
85.966	0.25	0	1	42983
85.982	0.25	0	1	42991
86.0	0.25	0	1	43000
86.016	0.25	0	1	43008
86.032	0.25	0	1	43016
86.05	0.25	0	1	43025
86.066	0.25	0	1	43033
86.082	0.25	0	1	43041
86.1	0.25	0	1	43050
86.116	0.25	0	1	43058
86.132	0.25	1	2	43066
86.15	0.25	1	2	43075
86.166	0.25	1	2	43083
86.182	0.25	1	2	43091
86.2	0.25	0	1	43100
86.216	0.25	0	1	43108
86.232	0.25	0	1	43116
86.25	0.25	0	1	43125
87.732	0.25	0	1	43866
87.75	0.25	0	1	43875
87.766	0.25	0	1	43883
87.782	0.25	0	1	43891
87.8	0.25	0	1	43900
87.816	0.25	0	1	43908
87.832	0.25	0	1	43916
87.85	0.25	0	1	43925
87.866	0.25	0	1	43933
87.882	0.25	0	1	43941
87.9	0.25	0	1	43950
87.916	0.25	0	1	43958
87.932	0.25	0	1	43966
87.95	0.25	0	1	43975
87.966	0.25	0	1	43983
87.982	0.25	0	1	43991
88.0	0.25	0	1	44000
88.016	0.25	0	1	44008
88.032	0.25	0	1	44016
88.05	0.25	0	1	44025
88.066	0.25	0	1	44033
88.082	0.25	0	1	44041
88.1	0.25	0	1	44050
88.116	0.25	1	2	44058
88.132	0.25	1	2	44066
88.15	0.25	1	2	44075
88.166	0.25	1	2	44083
88.182	0.25	0	1	44091
88.2	0.25	0	1	44100
88.216	0.25	0	1	44108
88.232	0.25	0	1	44116
88.25	0.25	0	1	44125
88.266	0.25	0	1	44133
88.282	0.25	0	1	44141
88.3	0.25	0	1	44150
88.316	0.25	0	1	44158
88.332	0.25	0	1	44166
88.35	0.25	0	1	44175
88.366	0.25	0	1	44183
88.382	0.25	0	1	44191
88.4	0.25	0	1	44200
88.416	0.25	0	1	44208
88.432	0.25	0	1	44216
88.45	0.25	0	1	44225
88.466	0.25	0	1	44233
88.482	0.25	0	1	44241
88.5	0.25	1	2	44250
88.516	0.25	1	2	44258
88.532	0.25	1	2	44266
88.55	0.25	1	2	44275
88.566	0.25	0	1	44283
88.582	0.25	0	1	44291
88.6	0.25	0	1	44300
88.616	0.25	0	1	44308
88.632	0.25	0	1	44316
88.65	0.25	0	1	44325
88.666	0.25	0	1	44333
88.682	0.25	0	1	44341
88.7	0.25	0	1	44350
88.716	0.25	0	1	44358
88.732	0.25	0	1	44366
88.75	0.25	0	1	44375
88.766	0.25	0	1	44383
88.782	0.25	0	1	44391
88.8	0.25	1	2	44400
88.816	0.25	1	2	44408
88.832	0.25	1	2	44416
88.85	0.25	1	2	44425
88.866	0.25	0	1	44433
88.882	0.25	0	1	44441
88.9	0.25	0	1	44450
88.916	0.25	0	1	44458
88.932	0.25	0	1	44466
88.95	0.25	0	1	44475
88.966	0.25	0	1	44483
88.982	0.25	0	1	44491
89.0	0.25	0	1	44500
89.016	0.25	0	1	44508
89.032	0.25	0	1	44516
89.05	0.25	0	1	44525
89.066	0.25	0	1	44533
89.082	0.25	1	2	44541
89.1	0.25	1	2	44550
89.116	0.25	1	2	44558
89.132	0.25	1	2	44566
89.15	0.25	0	1	44575
89.166	0.25	0	1	44583
89.182	0.25	0	1	44591
89.2	0.25	0	1	44600
89.216	0.25	0	1	44608
89.232	0.25	0	1	44616
89.25	0.25	0	1	44625
89.266	0.25	0	1	44633
89.282	0.25	0	1	44641
89.3	0.25	0	1	44650
89.316	0.25	0	1	44658
89.332	0.25	0	1	44666
89.35	0.25	0	1	44675
89.366	0.25	0	1	44683
89.382	0.25	0	1	44691
89.4	0.25	0	1	44700
89.416	0.25	1	2	44708
89.432	0.25	1	2	44716
89.45	0.25	1	2	44725
89.466	0.25	1	2	44733
89.482	0.25	0	1	44741
89.5	0.25	0	1	44750
89.516	0.25	0	1	44758
89.532	0.25	0	1	44766
89.55	0.25	0	1	44775
89.566	0.25	0	1	44783
89.582	0.25	0	1	44791
89.6	0.25	0	1	44800
89.616	0.25	0	1	44808
89.632	0.25	0	1	44816
89.65	0.25	0	1	44825
89.666	0.25	0	1	44833
91.15	0.25	0	1	45575
91.166	0.25	0	1	45583
91.182	0.25	0	1	45591
91.2	0.25	0	1	45600
91.216	0.25	0	1	45608
91.232	0.25	0	1	45616
91.25	0.25	0	1	45625
91.266	0.25	0	1	45633
91.282	0.25	0	1	45641
91.3	0.25	0	1	45650
91.316	0.25	0	1	45658
91.332	0.25	0	1	45666
91.35	0.25	0	1	45675
91.366	0.25	0	1	45683
91.382	0.25	0	1	45691
91.4	0.25	1	2	45700
91.416	0.25	1	2	45708
91.432	0.25	1	2	45716
91.45	0.25	1	2	45725
91.466	0.25	0	1	45733
91.482	0.25	0	1	45741
91.5	0.25	0	1	45750
91.516	0.25	0	1	45758
91.532	0.25	0	1	45766
91.55	0.25	0	1	45775
91.566	0.25	0	1	45783
91.582	0.25	0	1	45791
91.6	0.25	0	1	45800
91.616	0.25	0	1	45808
91.632	0.25	0	1	45816
91.65	0.25	0	1	45825
91.666	0.25	0	1	45833
91.682	0.25	0	1	45841
91.7	0.25	0	1	45850
91.716	0.25	0	1	45858
91.732	0.25	0	1	45866
91.75	0.25	0	1	45875
91.766	0.25	0	1	45883
91.782	0.25	0	1	45891
91.8	0.25	0	1	45900
91.816	0.25	0	1	45908
91.832	0.25	1	2	45916
91.85	0.25	1	2	45925
91.866	0.25	1	2	45933
91.882	0.25	1	2	45941
91.9	0.25	0	1	45950
91.916	0.25	0	1	45958
91.932	0.25	0	1	45966
91.95	0.25	0	1	45975
91.966	0.25	0	1	45983
91.982	0.25	0	1	45991
92.0	0.25	0	1	46000
92.016	0.25	0	1	46008
92.032	0.25	0	1	46016
92.05	0.25	0	1	46025
92.066	0.25	0	1	46033
92.082	0.25	0	1	46041
92.1	0.25	0	1	46050
92.116	0.25	0	1	46058
92.132	0.25	0	1	46066
92.15	0.25	0	1	46075
92.166	0.25	0	1	46083
92.182	0.25	0	1	46091
92.2	0.25	0	1	46100
92.216	0.25	0	1	46108
92.232	0.25	0	1	46116
92.25	0.25	0	1	46125
92.266	0.25	0	1	46133
92.282	0.25	0	1	46141
92.3	0.25	1	2	46150
92.316	0.25	1	2	46158
92.332	0.25	1	2	46166
92.35	0.25	1	2	46175
92.366	0.25	0	1	46183
92.382	0.25	0	1	46191
92.4	0.25	0	1	46200
92.416	0.25	0	1	46208
92.432	0.25	0	1	46216
92.45	0.25	0	1	46225
92.466	0.25	0	1	46233
92.482	0.25	0	1	46241
92.5	0.25	0	1	46250
92.516	0.25	0	1	46258
92.532	0.25	0	1	46266
92.55	0.25	0	1	46275
92.566	0.25	0	1	46283
92.582	0.25	0	1	46291
92.6	0.25	1	2	46300
92.616	0.25	1	2	46308
92.632	0.25	1	2	46316
92.65	0.25	1	2	46325
92.666	0.25	0	1	46333
92.682	0.25	0	1	46341
92.7	0.25	0	1	46350
92.716	0.25	0	1	46358
92.732	0.25	0	1	46366
92.75	0.25	0	1	46375
92.766	0.25	0	1	46383
92.782	0.25	0	1	46391
92.8	0.25	0	1	46400
92.816	0.25	0	1	46408
92.832	0.25	0	1	46416
92.85	0.25	0	1	46425
92.866	0.25	0	1	46433
92.882	0.25	0	1	46441
92.9	0.25	0	1	46450
92.916	0.25	0	1	46458
92.932	0.25	0	1	46466
92.95	0.25	0	1	46475
92.966	0.25	0	1	46483
92.982	0.25	0	1	46491
93.0	0.25	0	1	46500
93.016	0.25	0	1	46508
93.032	0.25	1	2	46516
93.05	0.25	1	2	46525
93.066	0.25	1	2	46533
93.082	0.25	1	2	46541
97.216	0.25	0	1	48608
97.232	0.25	0	1	48616
97.25	0.25	0	1	48625
97.266	0.25	0	1	48633
97.282	0.25	0	1	48641
97.3	0.25	0	1	48650
97.316	0.25	0	1	48658
97.332	0.25	0	1	48666
97.35	0.25	0	1	48675
97.366	0.25	0	1	48683
97.382	0.25	0	1	48691
97.4	0.25	0	1	48700
97.416	0.25	0	1	48708
97.432	0.25	0	1	48716
97.45	0.25	0	1	48725
97.466	0.25	0	1	48733
97.482	0.25	0	1	48741
97.5	0.25	0	1	48750
97.516	0.25	1	2	48758
97.532	0.25	1	2	48766
97.55	0.25	1	2	48775
97.566	0.25	1	2	48783
97.582	0.25	0	1	48791
97.6	0.25	0	1	48800
97.616	0.25	0	1	48808
97.632	0.25	0	1	48816
97.65	0.25	0	1	48825
97.666	0.25	0	1	48833
97.682	0.25	0	1	48841
97.7	0.25	0	1	48850
97.716	0.25	0	1	48858
97.732	0.25	0	1	48866
97.75	0.25	0	1	48875
97.766	0.25	0	1	48883
97.782	0.25	0	1	48891
97.8	0.25	0	1	48900
97.816	0.25	0	1	48908
97.832	0.25	0	1	48916
97.85	0.25	0	1	48925
97.866	0.25	0	1	48933
97.882	0.25	0	1	48941
97.9	0.25	0	1	48950
97.916	0.25	1	2	48958
97.932	0.25	1	2	48966
97.95	0.25	1	2	48975
97.966	0.25	1	2	48983
97.982	0.25	0	1	48991
98.0	0.25	0	1	49000
98.016	0.25	0	1	49008
98.032	0.25	0	1	49016
98.05	0.25	0	1	49025
98.066	0.25	0	1	49033
98.082	0.25	0	1	49041
98.1	0.25	0	1	49050
98.116	0.25	0	1	49058
98.132	0.25	0	1	49066
98.15	0.25	0	1	49075
98.166	0.25	0	1	49083
98.182	0.25	0	1	49091
98.2	0.25	1	2	49100
98.216	0.25	1	2	49108
98.232	0.25	1	2	49116
98.25	0.25	1	2	49125
98.266	0.25	0	1	49133
98.282	0.25	0	1	49141
98.3	0.25	0	1	49150
98.316	0.25	0	1	49158
98.332	0.25	0	1	49166
98.35	0.25	0	1	49175
98.366	0.25	0	1	49183
98.382	0.25	0	1	49191
98.4	0.25	0	1	49200
98.416	0.25	0	1	49208
98.432	0.25	0	1	49216
98.45	0.25	0	1	49225
98.466	0.25	0	1	49233
98.482	0.25	0	1	49241
98.5	0.25	0	1	49250
98.516	0.25	0	1	49258
98.532	0.25	0	1	49266
98.55	0.25	0	1	49275
98.566	0.25	1	2	49283
98.582	0.25	1	2	49291
98.6	0.25	1	2	49300
98.616	0.25	1	2	49308
98.632	0.25	0	1	49316
98.65	0.25	0	1	49325
98.666	0.25	0	1	49333
98.682	0.25	0	1	49341
98.7	0.25	0	1	49350
98.716	0.25	0	1	49358
98.732	0.25	0	1	49366
98.75	0.25	0	1	49375
98.766	0.25	0	1	49383
98.782	0.25	0	1	49391
98.8	0.25	0	1	49400
98.816	0.25	0	1	49408
98.832	0.25	0	1	49416
98.85	0.25	0	1	49425
98.866	0.25	0	1	49433
98.882	0.25	0	1	49441
98.9	0.25	0	1	49450
98.916	0.25	0	1	49458
98.932	0.25	0	1	49466
98.95	0.25	0	1	49475
98.966	0.25	0	1	49483
98.982	0.25	0	1	49491
99.0	0.25	0	1	49500
99.016	0.25	0	1	49508
99.032	0.25	1	2	49516
99.05	0.25	1	2	49525
99.066	0.25	1	2	49533
99.082	0.25	1	2	49541
99.1	0.25	0	1	49550
99.116	0.25	0	1	49558
99.132	0.25	0	1	49566
99.15	0.25	0	1	49575
100.632	0.25	0	1	50316
100.65	0.25	0	1	50325
100.666	0.25	0	1	50333
100.682	0.25	0	1	50341
100.7	0.25	0	1	50350
100.716	0.25	0	1	50358
100.732	0.25	0	1	50366
100.75	0.25	0	1	50375
100.766	0.25	0	1	50383
100.782	0.25	0	1	50391
100.8	0.25	0	1	50400
100.816	0.25	0	1	50408
100.832	0.25	0	1	50416
100.85	0.25	0	1	50425
100.866	0.25	0	1	50433
100.882	0.25	0	1	50441
100.9	0.25	0	1	50450
100.916	0.25	0	1	50458
100.932	0.25	0	1	50466
100.95	0.25	0	1	50475
100.966	0.25	0	1	50483
100.982	0.25	0	1	50491
101.0	0.25	0	1	50500
101.016	0.25	1	2	50508
101.032	0.25	1	2	50516
101.05	0.25	1	2	50525
101.066	0.25	1	2	50533
101.082	0.25	0	1	50541
101.1	0.25	0	1	50550
101.116	0.25	0	1	50558
101.132	0.25	0	1	50566
101.15	0.25	0	1	50575
101.166	0.25	0	1	50583
101.182	0.25	0	1	50591
101.2	0.25	0	1	50600
101.216	0.25	0	1	50608
101.232	0.25	0	1	50616
101.25	0.25	0	1	50625
101.266	0.25	0	1	50633
101.282	0.25	0	1	50641
101.3	0.25	0	1	50650
101.316	0.25	0	1	50658
101.332	0.25	0	1	50666
101.35	0.25	0	1	50675
101.366	0.25	0	1	50683
101.382	0.25	0	1	50691
101.4	0.25	1	2	50700
101.416	0.25	1	2	50708
101.432	0.25	1	2	50716
101.45	0.25	1	2	50725
101.466	0.25	0	1	50733
101.482	0.25	0	1	50741
101.5	0.25	0	1	50750
101.516	0.25	0	1	50758
101.532	0.25	0	1	50766
101.55	0.25	0	1	50775
101.566	0.25	0	1	50783
101.582	0.25	0	1	50791
101.6	0.25	0	1	50800
101.616	0.25	0	1	50808
101.632	0.25	0	1	50816
101.65	0.25	0	1	50825
101.666	0.25	0	1	50833
101.682	0.25	0	1	50841
101.7	0.25	1	2	50850
101.716	0.25	1	2	50858
101.732	0.25	1	2	50866
101.75	0.25	1	2	50875
101.766	0.25	0	1	50883
101.782	0.25	0	1	50891
101.8	0.25	0	1	50900
101.816	0.25	0	1	50908
101.832	0.25	0	1	50916
101.85	0.25	0	1	50925
101.866	0.25	0	1	50933
101.882	0.25	0	1	50941
101.9	0.25	0	1	50950
101.916	0.25	0	1	50958
101.932	0.25	0	1	50966
101.95	0.25	0	1	50975
101.966	0.25	0	1	50983
101.982	0.25	1	2	50991
102.0	0.25	1	2	51000
102.016	0.25	1	2	51008
102.032	0.25	1	2	51016
102.05	0.25	0	1	51025
102.066	0.25	0	1	51033
102.082	0.25	0	1	51041
102.1	0.25	0	1	51050
102.116	0.25	0	1	51058
102.132	0.25	0	1	51066
102.15	0.25	0	1	51075
102.166	0.25	0	1	51083
102.182	0.25	0	1	51091
102.2	0.25	0	1	51100
102.216	0.25	0	1	51108
102.232	0.25	0	1	51116
102.25	0.25	0	1	51125
102.266	0.25	0	1	51133
102.282	0.25	0	1	51141
102.3	0.25	0	1	51150
102.316	0.25	1	2	51158
102.332	0.25	1	2	51166
102.35	0.25	1	2	51175
102.366	0.25	1	2	51183
102.382	0.25	0	1	51191
102.4	0.25	0	1	51200
102.416	0.25	0	1	51208
102.432	0.25	0	1	51216
102.45	0.25	0	1	51225
102.466	0.25	0	1	51233
102.482	0.25	0	1	51241
102.5	0.25	0	1	51250
102.516	0.25	0	1	51258
102.532	0.25	0	1	51266
102.55	0.25	0	1	51275
102.566	0.25	0	1	51283
104.05	0.25	0	1	52025
104.066	0.25	0	1	52033
104.082	0.25	0	1	52041
104.1	0.25	0	1	52050
104.116	0.25	0	1	52058
104.132	0.25	0	1	52066
104.15	0.25	0	1	52075
104.166	0.25	0	1	52083
104.182	0.25	0	1	52091
104.2	0.25	0	1	52100
104.216	0.25	0	1	52108
104.232	0.25	0	1	52116
104.25	0.25	0	1	52125
104.266	0.25	0	1	52133
104.282	0.25	0	1	52141
104.3	0.25	1	2	52150
104.316	0.25	1	2	52158
104.332	0.25	1	2	52166
104.35	0.25	1	2	52175
104.366	0.25	0	1	52183
104.382	0.25	0	1	52191
104.4	0.25	0	1	52200
104.416	0.25	0	1	52208
104.432	0.25	0	1	52216
104.45	0.25	0	1	52225
104.466	0.25	0	1	52233
104.482	0.25	0	1	52241
104.5	0.25	0	1	52250
104.516	0.25	0	1	52258
104.532	0.25	0	1	52266
104.55	0.25	0	1	52275
104.566	0.25	0	1	52283
104.582	0.25	0	1	52291
104.6	0.25	0	1	52300
104.616	0.25	0	1	52308
104.632	0.25	0	1	52316
104.65	0.25	0	1	52325
104.666	0.25	0	1	52333
104.682	0.25	0	1	52341
104.7	0.25	0	1	52350
104.716	0.25	0	1	52358
104.732	0.25	1	2	52366
104.75	0.25	1	2	52375
104.766	0.25	1	2	52383
104.782	0.25	1	2	52391
104.8	0.25	0	1	52400
104.816	0.25	0	1	52408
104.832	0.25	0	1	52416
104.85	0.25	0	1	52425
104.866	0.25	0	1	52433
104.882	0.25	0	1	52441
104.9	0.25	0	1	52450
104.916	0.25	0	1	52458
104.932	0.25	0	1	52466
104.95	0.25	0	1	52475
104.966	0.25	0	1	52483
104.982	0.25	0	1	52491
105.0	0.25	0	1	52500
105.016	0.25	0	1	52508
105.032	0.25	0	1	52516
105.05	0.25	0	1	52525
105.066	0.25	0	1	52533
105.082	0.25	0	1	52541
105.1	0.25	0	1	52550
105.116	0.25	0	1	52558
105.132	0.25	0	1	52566
105.15	0.25	0	1	52575
105.166	0.25	0	1	52583
105.182	0.25	0	1	52591
105.2	0.25	1	2	52600
105.216	0.25	1	2	52608
105.232	0.25	1	2	52616
105.25	0.25	1	2	52625
105.266	0.25	0	1	52633
105.282	0.25	0	1	52641
105.3	0.25	0	1	52650
105.316	0.25	0	1	52658
105.332	0.25	0	1	52666
105.35	0.25	0	1	52675
105.366	0.25	0	1	52683
105.382	0.25	0	1	52691
105.4	0.25	0	1	52700
105.416	0.25	0	1	52708
105.432	0.25	0	1	52716
105.45	0.25	0	1	52725
105.466	0.25	0	1	52733
105.482	0.25	0	1	52741
105.5	0.25	1	2	52750
105.516	0.25	1	2	52758
105.532	0.25	1	2	52766
105.55	0.25	1	2	52775
105.566	0.25	0	1	52783
105.582	0.25	0	1	52791
105.6	0.25	0	1	52800
105.616	0.25	0	1	52808
105.632	0.25	0	1	52816
105.65	0.25	0	1	52825
105.666	0.25	0	1	52833
105.682	0.25	0	1	52841
105.7	0.25	0	1	52850
105.716	0.25	0	1	52858
105.732	0.25	0	1	52866
105.75	0.25	0	1	52875
105.766	0.25	0	1	52883
105.782	0.25	0	1	52891
105.8	0.25	0	1	52900
105.816	0.25	0	1	52908
105.832	0.25	0	1	52916
105.85	0.25	0	1	52925
105.866	0.25	0	1	52933
105.882	0.25	0	1	52941
105.9	0.25	0	1	52950
105.916	0.25	0	1	52958
105.932	0.25	1	2	52966
105.95	0.25	1	2	52975
105.966	0.25	1	2	52983
105.982	0.25	1	2	52991
107.466	0.25	0	1	53733
107.482	0.25	1	2	53741
107.5	0.25	1	2	53750
107.516	0.25	1	2	53758
107.532	0.25	1	2	53766
107.55	0.25	0	1	53775
107.566	0.25	0	1	53783
107.582	0.25	0	1	53791
107.6	0.25	0	1	53800
107.616	0.25	0	1	53808
107.632	0.25	0	1	53816
107.65	0.25	0	1	53825
107.666	0.25	0	1	53833
107.682	0.25	0	1	53841
107.7	0.25	0	1	53850
107.716	0.25	0	1	53858
107.732	0.25	0	1	53866
107.75	0.25	0	1	53875
107.766	0.25	0	1	53883
107.782	0.25	0	1	53891
107.8	0.25	0	1	53900
107.816	0.25	0	1	53908
107.832	0.25	0	1	53916
107.85	0.25	0	1	53925
107.866	0.25	0	1	53933
107.882	0.25	0	1	53941
107.9	0.25	0	1	53950
107.916	0.25	0	1	53958
107.932	0.25	0	1	53966
107.95	0.25	0	1	53975
107.966	0.25	1	2	53983
107.982	0.25	1	2	53991
108.0	0.25	1	2	54000
108.016	0.25	1	2	54008
108.032	0.25	0	1	54016
108.05	0.25	0	1	54025
108.066	0.25	0	1	54033
108.082	0.25	0	1	54041
108.1	0.25	0	1	54050
108.116	0.25	0	1	54058
108.132	0.25	0	1	54066
108.15	0.25	0	1	54075
108.166	0.25	0	1	54083
108.182	0.25	0	1	54091
108.2	0.25	0	1	54100
108.216	0.25	0	1	54108
108.232	0.25	0	1	54116
108.25	0.25	0	1	54125
108.266	0.25	0	1	54133
108.282	0.25	0	1	54141
108.3	0.25	0	1	54150
108.316	0.25	0	1	54158
108.332	0.25	0	1	54166
108.35	0.25	0	1	54175
108.366	0.25	0	1	54183
108.382	0.25	0	1	54191
108.4	0.25	0	1	54200
108.416	0.25	0	1	54208
108.432	0.25	1	2	54216
108.45	0.25	1	2	54225
108.466	0.25	1	2	54233
108.482	0.25	1	2	54241
108.5	0.25	0	1	54250
108.516	0.25	0	1	54258
108.532	0.25	0	1	54266
108.55	0.25	0	1	54275
108.566	0.25	0	1	54283
108.582	0.25	0	1	54291
108.6	0.25	0	1	54300
108.616	0.25	0	1	54308
108.632	0.25	0	1	54316
108.65	0.25	0	1	54325
108.666	0.25	0	1	54333
108.682	0.25	0	1	54341
108.7	0.25	0	1	54350
108.716	0.25	0	1	54358
108.732	0.25	0	1	54366
108.75	0.25	0	1	54375
108.766	0.25	0	1	54383
108.782	0.25	0	1	54391
108.8	0.25	0	1	54400
108.816	0.25	0	1	54408
108.832	0.25	0	1	54416
108.85	0.25	1	2	54425
108.866	0.25	1	2	54433
108.882	0.25	1	2	54441
108.9	0.25	1	2	54450
108.916	0.25	0	1	54458
108.932	0.25	0	1	54466
108.95	0.25	0	1	54475
108.966	0.25	0	1	54483
108.982	0.25	0	1	54491
109.0	0.25	0	1	54500
109.016	0.25	0	1	54508
109.032	0.25	0	1	54516
109.05	0.25	0	1	54525
109.066	0.25	0	1	54533
109.082	0.25	0	1	54541
109.1	0.25	0	1	54550
109.116	0.25	0	1	54558
109.132	0.25	0	1	54566
109.15	0.25	0	1	54575
109.166	0.25	0	1	54583
109.182	0.25	0	1	54591
109.2	0.25	0	1	54600
109.216	0.25	0	1	54608
109.232	0.25	0	1	54616
109.25	0.25	0	1	54625
109.266	0.25	0	1	54633
109.282	0.25	1	2	54641
109.3	0.25	1	2	54650
109.316	0.25	1	2	54658
109.332	0.25	1	2	54666
109.35	0.25	0	1	54675
109.366	0.25	0	1	54683
109.382	0.25	0	1	54691
109.4	0.25	0	1	54700
111.7	0.25	0	1	55850
111.716	0.25	0	1	55858
111.732	0.25	0	1	55866
111.75	0.25	0	1	55875
111.766	0.25	0	1	55883
111.782	0.25	0	1	55891
111.8	0.25	0	1	55900
111.816	0.25	0	1	55908
111.832	0.25	0	1	55916
111.85	0.25	0	1	55925
111.866	0.25	0	1	55933
111.882	0.25	0	1	55941
111.9	0.25	0	1	55950
111.916	0.25	0	1	55958
111.932	0.25	0	1	55966
111.95	0.25	1	2	55975
111.966	0.25	1	2	55983
111.982	0.25	1	2	55991
112.0	0.25	1	2	56000
112.016	0.25	0	1	56008
112.032	0.25	0	1	56016
112.05	0.25	0	1	56025
112.066	0.25	0	1	56033
112.082	0.25	0	1	56041
112.1	0.25	0	1	56050
112.116	0.25	0	1	56058
112.132	0.25	0	1	56066
112.15	0.25	0	1	56075
112.166	0.25	0	1	56083
112.182	0.25	0	1	56091
112.2	0.25	0	1	56100
112.216	0.25	0	1	56108
112.232	0.25	0	1	56116
112.25	0.25	0	1	56125
112.266	0.25	0	1	56133
112.282	0.25	0	1	56141
112.3	0.25	0	1	56150
112.316	0.25	0	1	56158
112.332	0.25	0	1	56166
112.35	0.25	0	1	56175
112.366	0.25	0	1	56183
112.382	0.25	1	2	56191
112.4	0.25	1	2	56200
112.416	0.25	1	2	56208
112.432	0.25	1	2	56216
112.45	0.25	0	1	56225
112.466	0.25	0	1	56233
112.482	0.25	0	1	56241
112.5	0.25	0	1	56250
112.516	0.25	0	1	56258
112.532	0.25	0	1	56266
112.55	0.25	0	1	56275
112.566	0.25	0	1	56283
112.582	0.25	0	1	56291
112.6	0.25	0	1	56300
112.616	0.25	0	1	56308
112.632	0.25	0	1	56316
112.65	0.25	0	1	56325
112.666	0.25	0	1	56333
112.682	0.25	0	1	56341
112.7	0.25	0	1	56350
112.716	0.25	0	1	56358
112.732	0.25	0	1	56366
112.75	0.25	0	1	56375
112.766	0.25	0	1	56383
112.782	0.25	0	1	56391
112.8	0.25	0	1	56400
112.816	0.25	0	1	56408
112.832	0.25	0	1	56416
112.85	0.25	1	2	56425
112.866	0.25	1	2	56433
112.882	0.25	1	2	56441
112.9	0.25	1	2	56450
112.916	0.25	0	1	56458
112.932	0.25	0	1	56466
112.95	0.25	0	1	56475
112.966	0.25	0	1	56483
112.982	0.25	0	1	56491
113.0	0.25	0	1	56500
113.016	0.25	0	1	56508
113.032	0.25	0	1	56516
113.05	0.25	0	1	56525
113.066	0.25	0	1	56533
113.082	0.25	0	1	56541
113.1	0.25	0	1	56550
113.116	0.25	0	1	56558
113.132	0.25	0	1	56566
113.15	0.25	1	2	56575
113.166	0.25	1	2	56583
113.182	0.25	1	2	56591
113.2	0.25	1	2	56600
113.216	0.25	0	1	56608
113.232	0.25	0	1	56616
113.25	0.25	0	1	56625
113.266	0.25	0	1	56633
113.282	0.25	0	1	56641
113.3	0.25	0	1	56650
113.316	0.25	0	1	56658
113.332	0.25	0	1	56666
113.35	0.25	0	1	56675
113.366	0.25	0	1	56683
113.382	0.25	0	1	56691
113.4	0.25	0	1	56700
113.416	0.25	0	1	56708
113.432	0.25	0	1	56716
113.45	0.25	0	1	56725
113.466	0.25	0	1	56733
113.482	0.25	0	1	56741
113.5	0.25	0	1	56750
113.516	0.25	0	1	56758
113.532	0.25	0	1	56766
113.55	0.25	0	1	56775
113.566	0.25	0	1	56783
113.582	0.25	1	2	56791
113.6	0.25	1	2	56800
113.616	0.25	1	2	56808
113.632	0.25	1	2	56816
115.116	0.25	0	1	57558
115.132	0.25	0	1	57566
115.15	0.25	0	1	57575
115.166	0.25	0	1	57583
115.182	0.25	0	1	57591
115.2	0.25	0	1	57600
115.216	0.25	0	1	57608
115.232	0.25	0	1	57616
115.25	0.25	0	1	57625
115.266	0.25	0	1	57633
115.282	0.25	0	1	57641
115.3	0.25	0	1	57650
115.316	0.25	0	1	57658
115.332	0.25	0	1	57666
115.35	0.25	0	1	57675
115.366	0.25	0	1	57683
115.382	0.25	0	1	57691
115.4	0.25	0	1	57700
115.416	0.25	1	2	57708
115.432	0.25	1	2	57716
115.45	0.25	1	2	57725
115.466	0.25	1	2	57733
115.482	0.25	0	1	57741
115.5	0.25	0	1	57750
115.516	0.25	0	1	57758
115.532	0.25	0	1	57766
115.55	0.25	0	1	57775
115.566	0.25	0	1	57783
115.582	0.25	0	1	57791
115.6	0.25	0	1	57800
115.616	0.25	0	1	57808
115.632	0.25	0	1	57816
115.65	0.25	0	1	57825
115.666	0.25	0	1	57833
115.682	0.25	0	1	57841
115.7	0.25	0	1	57850
115.716	0.25	0	1	57858
115.732	0.25	0	1	57866
115.75	0.25	0	1	57875
115.766	0.25	0	1	57883
115.782	0.25	0	1	57891
115.8	0.25	0	1	57900
115.816	0.25	1	2	57908
115.832	0.25	1	2	57916
115.85	0.25	1	2	57925
115.866	0.25	1	2	57933
115.882	0.25	0	1	57941
115.9	0.25	0	1	57950
115.916	0.25	0	1	57958
115.932	0.25	0	1	57966
115.95	0.25	0	1	57975
115.966	0.25	0	1	57983
115.982	0.25	0	1	57991
116.0	0.25	0	1	58000
116.016	0.25	0	1	58008
116.032	0.25	0	1	58016
116.05	0.25	0	1	58025
116.066	0.25	0	1	58033
116.082	0.25	0	1	58041
116.1	0.25	1	2	58050
116.116	0.25	1	2	58058
116.132	0.25	1	2	58066
116.15	0.25	1	2	58075
116.166	0.25	0	1	58083
116.182	0.25	0	1	58091
116.2	0.25	0	1	58100
116.216	0.25	0	1	58108
116.232	0.25	0	1	58116
116.25	0.25	0	1	58125
116.266	0.25	0	1	58133
116.282	0.25	0	1	58141
116.3	0.25	0	1	58150
116.316	0.25	0	1	58158
116.332	0.25	0	1	58166
116.35	0.25	0	1	58175
116.366	0.25	0	1	58183
116.382	0.25	0	1	58191
116.4	0.25	0	1	58200
116.416	0.25	0	1	58208
116.432	0.25	0	1	58216
116.45	0.25	0	1	58225
116.466	0.25	1	2	58233
116.482	0.25	1	2	58241
116.5	0.25	1	2	58250
116.516	0.25	1	2	58258
116.532	0.25	0	1	58266
116.55	0.25	0	1	58275
116.566	0.25	0	1	58283
116.582	0.25	0	1	58291
116.6	0.25	0	1	58300
116.616	0.25	0	1	58308
116.632	0.25	0	1	58316
116.65	0.25	0	1	58325
116.666	0.25	0	1	58333
116.682	0.25	0	1	58341
116.7	0.25	0	1	58350
116.716	0.25	0	1	58358
116.732	0.25	0	1	58366
116.75	0.25	0	1	58375
116.766	0.25	0	1	58383
116.782	0.25	0	1	58391
116.8	0.25	0	1	58400
116.816	0.25	0	1	58408
116.832	0.25	0	1	58416
116.85	0.25	0	1	58425
116.866	0.25	0	1	58433
116.882	0.25	0	1	58441
116.9	0.25	0	1	58450
116.916	0.25	0	1	58458
116.932	0.25	1	2	58466
116.95	0.25	1	2	58475
116.966	0.25	1	2	58483
116.982	0.25	1	2	58491
117.0	0.25	0	1	58500
117.016	0.25	0	1	58508
117.032	0.25	0	1	58516
117.05	0.25	0	1	58525
118.532	0.25	0	1	59266
118.55	0.25	0	1	59275
118.566	0.25	0	1	59283
118.582	0.25	0	1	59291
118.6	0.25	0	1	59300
118.616	0.25	0	1	59308
118.632	0.25	0	1	59316
118.65	0.25	0	1	59325
118.666	0.25	0	1	59333
118.682	0.25	0	1	59341
118.7	0.25	0	1	59350
118.716	0.25	0	1	59358
118.732	0.25	0	1	59366
118.75	0.25	0	1	59375
118.766	0.25	0	1	59383
118.782	0.25	0	1	59391
118.8	0.25	0	1	59400
118.816	0.25	0	1	59408
118.832	0.25	0	1	59416
118.85	0.25	0	1	59425
118.866	0.25	0	1	59433
118.882	0.25	0	1	59441
118.9	0.25	0	1	59450
118.916	0.25	1	2	59458
118.932	0.25	1	2	59466
118.95	0.25	1	2	59475
118.966	0.25	1	2	59483
118.982	0.25	0	1	59491
119.0	0.25	0	1	59500
119.016	0.25	0	1	59508
119.032	0.25	0	1	59516
119.05	0.25	0	1	59525
119.066	0.25	0	1	59533
119.082	0.25	0	1	59541
119.1	0.25	0	1	59550
119.116	0.25	0	1	59558
119.132	0.25	0	1	59566
119.15	0.25	0	1	59575
119.166	0.25	0	1	59583
119.182	0.25	0	1	59591
119.2	0.25	0	1	59600
119.216	0.25	0	1	59608
119.232	0.25	0	1	59616
119.25	0.25	0	1	59625
119.266	0.25	0	1	59633
119.282	0.25	0	1	59641
119.3	0.25	1	2	59650
119.316	0.25	1	2	59658
119.332	0.25	1	2	59666
119.35	0.25	1	2	59675
119.366	0.25	0	1	59683
119.382	0.25	0	1	59691
119.4	0.25	0	1	59700
119.416	0.25	0	1	59708
119.432	0.25	0	1	59716
119.45	0.25	0	1	59725
119.466	0.25	0	1	59733
119.482	0.25	0	1	59741
119.5	0.25	0	1	59750
119.516	0.25	0	1	59758
119.532	0.25	0	1	59766
119.55	0.25	0	1	59775
119.566	0.25	0	1	59783
119.582	0.25	0	1	59791
119.6	0.25	1	2	59800
119.616	0.25	1	2	59808
119.632	0.25	1	2	59816
119.65	0.25	1	2	59825
119.666	0.25	0	1	59833
119.682	0.25	0	1	59841
119.7	0.25	0	1	59850
119.716	0.25	0	1	59858
119.732	0.25	0	1	59866
119.75	0.25	0	1	59875
119.766	0.25	0	1	59883
119.782	0.25	0	1	59891
119.8	0.25	0	1	59900
119.816	0.25	0	1	59908
119.832	0.25	0	1	59916
119.85	0.25	0	1	59925
119.866	0.25	0	1	59933
119.882	0.25	1	2	59941
119.9	0.25	1	2	59950
119.916	0.25	1	2	59958
119.932	0.25	1	2	59966
119.95	0.25	0	1	59975
119.966	0.25	0	1	59983
119.982	0.25	0	1	59991
120.0	0.25	0	1	60000
120.016	0.25	0	1	60008
120.032	0.25	0	1	60016
120.05	0.25	0	1	60025
120.066	0.25	0	1	60033
120.082	0.25	0	1	60041
120.1	0.25	0	1	60050
120.116	0.25	0	1	60058
120.132	0.25	0	1	60066
120.15	0.25	0	1	60075
120.166	0.25	0	1	60083
120.182	0.25	0	1	60091
120.2	0.25	0	1	60100
120.216	0.25	1	2	60108
120.232	0.25	1	2	60116
120.25	0.25	1	2	60125
120.266	0.25	1	2	60133
120.282	0.25	0	1	60141
120.3	0.25	0	1	60150
120.316	0.25	0	1	60158
120.332	0.25	0	1	60166
120.35	0.25	0	1	60175
120.366	0.25	0	1	60183
120.382	0.25	0	1	60191
120.4	0.25	0	1	60200
120.416	0.25	0	1	60208
120.432	0.25	0	1	60216
120.45	0.25	0	1	60225
120.466	0.25	0	1	60233
121.95	0.25	0	1	60975
121.966	0.25	1	2	60983
121.982	0.25	1	2	60991
122.0	0.25	1	2	61000
122.016	0.25	1	2	61008
122.032	0.25	0	1	61016
122.05	0.25	0	1	61025
122.066	0.25	0	1	61033
122.082	0.25	0	1	61041
122.1	0.25	0	1	61050
122.116	0.25	0	1	61058
122.132	0.25	0	1	61066
122.15	0.25	0	1	61075
122.166	0.25	0	1	61083
122.182	0.25	0	1	61091
122.2	0.25	0	1	61100
122.216	0.25	0	1	61108
122.232	0.25	0	1	61116
122.25	0.25	0	1	61125
122.266	0.25	0	1	61133
122.282	0.25	0	1	61141
122.3	0.25	0	1	61150
122.316	0.25	0	1	61158
122.332	0.25	0	1	61166
122.35	0.25	0	1	61175
122.366	0.25	0	1	61183
122.382	0.25	0	1	61191
122.4	0.25	0	1	61200
122.416	0.25	0	1	61208
122.432	0.25	0	1	61216
122.45	0.25	1	2	61225
122.466	0.25	1	2	61233
122.482	0.25	1	2	61241
122.5	0.25	1	2	61250
122.516	0.25	0	1	61258
122.532	0.25	0	1	61266
122.55	0.25	0	1	61275
122.566	0.25	0	1	61283
122.582	0.25	0	1	61291
122.6	0.25	0	1	61300
122.616	0.25	0	1	61308
122.632	0.25	0	1	61316
122.65	0.25	0	1	61325
122.666	0.25	0	1	61333
122.682	0.25	0	1	61341
122.7	0.25	0	1	61350
122.716	0.25	0	1	61358
122.732	0.25	0	1	61366
122.75	0.25	0	1	61375
122.766	0.25	0	1	61383
122.782	0.25	0	1	61391
122.8	0.25	0	1	61400
122.816	0.25	0	1	61408
122.832	0.25	0	1	61416
122.85	0.25	0	1	61425
122.866	0.25	0	1	61433
122.882	0.25	0	1	61441
122.9	0.25	0	1	61450
122.916	0.25	1	2	61458
122.932	0.25	1	2	61466
122.95	0.25	1	2	61475
122.966	0.25	1	2	61483
122.982	0.25	0	1	61491
123.0	0.25	0	1	61500
123.016	0.25	0	1	61508
123.032	0.25	0	1	61516
123.05	0.25	0	1	61525
123.066	0.25	0	1	61533
123.082	0.25	0	1	61541
123.1	0.25	0	1	61550
123.116	0.25	0	1	61558
123.132	0.25	0	1	61566
123.15	0.25	0	1	61575
123.166	0.25	0	1	61583
123.182	0.25	0	1	61591
123.2	0.25	0	1	61600
123.216	0.25	0	1	61608
123.232	0.25	0	1	61616
123.25	0.25	0	1	61625
123.266	0.25	0	1	61633
123.282	0.25	0	1	61641
123.3	0.25	0	1	61650
123.316	0.25	0	1	61658
123.332	0.25	1	2	61666
123.35	0.25	1	2	61675
123.366	0.25	1	2	61683
123.382	0.25	1	2	61691
123.4	0.25	0	1	61700
123.416	0.25	0	1	61708
123.432	0.25	0	1	61716
123.45	0.25	0	1	61725
123.466	0.25	0	1	61733
123.482	0.25	0	1	61741
123.5	0.25	0	1	61750
123.516	0.25	0	1	61758
123.532	0.25	0	1	61766
123.55	0.25	0	1	61775
123.566	0.25	0	1	61783
123.582	0.25	0	1	61791
123.6	0.25	0	1	61800
123.616	0.25	0	1	61808
123.632	0.25	0	1	61816
123.65	0.25	0	1	61825
123.666	0.25	0	1	61833
123.682	0.25	0	1	61841
123.7	0.25	0	1	61850
123.716	0.25	0	1	61858
123.732	0.25	0	1	61866
123.75	0.25	0	1	61875
123.766	0.25	1	2	61883
123.782	0.25	1	2	61891
123.8	0.25	1	2	61900
123.816	0.25	1	2	61908
123.832	0.25	0	1	61916
123.85	0.25	0	1	61925
123.866	0.25	0	1	61933
123.882	0.25	0	1	61941
126.282	0.25	0	1	63141
126.3	0.25	0	1	63150
126.316	0.25	0	1	63158
126.332	0.25	0	1	63166
126.35	0.25	0	1	63175
126.366	0.25	0	1	63183
126.382	0.25	0	1	63191
126.4	0.25	0	1	63200
126.416	0.25	0	1	63208
126.432	0.25	0	1	63216
126.45	0.25	0	1	63225
126.466	0.25	0	1	63233
126.482	0.25	0	1	63241
126.5	0.25	0	1	63250
126.516	0.25	0	1	63258
126.532	0.25	1	2	63266
126.55	0.25	1	2	63275
126.566	0.25	1	2	63283
126.582	0.25	1	2	63291
126.6	0.25	0	1	63300
126.616	0.25	0	1	63308
126.632	0.25	0	1	63316
126.65	0.25	0	1	63325
126.666	0.25	0	1	63333
126.682	0.25	0	1	63341
126.7	0.25	0	1	63350
126.716	0.25	0	1	63358
126.732	0.25	0	1	63366
126.75	0.25	0	1	63375
126.766	0.25	0	1	63383
126.782	0.25	0	1	63391
126.8	0.25	0	1	63400
126.816	0.25	0	1	63408
126.832	0.25	0	1	63416
126.85	0.25	0	1	63425
126.866	0.25	0	1	63433
126.882	0.25	0	1	63441
126.9	0.25	0	1	63450
126.916	0.25	0	1	63458
126.932	0.25	0	1	63466
126.95	0.25	0	1	63475
126.966	0.25	1	2	63483
126.982	0.25	1	2	63491
127.0	0.25	1	2	63500
127.016	0.25	1	2	63508
127.032	0.25	0	1	63516
127.05	0.25	0	1	63525
127.066	0.25	0	1	63533
127.082	0.25	0	1	63541
127.1	0.25	0	1	63550
127.116	0.25	0	1	63558
127.132	0.25	0	1	63566
127.15	0.25	0	1	63575
127.166	0.25	0	1	63583
127.182	0.25	0	1	63591
127.2	0.25	0	1	63600
127.216	0.25	0	1	63608
127.232	0.25	0	1	63616
127.25	0.25	0	1	63625
127.266	0.25	0	1	63633
127.282	0.25	0	1	63641
127.3	0.25	0	1	63650
127.316	0.25	0	1	63658
127.332	0.25	0	1	63666
127.35	0.25	0	1	63675
127.366	0.25	0	1	63683
127.382	0.25	0	1	63691
127.4	0.25	0	1	63700
127.416	0.25	0	1	63708
127.432	0.25	1	2	63716
127.45	0.25	1	2	63725
127.466	0.25	1	2	63733
127.482	0.25	1	2	63741
127.5	0.25	0	1	63750
127.516	0.25	0	1	63758
127.532	0.25	0	1	63766
127.55	0.25	0	1	63775
127.566	0.25	0	1	63783
127.582	0.25	0	1	63791
127.6	0.25	0	1	63800
127.616	0.25	0	1	63808
127.632	0.25	0	1	63816
127.65	0.25	0	1	63825
127.666	0.25	0	1	63833
127.682	0.25	0	1	63841
127.7	0.25	0	1	63850
127.716	0.25	0	1	63858
127.732	0.25	1	2	63866
127.75	0.25	1	2	63875
127.766	0.25	1	2	63883
127.782	0.25	1	2	63891
127.8	0.25	0	1	63900
127.816	0.25	0	1	63908
127.832	0.25	0	1	63916
127.85	0.25	0	1	63925
127.866	0.25	0	1	63933
127.882	0.25	0	1	63941
127.9	0.25	0	1	63950
127.916	0.25	0	1	63958
127.932	0.25	0	1	63966
127.95	0.25	0	1	63975
127.966	0.25	0	1	63983
127.982	0.25	0	1	63991
128.0	0.25	0	1	64000
128.016	0.25	0	1	64008
128.032	0.25	0	1	64016
128.05	0.25	0	1	64025
128.066	0.25	0	1	64033
128.082	0.25	0	1	64041
128.1	0.25	0	1	64050
128.116	0.25	0	1	64058
128.132	0.25	0	1	64066
128.15	0.25	0	1	64075
128.166	0.25	1	2	64083
128.182	0.25	1	2	64091
128.198	0.25	1	2	64099
128.216	0.25	1	2	64108
129.698	0.25	0	1	64849
129.716	0.25	0	1	64858
129.732	0.25	0	1	64866
129.75	0.25	0	1	64875
129.766	0.25	0	1	64883
129.782	0.25	0	1	64891
129.8	0.25	0	1	64900
129.816	0.25	0	1	64908
129.832	0.25	0	1	64916
129.85	0.25	0	1	64925
129.866	0.25	0	1	64933
129.882	0.25	0	1	64941
129.9	0.25	0	1	64950
129.916	0.25	0	1	64958
129.932	0.25	0	1	64966
129.948	0.25	0	1	64974
129.966	0.25	0	1	64983
129.982	0.25	0	1	64991
130.0	0.25	1	2	65000
130.016	0.25	1	2	65008
130.032	0.25	1	2	65016
130.05	0.25	1	2	65025
130.066	0.25	0	1	65033
130.082	0.25	0	1	65041
130.1	0.25	0	1	65050
130.116	0.25	0	1	65058
130.132	0.25	0	1	65066
130.15	0.25	0	1	65075
130.166	0.25	0	1	65083
130.182	0.25	0	1	65091
130.198	0.25	0	1	65099
130.216	0.25	0	1	65108
130.232	0.25	0	1	65116
130.25	0.25	0	1	65125
130.266	0.25	0	1	65133
130.282	0.25	0	1	65141
130.3	0.25	0	1	65150
130.316	0.25	0	1	65158
130.332	0.25	0	1	65166
130.35	0.25	0	1	65175
130.366	0.25	0	1	65183
130.382	0.25	0	1	65191
130.4	0.25	1	2	65200
130.416	0.25	1	2	65208
130.432	0.25	1	2	65216
130.448	0.25	1	2	65224
130.466	0.25	0	1	65233
130.482	0.25	0	1	65241
130.5	0.25	0	1	65250
130.516	0.25	0	1	65258
130.532	0.25	0	1	65266
130.55	0.25	0	1	65275
130.566	0.25	0	1	65283
130.582	0.25	0	1	65291
130.6	0.25	0	1	65300
130.616	0.25	0	1	65308
130.632	0.25	0	1	65316
130.65	0.25	0	1	65325
130.666	0.25	0	1	65333
130.682	0.25	1	2	65341
130.698	0.25	1	2	65349
130.716	0.25	1	2	65358
130.732	0.25	1	2	65366
130.75	0.25	0	1	65375
130.766	0.25	0	1	65383
130.782	0.25	0	1	65391
130.8	0.25	0	1	65400
130.816	0.25	0	1	65408
130.832	0.25	0	1	65416
130.85	0.25	0	1	65425
130.866	0.25	0	1	65433
130.882	0.25	0	1	65441
130.9	0.25	0	1	65450
130.916	0.25	0	1	65458
130.932	0.25	0	1	65466
130.948	0.25	0	1	65474
130.966	0.25	0	1	65483
130.982	0.25	0	1	65491
131.0	0.25	0	1	65500
131.016	0.25	0	1	65508
131.032	0.25	0	1	65516
131.05	0.25	1	2	65525
131.066	0.25	1	2	65533
131.082	0.25	1	2	65541
131.1	0.25	1	2	65550
131.116	0.25	0	1	65558
131.132	0.25	0	1	65566
131.15	0.25	0	1	65575
131.166	0.25	0	1	65583
131.182	0.25	0	1	65591
131.2	0.25	0	1	65600
131.216	0.25	0	1	65608
131.232	0.25	0	1	65616
131.25	0.25	0	1	65625
131.266	0.25	0	1	65633
131.282	0.25	0	1	65641
131.3	0.25	0	1	65650
131.316	0.25	0	1	65658
131.332	0.25	0	1	65666
131.35	0.25	0	1	65675
131.366	0.25	0	1	65683
131.382	0.25	0	1	65691
131.4	0.25	0	1	65700
131.416	0.25	0	1	65708
131.432	0.25	0	1	65716
131.45	0.25	0	1	65725
131.466	0.25	0	1	65733
131.482	0.25	0	1	65741
131.5	0.25	0	1	65750
131.516	0.25	1	2	65758
131.532	0.25	1	2	65766
131.55	0.25	1	2	65775
131.566	0.25	1	2	65783
131.582	0.25	0	1	65791
131.6	0.25	0	1	65800
131.616	0.25	0	1	65808
131.632	0.25	0	1	65816
133.116	0.25	0	1	66558
133.132	0.25	1	2	66566
133.15	0.25	1	2	66575
133.166	0.25	1	2	66583
133.182	0.25	1	2	66591
133.2	0.25	0	1	66600
133.216	0.25	0	1	66608
133.232	0.25	0	1	66616
133.25	0.25	0	1	66625
133.266	0.25	0	1	66633
133.282	0.25	0	1	66641
133.3	0.25	0	1	66650
133.316	0.25	0	1	66658
133.332	0.25	0	1	66666
133.35	0.25	0	1	66675
133.366	0.25	0	1	66683
133.382	0.25	0	1	66691
133.4	0.25	0	1	66700
133.416	0.25	0	1	66708
133.432	0.25	0	1	66716
133.45	0.25	0	1	66725
133.466	0.25	0	1	66733
133.482	0.25	0	1	66741
133.5	0.25	0	1	66750
133.516	0.25	0	1	66758
133.532	0.25	0	1	66766
133.55	0.25	0	1	66775
133.566	0.25	0	1	66783
133.582	0.25	0	1	66791
133.6	0.25	0	1	66800
133.616	0.25	1	2	66808
133.632	0.25	1	2	66816
133.65	0.25	1	2	66825
133.666	0.25	1	2	66833
133.682	0.25	0	1	66841
133.7	0.25	0	1	66850
133.716	0.25	0	1	66858
133.732	0.25	0	1	66866
133.75	0.25	0	1	66875
133.766	0.25	0	1	66883
133.782	0.25	0	1	66891
133.8	0.25	0	1	66900
133.816	0.25	0	1	66908
133.832	0.25	0	1	66916
133.85	0.25	0	1	66925
133.866	0.25	0	1	66933
133.882	0.25	0	1	66941
133.9	0.25	0	1	66950
133.916	0.25	0	1	66958
133.932	0.25	0	1	66966
133.95	0.25	0	1	66975
133.966	0.25	0	1	66983
133.982	0.25	0	1	66991
134.0	0.25	0	1	67000
134.016	0.25	0	1	67008
134.032	0.25	0	1	67016
134.05	0.25	0	1	67025
134.066	0.25	0	1	67033
134.082	0.25	1	2	67041
134.1	0.25	1	2	67050
134.116	0.25	1	2	67058
134.132	0.25	1	2	67066
134.15	0.25	0	1	67075
134.166	0.25	0	1	67083
134.182	0.25	0	1	67091
134.2	0.25	0	1	67100
134.216	0.25	0	1	67108
134.232	0.25	0	1	67116
134.25	0.25	0	1	67125
134.266	0.25	0	1	67133
134.282	0.25	0	1	67141
134.3	0.25	0	1	67150
134.316	0.25	0	1	67158
134.332	0.25	0	1	67166
134.35	0.25	0	1	67175
134.366	0.25	0	1	67183
134.382	0.25	0	1	67191
134.4	0.25	0	1	67200
134.416	0.25	0	1	67208
134.432	0.25	0	1	67216
134.45	0.25	0	1	67225
134.466	0.25	0	1	67233
134.482	0.25	0	1	67241
134.5	0.25	1	2	67250
134.516	0.25	1	2	67258
134.532	0.25	1	2	67266
134.55	0.25	1	2	67275
134.566	0.25	0	1	67283
134.582	0.25	0	1	67291
134.6	0.25	0	1	67300
134.616	0.25	0	1	67308
134.632	0.25	0	1	67316
134.65	0.25	0	1	67325
134.666	0.25	0	1	67333
134.682	0.25	0	1	67341
134.7	0.25	0	1	67350
134.716	0.25	0	1	67358
134.732	0.25	0	1	67366
134.75	0.25	0	1	67375
134.766	0.25	0	1	67383
134.782	0.25	0	1	67391
134.8	0.25	0	1	67400
134.816	0.25	0	1	67408
134.832	0.25	0	1	67416
134.85	0.25	0	1	67425
134.866	0.25	0	1	67433
134.882	0.25	0	1	67441
134.9	0.25	0	1	67450
134.916	0.25	0	1	67458
134.932	0.25	1	2	67466
134.95	0.25	1	2	67475
134.966	0.25	1	2	67483
134.982	0.25	1	2	67491
135.0	0.25	0	1	67500
135.016	0.25	0	1	67508
135.032	0.25	0	1	67516
135.05	0.25	0	1	67525
136.532	0.25	0	1	68266
136.55	0.25	0	1	68275
136.566	0.25	0	1	68283
136.582	0.25	0	1	68291
136.6	0.25	0	1	68300
136.616	0.25	0	1	68308
136.632	0.25	0	1	68316
136.65	0.25	0	1	68325
136.666	0.25	0	1	68333
136.682	0.25	0	1	68341
136.7	0.25	0	1	68350
136.716	0.25	0	1	68358
136.732	0.25	0	1	68366
136.75	0.25	0	1	68375
136.766	0.25	0	1	68383
136.782	0.25	0	1	68391
136.8	0.25	0	1	68400
136.816	0.25	0	1	68408
136.832	0.25	0	1	68416
136.85	0.25	0	1	68425
136.866	0.25	0	1	68433
136.882	0.25	0	1	68441
136.9	0.25	0	1	68450
136.916	0.25	1	2	68458
136.932	0.25	1	2	68466
136.95	0.25	1	2	68475
136.966	0.25	1	2	68483
136.982	0.25	0	1	68491
137.0	0.25	0	1	68500
137.016	0.25	0	1	68508
137.032	0.25	0	1	68516
137.05	0.25	0	1	68525
137.066	0.25	0	1	68533
137.082	0.25	0	1	68541
137.1	0.25	0	1	68550
137.116	0.25	0	1	68558
137.132	0.25	0	1	68566
137.15	0.25	0	1	68575
137.166	0.25	0	1	68583
137.182	0.25	0	1	68591
137.2	0.25	0	1	68600
137.216	0.25	0	1	68608
137.232	0.25	0	1	68616
137.25	0.25	0	1	68625
137.266	0.25	0	1	68633
137.282	0.25	0	1	68641
137.3	0.25	1	2	68650
137.316	0.25	1	2	68658
137.332	0.25	1	2	68666
137.35	0.25	1	2	68675
137.366	0.25	0	1	68683
137.382	0.25	0	1	68691
137.4	0.25	0	1	68700
137.416	0.25	0	1	68708
137.432	0.25	0	1	68716
137.45	0.25	0	1	68725
137.466	0.25	0	1	68733
137.482	0.25	0	1	68741
137.5	0.25	0	1	68750
137.516	0.25	0	1	68758
137.532	0.25	0	1	68766
137.55	0.25	0	1	68775
137.566	0.25	0	1	68783
137.582	0.25	0	1	68791
137.6	0.25	1	2	68800
137.616	0.25	1	2	68808
137.632	0.25	1	2	68816
137.65	0.25	1	2	68825
137.666	0.25	0	1	68833
137.682	0.25	0	1	68841
137.7	0.25	0	1	68850
137.716	0.25	0	1	68858
137.732	0.25	0	1	68866
137.75	0.25	0	1	68875
137.766	0.25	0	1	68883
137.782	0.25	0	1	68891
137.8	0.25	0	1	68900
137.816	0.25	0	1	68908
137.832	0.25	0	1	68916
137.85	0.25	0	1	68925
137.866	0.25	0	1	68933
137.882	0.25	1	2	68941
137.9	0.25	1	2	68950
137.916	0.25	1	2	68958
137.932	0.25	1	2	68966
137.95	0.25	0	1	68975
137.966	0.25	0	1	68983
137.982	0.25	0	1	68991
138.0	0.25	0	1	69000
138.016	0.25	0	1	69008
138.032	0.25	0	1	69016
138.05	0.25	0	1	69025
138.066	0.25	0	1	69033
138.082	0.25	0	1	69041
138.1	0.25	0	1	69050
138.116	0.25	0	1	69058
138.132	0.25	0	1	69066
138.15	0.25	0	1	69075
138.166	0.25	0	1	69083
138.182	0.25	0	1	69091
138.2	0.25	0	1	69100
138.216	0.25	1	2	69108
138.232	0.25	1	2	69116
138.25	0.25	1	2	69125
138.266	0.25	1	2	69133
138.282	0.25	0	1	69141
138.3	0.25	0	1	69150
138.316	0.25	0	1	69158
138.332	0.25	0	1	69166
138.35	0.25	0	1	69175
138.366	0.25	0	1	69183
138.382	0.25	0	1	69191
138.4	0.25	0	1	69200
138.416	0.25	0	1	69208
138.432	0.25	0	1	69216
138.45	0.25	0	1	69225
138.466	0.25	0	1	69233
140.682	0.25	0	1	70341
140.7	0.25	1	2	70350
140.716	0.25	1	2	70358
140.732	0.25	1	2	70366
140.75	0.25	1	2	70375
140.766	0.25	0	1	70383
140.782	0.25	0	1	70391
140.8	0.25	0	1	70400
140.816	0.25	0	1	70408
140.832	0.25	0	1	70416
140.85	0.25	0	1	70425
140.866	0.25	0	1	70433
140.882	0.25	0	1	70441
140.9	0.25	0	1	70450
140.916	0.25	0	1	70458
140.932	0.25	0	1	70466
140.95	0.25	0	1	70475
140.966	0.25	0	1	70483
140.982	0.25	0	1	70491
141.0	0.25	0	1	70500
141.016	0.25	0	1	70508
141.032	0.25	0	1	70516
141.05	0.25	0	1	70525
141.066	0.25	0	1	70533
141.082	0.25	0	1	70541
141.1	0.25	0	1	70550
141.116	0.25	0	1	70558
141.132	0.25	0	1	70566
141.15	0.25	0	1	70575
141.166	0.25	0	1	70583
141.182	0.25	1	2	70591
141.2	0.25	1	2	70600
141.216	0.25	1	2	70608
141.232	0.25	1	2	70616
141.25	0.25	0	1	70625
141.266	0.25	0	1	70633
141.282	0.25	0	1	70641
141.3	0.25	0	1	70650
141.316	0.25	0	1	70658
141.332	0.25	0	1	70666
141.35	0.25	0	1	70675
141.366	0.25	0	1	70683
141.382	0.25	0	1	70691
141.4	0.25	0	1	70700
141.416	0.25	0	1	70708
141.432	0.25	0	1	70716
141.45	0.25	0	1	70725
141.466	0.25	0	1	70733
141.482	0.25	0	1	70741
141.5	0.25	0	1	70750
141.516	0.25	0	1	70758
141.532	0.25	0	1	70766
141.55	0.25	0	1	70775
141.566	0.25	0	1	70783
141.582	0.25	0	1	70791
141.6	0.25	0	1	70800
141.616	0.25	0	1	70808
141.632	0.25	0	1	70816
141.65	0.25	1	2	70825
141.666	0.25	1	2	70833
141.682	0.25	1	2	70841
141.7	0.25	1	2	70850
141.716	0.25	0	1	70858
141.732	0.25	0	1	70866
141.75	0.25	0	1	70875
141.766	0.25	0	1	70883
141.782	0.25	0	1	70891
141.8	0.25	0	1	70900
141.816	0.25	0	1	70908
141.832	0.25	0	1	70916
141.85	0.25	0	1	70925
141.866	0.25	0	1	70933
141.882	0.25	0	1	70941
141.9	0.25	0	1	70950
141.916	0.25	0	1	70958
141.932	0.25	0	1	70966
141.95	0.25	0	1	70975
141.966	0.25	0	1	70983
141.982	0.25	0	1	70991
142.0	0.25	0	1	71000
142.016	0.25	0	1	71008
142.032	0.25	0	1	71016
142.05	0.25	0	1	71025
142.066	0.25	1	2	71033
142.082	0.25	1	2	71041
142.1	0.25	1	2	71050
142.116	0.25	1	2	71058
142.132	0.25	0	1	71066
142.15	0.25	0	1	71075
142.166	0.25	0	1	71083
142.182	0.25	0	1	71091
142.2	0.25	0	1	71100
142.216	0.25	0	1	71108
142.232	0.25	0	1	71116
142.25	0.25	0	1	71125
142.266	0.25	0	1	71133
142.282	0.25	0	1	71141
142.3	0.25	0	1	71150
142.316	0.25	0	1	71158
142.332	0.25	0	1	71166
142.35	0.25	0	1	71175
142.366	0.25	0	1	71183
142.382	0.25	0	1	71191
142.4	0.25	0	1	71200
142.416	0.25	0	1	71208
142.432	0.25	0	1	71216
142.45	0.25	0	1	71225
142.466	0.25	0	1	71233
142.482	0.25	0	1	71241
142.5	0.25	1	2	71250
142.516	0.25	1	2	71258
142.532	0.25	1	2	71266
142.55	0.25	1	2	71275
142.566	0.25	0	1	71283
142.582	0.25	0	1	71291
142.6	0.25	0	1	71300
142.616	0.25	0	1	71308
144.1	0.25	0	1	72050
144.116	0.25	0	1	72058
144.132	0.25	0	1	72066
144.15	0.25	0	1	72075
144.166	0.25	0	1	72083
144.182	0.25	0	1	72091
144.2	0.25	0	1	72100
144.216	0.25	0	1	72108
144.232	0.25	0	1	72116
144.25	0.25	0	1	72125
144.266	0.25	0	1	72133
144.282	0.25	0	1	72141
144.3	0.25	0	1	72150
144.316	0.25	0	1	72158
144.332	0.25	0	1	72166
144.35	0.25	0	1	72175
144.366	0.25	0	1	72183
144.382	0.25	0	1	72191
144.4	0.25	1	2	72200
144.416	0.25	1	2	72208
144.432	0.25	1	2	72216
144.45	0.25	1	2	72225
144.466	0.25	0	1	72233
144.482	0.25	0	1	72241
144.5	0.25	0	1	72250
144.516	0.25	0	1	72258
144.532	0.25	0	1	72266
144.55	0.25	0	1	72275
144.566	0.25	0	1	72283
144.582	0.25	0	1	72291
144.6	0.25	0	1	72300
144.616	0.25	0	1	72308
144.632	0.25	0	1	72316
144.65	0.25	0	1	72325
144.666	0.25	0	1	72333
144.682	0.25	0	1	72341
144.7	0.25	0	1	72350
144.716	0.25	0	1	72358
144.732	0.25	0	1	72366
144.75	0.25	0	1	72375
144.766	0.25	0	1	72383
144.782	0.25	0	1	72391
144.8	0.25	1	2	72400
144.816	0.25	1	2	72408
144.832	0.25	1	2	72416
144.85	0.25	1	2	72425
144.866	0.25	0	1	72433
144.882	0.25	0	1	72441
144.9	0.25	0	1	72450
144.916	0.25	0	1	72458
144.932	0.25	0	1	72466
144.95	0.25	0	1	72475
144.966	0.25	0	1	72483
144.982	0.25	0	1	72491
145.0	0.25	0	1	72500
145.016	0.25	0	1	72508
145.032	0.25	0	1	72516
145.05	0.25	0	1	72525
145.066	0.25	0	1	72533
145.082	0.25	1	2	72541
145.1	0.25	1	2	72550
145.116	0.25	1	2	72558
145.132	0.25	1	2	72566
145.15	0.25	0	1	72575
145.166	0.25	0	1	72583
145.182	0.25	0	1	72591
145.2	0.25	0	1	72600
145.216	0.25	0	1	72608
145.232	0.25	0	1	72616
145.25	0.25	0	1	72625
145.266	0.25	0	1	72633
145.282	0.25	0	1	72641
145.3	0.25	0	1	72650
145.316	0.25	0	1	72658
145.332	0.25	0	1	72666
145.35	0.25	0	1	72675
145.366	0.25	0	1	72683
145.382	0.25	0	1	72691
145.4	0.25	0	1	72700
145.416	0.25	0	1	72708
145.432	0.25	0	1	72716
145.45	0.25	1	2	72725
145.466	0.25	1	2	72733
145.482	0.25	1	2	72741
145.5	0.25	1	2	72750
145.516	0.25	0	1	72758
145.532	0.25	0	1	72766
145.55	0.25	0	1	72775
145.566	0.25	0	1	72783
145.582	0.25	0	1	72791
145.6	0.25	0	1	72800
145.616	0.25	0	1	72808
145.632	0.25	0	1	72816
145.65	0.25	0	1	72825
145.666	0.25	0	1	72833
145.682	0.25	0	1	72841
145.7	0.25	0	1	72850
145.716	0.25	0	1	72858
145.732	0.25	0	1	72866
145.75	0.25	0	1	72875
145.766	0.25	0	1	72883
145.782	0.25	0	1	72891
145.8	0.25	0	1	72900
145.816	0.25	0	1	72908
145.832	0.25	0	1	72916
145.85	0.25	0	1	72925
145.866	0.25	0	1	72933
145.882	0.25	0	1	72941
145.9	0.25	0	1	72950
145.916	0.25	1	2	72958
145.932	0.25	1	2	72966
145.95	0.25	1	2	72975
145.966	0.25	1	2	72983
145.982	0.25	0	1	72991
146.0	0.25	0	1	73000
146.016	0.25	0	1	73008
146.032	0.25	0	1	73016
147.516	0.25	0	1	73758
147.532	0.25	0	1	73766
147.55	0.25	0	1	73775
147.566	0.25	0	1	73783
147.582	0.25	0	1	73791
147.6	0.25	0	1	73800
147.616	0.25	0	1	73808
147.632	0.25	0	1	73816
147.65	0.25	0	1	73825
147.666	0.25	0	1	73833
147.682	0.25	0	1	73841
147.7	0.25	0	1	73850
147.716	0.25	0	1	73858
147.732	0.25	0	1	73866
147.75	0.25	0	1	73875
147.766	0.25	1	2	73883
147.782	0.25	1	2	73891
147.8	0.25	1	2	73900
147.816	0.25	1	2	73908
147.832	0.25	0	1	73916
147.85	0.25	0	1	73925
147.866	0.25	0	1	73933
147.882	0.25	0	1	73941
147.9	0.25	0	1	73950
147.916	0.25	0	1	73958
147.932	0.25	0	1	73966
147.95	0.25	0	1	73975
147.966	0.25	0	1	73983
147.982	0.25	0	1	73991
148.0	0.25	0	1	74000
148.016	0.25	0	1	74008
148.032	0.25	0	1	74016
148.05	0.25	0	1	74025
148.066	0.25	0	1	74033
148.082	0.25	0	1	74041
148.1	0.25	0	1	74050
148.116	0.25	0	1	74058
148.132	0.25	0	1	74066
148.15	0.25	0	1	74075
148.166	0.25	0	1	74083
148.182	0.25	0	1	74091
148.2	0.25	1	2	74100
148.216	0.25	1	2	74108
148.232	0.25	1	2	74116
148.25	0.25	1	2	74125
148.266	0.25	0	1	74133
148.282	0.25	0	1	74141
148.3	0.25	0	1	74150
148.316	0.25	0	1	74158
148.332	0.25	0	1	74166
148.35	0.25	0	1	74175
148.366	0.25	0	1	74183
148.382	0.25	0	1	74191
148.4	0.25	0	1	74200
148.416	0.25	0	1	74208
148.432	0.25	0	1	74216
148.45	0.25	0	1	74225
148.466	0.25	0	1	74233
148.482	0.25	0	1	74241
148.5	0.25	0	1	74250
148.516	0.25	0	1	74258
148.532	0.25	0	1	74266
148.55	0.25	0	1	74275
148.566	0.25	0	1	74283
148.582	0.25	0	1	74291
148.6	0.25	0	1	74300
148.616	0.25	0	1	74308
148.632	0.25	0	1	74316
148.65	0.25	0	1	74325
148.666	0.25	1	2	74333
148.682	0.25	1	2	74341
148.7	0.25	1	2	74350
148.716	0.25	1	2	74358
148.732	0.25	0	1	74366
148.75	0.25	0	1	74375
148.766	0.25	0	1	74383
148.782	0.25	0	1	74391
148.8	0.25	0	1	74400
148.816	0.25	0	1	74408
148.832	0.25	0	1	74416
148.85	0.25	0	1	74425
148.866	0.25	0	1	74433
148.882	0.25	0	1	74441
148.9	0.25	0	1	74450
148.916	0.25	0	1	74458
148.932	0.25	0	1	74466
148.95	0.25	0	1	74475
148.966	0.25	1	2	74483
148.982	0.25	1	2	74491
149.0	0.25	1	2	74500
149.016	0.25	1	2	74508
149.032	0.25	0	1	74516
149.05	0.25	0	1	74525
149.066	0.25	0	1	74533
149.082	0.25	0	1	74541
149.1	0.25	0	1	74550
149.116	0.25	0	1	74558
149.132	0.25	0	1	74566
149.15	0.25	0	1	74575
149.166	0.25	0	1	74583
149.182	0.25	0	1	74591
149.2	0.25	0	1	74600
149.216	0.25	0	1	74608
149.232	0.25	0	1	74616
149.25	0.25	0	1	74625
149.266	0.25	0	1	74633
149.282	0.25	0	1	74641
149.3	0.25	0	1	74650
149.316	0.25	0	1	74658
149.332	0.25	0	1	74666
149.35	0.25	0	1	74675
149.366	0.25	0	1	74683
149.382	0.25	0	1	74691
149.4	0.25	1	2	74700
149.416	0.25	1	2	74708
149.432	0.25	1	2	74716
149.45	0.25	1	2	74725
150.932	0.25	0	1	75466
150.95	0.25	0	1	75475
150.966	0.25	0	1	75483
150.982	0.25	0	1	75491
151.0	0.25	0	1	75500
151.016	0.25	0	1	75508
151.032	0.25	0	1	75516
151.05	0.25	0	1	75525
151.066	0.25	0	1	75533
151.082	0.25	0	1	75541
151.1	0.25	0	1	75550
151.116	0.25	0	1	75558
151.132	0.25	0	1	75566
151.15	0.25	0	1	75575
151.166	0.25	0	1	75583
151.182	0.25	0	1	75591
151.2	0.25	0	1	75600
151.216	0.25	0	1	75608
151.232	0.25	0	1	75616
151.25	0.25	0	1	75625
151.266	0.25	0	1	75633
151.282	0.25	0	1	75641
151.3	0.25	0	1	75650
151.316	0.25	1	2	75658
151.332	0.25	1	2	75666
151.35	0.25	1	2	75675
151.366	0.25	1	2	75683
151.382	0.25	0	1	75691
151.4	0.25	0	1	75700
151.416	0.25	0	1	75708
151.432	0.25	0	1	75716
151.45	0.25	0	1	75725
151.466	0.25	0	1	75733
151.482	0.25	0	1	75741
151.5	0.25	0	1	75750
151.516	0.25	0	1	75758
151.532	0.25	0	1	75766
151.55	0.25	0	1	75775
151.566	0.25	0	1	75783
151.582	0.25	0	1	75791
151.6	0.25	0	1	75800
151.616	0.25	0	1	75808
151.632	0.25	0	1	75816
151.65	0.25	0	1	75825
151.666	0.25	0	1	75833
151.682	0.25	0	1	75841
151.7	0.25	1	2	75850
151.716	0.25	1	2	75858
151.732	0.25	1	2	75866
151.75	0.25	1	2	75875
151.766	0.25	0	1	75883
151.782	0.25	0	1	75891
151.8	0.25	0	1	75900
151.816	0.25	0	1	75908
151.832	0.25	0	1	75916
151.85	0.25	0	1	75925
151.866	0.25	0	1	75933
151.882	0.25	0	1	75941
151.9	0.25	0	1	75950
151.916	0.25	0	1	75958
151.932	0.25	0	1	75966
151.95	0.25	0	1	75975
151.966	0.25	0	1	75983
151.982	0.25	0	1	75991
152.0	0.25	1	2	76000
152.016	0.25	1	2	76008
152.032	0.25	1	2	76016
152.05	0.25	1	2	76025
152.066	0.25	0	1	76033
152.082	0.25	0	1	76041
152.1	0.25	0	1	76050
152.116	0.25	0	1	76058
152.132	0.25	0	1	76066
152.15	0.25	0	1	76075
152.166	0.25	0	1	76083
152.182	0.25	0	1	76091
152.2	0.25	0	1	76100
152.216	0.25	0	1	76108
152.232	0.25	0	1	76116
152.25	0.25	0	1	76125
152.266	0.25	0	1	76133
152.282	0.25	1	2	76141
152.3	0.25	1	2	76150
152.316	0.25	1	2	76158
152.332	0.25	1	2	76166
152.35	0.25	0	1	76175
152.366	0.25	0	1	76183
152.382	0.25	0	1	76191
152.4	0.25	0	1	76200
152.416	0.25	0	1	76208
152.432	0.25	0	1	76216
152.45	0.25	0	1	76225
152.466	0.25	0	1	76233
152.482	0.25	0	1	76241
152.5	0.25	0	1	76250
152.516	0.25	0	1	76258
152.532	0.25	0	1	76266
152.55	0.25	0	1	76275
152.566	0.25	0	1	76283
152.582	0.25	0	1	76291
152.6	0.25	0	1	76300
152.616	0.25	1	2	76308
152.632	0.25	1	2	76316
152.65	0.25	1	2	76325
152.666	0.25	1	2	76333
152.682	0.25	0	1	76341
152.7	0.25	0	1	76350
152.716	0.25	0	1	76358
152.732	0.25	0	1	76366
152.75	0.25	0	1	76375
152.766	0.25	0	1	76383
152.782	0.25	0	1	76391
152.8	0.25	0	1	76400
152.816	0.25	0	1	76408
152.832	0.25	0	1	76416
152.85	0.25	0	1	76425
152.866	0.25	0	1	76433
156.082	0.25	0	1	78041
156.1	0.25	0	1	78050
156.116	0.25	0	1	78058
156.132	0.25	0	1	78066
156.15	0.25	0	1	78075
156.166	0.25	0	1	78083
156.182	0.25	0	1	78091
156.2	0.25	0	1	78100
156.216	0.25	0	1	78108
156.232	0.25	0	1	78116
156.25	0.25	0	1	78125
156.266	0.25	0	1	78133
156.282	0.25	0	1	78141
156.3	0.25	0	1	78150
156.316	0.25	0	1	78158
156.332	0.25	0	1	78166
156.35	0.25	0	1	78175
156.366	0.25	0	1	78183
156.382	0.25	1	2	78191
156.4	0.25	1	2	78200
156.416	0.25	1	2	78208
156.432	0.25	1	2	78216
156.45	0.25	0	1	78225
156.466	0.25	0	1	78233
156.482	0.25	0	1	78241
156.5	0.25	0	1	78250
156.516	0.25	0	1	78258
156.532	0.25	0	1	78266
156.55	0.25	0	1	78275
156.566	0.25	0	1	78283
156.582	0.25	0	1	78291
156.6	0.25	0	1	78300
156.616	0.25	0	1	78308
156.632	0.25	0	1	78316
156.65	0.25	0	1	78325
156.666	0.25	0	1	78333
156.682	0.25	0	1	78341
156.7	0.25	0	1	78350
156.716	0.25	0	1	78358
156.732	0.25	0	1	78366
156.75	0.25	0	1	78375
156.766	0.25	0	1	78383
156.782	0.25	1	2	78391
156.8	0.25	1	2	78400
156.816	0.25	1	2	78408
156.832	0.25	1	2	78416
156.85	0.25	0	1	78425
156.866	0.25	0	1	78433
156.882	0.25	0	1	78441
156.9	0.25	0	1	78450
156.916	0.25	0	1	78458
156.932	0.25	0	1	78466
156.95	0.25	0	1	78475
156.966	0.25	0	1	78483
156.982	0.25	0	1	78491
157.0	0.25	0	1	78500
157.016	0.25	0	1	78508
157.032	0.25	0	1	78516
157.05	0.25	0	1	78525
157.066	0.25	1	2	78533
157.082	0.25	1	2	78541
157.1	0.25	1	2	78550
157.116	0.25	1	2	78558
157.132	0.25	0	1	78566
157.15	0.25	0	1	78575
157.166	0.25	0	1	78583
157.182	0.25	0	1	78591
157.2	0.25	0	1	78600
157.216	0.25	0	1	78608
157.232	0.25	0	1	78616
157.25	0.25	0	1	78625
157.266	0.25	0	1	78633
157.282	0.25	0	1	78641
157.3	0.25	0	1	78650
157.316	0.25	0	1	78658
157.332	0.25	0	1	78666
157.35	0.25	0	1	78675
157.366	0.25	0	1	78683
157.382	0.25	0	1	78691
157.4	0.25	0	1	78700
157.416	0.25	0	1	78708
157.432	0.25	1	2	78716
157.45	0.25	1	2	78725
157.466	0.25	1	2	78733
157.482	0.25	1	2	78741
157.5	0.25	0	1	78750
157.516	0.25	0	1	78758
157.532	0.25	0	1	78766
157.55	0.25	0	1	78775
157.566	0.25	0	1	78783
157.582	0.25	0	1	78791
157.6	0.25	0	1	78800
157.616	0.25	0	1	78808
157.632	0.25	0	1	78816
157.65	0.25	0	1	78825
157.666	0.25	0	1	78833
157.682	0.25	0	1	78841
157.7	0.25	0	1	78850
157.716	0.25	0	1	78858
157.732	0.25	0	1	78866
157.75	0.25	0	1	78875
157.766	0.25	0	1	78883
157.782	0.25	0	1	78891
157.8	0.25	0	1	78900
157.816	0.25	0	1	78908
157.832	0.25	0	1	78916
157.85	0.25	0	1	78925
157.866	0.25	0	1	78933
157.882	0.25	0	1	78941
157.9	0.25	1	2	78950
157.916	0.25	1	2	78958
157.932	0.25	1	2	78966
157.95	0.25	1	2	78975
157.966	0.25	0	1	78983
157.982	0.25	0	1	78991
158.0	0.25	0	1	79000
158.016	0.25	0	1	79008
159.5	0.25	0	1	79750
159.516	0.25	1	2	79758
159.532	0.25	1	2	79766
159.55	0.25	1	2	79775
159.566	0.25	1	2	79783
159.582	0.25	0	1	79791
159.6	0.25	0	1	79800
159.616	0.25	0	1	79808
159.632	0.25	0	1	79816
159.65	0.25	0	1	79825
159.666	0.25	0	1	79833
159.682	0.25	0	1	79841
159.7	0.25	0	1	79850
159.716	0.25	0	1	79858
159.732	0.25	0	1	79866
159.75	0.25	0	1	79875
159.766	0.25	0	1	79883
159.782	0.25	0	1	79891
159.8	0.25	0	1	79900
159.816	0.25	0	1	79908
159.832	0.25	0	1	79916
159.85	0.25	0	1	79925
159.866	0.25	0	1	79933
159.882	0.25	0	1	79941
159.9	0.25	0	1	79950
159.916	0.25	0	1	79958
159.932	0.25	0	1	79966
159.95	0.25	0	1	79975
159.966	0.25	0	1	79983
159.982	0.25	0	1	79991
160.0	0.25	1	2	80000
160.016	0.25	1	2	80008
160.032	0.25	1	2	80016
160.05	0.25	1	2	80025
160.066	0.25	0	1	80033
160.082	0.25	0	1	80041
160.1	0.25	0	1	80050
160.116	0.25	0	1	80058
160.132	0.25	0	1	80066
160.15	0.25	0	1	80075
160.166	0.25	0	1	80083
160.182	0.25	0	1	80091
160.2	0.25	0	1	80100
160.216	0.25	0	1	80108
160.232	0.25	0	1	80116
160.25	0.25	0	1	80125
160.266	0.25	0	1	80133
160.282	0.25	0	1	80141
160.3	0.25	0	1	80150
160.316	0.25	0	1	80158
160.332	0.25	0	1	80166
160.35	0.25	0	1	80175
160.366	0.25	0	1	80183
160.382	0.25	0	1	80191
160.4	0.25	0	1	80200
160.416	0.25	0	1	80208
160.432	0.25	0	1	80216
160.45	0.25	0	1	80225
160.466	0.25	1	2	80233
160.482	0.25	1	2	80241
160.5	0.25	1	2	80250
160.516	0.25	1	2	80258
160.532	0.25	0	1	80266
160.55	0.25	0	1	80275
160.566	0.25	0	1	80283
160.582	0.25	0	1	80291
160.6	0.25	0	1	80300
160.616	0.25	0	1	80308
160.632	0.25	0	1	80316
160.65	0.25	0	1	80325
160.666	0.25	0	1	80333
160.682	0.25	0	1	80341
160.7	0.25	0	1	80350
160.716	0.25	0	1	80358
160.732	0.25	0	1	80366
160.75	0.25	0	1	80375
160.766	0.25	0	1	80383
160.782	0.25	0	1	80391
160.8	0.25	0	1	80400
160.816	0.25	0	1	80408
160.832	0.25	0	1	80416
160.85	0.25	0	1	80425
160.866	0.25	0	1	80433
160.882	0.25	1	2	80441
160.9	0.25	1	2	80450
160.916	0.25	1	2	80458
160.932	0.25	1	2	80466
160.95	0.25	0	1	80475
160.966	0.25	0	1	80483
160.982	0.25	0	1	80491
161.0	0.25	0	1	80500
161.016	0.25	0	1	80508
161.032	0.25	0	1	80516
161.05	0.25	0	1	80525
161.066	0.25	0	1	80533
161.082	0.25	0	1	80541
161.1	0.25	0	1	80550
161.116	0.25	0	1	80558
161.132	0.25	0	1	80566
161.15	0.25	0	1	80575
161.166	0.25	0	1	80583
161.182	0.25	0	1	80591
161.2	0.25	0	1	80600
161.216	0.25	0	1	80608
161.232	0.25	0	1	80616
161.25	0.25	0	1	80625
161.266	0.25	0	1	80633
161.282	0.25	0	1	80641
161.3	0.25	0	1	80650
161.316	0.25	1	2	80658
161.332	0.25	1	2	80666
161.35	0.25	1	2	80675
161.366	0.25	1	2	80683
161.382	0.25	0	1	80691
161.4	0.25	0	1	80700
161.416	0.25	0	1	80708
161.432	0.25	0	1	80716
162.916	0.25	0	1	81458
162.932	0.25	0	1	81466
162.95	0.25	0	1	81475
162.966	0.25	0	1	81483
162.982	0.25	0	1	81491
163.0	0.25	0	1	81500
163.016	0.25	0	1	81508
163.032	0.25	0	1	81516
163.05	0.25	0	1	81525
163.066	0.25	0	1	81533
163.082	0.25	0	1	81541
163.1	0.25	0	1	81550
163.116	0.25	0	1	81558
163.132	0.25	0	1	81566
163.15	0.25	0	1	81575
163.166	0.25	0	1	81583
163.182	0.25	0	1	81591
163.2	0.25	0	1	81600
163.216	0.25	0	1	81608
163.232	0.25	0	1	81616
163.25	0.25	0	1	81625
163.266	0.25	0	1	81633
163.282	0.25	0	1	81641
163.3	0.25	1	2	81650
163.316	0.25	1	2	81658
163.332	0.25	1	2	81666
163.35	0.25	1	2	81675
163.366	0.25	0	1	81683
163.382	0.25	0	1	81691
163.4	0.25	0	1	81700
163.416	0.25	0	1	81708
163.432	0.25	0	1	81716
163.45	0.25	0	1	81725
163.466	0.25	0	1	81733
163.482	0.25	0	1	81741
163.5	0.25	0	1	81750
163.516	0.25	0	1	81758
163.532	0.25	0	1	81766
163.55	0.25	0	1	81775
163.566	0.25	0	1	81783
163.582	0.25	0	1	81791
163.6	0.25	0	1	81800
163.616	0.25	0	1	81808
163.632	0.25	0	1	81816
163.65	0.25	0	1	81825
163.666	0.25	0	1	81833
163.682	0.25	1	2	81841
163.7	0.25	1	2	81850
163.716	0.25	1	2	81858
163.732	0.25	1	2	81866
163.75	0.25	0	1	81875
163.766	0.25	0	1	81883
163.782	0.25	0	1	81891
163.8	0.25	0	1	81900
163.816	0.25	0	1	81908
163.832	0.25	0	1	81916
163.85	0.25	0	1	81925
163.866	0.25	0	1	81933
163.882	0.25	0	1	81941
163.9	0.25	0	1	81950
163.916	0.25	0	1	81958
163.932	0.25	0	1	81966
163.95	0.25	0	1	81975
163.966	0.25	0	1	81983
163.982	0.25	1	2	81991
164.0	0.25	1	2	82000
164.016	0.25	1	2	82008
164.032	0.25	1	2	82016
164.05	0.25	0	1	82025
164.066	0.25	0	1	82033
164.082	0.25	0	1	82041
164.1	0.25	0	1	82050
164.116	0.25	0	1	82058
164.132	0.25	0	1	82066
164.15	0.25	0	1	82075
164.166	0.25	0	1	82083
164.182	0.25	0	1	82091
164.2	0.25	0	1	82100
164.216	0.25	0	1	82108
164.232	0.25	0	1	82116
164.25	0.25	0	1	82125
164.266	0.25	1	2	82133
164.282	0.25	1	2	82141
164.3	0.25	1	2	82150
164.316	0.25	1	2	82158
164.332	0.25	0	1	82166
164.35	0.25	0	1	82175
164.366	0.25	0	1	82183
164.382	0.25	0	1	82191
164.4	0.25	0	1	82200
164.416	0.25	0	1	82208
164.432	0.25	0	1	82216
164.45	0.25	0	1	82225
164.466	0.25	0	1	82233
164.482	0.25	0	1	82241
164.5	0.25	0	1	82250
164.516	0.25	0	1	82258
164.532	0.25	0	1	82266
164.55	0.25	0	1	82275
164.566	0.25	0	1	82283
164.582	0.25	0	1	82291
164.6	0.25	1	2	82300
164.616	0.25	1	2	82308
164.632	0.25	1	2	82316
164.65	0.25	1	2	82325
164.666	0.25	0	1	82333
164.682	0.25	0	1	82341
164.7	0.25	0	1	82350
164.716	0.25	0	1	82358
164.732	0.25	0	1	82366
164.75	0.25	0	1	82375
164.766	0.25	0	1	82383
164.782	0.25	0	1	82391
164.8	0.25	0	1	82400
164.816	0.25	0	1	82408
164.832	0.25	0	1	82416
164.85	0.25	0	1	82425
166.332	0.25	0	1	83166
166.35	0.25	0	1	83175
166.366	0.25	0	1	83183
166.382	0.25	0	1	83191
166.4	0.25	0	1	83200
166.416	0.25	0	1	83208
166.432	0.25	0	1	83216
166.45	0.25	0	1	83225
166.466	0.25	0	1	83233
166.482	0.25	0	1	83241
166.5	0.25	0	1	83250
166.516	0.25	0	1	83258
166.532	0.25	0	1	83266
166.55	0.25	0	1	83275
166.566	0.25	0	1	83283
166.582	0.25	1	2	83291
166.6	0.25	1	2	83300
166.616	0.25	1	2	83308
166.632	0.25	1	2	83316
166.65	0.25	0	1	83325
166.666	0.25	0	1	83333
166.682	0.25	0	1	83341
166.7	0.25	0	1	83350
166.716	0.25	0	1	83358
166.732	0.25	0	1	83366
166.75	0.25	0	1	83375
166.766	0.25	0	1	83383
166.782	0.25	0	1	83391
166.8	0.25	0	1	83400
166.816	0.25	0	1	83408
166.832	0.25	0	1	83416
166.85	0.25	0	1	83425
166.866	0.25	0	1	83433
166.882	0.25	0	1	83441
166.9	0.25	0	1	83450
166.916	0.25	0	1	83458
166.932	0.25	0	1	83466
166.95	0.25	0	1	83475
166.966	0.25	0	1	83483
166.982	0.25	0	1	83491
167.0	0.25	0	1	83500
167.016	0.25	1	2	83508
167.032	0.25	1	2	83516
167.05	0.25	1	2	83525
167.066	0.25	1	2	83533
167.082	0.25	0	1	83541
167.1	0.25	0	1	83550
167.116	0.25	0	1	83558
167.132	0.25	0	1	83566
167.15	0.25	0	1	83575
167.166	0.25	0	1	83583
167.182	0.25	0	1	83591
167.2	0.25	0	1	83600
167.216	0.25	0	1	83608
167.232	0.25	0	1	83616
167.25	0.25	0	1	83625
167.266	0.25	0	1	83633
167.282	0.25	0	1	83641
167.3	0.25	0	1	83650
167.316	0.25	0	1	83658
167.332	0.25	0	1	83666
167.35	0.25	0	1	83675
167.366	0.25	0	1	83683
167.382	0.25	0	1	83691
167.4	0.25	0	1	83700
167.416	0.25	0	1	83708
167.432	0.25	0	1	83716
167.45	0.25	0	1	83725
167.466	0.25	0	1	83733
167.482	0.25	1	2	83741
167.5	0.25	1	2	83750
167.516	0.25	1	2	83758
167.532	0.25	1	2	83766
167.55	0.25	0	1	83775
167.566	0.25	0	1	83783
167.582	0.25	0	1	83791
167.6	0.25	0	1	83800
167.616	0.25	0	1	83808
167.632	0.25	0	1	83816
167.65	0.25	0	1	83825
167.666	0.25	0	1	83833
167.682	0.25	0	1	83841
167.7	0.25	0	1	83850
167.716	0.25	0	1	83858
167.732	0.25	0	1	83866
167.75	0.25	0	1	83875
167.766	0.25	0	1	83883
167.782	0.25	1	2	83891
167.8	0.25	1	2	83900
167.816	0.25	1	2	83908
167.832	0.25	1	2	83916
167.85	0.25	0	1	83925
167.866	0.25	0	1	83933
167.882	0.25	0	1	83941
167.9	0.25	0	1	83950
167.916	0.25	0	1	83958
167.932	0.25	0	1	83966
167.95	0.25	0	1	83975
167.966	0.25	0	1	83983
167.982	0.25	0	1	83991
168.0	0.25	0	1	84000
168.016	0.25	0	1	84008
168.032	0.25	0	1	84016
168.05	0.25	0	1	84025
168.066	0.25	0	1	84033
168.082	0.25	0	1	84041
168.1	0.25	0	1	84050
168.116	0.25	0	1	84058
168.132	0.25	0	1	84066
168.15	0.25	0	1	84075
168.166	0.25	0	1	84083
168.182	0.25	0	1	84091
168.2	0.25	0	1	84100
168.216	0.25	1	2	84108
168.232	0.25	1	2	84116
168.25	0.25	1	2	84125
168.266	0.25	1	2	84133
172.882	0.25	0	1	86441
172.9	0.25	0	1	86450
172.916	0.25	0	1	86458
172.932	0.25	0	1	86466
172.95	0.25	0	1	86475
172.966	0.25	0	1	86483
172.982	0.25	0	1	86491
173.0	0.25	0	1	86500
173.016	0.25	0	1	86508
173.032	0.25	0	1	86516
173.05	0.25	0	1	86525
173.066	0.25	0	1	86533
173.082	0.25	0	1	86541
173.1	0.25	0	1	86550
173.116	0.25	0	1	86558
173.132	0.25	0	1	86566
173.15	0.25	0	1	86575
173.166	0.25	0	1	86583
173.182	0.25	0	1	86591
173.2	0.25	0	1	86600
173.216	0.25	0	1	86608
173.232	0.25	0	1	86616
173.25	0.25	0	1	86625
173.266	0.25	1	2	86633
173.282	0.25	1	2	86641
173.3	0.25	1	2	86650
173.316	0.25	1	2	86658
173.332	0.25	0	1	86666
173.35	0.25	0	1	86675
173.366	0.25	0	1	86683
173.382	0.25	0	1	86691
173.4	0.25	0	1	86700
173.416	0.25	0	1	86708
173.432	0.25	0	1	86716
173.45	0.25	0	1	86725
173.466	0.25	0	1	86733
173.482	0.25	0	1	86741
173.5	0.25	0	1	86750
173.516	0.25	0	1	86758
173.532	0.25	0	1	86766
173.55	0.25	0	1	86775
173.566	0.25	0	1	86783
173.582	0.25	0	1	86791
173.6	0.25	0	1	86800
173.616	0.25	0	1	86808
173.632	0.25	0	1	86816
173.65	0.25	1	2	86825
173.666	0.25	1	2	86833
173.682	0.25	1	2	86841
173.7	0.25	1	2	86850
173.716	0.25	0	1	86858
173.732	0.25	0	1	86866
173.75	0.25	0	1	86875
173.766	0.25	0	1	86883
173.782	0.25	0	1	86891
173.8	0.25	0	1	86900
173.816	0.25	0	1	86908
173.832	0.25	0	1	86916
173.85	0.25	0	1	86925
173.866	0.25	0	1	86933
173.882	0.25	0	1	86941
173.9	0.25	0	1	86950
173.916	0.25	0	1	86958
173.932	0.25	0	1	86966
173.95	0.25	1	2	86975
173.966	0.25	1	2	86983
173.982	0.25	1	2	86991
174.0	0.25	1	2	87000
174.016	0.25	0	1	87008
174.032	0.25	0	1	87016
174.05	0.25	0	1	87025
174.066	0.25	0	1	87033
174.082	0.25	0	1	87041
174.1	0.25	0	1	87050
174.116	0.25	0	1	87058
174.132	0.25	0	1	87066
174.15	0.25	0	1	87075
174.166	0.25	0	1	87083
174.182	0.25	0	1	87091
174.2	0.25	0	1	87100
174.216	0.25	0	1	87108
174.232	0.25	1	2	87116
174.25	0.25	1	2	87125
174.266	0.25	1	2	87133
174.282	0.25	1	2	87141
174.3	0.25	0	1	87150
174.316	0.25	0	1	87158
174.332	0.25	0	1	87166
174.35	0.25	0	1	87175
174.366	0.25	0	1	87183
174.382	0.25	0	1	87191
174.4	0.25	0	1	87200
174.416	0.25	0	1	87208
174.432	0.25	0	1	87216
174.45	0.25	0	1	87225
174.466	0.25	0	1	87233
174.482	0.25	0	1	87241
174.5	0.25	0	1	87250
174.516	0.25	0	1	87258
174.532	0.25	0	1	87266
174.55	0.25	0	1	87275
174.566	0.25	1	2	87283
174.582	0.25	1	2	87291
174.6	0.25	1	2	87300
174.616	0.25	1	2	87308
174.632	0.25	0	1	87316
174.65	0.25	0	1	87325
174.666	0.25	0	1	87333
174.682	0.25	0	1	87341
174.7	0.25	0	1	87350
174.716	0.25	0	1	87358
174.732	0.25	0	1	87366
174.75	0.25	0	1	87375
174.766	0.25	0	1	87383
174.782	0.25	0	1	87391
174.8	0.25	0	1	87400
174.816	0.25	0	1	87408
176.3	0.25	0	1	88150
176.316	0.25	1	2	88158
176.332	0.25	1	2	88166
176.35	0.25	1	2	88175
176.366	0.25	1	2	88183
176.382	0.25	0	1	88191
176.4	0.25	0	1	88200
176.416	0.25	0	1	88208
176.432	0.25	0	1	88216
176.45	0.25	0	1	88225
176.466	0.25	0	1	88233
176.482	0.25	0	1	88241
176.5	0.25	0	1	88250
176.516	0.25	0	1	88258
176.532	0.25	0	1	88266
176.55	0.25	0	1	88275
176.566	0.25	0	1	88283
176.582	0.25	0	1	88291
176.6	0.25	0	1	88300
176.616	0.25	0	1	88308
176.632	0.25	0	1	88316
176.65	0.25	0	1	88325
176.666	0.25	0	1	88333
176.682	0.25	0	1	88341
176.7	0.25	0	1	88350
176.716	0.25	0	1	88358
176.732	0.25	0	1	88366
176.75	0.25	0	1	88375
176.766	0.25	0	1	88383
176.782	0.25	0	1	88391
176.8	0.25	1	2	88400
176.816	0.25	1	2	88408
176.832	0.25	1	2	88416
176.85	0.25	1	2	88425
176.866	0.25	0	1	88433
176.882	0.25	0	1	88441
176.9	0.25	0	1	88450
176.916	0.25	0	1	88458
176.932	0.25	0	1	88466
176.95	0.25	0	1	88475
176.966	0.25	0	1	88483
176.982	0.25	0	1	88491
177.0	0.25	0	1	88500
177.016	0.25	0	1	88508
177.032	0.25	0	1	88516
177.05	0.25	0	1	88525
177.066	0.25	0	1	88533
177.082	0.25	0	1	88541
177.1	0.25	0	1	88550
177.116	0.25	0	1	88558
177.132	0.25	0	1	88566
177.15	0.25	0	1	88575
177.166	0.25	0	1	88583
177.182	0.25	0	1	88591
177.2	0.25	0	1	88600
177.216	0.25	0	1	88608
177.232	0.25	0	1	88616
177.25	0.25	0	1	88625
177.266	0.25	1	2	88633
177.282	0.25	1	2	88641
177.3	0.25	1	2	88650
177.316	0.25	1	2	88658
177.332	0.25	0	1	88666
177.35	0.25	0	1	88675
177.366	0.25	0	1	88683
177.382	0.25	0	1	88691
177.4	0.25	0	1	88700
177.416	0.25	0	1	88708
177.432	0.25	0	1	88716
177.45	0.25	0	1	88725
177.466	0.25	0	1	88733
177.482	0.25	0	1	88741
177.5	0.25	0	1	88750
177.516	0.25	0	1	88758
177.532	0.25	0	1	88766
177.55	0.25	0	1	88775
177.566	0.25	0	1	88783
177.582	0.25	0	1	88791
177.6	0.25	0	1	88800
177.616	0.25	0	1	88808
177.632	0.25	0	1	88816
177.65	0.25	0	1	88825
177.666	0.25	0	1	88833
177.682	0.25	1	2	88841
177.7	0.25	1	2	88850
177.716	0.25	1	2	88858
177.732	0.25	1	2	88866
177.75	0.25	0	1	88875
177.766	0.25	0	1	88883
177.782	0.25	0	1	88891
177.8	0.25	0	1	88900
177.816	0.25	0	1	88908
177.832	0.25	0	1	88916
177.85	0.25	0	1	88925
177.866	0.25	0	1	88933
177.882	0.25	0	1	88941
177.9	0.25	0	1	88950
177.916	0.25	0	1	88958
177.932	0.25	0	1	88966
177.95	0.25	0	1	88975
177.966	0.25	0	1	88983
177.982	0.25	0	1	88991
178.0	0.25	0	1	89000
178.016	0.25	0	1	89008
178.032	0.25	0	1	89016
178.05	0.25	0	1	89025
178.066	0.25	0	1	89033
178.082	0.25	0	1	89041
178.1	0.25	0	1	89050
178.116	0.25	1	2	89058
178.132	0.25	1	2	89066
178.15	0.25	1	2	89075
178.166	0.25	1	2	89083
178.182	0.25	0	1	89091
178.2	0.25	0	1	89100
178.216	0.25	0	1	89108
178.232	0.25	0	1	89116
179.716	0.25	0	1	89858
179.732	0.25	0	1	89866
179.75	0.25	0	1	89875
179.766	0.25	0	1	89883
179.782	0.25	0	1	89891
179.8	0.25	0	1	89900
179.816	0.25	0	1	89908
179.832	0.25	0	1	89916
179.85	0.25	0	1	89925
179.866	0.25	0	1	89933
179.882	0.25	0	1	89941
179.9	0.25	0	1	89950
179.916	0.25	0	1	89958
179.932	0.25	0	1	89966
179.95	0.25	0	1	89975
179.966	0.25	0	1	89983
179.982	0.25	0	1	89991
180.0	0.25	0	1	90000
180.016	0.25	1	2	90008
180.032	0.25	1	2	90016
180.05	0.25	1	2	90025
180.066	0.25	1	2	90033
180.082	0.25	0	1	90041
180.1	0.25	0	1	90050
180.116	0.25	0	1	90058
180.132	0.25	0	1	90066
180.15	0.25	0	1	90075
180.166	0.25	0	1	90083
180.182	0.25	0	1	90091
180.2	0.25	0	1	90100
180.216	0.25	0	1	90108
180.232	0.25	0	1	90116
180.25	0.25	0	1	90125
180.266	0.25	0	1	90133
180.282	0.25	0	1	90141
180.3	0.25	0	1	90150
180.316	0.25	0	1	90158
180.332	0.25	0	1	90166
180.35	0.25	0	1	90175
180.366	0.25	0	1	90183
180.382	0.25	0	1	90191
180.4	0.25	0	1	90200
180.416	0.25	1	2	90208
180.432	0.25	1	2	90216
180.45	0.25	1	2	90225
180.466	0.25	1	2	90233
180.482	0.25	0	1	90241
180.5	0.25	0	1	90250
180.516	0.25	0	1	90258
180.532	0.25	0	1	90266
180.55	0.25	0	1	90275
180.566	0.25	0	1	90283
180.582	0.25	0	1	90291
180.6	0.25	0	1	90300
180.616	0.25	0	1	90308
180.632	0.25	0	1	90316
180.65	0.25	0	1	90325
180.666	0.25	0	1	90333
180.682	0.25	0	1	90341
180.7	0.25	1	2	90350
180.716	0.25	1	2	90358
180.732	0.25	1	2	90366
180.75	0.25	1	2	90375
180.766	0.25	0	1	90383
180.782	0.25	0	1	90391
180.8	0.25	0	1	90400
180.816	0.25	0	1	90408
180.832	0.25	0	1	90416
180.85	0.25	0	1	90425
180.866	0.25	0	1	90433
180.882	0.25	0	1	90441
180.9	0.25	0	1	90450
180.916	0.25	0	1	90458
180.932	0.25	0	1	90466
180.95	0.25	0	1	90475
180.966	0.25	0	1	90483
180.982	0.25	0	1	90491
181.0	0.25	0	1	90500
181.016	0.25	0	1	90508
181.032	0.25	0	1	90516
181.05	0.25	0	1	90525
181.066	0.25	1	2	90533
181.082	0.25	1	2	90541
181.1	0.25	1	2	90550
181.116	0.25	1	2	90558
181.132	0.25	0	1	90566
181.15	0.25	0	1	90575
181.166	0.25	0	1	90583
181.182	0.25	0	1	90591
181.2	0.25	0	1	90600
181.216	0.25	0	1	90608
181.232	0.25	0	1	90616
181.25	0.25	0	1	90625
181.266	0.25	0	1	90633
181.282	0.25	0	1	90641
181.3	0.25	0	1	90650
181.316	0.25	0	1	90658
181.332	0.25	0	1	90666
181.35	0.25	0	1	90675
181.366	0.25	0	1	90683
181.382	0.25	0	1	90691
181.4	0.25	0	1	90700
181.416	0.25	0	1	90708
181.432	0.25	0	1	90716
181.45	0.25	0	1	90725
181.466	0.25	0	1	90733
181.482	0.25	0	1	90741
181.5	0.25	0	1	90750
181.516	0.25	0	1	90758
181.532	0.25	1	2	90766
181.55	0.25	1	2	90775
181.566	0.25	1	2	90783
181.582	0.25	1	2	90791
181.6	0.25	0	1	90800
181.616	0.25	0	1	90808
181.632	0.25	0	1	90816
181.65	0.25	0	1	90825
183.132	0.25	0	1	91566
183.15	0.25	0	1	91575
183.166	0.25	0	1	91583
183.182	0.25	0	1	91591
183.2	0.25	0	1	91600
183.216	0.25	0	1	91608
183.232	0.25	0	1	91616
183.25	0.25	0	1	91625
183.266	0.25	0	1	91633
183.282	0.25	0	1	91641
183.3	0.25	0	1	91650
183.316	0.25	0	1	91658
183.332	0.25	0	1	91666
183.35	0.25	0	1	91675
183.366	0.25	0	1	91683
183.382	0.25	1	2	91691
183.4	0.25	1	2	91700
183.416	0.25	1	2	91708
183.432	0.25	1	2	91716
183.45	0.25	0	1	91725
183.466	0.25	0	1	91733
183.482	0.25	0	1	91741
183.5	0.25	0	1	91750
183.516	0.25	0	1	91758
183.532	0.25	0	1	91766
183.55	0.25	0	1	91775
183.566	0.25	0	1	91783
183.582	0.25	0	1	91791
183.6	0.25	0	1	91800
183.616	0.25	0	1	91808
183.632	0.25	0	1	91816
183.65	0.25	0	1	91825
183.666	0.25	0	1	91833
183.682	0.25	0	1	91841
183.7	0.25	0	1	91850
183.716	0.25	0	1	91858
183.732	0.25	0	1	91866
183.75	0.25	0	1	91875
183.766	0.25	0	1	91883
183.782	0.25	0	1	91891
183.8	0.25	0	1	91900
183.816	0.25	1	2	91908
183.832	0.25	1	2	91916
183.85	0.25	1	2	91925
183.866	0.25	1	2	91933
183.882	0.25	0	1	91941
183.9	0.25	0	1	91950
183.916	0.25	0	1	91958
183.932	0.25	0	1	91966
183.95	0.25	0	1	91975
183.966	0.25	0	1	91983
183.982	0.25	0	1	91991
184.0	0.25	0	1	92000
184.016	0.25	0	1	92008
184.032	0.25	0	1	92016
184.05	0.25	0	1	92025
184.066	0.25	0	1	92033
184.082	0.25	0	1	92041
184.1	0.25	0	1	92050
184.116	0.25	0	1	92058
184.132	0.25	0	1	92066
184.15	0.25	0	1	92075
184.166	0.25	0	1	92083
184.182	0.25	0	1	92091
184.2	0.25	0	1	92100
184.216	0.25	0	1	92108
184.232	0.25	0	1	92116
184.25	0.25	0	1	92125
184.266	0.25	0	1	92133
184.282	0.25	1	2	92141
184.3	0.25	1	2	92150
184.316	0.25	1	2	92158
184.332	0.25	1	2	92166
184.35	0.25	0	1	92175
184.366	0.25	0	1	92183
184.382	0.25	0	1	92191
184.4	0.25	0	1	92200
184.416	0.25	0	1	92208
184.432	0.25	0	1	92216
184.45	0.25	0	1	92225
184.466	0.25	0	1	92233
184.482	0.25	0	1	92241
184.5	0.25	0	1	92250
184.516	0.25	0	1	92258
184.532	0.25	0	1	92266
184.55	0.25	0	1	92275
184.566	0.25	0	1	92283
184.582	0.25	1	2	92291
184.6	0.25	1	2	92300
184.616	0.25	1	2	92308
184.632	0.25	1	2	92316
184.65	0.25	0	1	92325
184.666	0.25	0	1	92333
184.682	0.25	0	1	92341
184.7	0.25	0	1	92350
184.716	0.25	0	1	92358
184.732	0.25	0	1	92366
184.75	0.25	0	1	92375
184.766	0.25	0	1	92383
184.782	0.25	0	1	92391
184.8	0.25	0	1	92400
184.816	0.25	0	1	92408
184.832	0.25	0	1	92416
184.85	0.25	0	1	92425
184.866	0.25	0	1	92433
184.882	0.25	0	1	92441
184.9	0.25	0	1	92450
184.916	0.25	0	1	92458
184.932	0.25	0	1	92466
184.95	0.25	0	1	92475
184.966	0.25	0	1	92483
184.982	0.25	0	1	92491
185.0	0.25	0	1	92500
185.016	0.25	1	2	92508
185.032	0.25	1	2	92516
185.05	0.25	1	2	92525
185.066	0.25	1	2	92533
187.632	0.25	0	1	93816
187.65	0.25	0	1	93825
187.666	0.25	0	1	93833
187.682	0.25	0	1	93841
187.7	0.25	0	1	93850
187.716	0.25	0	1	93858
187.732	0.25	0	1	93866
187.75	0.25	0	1	93875
187.766	0.25	0	1	93883
187.782	0.25	0	1	93891
187.8	0.25	0	1	93900
187.816	0.25	0	1	93908
187.832	0.25	0	1	93916
187.85	0.25	0	1	93925
187.866	0.25	0	1	93933
187.882	0.25	1	2	93941
187.9	0.25	1	2	93950
187.916	0.25	1	2	93958
187.932	0.25	1	2	93966
187.95	0.25	0	1	93975
187.966	0.25	0	1	93983
187.982	0.25	0	1	93991
188.0	0.25	0	1	94000
188.016	0.25	0	1	94008
188.032	0.25	0	1	94016
188.05	0.25	0	1	94025
188.066	0.25	0	1	94033
188.082	0.25	0	1	94041
188.1	0.25	0	1	94050
188.116	0.25	0	1	94058
188.132	0.25	0	1	94066
188.15	0.25	0	1	94075
188.166	0.25	0	1	94083
188.182	0.25	0	1	94091
188.2	0.25	0	1	94100
188.216	0.25	0	1	94108
188.232	0.25	0	1	94116
188.25	0.25	0	1	94125
188.266	0.25	0	1	94133
188.282	0.25	0	1	94141
188.3	0.25	0	1	94150
188.316	0.25	1	2	94158
188.332	0.25	1	2	94166
188.35	0.25	1	2	94175
188.366	0.25	1	2	94183
188.382	0.25	0	1	94191
188.4	0.25	0	1	94200
188.416	0.25	0	1	94208
188.432	0.25	0	1	94216
188.45	0.25	0	1	94225
188.466	0.25	0	1	94233
188.482	0.25	0	1	94241
188.5	0.25	0	1	94250
188.516	0.25	0	1	94258
188.532	0.25	0	1	94266
188.55	0.25	0	1	94275
188.566	0.25	0	1	94283
188.582	0.25	0	1	94291
188.6	0.25	0	1	94300
188.616	0.25	0	1	94308
188.632	0.25	0	1	94316
188.65	0.25	0	1	94325
188.666	0.25	0	1	94333
188.682	0.25	0	1	94341
188.7	0.25	0	1	94350
188.716	0.25	0	1	94358
188.732	0.25	0	1	94366
188.75	0.25	0	1	94375
188.766	0.25	0	1	94383
188.782	0.25	1	2	94391
188.8	0.25	1	2	94400
188.816	0.25	1	2	94408
188.832	0.25	1	2	94416
188.85	0.25	0	1	94425
188.866	0.25	0	1	94433
188.882	0.25	0	1	94441
188.9	0.25	0	1	94450
188.916	0.25	0	1	94458
188.932	0.25	0	1	94466
188.95	0.25	0	1	94475
188.966	0.25	0	1	94483
188.982	0.25	0	1	94491
189.0	0.25	0	1	94500
189.016	0.25	0	1	94508
189.032	0.25	0	1	94516
189.05	0.25	0	1	94525
189.066	0.25	0	1	94533
189.082	0.25	1	2	94541
189.1	0.25	1	2	94550
189.116	0.25	1	2	94558
189.132	0.25	1	2	94566
189.15	0.25	0	1	94575
189.166	0.25	0	1	94583
189.182	0.25	0	1	94591
189.2	0.25	0	1	94600
189.216	0.25	0	1	94608
189.232	0.25	0	1	94616
189.25	0.25	0	1	94625
189.266	0.25	0	1	94633
189.282	0.25	0	1	94641
189.3	0.25	0	1	94650
189.316	0.25	0	1	94658
189.332	0.25	0	1	94666
189.35	0.25	0	1	94675
189.366	0.25	0	1	94683
189.382	0.25	0	1	94691
189.4	0.25	0	1	94700
189.416	0.25	0	1	94708
189.432	0.25	0	1	94716
189.45	0.25	0	1	94725
189.466	0.25	0	1	94733
189.482	0.25	0	1	94741
189.5	0.25	0	1	94750
189.516	0.25	1	2	94758
189.532	0.25	1	2	94766
189.55	0.25	1	2	94775
189.566	0.25	1	2	94783
191.05	0.25	0	1	95525
191.066	0.25	1	2	95533
191.082	0.25	1	2	95541
191.1	0.25	1	2	95550
191.116	0.25	1	2	95558
191.132	0.25	0	1	95566
191.15	0.25	0	1	95575
191.166	0.25	0	1	95583
191.182	0.25	0	1	95591
191.2	0.25	0	1	95600
191.216	0.25	0	1	95608
191.232	0.25	0	1	95616
191.25	0.25	0	1	95625
191.266	0.25	0	1	95633
191.282	0.25	0	1	95641
191.3	0.25	0	1	95650
191.316	0.25	0	1	95658
191.332	0.25	0	1	95666
191.35	0.25	0	1	95675
191.366	0.25	0	1	95683
191.382	0.25	0	1	95691
191.4	0.25	0	1	95700
191.416	0.25	0	1	95708
191.432	0.25	0	1	95716
191.45	0.25	0	1	95725
191.466	0.25	0	1	95733
191.482	0.25	0	1	95741
191.5	0.25	0	1	95750
191.516	0.25	0	1	95758
191.532	0.25	0	1	95766
191.55	0.25	1	2	95775
191.566	0.25	1	2	95783
191.582	0.25	1	2	95791
191.6	0.25	1	2	95800
191.616	0.25	0	1	95808
191.632	0.25	0	1	95816
191.65	0.25	0	1	95825
191.666	0.25	0	1	95833
191.682	0.25	0	1	95841
191.7	0.25	0	1	95850
191.716	0.25	0	1	95858
191.732	0.25	0	1	95866
191.75	0.25	0	1	95875
191.766	0.25	0	1	95883
191.782	0.25	0	1	95891
191.8	0.25	0	1	95900
191.816	0.25	0	1	95908
191.832	0.25	0	1	95916
191.85	0.25	0	1	95925
191.866	0.25	0	1	95933
191.882	0.25	0	1	95941
191.9	0.25	0	1	95950
191.916	0.25	0	1	95958
191.932	0.25	0	1	95966
191.95	0.25	0	1	95975
191.966	0.25	0	1	95983
191.982	0.25	0	1	95991
192.0	0.25	0	1	96000
192.016	0.25	1	2	96008
192.032	0.25	1	2	96016
192.05	0.25	1	2	96025
192.066	0.25	1	2	96033
192.082	0.25	0	1	96041
192.1	0.25	0	1	96050
192.116	0.25	0	1	96058
192.132	0.25	0	1	96066
192.15	0.25	0	1	96075
192.166	0.25	0	1	96083
192.182	0.25	0	1	96091
192.2	0.25	0	1	96100
192.216	0.25	0	1	96108
192.232	0.25	0	1	96116
192.25	0.25	0	1	96125
192.266	0.25	0	1	96133
192.282	0.25	0	1	96141
192.3	0.25	0	1	96150
192.316	0.25	0	1	96158
192.332	0.25	0	1	96166
192.35	0.25	0	1	96175
192.366	0.25	0	1	96183
192.382	0.25	0	1	96191
192.4	0.25	0	1	96200
192.416	0.25	0	1	96208
192.432	0.25	1	2	96216
192.45	0.25	1	2	96225
192.466	0.25	1	2	96233
192.482	0.25	1	2	96241
192.5	0.25	0	1	96250
192.516	0.25	0	1	96258
192.532	0.25	0	1	96266
192.55	0.25	0	1	96275
192.566	0.25	0	1	96283
192.582	0.25	0	1	96291
192.6	0.25	0	1	96300
192.616	0.25	0	1	96308
192.632	0.25	0	1	96316
192.65	0.25	0	1	96325
192.666	0.25	0	1	96333
192.682	0.25	0	1	96341
192.7	0.25	0	1	96350
192.716	0.25	0	1	96358
192.732	0.25	0	1	96366
192.75	0.25	0	1	96375
192.766	0.25	0	1	96383
192.782	0.25	0	1	96391
192.8	0.25	0	1	96400
192.816	0.25	0	1	96408
192.832	0.25	0	1	96416
192.85	0.25	0	1	96425
192.866	0.25	1	2	96433
192.882	0.25	1	2	96441
192.9	0.25	1	2	96450
192.916	0.25	1	2	96458
192.932	0.25	0	1	96466
192.95	0.25	0	1	96475
192.966	0.25	0	1	96483
192.982	0.25	0	1	96491
194.466	0.25	0	1	97233
194.482	0.25	0	1	97241
194.5	0.25	0	1	97250
194.516	0.25	0	1	97258
194.532	0.25	0	1	97266
194.55	0.25	0	1	97275
194.566	0.25	0	1	97283
194.582	0.25	0	1	97291
194.6	0.25	0	1	97300
194.616	0.25	0	1	97308
194.632	0.25	0	1	97316
194.65	0.25	0	1	97325
194.666	0.25	0	1	97333
194.682	0.25	0	1	97341
194.7	0.25	0	1	97350
194.716	0.25	0	1	97358
194.732	0.25	0	1	97366
194.75	0.25	0	1	97375
194.766	0.25	0	1	97383
194.782	0.25	0	1	97391
194.8	0.25	0	1	97400
194.816	0.25	0	1	97408
194.832	0.25	0	1	97416
194.85	0.25	1	2	97425
194.866	0.25	1	2	97433
194.882	0.25	1	2	97441
194.9	0.25	1	2	97450
194.916	0.25	0	1	97458
194.932	0.25	0	1	97466
194.95	0.25	0	1	97475
194.966	0.25	0	1	97483
194.982	0.25	0	1	97491
195.0	0.25	0	1	97500
195.016	0.25	0	1	97508
195.032	0.25	0	1	97516
195.05	0.25	0	1	97525
195.066	0.25	0	1	97533
195.082	0.25	0	1	97541
195.1	0.25	0	1	97550
195.116	0.25	0	1	97558
195.132	0.25	0	1	97566
195.15	0.25	0	1	97575
195.166	0.25	0	1	97583
195.182	0.25	0	1	97591
195.2	0.25	0	1	97600
195.216	0.25	0	1	97608
195.232	0.25	1	2	97616
195.25	0.25	1	2	97625
195.266	0.25	1	2	97633
195.282	0.25	1	2	97641
195.3	0.25	0	1	97650
195.316	0.25	0	1	97658
195.332	0.25	0	1	97666
195.35	0.25	0	1	97675
195.366	0.25	0	1	97683
195.382	0.25	0	1	97691
195.4	0.25	0	1	97700
195.416	0.25	0	1	97708
195.432	0.25	0	1	97716
195.45	0.25	0	1	97725
195.466	0.25	0	1	97733
195.482	0.25	0	1	97741
195.5	0.25	0	1	97750
195.516	0.25	0	1	97758
195.532	0.25	1	2	97766
195.55	0.25	1	2	97775
195.566	0.25	1	2	97783
195.582	0.25	1	2	97791
195.6	0.25	0	1	97800
195.616	0.25	0	1	97808
195.632	0.25	0	1	97816
195.65	0.25	0	1	97825
195.666	0.25	0	1	97833
195.682	0.25	0	1	97841
195.7	0.25	0	1	97850
195.716	0.25	0	1	97858
195.732	0.25	0	1	97866
195.75	0.25	0	1	97875
195.766	0.25	0	1	97883
195.782	0.25	0	1	97891
195.8	0.25	0	1	97900
195.816	0.25	1	2	97908
195.832	0.25	1	2	97916
195.85	0.25	1	2	97925
195.866	0.25	1	2	97933
195.882	0.25	0	1	97941
195.9	0.25	0	1	97950
195.916	0.25	0	1	97958
195.932	0.25	0	1	97966
195.95	0.25	0	1	97975
195.966	0.25	0	1	97983
195.982	0.25	0	1	97991
196.0	0.25	0	1	98000
196.016	0.25	0	1	98008
196.032	0.25	0	1	98016
196.05	0.25	0	1	98025
196.066	0.25	0	1	98033
196.082	0.25	0	1	98041
196.1	0.25	0	1	98050
196.116	0.25	0	1	98058
196.132	0.25	0	1	98066
196.15	0.25	1	2	98075
196.166	0.25	1	2	98083
196.182	0.25	1	2	98091
196.2	0.25	1	2	98100
196.216	0.25	0	1	98108
196.232	0.25	0	1	98116
196.25	0.25	0	1	98125
196.266	0.25	0	1	98133
196.282	0.25	0	1	98141
196.3	0.25	0	1	98150
196.316	0.25	0	1	98158
196.332	0.25	0	1	98166
196.35	0.25	0	1	98175
196.366	0.25	0	1	98183
196.382	0.25	0	1	98191
196.4	0.25	0	1	98200
197.882	0.25	0	1	98941
197.9	0.25	0	1	98950
197.916	0.25	0	1	98958
197.932	0.25	0	1	98966
197.95	0.25	0	1	98975
197.966	0.25	0	1	98983
197.982	0.25	0	1	98991
198.0	0.25	0	1	99000
198.016	0.25	0	1	99008
198.032	0.25	0	1	99016
198.05	0.25	0	1	99025
198.066	0.25	0	1	99033
198.082	0.25	0	1	99041
198.1	0.25	0	1	99050
198.116	0.25	0	1	99058
198.132	0.25	0	1	99066
198.15	0.25	0	1	99075
198.166	0.25	0	1	99083
198.182	0.25	1	2	99091
198.2	0.25	1	2	99100
198.216	0.25	1	2	99108
198.232	0.25	1	2	99116
198.25	0.25	0	1	99125
198.266	0.25	0	1	99133
198.282	0.25	0	1	99141
198.3	0.25	0	1	99150
198.316	0.25	0	1	99158
198.332	0.25	0	1	99166
198.35	0.25	0	1	99175
198.366	0.25	0	1	99183
198.382	0.25	0	1	99191
198.4	0.25	0	1	99200
198.416	0.25	0	1	99208
198.432	0.25	0	1	99216
198.45	0.25	0	1	99225
198.466	0.25	0	1	99233
198.482	0.25	0	1	99241
198.5	0.25	0	1	99250
198.516	0.25	0	1	99258
198.532	0.25	0	1	99266
198.55	0.25	0	1	99275
198.566	0.25	0	1	99283
198.582	0.25	1	2	99291
198.6	0.25	1	2	99300
198.616	0.25	1	2	99308
198.632	0.25	1	2	99316
198.65	0.25	0	1	99325
198.666	0.25	0	1	99333
198.682	0.25	0	1	99341
198.7	0.25	0	1	99350
198.716	0.25	0	1	99358
198.732	0.25	0	1	99366
198.75	0.25	0	1	99375
198.766	0.25	0	1	99383
198.782	0.25	0	1	99391
198.8	0.25	0	1	99400
198.816	0.25	0	1	99408
198.832	0.25	0	1	99416
198.85	0.25	0	1	99425
198.866	0.25	1	2	99433
198.882	0.25	1	2	99441
198.9	0.25	1	2	99450
198.916	0.25	1	2	99458
198.932	0.25	0	1	99466
198.95	0.25	0	1	99475
198.966	0.25	0	1	99483
198.982	0.25	0	1	99491
199.0	0.25	0	1	99500
199.016	0.25	0	1	99508
199.032	0.25	0	1	99516
199.05	0.25	0	1	99525
199.066	0.25	0	1	99533
199.082	0.25	0	1	99541
199.1	0.25	0	1	99550
199.116	0.25	0	1	99558
199.132	0.25	0	1	99566
199.15	0.25	0	1	99575
199.166	0.25	0	1	99583
199.182	0.25	0	1	99591
199.2	0.25	0	1	99600
199.216	0.25	0	1	99608
199.232	0.25	1	2	99616
199.25	0.25	1	2	99625
199.266	0.25	1	2	99633
199.282	0.25	1	2	99641
199.3	0.25	0	1	99650
199.316	0.25	0	1	99658
199.332	0.25	0	1	99666
199.35	0.25	0	1	99675
199.366	0.25	0	1	99683
199.382	0.25	0	1	99691
199.4	0.25	0	1	99700
199.416	0.25	0	1	99708
199.432	0.25	0	1	99716
199.45	0.25	0	1	99725
199.466	0.25	0	1	99733
199.482	0.25	0	1	99741
199.5	0.25	0	1	99750
199.516	0.25	0	1	99758
199.532	0.25	0	1	99766
199.55	0.25	0	1	99775
199.566	0.25	0	1	99783
199.582	0.25	0	1	99791
199.6	0.25	0	1	99800
199.616	0.25	0	1	99808
199.632	0.25	0	1	99816
199.65	0.25	0	1	99825
199.666	0.25	0	1	99833
199.682	0.25	0	1	99841
199.7	0.25	1	2	99850
199.716	0.25	1	2	99858
199.732	0.25	1	2	99866
199.75	0.25	1	2	99875
199.766	0.25	0	1	99883
199.782	0.25	0	1	99891
199.8	0.25	0	1	99900
199.816	0.25	0	1	99908
202.866	0.25	0	1	101433
202.882	0.25	0	1	101441
202.9	0.25	0	1	101450
202.916	0.25	0	1	101458
202.932	0.25	0	1	101466
202.95	0.25	0	1	101475
202.966	0.25	0	1	101483
202.982	0.25	0	1	101491
203.0	0.25	0	1	101500
203.016	0.25	0	1	101508
203.032	0.25	0	1	101516
203.05	0.25	0	1	101525
203.066	0.25	0	1	101533
203.082	0.25	0	1	101541
203.1	0.25	0	1	101550
203.116	0.25	0	1	101558
203.132	0.25	0	1	101566
203.15	0.25	0	1	101575
203.166	0.25	1	2	101583
203.182	0.25	1	2	101591
203.2	0.25	1	2	101600
203.216	0.25	1	2	101608
203.232	0.25	0	1	101616
203.25	0.25	0	1	101625
203.266	0.25	0	1	101633
203.282	0.25	0	1	101641
203.3	0.25	0	1	101650
203.316	0.25	0	1	101658
203.332	0.25	0	1	101666
203.35	0.25	0	1	101675
203.366	0.25	0	1	101683
203.382	0.25	0	1	101691
203.4	0.25	0	1	101700
203.416	0.25	0	1	101708
203.432	0.25	0	1	101716
203.45	0.25	0	1	101725
203.466	0.25	0	1	101733
203.482	0.25	0	1	101741
203.5	0.25	0	1	101750
203.516	0.25	0	1	101758
203.532	0.25	0	1	101766
203.55	0.25	0	1	101775
203.566	0.25	1	2	101783
203.582	0.25	1	2	101791
203.6	0.25	1	2	101800
203.616	0.25	1	2	101808
203.632	0.25	0	1	101816
203.65	0.25	0	1	101825
203.666	0.25	0	1	101833
203.682	0.25	0	1	101841
203.7	0.25	0	1	101850
203.716	0.25	0	1	101858
203.732	0.25	0	1	101866
203.75	0.25	0	1	101875
203.766	0.25	0	1	101883
203.782	0.25	0	1	101891
203.8	0.25	0	1	101900
203.816	0.25	0	1	101908
203.832	0.25	0	1	101916
203.85	0.25	1	2	101925
203.866	0.25	1	2	101933
203.882	0.25	1	2	101941
203.9	0.25	1	2	101950
203.916	0.25	0	1	101958
203.932	0.25	0	1	101966
203.95	0.25	0	1	101975
203.966	0.25	0	1	101983
203.982	0.25	0	1	101991
204.0	0.25	0	1	102000
204.016	0.25	0	1	102008
204.032	0.25	0	1	102016
204.05	0.25	0	1	102025
204.066	0.25	0	1	102033
204.082	0.25	0	1	102041
204.1	0.25	0	1	102050
204.116	0.25	0	1	102058
204.132	0.25	0	1	102066
204.15	0.25	0	1	102075
204.166	0.25	0	1	102083
204.182	0.25	0	1	102091
204.2	0.25	0	1	102100
204.216	0.25	1	2	102108
204.232	0.25	1	2	102116
204.25	0.25	1	2	102125
204.266	0.25	1	2	102133
204.282	0.25	0	1	102141
204.3	0.25	0	1	102150
204.316	0.25	0	1	102158
204.332	0.25	0	1	102166
204.35	0.25	0	1	102175
204.366	0.25	0	1	102183
204.382	0.25	0	1	102191
204.4	0.25	0	1	102200
204.416	0.25	0	1	102208
204.432	0.25	0	1	102216
204.45	0.25	0	1	102225
204.466	0.25	0	1	102233
204.482	0.25	0	1	102241
204.5	0.25	0	1	102250
204.516	0.25	0	1	102258
204.532	0.25	0	1	102266
204.55	0.25	0	1	102275
204.566	0.25	0	1	102283
204.582	0.25	0	1	102291
204.6	0.25	0	1	102300
204.616	0.25	0	1	102308
204.632	0.25	0	1	102316
204.65	0.25	0	1	102325
204.666	0.25	0	1	102333
204.682	0.25	1	2	102341
204.7	0.25	1	2	102350
204.716	0.25	1	2	102358
204.732	0.25	1	2	102366
204.75	0.25	0	1	102375
204.766	0.25	0	1	102383
204.782	0.25	0	1	102391
204.8	0.25	0	1	102400
206.282	0.25	0	1	103141
206.3	0.25	0	1	103150
206.316	0.25	0	1	103158
206.332	0.25	0	1	103166
206.35	0.25	0	1	103175
206.366	0.25	0	1	103183
206.382	0.25	0	1	103191
206.4	0.25	0	1	103200
206.416	0.25	0	1	103208
206.432	0.25	0	1	103216
206.45	0.25	0	1	103225
206.466	0.25	0	1	103233
206.482	0.25	0	1	103241
206.5	0.25	0	1	103250
206.516	0.25	0	1	103258
206.532	0.25	0	1	103266
206.55	0.25	0	1	103275
206.566	0.25	0	1	103283
206.582	0.25	0	1	103291
206.6	0.25	0	1	103300
206.616	0.25	0	1	103308
206.632	0.25	0	1	103316
206.65	0.25	0	1	103325
206.666	0.25	1	2	103333
206.682	0.25	1	2	103341
206.7	0.25	1	2	103350
206.716	0.25	1	2	103358
206.732	0.25	0	1	103366
206.75	0.25	0	1	103375
206.766	0.25	0	1	103383
206.782	0.25	0	1	103391
206.8	0.25	0	1	103400
206.816	0.25	0	1	103408
206.832	0.25	0	1	103416
206.85	0.25	0	1	103425
206.866	0.25	0	1	103433
206.882	0.25	0	1	103441
206.9	0.25	0	1	103450
206.916	0.25	0	1	103458
206.932	0.25	0	1	103466
206.95	0.25	0	1	103475
206.966	0.25	0	1	103483
206.982	0.25	0	1	103491
207.0	0.25	0	1	103500
207.016	0.25	0	1	103508
207.032	0.25	0	1	103516
207.05	0.25	1	2	103525
207.066	0.25	1	2	103533
207.082	0.25	1	2	103541
207.1	0.25	1	2	103550
207.116	0.25	0	1	103558
207.132	0.25	0	1	103566
207.15	0.25	0	1	103575
207.166	0.25	0	1	103583
207.182	0.25	0	1	103591
207.2	0.25	0	1	103600
207.216	0.25	0	1	103608
207.232	0.25	0	1	103616
207.25	0.25	0	1	103625
207.266	0.25	0	1	103633
207.282	0.25	0	1	103641
207.3	0.25	0	1	103650
207.316	0.25	0	1	103658
207.332	0.25	0	1	103666
207.35	0.25	1	2	103675
207.366	0.25	1	2	103683
207.382	0.25	1	2	103691
207.4	0.25	1	2	103700
207.416	0.25	0	1	103708
207.432	0.25	0	1	103716
207.45	0.25	0	1	103725
207.466	0.25	0	1	103733
207.482	0.25	0	1	103741
207.5	0.25	0	1	103750
207.516	0.25	0	1	103758
207.532	0.25	0	1	103766
207.55	0.25	0	1	103775
207.566	0.25	0	1	103783
207.582	0.25	0	1	103791
207.6	0.25	0	1	103800
207.616	0.25	0	1	103808
207.632	0.25	1	2	103816
207.65	0.25	1	2	103825
207.666	0.25	1	2	103833
207.682	0.25	1	2	103841
207.7	0.25	0	1	103850
207.716	0.25	0	1	103858
207.732	0.25	0	1	103866
207.75	0.25	0	1	103875
207.766	0.25	0	1	103883
207.782	0.25	0	1	103891
207.8	0.25	0	1	103900
207.816	0.25	0	1	103908
207.832	0.25	0	1	103916
207.85	0.25	0	1	103925
207.866	0.25	0	1	103933
207.882	0.25	0	1	103941
207.9	0.25	0	1	103950
207.916	0.25	0	1	103958
207.932	0.25	0	1	103966
207.95	0.25	0	1	103975
207.966	0.25	1	2	103983
207.982	0.25	1	2	103991
208.0	0.25	1	2	104000
208.016	0.25	1	2	104008
208.032	0.25	0	1	104016
208.05	0.25	0	1	104025
208.066	0.25	0	1	104033
208.082	0.25	0	1	104041
208.1	0.25	0	1	104050
208.116	0.25	0	1	104058
208.132	0.25	0	1	104066
208.15	0.25	0	1	104075
208.166	0.25	0	1	104083
208.182	0.25	0	1	104091
208.2	0.25	0	1	104100
208.216	0.25	0	1	104108
209.7	0.25	0	1	104850
209.716	0.25	0	1	104858
209.732	0.25	0	1	104866
209.75	0.25	0	1	104875
209.766	0.25	0	1	104883
209.782	0.25	0	1	104891
209.8	0.25	0	1	104900
209.816	0.25	0	1	104908
209.832	0.25	0	1	104916
209.85	0.25	0	1	104925
209.866	0.25	0	1	104933
209.882	0.25	0	1	104941
209.9	0.25	0	1	104950
209.916	0.25	0	1	104958
209.932	0.25	0	1	104966
209.95	0.25	1	2	104975
209.966	0.25	1	2	104983
209.982	0.25	1	2	104991
210.0	0.25	1	2	105000
210.016	0.25	0	1	105008
210.032	0.25	0	1	105016
210.05	0.25	0	1	105025
210.066	0.25	0	1	105033
210.082	0.25	0	1	105041
210.1	0.25	0	1	105050
210.116	0.25	0	1	105058
210.132	0.25	0	1	105066
210.15	0.25	0	1	105075
210.166	0.25	0	1	105083
210.182	0.25	0	1	105091
210.2	0.25	0	1	105100
210.216	0.25	0	1	105108
210.232	0.25	0	1	105116
210.25	0.25	0	1	105125
210.266	0.25	0	1	105133
210.282	0.25	0	1	105141
210.3	0.25	0	1	105150
210.316	0.25	0	1	105158
210.332	0.25	0	1	105166
210.35	0.25	0	1	105175
210.366	0.25	0	1	105183
210.382	0.25	1	2	105191
210.4	0.25	1	2	105200
210.416	0.25	1	2	105208
210.432	0.25	1	2	105216
210.45	0.25	0	1	105225
210.466	0.25	0	1	105233
210.482	0.25	0	1	105241
210.5	0.25	0	1	105250
210.516	0.25	0	1	105258
210.532	0.25	0	1	105266
210.55	0.25	0	1	105275
210.566	0.25	0	1	105283
210.582	0.25	0	1	105291
210.6	0.25	0	1	105300
210.616	0.25	0	1	105308
210.632	0.25	0	1	105316
210.65	0.25	0	1	105325
210.666	0.25	0	1	105333
210.682	0.25	0	1	105341
210.7	0.25	0	1	105350
210.716	0.25	0	1	105358
210.732	0.25	0	1	105366
210.75	0.25	0	1	105375
210.766	0.25	0	1	105383
210.782	0.25	0	1	105391
210.8	0.25	0	1	105400
210.816	0.25	0	1	105408
210.832	0.25	0	1	105416
210.85	0.25	1	2	105425
210.866	0.25	1	2	105433
210.882	0.25	1	2	105441
210.9	0.25	1	2	105450
210.916	0.25	0	1	105458
210.932	0.25	0	1	105466
210.95	0.25	0	1	105475
210.966	0.25	0	1	105483
210.982	0.25	0	1	105491
211.0	0.25	0	1	105500
211.016	0.25	0	1	105508
211.032	0.25	0	1	105516
211.05	0.25	0	1	105525
211.066	0.25	0	1	105533
211.082	0.25	0	1	105541
211.1	0.25	0	1	105550
211.116	0.25	0	1	105558
211.132	0.25	0	1	105566
211.15	0.25	1	2	105575
211.166	0.25	1	2	105583
211.182	0.25	1	2	105591
211.2	0.25	1	2	105600
211.216	0.25	0	1	105608
211.232	0.25	0	1	105616
211.25	0.25	0	1	105625
211.266	0.25	0	1	105633
211.282	0.25	0	1	105641
211.3	0.25	0	1	105650
211.316	0.25	0	1	105658
211.332	0.25	0	1	105666
211.35	0.25	0	1	105675
211.366	0.25	0	1	105683
211.382	0.25	0	1	105691
211.4	0.25	0	1	105700
211.416	0.25	0	1	105708
211.432	0.25	0	1	105716
211.45	0.25	0	1	105725
211.466	0.25	0	1	105733
211.482	0.25	0	1	105741
211.5	0.25	0	1	105750
211.516	0.25	0	1	105758
211.532	0.25	0	1	105766
211.55	0.25	0	1	105775
211.566	0.25	0	1	105783
211.582	0.25	1	2	105791
211.6	0.25	1	2	105800
211.616	0.25	1	2	105808
211.632	0.25	1	2	105816
213.116	0.25	0	1	106558
213.132	0.25	1	2	106566
213.15	0.25	1	2	106575
213.166	0.25	1	2	106583
213.182	0.25	1	2	106591
213.2	0.25	0	1	106600
213.216	0.25	0	1	106608
213.232	0.25	0	1	106616
213.25	0.25	0	1	106625
213.266	0.25	0	1	106633
213.282	0.25	0	1	106641
213.3	0.25	0	1	106650
213.316	0.25	0	1	106658
213.332	0.25	0	1	106666
213.35	0.25	0	1	106675
213.366	0.25	0	1	106683
213.382	0.25	0	1	106691
213.4	0.25	0	1	106700
213.416	0.25	0	1	106708
213.432	0.25	0	1	106716
213.45	0.25	0	1	106725
213.466	0.25	0	1	106733
213.482	0.25	0	1	106741
213.5	0.25	0	1	106750
213.516	0.25	0	1	106758
213.532	0.25	0	1	106766
213.55	0.25	0	1	106775
213.566	0.25	0	1	106783
213.582	0.25	0	1	106791
213.6	0.25	0	1	106800
213.616	0.25	1	2	106808
213.632	0.25	1	2	106816
213.65	0.25	1	2	106825
213.666	0.25	1	2	106833
213.682	0.25	0	1	106841
213.7	0.25	0	1	106850
213.716	0.25	0	1	106858
213.732	0.25	0	1	106866
213.75	0.25	0	1	106875
213.766	0.25	0	1	106883
213.782	0.25	0	1	106891
213.8	0.25	0	1	106900
213.816	0.25	0	1	106908
213.832	0.25	0	1	106916
213.85	0.25	0	1	106925
213.866	0.25	0	1	106933
213.882	0.25	0	1	106941
213.9	0.25	0	1	106950
213.916	0.25	0	1	106958
213.932	0.25	0	1	106966
213.95	0.25	0	1	106975
213.966	0.25	0	1	106983
213.982	0.25	0	1	106991
214.0	0.25	0	1	107000
214.016	0.25	0	1	107008
214.032	0.25	0	1	107016
214.05	0.25	0	1	107025
214.066	0.25	0	1	107033
214.082	0.25	1	2	107041
214.1	0.25	1	2	107050
214.116	0.25	1	2	107058
214.132	0.25	1	2	107066
214.15	0.25	0	1	107075
214.166	0.25	0	1	107083
214.182	0.25	0	1	107091
214.2	0.25	0	1	107100
214.216	0.25	0	1	107108
214.232	0.25	0	1	107116
214.25	0.25	0	1	107125
214.266	0.25	0	1	107133
214.282	0.25	0	1	107141
214.3	0.25	0	1	107150
214.316	0.25	0	1	107158
214.332	0.25	0	1	107166
214.35	0.25	0	1	107175
214.366	0.25	0	1	107183
214.382	0.25	0	1	107191
214.4	0.25	0	1	107200
214.416	0.25	0	1	107208
214.432	0.25	0	1	107216
214.45	0.25	0	1	107225
214.466	0.25	0	1	107233
214.482	0.25	0	1	107241
214.5	0.25	1	2	107250
214.516	0.25	1	2	107258
214.532	0.25	1	2	107266
214.55	0.25	1	2	107275
214.566	0.25	0	1	107283
214.582	0.25	0	1	107291
214.6	0.25	0	1	107300
214.616	0.25	0	1	107308
214.632	0.25	0	1	107316
214.65	0.25	0	1	107325
214.666	0.25	0	1	107333
214.682	0.25	0	1	107341
214.7	0.25	0	1	107350
214.716	0.25	0	1	107358
214.732	0.25	0	1	107366
214.75	0.25	0	1	107375
214.766	0.25	0	1	107383
214.782	0.25	0	1	107391
214.8	0.25	0	1	107400
214.816	0.25	0	1	107408
214.832	0.25	0	1	107416
214.85	0.25	0	1	107425
214.866	0.25	0	1	107433
214.882	0.25	0	1	107441
214.9	0.25	0	1	107450
214.916	0.25	0	1	107458
214.932	0.25	1	2	107466
214.95	0.25	1	2	107475
214.966	0.25	1	2	107483
214.982	0.25	1	2	107491
215.0	0.25	0	1	107500
215.016	0.25	0	1	107508
215.032	0.25	0	1	107516
215.05	0.25	0	1	107525
218.032	0.25	0	1	109016
218.05	0.25	0	1	109025
218.066	0.25	0	1	109033
218.082	0.25	0	1	109041
218.1	0.25	0	1	109050
218.116	0.25	0	1	109058
218.132	0.25	0	1	109066
218.15	0.25	0	1	109075
218.166	0.25	0	1	109083
218.182	0.25	0	1	109091
218.2	0.25	0	1	109100
218.216	0.25	0	1	109108
218.232	0.25	0	1	109116
218.25	0.25	0	1	109125
218.266	0.25	0	1	109133
218.282	0.25	0	1	109141
218.3	0.25	0	1	109150
218.316	0.25	0	1	109158
218.332	0.25	1	2	109166
218.35	0.25	1	2	109175
218.366	0.25	1	2	109183
218.382	0.25	1	2	109191
218.4	0.25	0	1	109200
218.416	0.25	0	1	109208
218.432	0.25	0	1	109216
218.45	0.25	0	1	109225
218.466	0.25	0	1	109233
218.482	0.25	0	1	109241
218.5	0.25	0	1	109250
218.516	0.25	0	1	109258
218.532	0.25	0	1	109266
218.55	0.25	0	1	109275
218.566	0.25	0	1	109283
218.582	0.25	0	1	109291
218.6	0.25	0	1	109300
218.616	0.25	0	1	109308
218.632	0.25	0	1	109316
218.65	0.25	0	1	109325
218.666	0.25	0	1	109333
218.682	0.25	0	1	109341
218.7	0.25	0	1	109350
218.716	0.25	0	1	109358
218.732	0.25	1	2	109366
218.75	0.25	1	2	109375
218.766	0.25	1	2	109383
218.782	0.25	1	2	109391
218.8	0.25	0	1	109400
218.816	0.25	0	1	109408
218.832	0.25	0	1	109416
218.85	0.25	0	1	109425
218.866	0.25	0	1	109433
218.882	0.25	0	1	109441
218.9	0.25	0	1	109450
218.916	0.25	0	1	109458
218.932	0.25	0	1	109466
218.95	0.25	0	1	109475
218.966	0.25	0	1	109483
218.982	0.25	0	1	109491
219.0	0.25	0	1	109500
219.016	0.25	1	2	109508
219.032	0.25	1	2	109516
219.05	0.25	1	2	109525
219.066	0.25	1	2	109533
219.082	0.25	0	1	109541
219.1	0.25	0	1	109550
219.116	0.25	0	1	109558
219.132	0.25	0	1	109566
219.15	0.25	0	1	109575
219.166	0.25	0	1	109583
219.182	0.25	0	1	109591
219.2	0.25	0	1	109600
219.216	0.25	0	1	109608
219.232	0.25	0	1	109616
219.25	0.25	0	1	109625
219.266	0.25	0	1	109633
219.282	0.25	0	1	109641
219.3	0.25	0	1	109650
219.316	0.25	0	1	109658
219.332	0.25	0	1	109666
219.35	0.25	0	1	109675
219.366	0.25	0	1	109683
219.382	0.25	1	2	109691
219.4	0.25	1	2	109700
219.416	0.25	1	2	109708
219.432	0.25	1	2	109716
219.45	0.25	0	1	109725
219.466	0.25	0	1	109733
219.482	0.25	0	1	109741
219.5	0.25	0	1	109750
219.516	0.25	0	1	109758
219.532	0.25	0	1	109766
219.55	0.25	0	1	109775
219.566	0.25	0	1	109783
219.582	0.25	0	1	109791
219.6	0.25	0	1	109800
219.616	0.25	0	1	109808
219.632	0.25	0	1	109816
219.65	0.25	0	1	109825
219.666	0.25	0	1	109833
219.682	0.25	0	1	109841
219.7	0.25	0	1	109850
219.716	0.25	0	1	109858
219.732	0.25	0	1	109866
219.75	0.25	0	1	109875
219.766	0.25	0	1	109883
219.782	0.25	0	1	109891
219.8	0.25	0	1	109900
219.816	0.25	0	1	109908
219.832	0.25	0	1	109916
219.85	0.25	1	2	109925
219.866	0.25	1	2	109933
219.882	0.25	1	2	109941
219.9	0.25	1	2	109950
219.916	0.25	0	1	109958
219.932	0.25	0	1	109966
219.95	0.25	0	1	109975
219.966	0.25	0	1	109983
221.45	0.25	0	1	110725
221.466	0.25	1	2	110733
221.482	0.25	1	2	110741
221.5	0.25	1	2	110750
221.516	0.25	1	2	110758
221.532	0.25	0	1	110766
221.55	0.25	0	1	110775
221.566	0.25	0	1	110783
221.582	0.25	0	1	110791
221.6	0.25	0	1	110800
221.616	0.25	0	1	110808
221.632	0.25	0	1	110816
221.65	0.25	0	1	110825
221.666	0.25	0	1	110833
221.682	0.25	0	1	110841
221.7	0.25	0	1	110850
221.716	0.25	0	1	110858
221.732	0.25	0	1	110866
221.75	0.25	0	1	110875
221.766	0.25	0	1	110883
221.782	0.25	0	1	110891
221.8	0.25	0	1	110900
221.816	0.25	0	1	110908
221.832	0.25	0	1	110916
221.85	0.25	0	1	110925
221.866	0.25	0	1	110933
221.882	0.25	0	1	110941
221.9	0.25	0	1	110950
221.916	0.25	0	1	110958
221.932	0.25	0	1	110966
221.95	0.25	1	2	110975
221.966	0.25	1	2	110983
221.982	0.25	1	2	110991
222.0	0.25	1	2	111000
222.016	0.25	0	1	111008
222.032	0.25	0	1	111016
222.05	0.25	0	1	111025
222.066	0.25	0	1	111033
222.082	0.25	0	1	111041
222.1	0.25	0	1	111050
222.116	0.25	0	1	111058
222.132	0.25	0	1	111066
222.15	0.25	0	1	111075
222.166	0.25	0	1	111083
222.182	0.25	0	1	111091
222.2	0.25	0	1	111100
222.216	0.25	0	1	111108
222.232	0.25	0	1	111116
222.25	0.25	0	1	111125
222.266	0.25	0	1	111133
222.282	0.25	0	1	111141
222.3	0.25	0	1	111150
222.316	0.25	0	1	111158
222.332	0.25	0	1	111166
222.35	0.25	0	1	111175
222.366	0.25	0	1	111183
222.382	0.25	0	1	111191
222.4	0.25	0	1	111200
222.416	0.25	1	2	111208
222.432	0.25	1	2	111216
222.45	0.25	1	2	111225
222.466	0.25	1	2	111233
222.482	0.25	0	1	111241
222.5	0.25	0	1	111250
222.516	0.25	0	1	111258
222.532	0.25	0	1	111266
222.55	0.25	0	1	111275
222.566	0.25	0	1	111283
222.582	0.25	0	1	111291
222.6	0.25	0	1	111300
222.616	0.25	0	1	111308
222.632	0.25	0	1	111316
222.65	0.25	0	1	111325
222.666	0.25	0	1	111333
222.682	0.25	0	1	111341
222.7	0.25	0	1	111350
222.716	0.25	0	1	111358
222.732	0.25	0	1	111366
222.75	0.25	0	1	111375
222.766	0.25	0	1	111383
222.782	0.25	0	1	111391
222.8	0.25	0	1	111400
222.816	0.25	0	1	111408
222.832	0.25	1	2	111416
222.85	0.25	1	2	111425
222.866	0.25	1	2	111433
222.882	0.25	1	2	111441
222.9	0.25	0	1	111450
222.916	0.25	0	1	111458
222.932	0.25	0	1	111466
222.95	0.25	0	1	111475
222.966	0.25	0	1	111483
222.982	0.25	0	1	111491
223.0	0.25	0	1	111500
223.016	0.25	0	1	111508
223.032	0.25	0	1	111516
223.05	0.25	0	1	111525
223.066	0.25	0	1	111533
223.082	0.25	0	1	111541
223.1	0.25	0	1	111550
223.116	0.25	0	1	111558
223.132	0.25	0	1	111566
223.15	0.25	0	1	111575
223.166	0.25	0	1	111583
223.182	0.25	0	1	111591
223.2	0.25	0	1	111600
223.216	0.25	0	1	111608
223.232	0.25	0	1	111616
223.25	0.25	0	1	111625
223.266	0.25	1	2	111633
223.282	0.25	1	2	111641
223.3	0.25	1	2	111650
223.316	0.25	1	2	111658
223.332	0.25	0	1	111666
223.35	0.25	0	1	111675
223.366	0.25	0	1	111683
223.382	0.25	0	1	111691
224.866	0.25	0	1	112433
224.882	0.25	0	1	112441
224.9	0.25	0	1	112450
224.916	0.25	0	1	112458
224.932	0.25	0	1	112466
224.95	0.25	0	1	112475
224.966	0.25	0	1	112483
224.982	0.25	0	1	112491
225.0	0.25	0	1	112500
225.016	0.25	0	1	112508
225.032	0.25	0	1	112516
225.05	0.25	0	1	112525
225.066	0.25	0	1	112533
225.082	0.25	0	1	112541
225.1	0.25	0	1	112550
225.116	0.25	1	2	112558
225.132	0.25	1	2	112566
225.15	0.25	1	2	112575
225.166	0.25	1	2	112583
225.182	0.25	0	1	112591
225.2	0.25	0	1	112600
225.216	0.25	0	1	112608
225.232	0.25	0	1	112616
225.25	0.25	0	1	112625
225.266	0.25	0	1	112633
225.282	0.25	0	1	112641
225.3	0.25	0	1	112650
225.316	0.25	0	1	112658
225.332	0.25	0	1	112666
225.35	0.25	0	1	112675
225.366	0.25	0	1	112683
225.382	0.25	0	1	112691
225.4	0.25	0	1	112700
225.416	0.25	0	1	112708
225.432	0.25	0	1	112716
225.45	0.25	0	1	112725
225.466	0.25	0	1	112733
225.482	0.25	0	1	112741
225.5	0.25	0	1	112750
225.516	0.25	0	1	112758
225.532	0.25	0	1	112766
225.55	0.25	1	2	112775
225.566	0.25	1	2	112783
225.582	0.25	1	2	112791
225.6	0.25	1	2	112800
225.616	0.25	0	1	112808
225.632	0.25	0	1	112816
225.65	0.25	0	1	112825
225.666	0.25	0	1	112833
225.682	0.25	0	1	112841
225.7	0.25	0	1	112850
225.716	0.25	0	1	112858
225.732	0.25	0	1	112866
225.75	0.25	0	1	112875
225.766	0.25	0	1	112883
225.782	0.25	0	1	112891
225.8	0.25	0	1	112900
225.816	0.25	0	1	112908
225.832	0.25	0	1	112916
225.85	0.25	0	1	112925
225.866	0.25	0	1	112933
225.882	0.25	0	1	112941
225.9	0.25	0	1	112950
225.916	0.25	0	1	112958
225.932	0.25	0	1	112966
225.95	0.25	0	1	112975
225.966	0.25	0	1	112983
225.982	0.25	0	1	112991
226.0	0.25	0	1	113000
226.016	0.25	1	2	113008
226.032	0.25	1	2	113016
226.05	0.25	1	2	113025
226.066	0.25	1	2	113033
226.082	0.25	0	1	113041
226.1	0.25	0	1	113050
226.116	0.25	0	1	113058
226.132	0.25	0	1	113066
226.15	0.25	0	1	113075
226.166	0.25	0	1	113083
226.182	0.25	0	1	113091
226.2	0.25	0	1	113100
226.216	0.25	0	1	113108
226.232	0.25	0	1	113116
226.25	0.25	0	1	113125
226.266	0.25	0	1	113133
226.282	0.25	0	1	113141
226.3	0.25	0	1	113150
226.316	0.25	1	2	113158
226.332	0.25	1	2	113166
226.35	0.25	1	2	113175
226.366	0.25	1	2	113183
226.382	0.25	0	1	113191
226.4	0.25	0	1	113200
226.416	0.25	0	1	113208
226.432	0.25	0	1	113216
226.45	0.25	0	1	113225
226.466	0.25	0	1	113233
226.482	0.25	0	1	113241
226.5	0.25	0	1	113250
226.516	0.25	0	1	113258
226.532	0.25	0	1	113266
226.55	0.25	0	1	113275
226.566	0.25	0	1	113283
226.582	0.25	0	1	113291
226.6	0.25	0	1	113300
226.616	0.25	0	1	113308
226.632	0.25	0	1	113316
226.65	0.25	0	1	113325
226.666	0.25	0	1	113333
226.682	0.25	0	1	113341
226.7	0.25	0	1	113350
226.716	0.25	0	1	113358
226.732	0.25	0	1	113366
226.75	0.25	1	2	113375
226.766	0.25	1	2	113383
226.782	0.25	1	2	113391
226.8	0.25	1	2	113400
228.282	0.25	0	1	114141
228.3	0.25	0	1	114150
228.316	0.25	0	1	114158
228.332	0.25	0	1	114166
228.35	0.25	0	1	114175
228.366	0.25	0	1	114183
228.382	0.25	0	1	114191
228.4	0.25	0	1	114200
228.416	0.25	0	1	114208
228.432	0.25	0	1	114216
228.45	0.25	0	1	114225
228.466	0.25	0	1	114233
228.482	0.25	0	1	114241
228.5	0.25	0	1	114250
228.516	0.25	0	1	114258
228.532	0.25	0	1	114266
228.55	0.25	0	1	114275
228.566	0.25	0	1	114283
228.582	0.25	0	1	114291
228.6	0.25	0	1	114300
228.616	0.25	0	1	114308
228.632	0.25	0	1	114316
228.65	0.25	0	1	114325
228.666	0.25	1	2	114333
228.682	0.25	1	2	114341
228.7	0.25	1	2	114350
228.716	0.25	1	2	114358
228.732	0.25	0	1	114366
228.75	0.25	0	1	114375
228.766	0.25	0	1	114383
228.782	0.25	0	1	114391
228.8	0.25	0	1	114400
228.816	0.25	0	1	114408
228.832	0.25	0	1	114416
228.85	0.25	0	1	114425
228.866	0.25	0	1	114433
228.882	0.25	0	1	114441
228.9	0.25	0	1	114450
228.916	0.25	0	1	114458
228.932	0.25	0	1	114466
228.95	0.25	0	1	114475
228.966	0.25	0	1	114483
228.982	0.25	0	1	114491
229.0	0.25	0	1	114500
229.016	0.25	0	1	114508
229.032	0.25	0	1	114516
229.05	0.25	1	2	114525
229.066	0.25	1	2	114533
229.082	0.25	1	2	114541
229.1	0.25	1	2	114550
229.116	0.25	0	1	114558
229.132	0.25	0	1	114566
229.15	0.25	0	1	114575
229.166	0.25	0	1	114583
229.182	0.25	0	1	114591
229.2	0.25	0	1	114600
229.216	0.25	0	1	114608
229.232	0.25	0	1	114616
229.25	0.25	0	1	114625
229.266	0.25	0	1	114633
229.282	0.25	0	1	114641
229.3	0.25	0	1	114650
229.316	0.25	0	1	114658
229.332	0.25	0	1	114666
229.35	0.25	1	2	114675
229.366	0.25	1	2	114683
229.382	0.25	1	2	114691
229.4	0.25	1	2	114700
229.416	0.25	0	1	114708
229.432	0.25	0	1	114716
229.45	0.25	0	1	114725
229.466	0.25	0	1	114733
229.482	0.25	0	1	114741
229.5	0.25	0	1	114750
229.516	0.25	0	1	114758
229.532	0.25	0	1	114766
229.55	0.25	0	1	114775
229.566	0.25	0	1	114783
229.582	0.25	0	1	114791
229.6	0.25	0	1	114800
229.616	0.25	0	1	114808
229.632	0.25	1	2	114816
229.65	0.25	1	2	114825
229.666	0.25	1	2	114833
229.682	0.25	1	2	114841
229.7	0.25	0	1	114850
229.716	0.25	0	1	114858
229.732	0.25	0	1	114866
229.75	0.25	0	1	114875
229.766	0.25	0	1	114883
229.782	0.25	0	1	114891
229.8	0.25	0	1	114900
229.816	0.25	0	1	114908
229.832	0.25	0	1	114916
229.85	0.25	0	1	114925
229.866	0.25	0	1	114933
229.882	0.25	0	1	114941
229.9	0.25	0	1	114950
229.916	0.25	0	1	114958
229.932	0.25	0	1	114966
229.95	0.25	0	1	114975
229.966	0.25	1	2	114983
229.982	0.25	1	2	114991
230.0	0.25	1	2	115000
230.016	0.25	1	2	115008
230.032	0.25	0	1	115016
230.05	0.25	0	1	115025
230.066	0.25	0	1	115033
230.082	0.25	0	1	115041
230.1	0.25	0	1	115050
230.116	0.25	0	1	115058
230.132	0.25	0	1	115066
230.15	0.25	0	1	115075
230.166	0.25	0	1	115083
230.182	0.25	0	1	115091
230.2	0.25	0	1	115100
230.216	0.25	0	1	115108
