onset	duration	trial_type	value	sample
23.1	0.25	0	1	11550
23.116	0.25	0	1	11558
23.132	0.25	0	1	11566
23.15	0.25	0	1	11575
23.166	0.25	0	1	11583
23.182	0.25	0	1	11591
23.2	0.25	0	1	11600
23.216	0.25	0	1	11608
23.232	0.25	0	1	11616
23.25	0.25	0	1	11625
23.266	0.25	0	1	11633
23.282	0.25	0	1	11641
23.3	0.25	0	1	11650
23.316	0.25	0	1	11658
23.332	0.25	0	1	11666
23.35	0.25	0	1	11675
23.366	0.25	0	1	11683
23.382	0.25	0	1	11691
23.4	0.25	0	1	11700
23.416	0.25	0	1	11708
23.432	0.25	0	1	11716
23.45	0.25	0	1	11725
23.466	0.25	0	1	11733
23.482	0.25	1	2	11741
23.5	0.25	1	2	11750
23.516	0.25	1	2	11758
23.532	0.25	1	2	11766
23.55	0.25	0	1	11775
23.566	0.25	0	1	11783
23.582	0.25	0	1	11791
23.6	0.25	0	1	11800
23.616	0.25	0	1	11808
23.632	0.25	0	1	11816
23.65	0.25	0	1	11825
23.666	0.25	0	1	11833
23.682	0.25	0	1	11841
23.7	0.25	0	1	11850
23.716	0.25	0	1	11858
23.732	0.25	0	1	11866
23.75	0.25	0	1	11875
23.766	0.25	0	1	11883
23.782	0.25	0	1	11891
23.8	0.25	0	1	11900
23.816	0.25	0	1	11908
23.832	0.25	0	1	11916
23.85	0.25	0	1	11925
23.866	0.25	1	2	11933
23.882	0.25	1	2	11941
23.9	0.25	1	2	11950
23.916	0.25	1	2	11958
23.932	0.25	0	1	11966
23.95	0.25	0	1	11975
23.966	0.25	0	1	11983
23.982	0.25	0	1	11991
24.0	0.25	0	1	12000
24.016	0.25	0	1	12008
24.032	0.25	0	1	12016
24.05	0.25	0	1	12025
24.066	0.25	0	1	12033
24.082	0.25	0	1	12041
24.1	0.25	0	1	12050
24.116	0.25	0	1	12058
24.132	0.25	0	1	12066
24.15	0.25	0	1	12075
24.166	0.25	1	2	12083
24.182	0.25	1	2	12091
24.2	0.25	1	2	12100
24.216	0.25	1	2	12108
24.232	0.25	0	1	12116
24.25	0.25	0	1	12125
24.266	0.25	0	1	12133
24.282	0.25	0	1	12141
24.3	0.25	0	1	12150
24.316	0.25	0	1	12158
24.332	0.25	0	1	12166
24.35	0.25	0	1	12175
24.366	0.25	0	1	12183
24.382	0.25	0	1	12191
24.4	0.25	0	1	12200
24.416	0.25	0	1	12208
24.432	0.25	0	1	12216
24.45	0.25	1	2	12225
24.466	0.25	1	2	12233
24.482	0.25	1	2	12241
24.5	0.25	1	2	12250
24.516	0.25	0	1	12258
24.532	0.25	0	1	12266
24.55	0.25	0	1	12275
24.566	0.25	0	1	12283
24.582	0.25	0	1	12291
24.6	0.25	0	1	12300
24.616	0.25	0	1	12308
24.632	0.25	0	1	12316
24.65	0.25	0	1	12325
24.666	0.25	0	1	12333
24.682	0.25	0	1	12341
24.7	0.25	0	1	12350
24.716	0.25	0	1	12358
24.732	0.25	0	1	12366
24.75	0.25	0	1	12375
24.766	0.25	0	1	12383
24.782	0.25	1	2	12391
24.8	0.25	1	2	12400
24.816	0.25	1	2	12408
24.832	0.25	1	2	12416
24.85	0.25	0	1	12425
24.866	0.25	0	1	12433
24.882	0.25	0	1	12441
24.9	0.25	0	1	12450
24.916	0.25	0	1	12458
24.932	0.25	0	1	12466
24.95	0.25	0	1	12475
24.966	0.25	0	1	12483
24.982	0.25	0	1	12491
25.0	0.25	0	1	12500
25.016	0.25	0	1	12508
25.032	0.25	0	1	12516
26.532	0.25	0	1	13266
26.55	0.25	0	1	13275
26.566	0.25	0	1	13283
26.582	0.25	0	1	13291
26.6	0.25	0	1	13300
26.616	0.25	0	1	13308
26.632	0.25	0	1	13316
26.65	0.25	0	1	13325
26.666	0.25	0	1	13333
26.682	0.25	0	1	13341
26.7	0.25	0	1	13350
26.716	0.25	0	1	13358
26.732	0.25	0	1	13366
26.75	0.25	0	1	13375
26.766	0.25	0	1	13383
26.782	0.25	1	2	13391
26.8	0.25	1	2	13400
26.816	0.25	1	2	13408
26.832	0.25	1	2	13416
26.85	0.25	0	1	13425
26.866	0.25	0	1	13433
26.882	0.25	0	1	13441
26.9	0.25	0	1	13450
26.916	0.25	0	1	13458
26.932	0.25	0	1	13466
26.95	0.25	0	1	13475
26.966	0.25	0	1	13483
26.982	0.25	0	1	13491
27.0	0.25	0	1	13500
27.016	0.25	0	1	13508
27.032	0.25	0	1	13516
27.05	0.25	0	1	13525
27.066	0.25	0	1	13533
27.082	0.25	0	1	13541
27.1	0.25	0	1	13550
27.116	0.25	0	1	13558
27.132	0.25	0	1	13566
27.15	0.25	0	1	13575
27.166	0.25	0	1	13583
27.182	0.25	0	1	13591
27.2	0.25	0	1	13600
27.216	0.25	1	2	13608
27.232	0.25	1	2	13616
27.25	0.25	1	2	13625
27.266	0.25	1	2	13633
27.282	0.25	0	1	13641
27.3	0.25	0	1	13650
27.316	0.25	0	1	13658
27.332	0.25	0	1	13666
27.35	0.25	0	1	13675
27.366	0.25	0	1	13683
27.382	0.25	0	1	13691
27.4	0.25	0	1	13700
27.416	0.25	0	1	13708
27.432	0.25	0	1	13716
27.45	0.25	0	1	13725
27.466	0.25	0	1	13733
27.482	0.25	0	1	13741
27.5	0.25	0	1	13750
27.516	0.25	0	1	13758
27.532	0.25	0	1	13766
27.55	0.25	0	1	13775
27.566	0.25	0	1	13783
27.582	0.25	0	1	13791
27.6	0.25	0	1	13800
27.616	0.25	0	1	13808
27.632	0.25	0	1	13816
27.65	0.25	0	1	13825
27.666	0.25	0	1	13833
27.682	0.25	1	2	13841
27.7	0.25	1	2	13850
27.716	0.25	1	2	13858
27.732	0.25	1	2	13866
27.75	0.25	0	1	13875
27.766	0.25	0	1	13883
27.782	0.25	0	1	13891
27.8	0.25	0	1	13900
27.816	0.25	0	1	13908
27.832	0.25	0	1	13916
27.85	0.25	0	1	13925
27.866	0.25	0	1	13933
27.882	0.25	0	1	13941
27.9	0.25	0	1	13950
27.916	0.25	0	1	13958
27.932	0.25	0	1	13966
27.95	0.25	0	1	13975
27.966	0.25	0	1	13983
27.982	0.25	1	2	13991
28.0	0.25	1	2	14000
28.016	0.25	1	2	14008
28.032	0.25	1	2	14016
28.05	0.25	0	1	14025
28.066	0.25	0	1	14033
28.082	0.25	0	1	14041
28.1	0.25	0	1	14050
28.116	0.25	0	1	14058
28.132	0.25	0	1	14066
28.15	0.25	0	1	14075
28.166	0.25	0	1	14083
28.182	0.25	0	1	14091
28.2	0.25	0	1	14100
28.216	0.25	0	1	14108
28.232	0.25	0	1	14116
28.25	0.25	0	1	14125
28.266	0.25	0	1	14133
28.282	0.25	0	1	14141
28.3	0.25	0	1	14150
28.316	0.25	0	1	14158
28.332	0.25	0	1	14166
28.35	0.25	0	1	14175
28.366	0.25	0	1	14183
28.382	0.25	0	1	14191
28.4	0.25	0	1	14200
28.416	0.25	1	2	14208
28.432	0.25	1	2	14216
28.45	0.25	1	2	14225
28.466	0.25	1	2	14233
29.95	0.25	0	1	14975
29.966	0.25	1	2	14983
29.982	0.25	1	2	14991
30.0	0.25	1	2	15000
30.016	0.25	1	2	15008
30.032	0.25	0	1	15016
30.05	0.25	0	1	15025
30.066	0.25	0	1	15033
30.082	0.25	0	1	15041
30.1	0.25	0	1	15050
30.116	0.25	0	1	15058
30.132	0.25	0	1	15066
30.15	0.25	0	1	15075
30.166	0.25	0	1	15083
30.182	0.25	0	1	15091
30.2	0.25	0	1	15100
30.216	0.25	0	1	15108
30.232	0.25	0	1	15116
30.25	0.25	0	1	15125
30.266	0.25	0	1	15133
30.282	0.25	0	1	15141
30.3	0.25	0	1	15150
30.316	0.25	0	1	15158
30.332	0.25	0	1	15166
30.35	0.25	0	1	15175
30.366	0.25	0	1	15183
30.382	0.25	0	1	15191
30.4	0.25	0	1	15200
30.416	0.25	0	1	15208
30.432	0.25	0	1	15216
30.45	0.25	1	2	15225
30.466	0.25	1	2	15233
30.482	0.25	1	2	15241
30.5	0.25	1	2	15250
30.516	0.25	0	1	15258
30.532	0.25	0	1	15266
30.55	0.25	0	1	15275
30.566	0.25	0	1	15283
30.582	0.25	0	1	15291
30.6	0.25	0	1	15300
30.616	0.25	0	1	15308
30.632	0.25	0	1	15316
30.65	0.25	0	1	15325
30.666	0.25	0	1	15333
30.682	0.25	0	1	15341
30.7	0.25	0	1	15350
30.716	0.25	0	1	15358
30.732	0.25	0	1	15366
30.75	0.25	0	1	15375
30.766	0.25	0	1	15383
30.782	0.25	0	1	15391
30.8	0.25	0	1	15400
30.816	0.25	0	1	15408
30.832	0.25	0	1	15416
30.85	0.25	0	1	15425
30.866	0.25	0	1	15433
30.882	0.25	0	1	15441
30.9	0.25	0	1	15450
30.916	0.25	1	2	15458
30.932	0.25	1	2	15466
30.95	0.25	1	2	15475
30.966	0.25	1	2	15483
30.982	0.25	0	1	15491
31.0	0.25	0	1	15500
31.016	0.25	0	1	15508
31.032	0.25	0	1	15516
31.05	0.25	0	1	15525
31.066	0.25	0	1	15533
31.082	0.25	0	1	15541
31.1	0.25	0	1	15550
31.116	0.25	0	1	15558
31.132	0.25	0	1	15566
31.15	0.25	0	1	15575
31.166	0.25	0	1	15583
31.182	0.25	0	1	15591
31.2	0.25	0	1	15600
31.216	0.25	0	1	15608
31.232	0.25	0	1	15616
31.25	0.25	0	1	15625
31.266	0.25	0	1	15633
31.282	0.25	0	1	15641
31.3	0.25	0	1	15650
31.316	0.25	0	1	15658
31.332	0.25	1	2	15666
31.35	0.25	1	2	15675
31.366	0.25	1	2	15683
31.382	0.25	1	2	15691
31.4	0.25	0	1	15700
31.416	0.25	0	1	15708
31.432	0.25	0	1	15716
31.45	0.25	0	1	15725
31.466	0.25	0	1	15733
31.482	0.25	0	1	15741
31.5	0.25	0	1	15750
31.516	0.25	0	1	15758
31.532	0.25	0	1	15766
31.55	0.25	0	1	15775
31.566	0.25	0	1	15783
31.582	0.25	0	1	15791
31.6	0.25	0	1	15800
31.616	0.25	0	1	15808
31.632	0.25	0	1	15816
31.65	0.25	0	1	15825
31.666	0.25	0	1	15833
31.682	0.25	0	1	15841
31.7	0.25	0	1	15850
31.716	0.25	0	1	15858
31.732	0.25	0	1	15866
31.75	0.25	0	1	15875
31.766	0.25	1	2	15883
31.782	0.25	1	2	15891
31.8	0.25	1	2	15900
31.816	0.25	1	2	15908
31.832	0.25	0	1	15916
31.85	0.25	0	1	15925
31.866	0.25	0	1	15933
31.882	0.25	0	1	15941
33.35	0.25	0	1	16675
33.366	0.25	0	1	16683
33.382	0.25	0	1	16691
33.4	0.25	0	1	16700
33.416	0.25	0	1	16708
33.432	0.25	0	1	16716
33.45	0.25	0	1	16725
33.466	0.25	0	1	16733
33.482	0.25	0	1	16741
33.5	0.25	0	1	16750
33.516	0.25	0	1	16758
33.532	0.25	0	1	16766
33.55	0.25	0	1	16775
33.566	0.25	0	1	16783
33.582	0.25	0	1	16791
33.6	0.25	0	1	16800
33.616	0.25	0	1	16808
33.632	0.25	0	1	16816
33.65	0.25	1	2	16825
33.666	0.25	1	2	16833
33.682	0.25	1	2	16841
33.7	0.25	1	2	16850
33.716	0.25	0	1	16858
33.732	0.25	0	1	16866
33.75	0.25	0	1	16875
33.766	0.25	0	1	16883
33.782	0.25	0	1	16891
33.8	0.25	0	1	16900
33.816	0.25	0	1	16908
33.832	0.25	0	1	16916
33.85	0.25	0	1	16925
33.866	0.25	0	1	16933
33.882	0.25	0	1	16941
33.9	0.25	0	1	16950
33.916	0.25	0	1	16958
33.932	0.25	0	1	16966
33.95	0.25	0	1	16975
33.966	0.25	0	1	16983
33.982	0.25	0	1	16991
34.0	0.25	0	1	17000
34.016	0.25	0	1	17008
34.032	0.25	0	1	17016
34.05	0.25	1	2	17025
34.066	0.25	1	2	17033
34.082	0.25	1	2	17041
34.1	0.25	1	2	17050
34.116	0.25	0	1	17058
34.132	0.25	0	1	17066
34.15	0.25	0	1	17075
34.166	0.25	0	1	17083
34.182	0.25	0	1	17091
34.2	0.25	0	1	17100
34.216	0.25	0	1	17108
34.232	0.25	0	1	17116
34.25	0.25	0	1	17125
34.266	0.25	0	1	17133
34.282	0.25	0	1	17141
34.3	0.25	0	1	17150
34.316	0.25	0	1	17158
34.332	0.25	1	2	17166
34.35	0.25	1	2	17175
34.366	0.25	1	2	17183
34.382	0.25	1	2	17191
34.4	0.25	0	1	17200
34.416	0.25	0	1	17208
34.432	0.25	0	1	17216
34.45	0.25	0	1	17225
34.466	0.25	0	1	17233
34.482	0.25	0	1	17241
34.5	0.25	0	1	17250
34.516	0.25	0	1	17258
34.532	0.25	0	1	17266
34.55	0.25	0	1	17275
34.566	0.25	0	1	17283
34.582	0.25	0	1	17291
34.6	0.25	0	1	17300
34.616	0.25	0	1	17308
34.632	0.25	0	1	17316
34.65	0.25	0	1	17325
34.666	0.25	0	1	17333
34.682	0.25	0	1	17341
34.7	0.25	1	2	17350
34.716	0.25	1	2	17358
34.732	0.25	1	2	17366
34.75	0.25	1	2	17375
34.766	0.25	0	1	17383
34.782	0.25	0	1	17391
34.8	0.25	0	1	17400
34.816	0.25	0	1	17408
34.832	0.25	0	1	17416
34.85	0.25	0	1	17425
34.866	0.25	0	1	17433
34.882	0.25	0	1	17441
34.9	0.25	0	1	17450
34.916	0.25	0	1	17458
34.932	0.25	0	1	17466
34.95	0.25	0	1	17475
34.966	0.25	0	1	17483
34.982	0.25	0	1	17491
35.0	0.25	0	1	17500
35.016	0.25	0	1	17508
35.032	0.25	0	1	17516
35.05	0.25	0	1	17525
35.066	0.25	0	1	17533
35.082	0.25	0	1	17541
35.1	0.25	0	1	17550
35.116	0.25	0	1	17558
35.132	0.25	0	1	17566
35.15	0.25	0	1	17575
35.166	0.25	1	2	17583
35.182	0.25	1	2	17591
35.2	0.25	1	2	17600
35.216	0.25	1	2	17608
35.232	0.25	0	1	17616
35.25	0.25	0	1	17625
35.266	0.25	0	1	17633
35.282	0.25	0	1	17641
37.9	0.25	0	1	18950
37.916	0.25	1	2	18958
37.932	0.25	1	2	18966
37.95	0.25	1	2	18975
37.966	0.25	1	2	18983
37.982	0.25	0	1	18991
38.0	0.25	0	1	19000
38.016	0.25	0	1	19008
38.032	0.25	0	1	19016
38.05	0.25	0	1	19025
38.066	0.25	0	1	19033
38.082	0.25	0	1	19041
38.1	0.25	0	1	19050
38.116	0.25	0	1	19058
38.132	0.25	0	1	19066
38.15	0.25	0	1	19075
38.166	0.25	0	1	19083
38.182	0.25	0	1	19091
38.2	0.25	0	1	19100
38.216	0.25	0	1	19108
38.232	0.25	0	1	19116
38.25	0.25	0	1	19125
38.266	0.25	0	1	19133
38.282	0.25	0	1	19141
38.3	0.25	0	1	19150
38.316	0.25	0	1	19158
38.332	0.25	0	1	19166
38.35	0.25	0	1	19175
38.366	0.25	0	1	19183
38.382	0.25	0	1	19191
38.4	0.25	1	2	19200
38.416	0.25	1	2	19208
38.432	0.25	1	2	19216
38.45	0.25	1	2	19225
38.466	0.25	0	1	19233
38.482	0.25	0	1	19241
38.5	0.25	0	1	19250
38.516	0.25	0	1	19258
38.532	0.25	0	1	19266
38.55	0.25	0	1	19275
38.566	0.25	0	1	19283
38.582	0.25	0	1	19291
38.6	0.25	0	1	19300
38.616	0.25	0	1	19308
38.632	0.25	0	1	19316
38.65	0.25	0	1	19325
38.666	0.25	0	1	19333
38.682	0.25	0	1	19341
38.7	0.25	0	1	19350
38.716	0.25	0	1	19358
38.732	0.25	0	1	19366
38.75	0.25	0	1	19375
38.766	0.25	0	1	19383
38.782	0.25	0	1	19391
38.8	0.25	0	1	19400
38.816	0.25	0	1	19408
38.832	0.25	0	1	19416
38.85	0.25	0	1	19425
38.866	0.25	1	2	19433
38.882	0.25	1	2	19441
38.9	0.25	1	2	19450
38.916	0.25	1	2	19458
38.932	0.25	0	1	19466
38.95	0.25	0	1	19475
38.966	0.25	0	1	19483
38.982	0.25	0	1	19491
39.0	0.25	0	1	19500
39.016	0.25	0	1	19508
39.032	0.25	0	1	19516
39.05	0.25	0	1	19525
39.066	0.25	0	1	19533
39.082	0.25	0	1	19541
39.1	0.25	0	1	19550
39.116	0.25	0	1	19558
39.132	0.25	0	1	19566
39.15	0.25	0	1	19575
39.166	0.25	0	1	19583
39.182	0.25	0	1	19591
39.2	0.25	0	1	19600
39.216	0.25	0	1	19608
39.232	0.25	0	1	19616
39.25	0.25	0	1	19625
39.266	0.25	0	1	19633
39.282	0.25	1	2	19641
39.3	0.25	1	2	19650
39.316	0.25	1	2	19658
39.332	0.25	1	2	19666
39.35	0.25	0	1	19675
39.366	0.25	0	1	19683
39.382	0.25	0	1	19691
39.4	0.25	0	1	19700
39.416	0.25	0	1	19708
39.432	0.25	0	1	19716
39.45	0.25	0	1	19725
39.466	0.25	0	1	19733
39.482	0.25	0	1	19741
39.5	0.25	0	1	19750
39.516	0.25	0	1	19758
39.532	0.25	0	1	19766
39.55	0.25	0	1	19775
39.566	0.25	0	1	19783
39.582	0.25	0	1	19791
39.6	0.25	0	1	19800
39.616	0.25	0	1	19808
39.632	0.25	0	1	19816
39.65	0.25	0	1	19825
39.666	0.25	0	1	19833
39.682	0.25	0	1	19841
39.7	0.25	0	1	19850
39.716	0.25	1	2	19858
39.732	0.25	1	2	19866
39.75	0.25	1	2	19875
39.766	0.25	1	2	19883
39.782	0.25	0	1	19891
39.8	0.25	0	1	19900
39.816	0.25	0	1	19908
39.832	0.25	0	1	19916
41.332	0.25	0	1	20666
41.35	0.25	0	1	20675
41.366	0.25	0	1	20683
41.382	0.25	0	1	20691
41.4	0.25	0	1	20700
41.416	0.25	0	1	20708
41.432	0.25	0	1	20716
41.45	0.25	0	1	20725
41.466	0.25	0	1	20733
41.482	0.25	0	1	20741
41.5	0.25	0	1	20750
41.516	0.25	0	1	20758
41.532	0.25	0	1	20766
41.55	0.25	0	1	20775
41.566	0.25	0	1	20783
41.582	0.25	0	1	20791
41.6	0.25	0	1	20800
41.616	0.25	0	1	20808
41.632	0.25	1	2	20816
41.65	0.25	1	2	20825
41.666	0.25	1	2	20833
41.682	0.25	1	2	20841
41.7	0.25	0	1	20850
41.716	0.25	0	1	20858
41.732	0.25	0	1	20866
41.75	0.25	0	1	20875
41.766	0.25	0	1	20883
41.782	0.25	0	1	20891
41.8	0.25	0	1	20900
41.816	0.25	0	1	20908
41.832	0.25	0	1	20916
41.85	0.25	0	1	20925
41.866	0.25	0	1	20933
41.882	0.25	0	1	20941
41.9	0.25	0	1	20950
41.916	0.25	0	1	20958
41.932	0.25	0	1	20966
41.95	0.25	0	1	20975
41.966	0.25	0	1	20983
41.982	0.25	0	1	20991
42.0	0.25	0	1	21000
42.016	0.25	0	1	21008
42.032	0.25	1	2	21016
42.05	0.25	1	2	21025
42.066	0.25	1	2	21033
42.082	0.25	1	2	21041
42.1	0.25	0	1	21050
42.116	0.25	0	1	21058
42.132	0.25	0	1	21066
42.15	0.25	0	1	21075
42.166	0.25	0	1	21083
42.182	0.25	0	1	21091
42.2	0.25	0	1	21100
42.216	0.25	0	1	21108
42.232	0.25	0	1	21116
42.25	0.25	0	1	21125
42.266	0.25	0	1	21133
42.282	0.25	0	1	21141
42.3	0.25	0	1	21150
42.316	0.25	1	2	21158
42.332	0.25	1	2	21166
42.35	0.25	1	2	21175
42.366	0.25	1	2	21183
42.382	0.25	0	1	21191
42.4	0.25	0	1	21200
42.416	0.25	0	1	21208
42.432	0.25	0	1	21216
42.45	0.25	0	1	21225
42.466	0.25	0	1	21233
42.482	0.25	0	1	21241
42.5	0.25	0	1	21250
42.516	0.25	0	1	21258
42.532	0.25	0	1	21266
42.55	0.25	0	1	21275
42.566	0.25	0	1	21283
42.582	0.25	0	1	21291
42.6	0.25	0	1	21300
42.616	0.25	0	1	21308
42.632	0.25	0	1	21316
42.65	0.25	0	1	21325
42.666	0.25	0	1	21333
42.682	0.25	1	2	21341
42.7	0.25	1	2	21350
42.716	0.25	1	2	21358
42.732	0.25	1	2	21366
42.75	0.25	0	1	21375
42.766	0.25	0	1	21383
42.782	0.25	0	1	21391
42.8	0.25	0	1	21400
42.816	0.25	0	1	21408
42.832	0.25	0	1	21416
42.85	0.25	0	1	21425
42.866	0.25	0	1	21433
42.882	0.25	0	1	21441
42.9	0.25	0	1	21450
42.916	0.25	0	1	21458
42.932	0.25	0	1	21466
42.95	0.25	0	1	21475
42.966	0.25	0	1	21483
42.982	0.25	0	1	21491
43.0	0.25	0	1	21500
43.016	0.25	0	1	21508
43.032	0.25	0	1	21516
43.05	0.25	0	1	21525
43.066	0.25	0	1	21533
43.082	0.25	0	1	21541
43.1	0.25	0	1	21550
43.116	0.25	0	1	21558
43.132	0.25	0	1	21566
43.15	0.25	1	2	21575
43.166	0.25	1	2	21583
43.182	0.25	1	2	21591
43.2	0.25	1	2	21600
43.216	0.25	0	1	21608
43.232	0.25	0	1	21616
43.25	0.25	0	1	21625
43.266	0.25	0	1	21633
44.75	0.25	0	1	22375
44.766	0.25	0	1	22383
44.782	0.25	0	1	22391
44.8	0.25	0	1	22400
44.816	0.25	0	1	22408
44.832	0.25	0	1	22416
44.85	0.25	0	1	22425
44.866	0.25	0	1	22433
44.882	0.25	0	1	22441
44.9	0.25	0	1	22450
44.916	0.25	0	1	22458
44.932	0.25	0	1	22466
44.95	0.25	0	1	22475
44.966	0.25	0	1	22483
44.982	0.25	0	1	22491
45.0	0.25	1	2	22500
45.016	0.25	1	2	22508
45.032	0.25	1	2	22516
45.05	0.25	1	2	22525
45.066	0.25	0	1	22533
45.082	0.25	0	1	22541
45.1	0.25	0	1	22550
45.116	0.25	0	1	22558
45.132	0.25	0	1	22566
45.15	0.25	0	1	22575
45.166	0.25	0	1	22583
45.182	0.25	0	1	22591
45.2	0.25	0	1	22600
45.216	0.25	0	1	22608
45.232	0.25	0	1	22616
45.25	0.25	0	1	22625
45.266	0.25	0	1	22633
45.282	0.25	0	1	22641
45.3	0.25	0	1	22650
45.316	0.25	0	1	22658
45.332	0.25	0	1	22666
45.35	0.25	0	1	22675
45.366	0.25	0	1	22683
45.382	0.25	0	1	22691
45.4	0.25	0	1	22700
45.416	0.25	0	1	22708
45.432	0.25	1	2	22716
45.45	0.25	1	2	22725
45.466	0.25	1	2	22733
45.482	0.25	1	2	22741
45.5	0.25	0	1	22750
45.516	0.25	0	1	22758
45.532	0.25	0	1	22766
45.55	0.25	0	1	22775
45.566	0.25	0	1	22783
45.582	0.25	0	1	22791
45.6	0.25	0	1	22800
45.616	0.25	0	1	22808
45.632	0.25	0	1	22816
45.65	0.25	0	1	22825
45.666	0.25	0	1	22833
45.682	0.25	0	1	22841
45.7	0.25	0	1	22850
45.716	0.25	0	1	22858
45.732	0.25	0	1	22866
45.75	0.25	0	1	22875
45.766	0.25	0	1	22883
45.782	0.25	0	1	22891
45.8	0.25	0	1	22900
45.816	0.25	0	1	22908
45.832	0.25	0	1	22916
45.85	0.25	0	1	22925
45.866	0.25	0	1	22933
45.882	0.25	0	1	22941
45.9	0.25	1	2	22950
45.916	0.25	1	2	22958
45.932	0.25	1	2	22966
45.95	0.25	1	2	22975
45.966	0.25	0	1	22983
45.982	0.25	0	1	22991
46.0	0.25	0	1	23000
46.016	0.25	0	1	23008
46.032	0.25	0	1	23016
46.05	0.25	0	1	23025
46.066	0.25	0	1	23033
46.082	0.25	0	1	23041
46.1	0.25	0	1	23050
46.116	0.25	0	1	23058
46.132	0.25	0	1	23066
46.15	0.25	0	1	23075
46.166	0.25	0	1	23083
46.182	0.25	0	1	23091
46.2	0.25	1	2	23100
46.216	0.25	1	2	23108
46.232	0.25	1	2	23116
46.25	0.25	1	2	23125
46.266	0.25	0	1	23133
46.282	0.25	0	1	23141
46.3	0.25	0	1	23150
46.316	0.25	0	1	23158
46.332	0.25	0	1	23166
46.35	0.25	0	1	23175
46.366	0.25	0	1	23183
46.382	0.25	0	1	23191
46.4	0.25	0	1	23200
46.416	0.25	0	1	23208
46.432	0.25	0	1	23216
46.45	0.25	0	1	23225
46.466	0.25	0	1	23233
46.482	0.25	0	1	23241
46.5	0.25	0	1	23250
46.516	0.25	0	1	23258
46.532	0.25	0	1	23266
46.55	0.25	0	1	23275
46.566	0.25	0	1	23283
46.582	0.25	0	1	23291
46.6	0.25	0	1	23300
46.616	0.25	0	1	23308
46.632	0.25	1	2	23316
46.65	0.25	1	2	23325
46.666	0.25	1	2	23333
46.682	0.25	1	2	23341
48.15	0.25	0	1	24075
48.166	0.25	0	1	24083
48.182	0.25	0	1	24091
48.2	0.25	0	1	24100
48.216	0.25	0	1	24108
48.232	0.25	0	1	24116
48.25	0.25	0	1	24125
48.266	0.25	0	1	24133
48.282	0.25	0	1	24141
48.3	0.25	0	1	24150
48.316	0.25	0	1	24158
48.332	0.25	0	1	24166
48.35	0.25	0	1	24175
48.366	0.25	0	1	24183
48.382	0.25	0	1	24191
48.4	0.25	0	1	24200
48.416	0.25	0	1	24208
48.432	0.25	0	1	24216
48.45	0.25	0	1	24225
48.466	0.25	0	1	24233
48.482	0.25	0	1	24241
48.5	0.25	0	1	24250
48.516	0.25	0	1	24258
48.532	0.25	1	2	24266
48.55	0.25	1	2	24275
48.566	0.25	1	2	24283
48.582	0.25	1	2	24291
48.6	0.25	0	1	24300
48.616	0.25	0	1	24308
48.632	0.25	0	1	24316
48.65	0.25	0	1	24325
48.666	0.25	0	1	24333
48.682	0.25	0	1	24341
48.7	0.25	0	1	24350
48.716	0.25	0	1	24358
48.732	0.25	0	1	24366
48.75	0.25	0	1	24375
48.766	0.25	0	1	24383
48.782	0.25	0	1	24391
48.8	0.25	0	1	24400
48.816	0.25	0	1	24408
48.832	0.25	0	1	24416
48.85	0.25	0	1	24425
48.866	0.25	0	1	24433
48.882	0.25	0	1	24441
48.9	0.25	0	1	24450
48.916	0.25	1	2	24458
48.932	0.25	1	2	24466
48.95	0.25	1	2	24475
48.966	0.25	1	2	24483
48.982	0.25	0	1	24491
49.0	0.25	0	1	24500
49.016	0.25	0	1	24508
49.032	0.25	0	1	24516
49.05	0.25	0	1	24525
49.066	0.25	0	1	24533
49.082	0.25	0	1	24541
49.1	0.25	0	1	24550
49.116	0.25	0	1	24558
49.132	0.25	0	1	24566
49.15	0.25	0	1	24575
49.166	0.25	0	1	24583
49.182	0.25	0	1	24591
49.2	0.25	0	1	24600
49.216	0.25	1	2	24608
49.232	0.25	1	2	24616
49.25	0.25	1	2	24625
49.266	0.25	1	2	24633
49.282	0.25	0	1	24641
49.3	0.25	0	1	24650
49.316	0.25	0	1	24658
49.332	0.25	0	1	24666
49.35	0.25	0	1	24675
49.366	0.25	0	1	24683
49.382	0.25	0	1	24691
49.4	0.25	0	1	24700
49.416	0.25	0	1	24708
49.432	0.25	0	1	24716
49.45	0.25	0	1	24725
49.466	0.25	0	1	24733
49.482	0.25	0	1	24741
49.5	0.25	1	2	24750
49.516	0.25	1	2	24758
49.532	0.25	1	2	24766
49.55	0.25	1	2	24775
49.566	0.25	0	1	24783
49.582	0.25	0	1	24791
49.6	0.25	0	1	24800
49.616	0.25	0	1	24808
49.632	0.25	0	1	24816
49.65	0.25	0	1	24825
49.666	0.25	0	1	24833
49.682	0.25	0	1	24841
49.7	0.25	0	1	24850
49.716	0.25	0	1	24858
49.732	0.25	0	1	24866
49.75	0.25	0	1	24875
49.766	0.25	0	1	24883
49.782	0.25	0	1	24891
49.8	0.25	0	1	24900
49.816	0.25	0	1	24908
49.832	0.25	1	2	24916
49.85	0.25	1	2	24925
49.866	0.25	1	2	24933
49.882	0.25	1	2	24941
49.9	0.25	0	1	24950
49.916	0.25	0	1	24958
49.932	0.25	0	1	24966
49.95	0.25	0	1	24975
49.966	0.25	0	1	24983
49.982	0.25	0	1	24991
50.0	0.25	0	1	25000
50.016	0.25	0	1	25008
50.032	0.25	0	1	25016
50.05	0.25	0	1	25025
50.066	0.25	0	1	25033
50.082	0.25	0	1	25041
52.4	0.25	0	1	26200
52.416	0.25	0	1	26208
52.432	0.25	0	1	26216
52.45	0.25	0	1	26225
52.466	0.25	0	1	26233
52.482	0.25	0	1	26241
52.5	0.25	0	1	26250
52.516	0.25	0	1	26258
52.532	0.25	0	1	26266
52.55	0.25	0	1	26275
52.566	0.25	0	1	26283
52.582	0.25	0	1	26291
52.6	0.25	0	1	26300
52.616	0.25	0	1	26308
52.632	0.25	0	1	26316
52.65	0.25	1	2	26325
52.666	0.25	1	2	26333
52.682	0.25	1	2	26341
52.7	0.25	1	2	26350
52.716	0.25	0	1	26358
52.732	0.25	0	1	26366
52.75	0.25	0	1	26375
52.766	0.25	0	1	26383
52.782	0.25	0	1	26391
52.8	0.25	0	1	26400
52.816	0.25	0	1	26408
52.832	0.25	0	1	26416
52.85	0.25	0	1	26425
52.866	0.25	0	1	26433
52.882	0.25	0	1	26441
52.9	0.25	0	1	26450
52.916	0.25	0	1	26458
52.932	0.25	0	1	26466
52.95	0.25	0	1	26475
52.966	0.25	0	1	26483
52.982	0.25	0	1	26491
53.0	0.25	0	1	26500
53.016	0.25	0	1	26508
53.032	0.25	0	1	26516
53.05	0.25	0	1	26525
53.066	0.25	0	1	26533
53.082	0.25	1	2	26541
53.1	0.25	1	2	26550
53.116	0.25	1	2	26558
53.132	0.25	1	2	26566
53.15	0.25	0	1	26575
53.166	0.25	0	1	26583
53.182	0.25	0	1	26591
53.2	0.25	0	1	26600
53.216	0.25	0	1	26608
53.232	0.25	0	1	26616
53.25	0.25	0	1	26625
53.266	0.25	0	1	26633
53.282	0.25	0	1	26641
53.3	0.25	0	1	26650
53.316	0.25	0	1	26658
53.332	0.25	0	1	26666
53.35	0.25	0	1	26675
53.366	0.25	0	1	26683
53.382	0.25	0	1	26691
53.4	0.25	0	1	26700
53.416	0.25	0	1	26708
53.432	0.25	0	1	26716
53.45	0.25	0	1	26725
53.466	0.25	0	1	26733
53.482	0.25	0	1	26741
53.5	0.25	0	1	26750
53.516	0.25	0	1	26758
53.532	0.25	0	1	26766
53.55	0.25	1	2	26775
53.566	0.25	1	2	26783
53.582	0.25	1	2	26791
53.6	0.25	1	2	26800
53.616	0.25	0	1	26808
53.632	0.25	0	1	26816
53.65	0.25	0	1	26825
53.666	0.25	0	1	26833
53.682	0.25	0	1	26841
53.7	0.25	0	1	26850
53.716	0.25	0	1	26858
53.732	0.25	0	1	26866
53.75	0.25	0	1	26875
53.766	0.25	0	1	26883
53.782	0.25	0	1	26891
53.8	0.25	0	1	26900
53.816	0.25	0	1	26908
53.832	0.25	0	1	26916
53.85	0.25	1	2	26925
53.866	0.25	1	2	26933
53.882	0.25	1	2	26941
53.9	0.25	1	2	26950
53.916	0.25	0	1	26958
53.932	0.25	0	1	26966
53.95	0.25	0	1	26975
53.966	0.25	0	1	26983
53.982	0.25	0	1	26991
54.0	0.25	0	1	27000
54.016	0.25	0	1	27008
54.032	0.25	0	1	27016
54.05	0.25	0	1	27025
54.066	0.25	0	1	27033
54.082	0.25	0	1	27041
54.1	0.25	0	1	27050
54.116	0.25	0	1	27058
54.132	0.25	0	1	27066
54.15	0.25	0	1	27075
54.166	0.25	0	1	27083
54.182	0.25	0	1	27091
54.2	0.25	0	1	27100
54.216	0.25	0	1	27108
54.232	0.25	0	1	27116
54.25	0.25	0	1	27125
54.266	0.25	0	1	27133
54.282	0.25	1	2	27141
54.3	0.25	1	2	27150
54.316	0.25	1	2	27158
54.332	0.25	1	2	27166
55.8	0.25	0	1	27900
55.816	0.25	0	1	27908
55.832	0.25	0	1	27916
55.85	0.25	0	1	27925
55.866	0.25	0	1	27933
55.882	0.25	0	1	27941
55.9	0.25	0	1	27950
55.916	0.25	0	1	27958
55.932	0.25	0	1	27966
55.95	0.25	0	1	27975
55.966	0.25	0	1	27983
55.982	0.25	0	1	27991
56.0	0.25	0	1	28000
56.016	0.25	0	1	28008
56.032	0.25	0	1	28016
56.05	0.25	0	1	28025
56.066	0.25	0	1	28033
56.082	0.25	0	1	28041
56.1	0.25	1	2	28050
56.116	0.25	1	2	28058
56.132	0.25	1	2	28066
56.15	0.25	1	2	28075
56.166	0.25	0	1	28083
56.182	0.25	0	1	28091
56.2	0.25	0	1	28100
56.216	0.25	0	1	28108
56.232	0.25	0	1	28116
56.25	0.25	0	1	28125
56.266	0.25	0	1	28133
56.282	0.25	0	1	28141
56.3	0.25	0	1	28150
56.316	0.25	0	1	28158
56.332	0.25	0	1	28166
56.35	0.25	0	1	28175
56.366	0.25	0	1	28183
56.382	0.25	0	1	28191
56.4	0.25	0	1	28200
56.416	0.25	0	1	28208
56.432	0.25	0	1	28216
56.45	0.25	0	1	28225
56.466	0.25	0	1	28233
56.482	0.25	0	1	28241
56.5	0.25	1	2	28250
56.516	0.25	1	2	28258
56.532	0.25	1	2	28266
56.55	0.25	1	2	28275
56.566	0.25	0	1	28283
56.582	0.25	0	1	28291
56.6	0.25	0	1	28300
56.616	0.25	0	1	28308
56.632	0.25	0	1	28316
56.65	0.25	0	1	28325
56.666	0.25	0	1	28333
56.682	0.25	0	1	28341
56.7	0.25	0	1	28350
56.716	0.25	0	1	28358
56.732	0.25	0	1	28366
56.75	0.25	0	1	28375
56.766	0.25	0	1	28383
56.782	0.25	1	2	28391
56.8	0.25	1	2	28400
56.816	0.25	1	2	28408
56.832	0.25	1	2	28416
56.85	0.25	0	1	28425
56.866	0.25	0	1	28433
56.882	0.25	0	1	28441
56.9	0.25	0	1	28450
56.916	0.25	0	1	28458
56.932	0.25	0	1	28466
56.95	0.25	0	1	28475
56.966	0.25	0	1	28483
56.982	0.25	0	1	28491
57.0	0.25	0	1	28500
57.016	0.25	0	1	28508
57.032	0.25	0	1	28516
57.05	0.25	0	1	28525
57.066	0.25	0	1	28533
57.082	0.25	0	1	28541
57.1	0.25	0	1	28550
57.116	0.25	0	1	28558
57.132	0.25	0	1	28566
57.15	0.25	1	2	28575
57.166	0.25	1	2	28583
57.182	0.25	1	2	28591
57.2	0.25	1	2	28600
57.216	0.25	0	1	28608
57.232	0.25	0	1	28616
57.25	0.25	0	1	28625
57.266	0.25	0	1	28633
57.282	0.25	0	1	28641
57.3	0.25	0	1	28650
57.316	0.25	0	1	28658
57.332	0.25	0	1	28666
57.35	0.25	0	1	28675
57.366	0.25	0	1	28683
57.382	0.25	0	1	28691
57.4	0.25	0	1	28700
57.416	0.25	0	1	28708
57.432	0.25	0	1	28716
57.45	0.25	0	1	28725
57.466	0.25	0	1	28733
57.482	0.25	0	1	28741
57.5	0.25	0	1	28750
57.516	0.25	0	1	28758
57.532	0.25	0	1	28766
57.55	0.25	0	1	28775
57.566	0.25	0	1	28783
57.582	0.25	0	1	28791
57.6	0.25	0	1	28800
57.616	0.25	1	2	28808
57.632	0.25	1	2	28816
57.65	0.25	1	2	28825
57.666	0.25	1	2	28833
57.682	0.25	0	1	28841
57.7	0.25	0	1	28850
57.716	0.25	0	1	28858
57.732	0.25	0	1	28866
59.216	0.25	0	1	29608
59.232	0.25	1	2	29616
59.25	0.25	1	2	29625
59.266	0.25	1	2	29633
59.282	0.25	1	2	29641
59.3	0.25	0	1	29650
59.316	0.25	0	1	29658
59.332	0.25	0	1	29666
59.35	0.25	0	1	29675
59.366	0.25	0	1	29683
59.382	0.25	0	1	29691
59.4	0.25	0	1	29700
59.416	0.25	0	1	29708
59.432	0.25	0	1	29716
59.45	0.25	0	1	29725
59.466	0.25	0	1	29733
59.482	0.25	0	1	29741
59.5	0.25	0	1	29750
59.516	0.25	0	1	29758
59.532	0.25	0	1	29766
59.55	0.25	0	1	29775
59.566	0.25	0	1	29783
59.582	0.25	0	1	29791
59.6	0.25	0	1	29800
59.616	0.25	0	1	29808
59.632	0.25	0	1	29816
59.65	0.25	0	1	29825
59.666	0.25	0	1	29833
59.682	0.25	0	1	29841
59.7	0.25	0	1	29850
59.716	0.25	1	2	29858
59.732	0.25	1	2	29866
59.75	0.25	1	2	29875
59.766	0.25	1	2	29883
59.782	0.25	0	1	29891
59.8	0.25	0	1	29900
59.816	0.25	0	1	29908
59.832	0.25	0	1	29916
59.85	0.25	0	1	29925
59.866	0.25	0	1	29933
59.882	0.25	0	1	29941
59.9	0.25	0	1	29950
59.916	0.25	0	1	29958
59.932	0.25	0	1	29966
59.95	0.25	0	1	29975
59.966	0.25	0	1	29983
59.982	0.25	0	1	29991
60.0	0.25	0	1	30000
60.016	0.25	0	1	30008
60.032	0.25	0	1	30016
60.05	0.25	0	1	30025
60.066	0.25	0	1	30033
60.082	0.25	0	1	30041
60.1	0.25	0	1	30050
60.116	0.25	0	1	30058
60.132	0.25	0	1	30066
60.15	0.25	0	1	30075
60.166	0.25	0	1	30083
60.182	0.25	1	2	30091
60.2	0.25	1	2	30100
60.216	0.25	1	2	30108
60.232	0.25	1	2	30116
60.25	0.25	0	1	30125
60.266	0.25	0	1	30133
60.282	0.25	0	1	30141
60.3	0.25	0	1	30150
60.316	0.25	0	1	30158
60.332	0.25	0	1	30166
60.35	0.25	0	1	30175
60.366	0.25	0	1	30183
60.382	0.25	0	1	30191
60.4	0.25	0	1	30200
60.416	0.25	0	1	30208
60.432	0.25	0	1	30216
60.45	0.25	0	1	30225
60.466	0.25	0	1	30233
60.482	0.25	0	1	30241
60.5	0.25	0	1	30250
60.516	0.25	0	1	30258
60.532	0.25	0	1	30266
60.55	0.25	0	1	30275
60.566	0.25	0	1	30283
60.582	0.25	0	1	30291
60.6	0.25	1	2	30300
60.616	0.25	1	2	30308
60.632	0.25	1	2	30316
60.65	0.25	1	2	30325
60.666	0.25	0	1	30333
60.682	0.25	0	1	30341
60.7	0.25	0	1	30350
60.716	0.25	0	1	30358
60.732	0.25	0	1	30366
60.75	0.25	0	1	30375
60.766	0.25	0	1	30383
60.782	0.25	0	1	30391
60.8	0.25	0	1	30400
60.816	0.25	0	1	30408
60.832	0.25	0	1	30416
60.85	0.25	0	1	30425
60.866	0.25	0	1	30433
60.882	0.25	0	1	30441
60.9	0.25	0	1	30450
60.916	0.25	0	1	30458
60.932	0.25	0	1	30466
60.95	0.25	0	1	30475
60.966	0.25	0	1	30483
60.982	0.25	0	1	30491
61.0	0.25	0	1	30500
61.016	0.25	0	1	30508
61.032	0.25	1	2	30516
61.05	0.25	1	2	30525
61.066	0.25	1	2	30533
61.082	0.25	1	2	30541
61.1	0.25	0	1	30550
61.116	0.25	0	1	30558
61.132	0.25	0	1	30566
61.15	0.25	0	1	30575
62.65	0.25	0	1	31325
62.666	0.25	0	1	31333
62.682	0.25	0	1	31341
62.7	0.25	0	1	31350
62.716	0.25	0	1	31358
62.732	0.25	0	1	31366
62.75	0.25	0	1	31375
62.766	0.25	0	1	31383
62.782	0.25	0	1	31391
62.8	0.25	0	1	31400
62.816	0.25	0	1	31408
62.832	0.25	0	1	31416
62.85	0.25	0	1	31425
62.866	0.25	0	1	31433
62.882	0.25	0	1	31441
62.9	0.25	0	1	31450
62.916	0.25	0	1	31458
62.932	0.25	0	1	31466
62.95	0.25	0	1	31475
62.966	0.25	0	1	31483
62.982	0.25	0	1	31491
63.0	0.25	0	1	31500
63.016	0.25	0	1	31508
63.032	0.25	1	2	31516
63.05	0.25	1	2	31525
63.066	0.25	1	2	31533
63.082	0.25	1	2	31541
63.1	0.25	0	1	31550
63.116	0.25	0	1	31558
63.132	0.25	0	1	31566
63.15	0.25	0	1	31575
63.166	0.25	0	1	31583
63.182	0.25	0	1	31591
63.2	0.25	0	1	31600
63.216	0.25	0	1	31608
63.232	0.25	0	1	31616
63.25	0.25	0	1	31625
63.266	0.25	0	1	31633
63.282	0.25	0	1	31641
63.3	0.25	0	1	31650
63.316	0.25	0	1	31658
63.332	0.25	0	1	31666
63.35	0.25	0	1	31675
63.366	0.25	0	1	31683
63.382	0.25	0	1	31691
63.4	0.25	0	1	31700
63.416	0.25	1	2	31708
63.432	0.25	1	2	31716
63.45	0.25	1	2	31725
63.466	0.25	1	2	31733
63.482	0.25	0	1	31741
63.5	0.25	0	1	31750
63.516	0.25	0	1	31758
63.532	0.25	0	1	31766
63.55	0.25	0	1	31775
63.566	0.25	0	1	31783
63.582	0.25	0	1	31791
63.6	0.25	0	1	31800
63.616	0.25	0	1	31808
63.632	0.25	0	1	31816
63.65	0.25	0	1	31825
63.666	0.25	0	1	31833
63.682	0.25	0	1	31841
63.7	0.25	0	1	31850
63.716	0.25	1	2	31858
63.732	0.25	1	2	31866
63.75	0.25	1	2	31875
63.766	0.25	1	2	31883
63.782	0.25	0	1	31891
63.8	0.25	0	1	31900
63.816	0.25	0	1	31908
63.832	0.25	0	1	31916
63.85	0.25	0	1	31925
63.866	0.25	0	1	31933
63.882	0.25	0	1	31941
63.9	0.25	0	1	31950
63.916	0.25	0	1	31958
63.932	0.25	0	1	31966
63.95	0.25	0	1	31975
63.966	0.25	0	1	31983
63.982	0.25	0	1	31991
64.0	0.25	1	2	32000
64.016	0.25	1	2	32008
64.032	0.25	1	2	32016
64.05	0.25	1	2	32025
64.066	0.25	0	1	32033
64.082	0.25	0	1	32041
64.098	0.25	0	1	32049
64.116	0.25	0	1	32058
64.132	0.25	0	1	32066
64.15	0.25	0	1	32075
64.166	0.25	0	1	32083
64.182	0.25	0	1	32091
64.2	0.25	0	1	32100
64.216	0.25	0	1	32108
64.232	0.25	0	1	32116
64.25	0.25	0	1	32125
64.266	0.25	0	1	32133
64.282	0.25	0	1	32141
64.3	0.25	0	1	32150
64.316	0.25	0	1	32158
64.332	0.25	1	2	32166
64.348	0.25	1	2	32174
64.366	0.25	1	2	32183
64.382	0.25	1	2	32191
64.4	0.25	0	1	32200
64.416	0.25	0	1	32208
64.432	0.25	0	1	32216
64.45	0.25	0	1	32225
64.466	0.25	0	1	32233
64.482	0.25	0	1	32241
64.5	0.25	0	1	32250
64.516	0.25	0	1	32258
64.532	0.25	0	1	32266
64.55	0.25	0	1	32275
64.566	0.25	0	1	32283
64.582	0.25	0	1	32291
66.95	0.25	0	1	33475
66.966	0.25	0	1	33483
66.982	0.25	0	1	33491
67.0	0.25	0	1	33500
67.016	0.25	0	1	33508
67.032	0.25	0	1	33516
67.05	0.25	0	1	33525
67.066	0.25	0	1	33533
67.082	0.25	0	1	33541
67.1	0.25	0	1	33550
67.116	0.25	0	1	33558
67.132	0.25	0	1	33566
67.15	0.25	0	1	33575
67.166	0.25	0	1	33583
67.182	0.25	0	1	33591
67.2	0.25	0	1	33600
67.216	0.25	0	1	33608
67.232	0.25	0	1	33616
67.25	0.25	0	1	33625
67.266	0.25	0	1	33633
67.282	0.25	0	1	33641
67.3	0.25	0	1	33650
67.316	0.25	0	1	33658
67.332	0.25	1	2	33666
67.35	0.25	1	2	33675
67.366	0.25	1	2	33683
67.382	0.25	1	2	33691
67.4	0.25	0	1	33700
67.416	0.25	0	1	33708
67.432	0.25	0	1	33716
67.45	0.25	0	1	33725
67.466	0.25	0	1	33733
67.482	0.25	0	1	33741
67.5	0.25	0	1	33750
67.516	0.25	0	1	33758
67.532	0.25	0	1	33766
67.55	0.25	0	1	33775
67.566	0.25	0	1	33783
67.582	0.25	0	1	33791
67.6	0.25	0	1	33800
67.616	0.25	0	1	33808
67.632	0.25	0	1	33816
67.65	0.25	0	1	33825
67.666	0.25	0	1	33833
67.682	0.25	0	1	33841
67.7	0.25	0	1	33850
67.716	0.25	1	2	33858
67.732	0.25	1	2	33866
67.75	0.25	1	2	33875
67.766	0.25	1	2	33883
67.782	0.25	0	1	33891
67.8	0.25	0	1	33900
67.816	0.25	0	1	33908
67.832	0.25	0	1	33916
67.85	0.25	0	1	33925
67.866	0.25	0	1	33933
67.882	0.25	0	1	33941
67.9	0.25	0	1	33950
67.916	0.25	0	1	33958
67.932	0.25	0	1	33966
67.95	0.25	0	1	33975
67.966	0.25	0	1	33983
67.982	0.25	0	1	33991
68.0	0.25	0	1	34000
68.016	0.25	1	2	34008
68.032	0.25	1	2	34016
68.05	0.25	1	2	34025
68.066	0.25	1	2	34033
68.082	0.25	0	1	34041
68.1	0.25	0	1	34050
68.116	0.25	0	1	34058
68.132	0.25	0	1	34066
68.15	0.25	0	1	34075
68.166	0.25	0	1	34083
68.182	0.25	0	1	34091
68.2	0.25	0	1	34100
68.216	0.25	0	1	34108
68.232	0.25	0	1	34116
68.25	0.25	0	1	34125
68.266	0.25	0	1	34133
68.282	0.25	0	1	34141
68.3	0.25	1	2	34150
68.316	0.25	1	2	34158
68.332	0.25	1	2	34166
68.35	0.25	1	2	34175
68.366	0.25	0	1	34183
68.382	0.25	0	1	34191
68.4	0.25	0	1	34200
68.416	0.25	0	1	34208
68.432	0.25	0	1	34216
68.45	0.25	0	1	34225
68.466	0.25	0	1	34233
68.482	0.25	0	1	34241
68.5	0.25	0	1	34250
68.516	0.25	0	1	34258
68.532	0.25	0	1	34266
68.55	0.25	0	1	34275
68.566	0.25	0	1	34283
68.582	0.25	0	1	34291
68.6	0.25	0	1	34300
68.616	0.25	0	1	34308
68.632	0.25	1	2	34316
68.65	0.25	1	2	34325
68.666	0.25	1	2	34333
68.682	0.25	1	2	34341
68.7	0.25	0	1	34350
68.716	0.25	0	1	34358
68.732	0.25	0	1	34366
68.75	0.25	0	1	34375
68.766	0.25	0	1	34383
68.782	0.25	0	1	34391
68.8	0.25	0	1	34400
68.816	0.25	0	1	34408
68.832	0.25	0	1	34416
68.85	0.25	0	1	34425
68.866	0.25	0	1	34433
68.882	0.25	0	1	34441
70.35	0.25	0	1	35175
70.366	0.25	1	2	35183
70.382	0.25	1	2	35191
70.4	0.25	1	2	35200
70.416	0.25	1	2	35208
70.432	0.25	0	1	35216
70.45	0.25	0	1	35225
70.466	0.25	0	1	35233
70.482	0.25	0	1	35241
70.5	0.25	0	1	35250
70.516	0.25	0	1	35258
70.532	0.25	0	1	35266
70.55	0.25	0	1	35275
70.566	0.25	0	1	35283
70.582	0.25	0	1	35291
70.6	0.25	0	1	35300
70.616	0.25	0	1	35308
70.632	0.25	0	1	35316
70.65	0.25	0	1	35325
70.666	0.25	0	1	35333
70.682	0.25	0	1	35341
70.7	0.25	0	1	35350
70.716	0.25	0	1	35358
70.732	0.25	0	1	35366
70.75	0.25	0	1	35375
70.766	0.25	0	1	35383
70.782	0.25	0	1	35391
70.8	0.25	0	1	35400
70.816	0.25	0	1	35408
70.832	0.25	0	1	35416
70.85	0.25	1	2	35425
70.866	0.25	1	2	35433
70.882	0.25	1	2	35441
70.9	0.25	1	2	35450
70.916	0.25	0	1	35458
70.932	0.25	0	1	35466
70.95	0.25	0	1	35475
70.966	0.25	0	1	35483
70.982	0.25	0	1	35491
71.0	0.25	0	1	35500
71.016	0.25	0	1	35508
71.032	0.25	0	1	35516
71.05	0.25	0	1	35525
71.066	0.25	0	1	35533
71.082	0.25	0	1	35541
71.1	0.25	0	1	35550
71.116	0.25	0	1	35558
71.132	0.25	0	1	35566
71.15	0.25	0	1	35575
71.166	0.25	0	1	35583
71.182	0.25	0	1	35591
71.2	0.25	0	1	35600
71.216	0.25	0	1	35608
71.232	0.25	0	1	35616
71.25	0.25	0	1	35625
71.266	0.25	0	1	35633
71.282	0.25	0	1	35641
71.3	0.25	0	1	35650
71.316	0.25	1	2	35658
71.332	0.25	1	2	35666
71.35	0.25	1	2	35675
71.366	0.25	1	2	35683
71.382	0.25	0	1	35691
71.4	0.25	0	1	35700
71.416	0.25	0	1	35708
71.432	0.25	0	1	35716
71.45	0.25	0	1	35725
71.466	0.25	0	1	35733
71.482	0.25	0	1	35741
71.5	0.25	0	1	35750
71.516	0.25	0	1	35758
71.532	0.25	0	1	35766
71.55	0.25	0	1	35775
71.566	0.25	0	1	35783
71.582	0.25	0	1	35791
71.6	0.25	0	1	35800
71.616	0.25	0	1	35808
71.632	0.25	0	1	35816
71.65	0.25	0	1	35825
71.666	0.25	0	1	35833
71.682	0.25	0	1	35841
71.7	0.25	0	1	35850
71.716	0.25	0	1	35858
71.732	0.25	1	2	35866
71.75	0.25	1	2	35875
71.766	0.25	1	2	35883
71.782	0.25	1	2	35891
71.8	0.25	0	1	35900
71.816	0.25	0	1	35908
71.832	0.25	0	1	35916
71.85	0.25	0	1	35925
71.866	0.25	0	1	35933
71.882	0.25	0	1	35941
71.9	0.25	0	1	35950
71.916	0.25	0	1	35958
71.932	0.25	0	1	35966
71.95	0.25	0	1	35975
71.966	0.25	0	1	35983
71.982	0.25	0	1	35991
72.0	0.25	0	1	36000
72.016	0.25	0	1	36008
72.032	0.25	0	1	36016
72.05	0.25	0	1	36025
72.066	0.25	0	1	36033
72.082	0.25	0	1	36041
72.1	0.25	0	1	36050
72.116	0.25	0	1	36058
72.132	0.25	0	1	36066
72.15	0.25	0	1	36075
72.166	0.25	1	2	36083
72.182	0.25	1	2	36091
72.2	0.25	1	2	36100
72.216	0.25	1	2	36108
72.232	0.25	0	1	36116
72.25	0.25	0	1	36125
72.266	0.25	0	1	36133
72.282	0.25	0	1	36141
73.766	0.25	0	1	36883
73.782	0.25	0	1	36891
73.8	0.25	0	1	36900
73.816	0.25	0	1	36908
73.832	0.25	0	1	36916
73.85	0.25	0	1	36925
73.866	0.25	0	1	36933
73.882	0.25	0	1	36941
73.9	0.25	0	1	36950
73.916	0.25	0	1	36958
73.932	0.25	0	1	36966
73.95	0.25	0	1	36975
73.966	0.25	0	1	36983
73.982	0.25	0	1	36991
74.0	0.25	0	1	37000
74.016	0.25	1	2	37008
74.032	0.25	1	2	37016
74.05	0.25	1	2	37025
74.066	0.25	1	2	37033
74.082	0.25	0	1	37041
74.1	0.25	0	1	37050
74.116	0.25	0	1	37058
74.132	0.25	0	1	37066
74.15	0.25	0	1	37075
74.166	0.25	0	1	37083
74.182	0.25	0	1	37091
74.2	0.25	0	1	37100
74.216	0.25	0	1	37108
74.232	0.25	0	1	37116
74.25	0.25	0	1	37125
74.266	0.25	0	1	37133
74.282	0.25	0	1	37141
74.3	0.25	0	1	37150
74.316	0.25	0	1	37158
74.332	0.25	0	1	37166
74.35	0.25	0	1	37175
74.366	0.25	0	1	37183
74.382	0.25	0	1	37191
74.4	0.25	0	1	37200
74.416	0.25	0	1	37208
74.432	0.25	0	1	37216
74.45	0.25	1	2	37225
74.466	0.25	1	2	37233
74.482	0.25	1	2	37241
74.5	0.25	1	2	37250
74.516	0.25	0	1	37258
74.532	0.25	0	1	37266
74.55	0.25	0	1	37275
74.566	0.25	0	1	37283
74.582	0.25	0	1	37291
74.6	0.25	0	1	37300
74.616	0.25	0	1	37308
74.632	0.25	0	1	37316
74.65	0.25	0	1	37325
74.666	0.25	0	1	37333
74.682	0.25	0	1	37341
74.7	0.25	0	1	37350
74.716	0.25	0	1	37358
74.732	0.25	0	1	37366
74.75	0.25	0	1	37375
74.766	0.25	0	1	37383
74.782	0.25	0	1	37391
74.8	0.25	0	1	37400
74.816	0.25	0	1	37408
74.832	0.25	0	1	37416
74.85	0.25	0	1	37425
74.866	0.25	0	1	37433
74.882	0.25	0	1	37441
74.9	0.25	0	1	37450
74.916	0.25	1	2	37458
74.932	0.25	1	2	37466
74.95	0.25	1	2	37475
74.966	0.25	1	2	37483
74.982	0.25	0	1	37491
75.0	0.25	0	1	37500
75.016	0.25	0	1	37508
75.032	0.25	0	1	37516
75.05	0.25	0	1	37525
75.066	0.25	0	1	37533
75.082	0.25	0	1	37541
75.1	0.25	0	1	37550
75.116	0.25	0	1	37558
75.132	0.25	0	1	37566
75.15	0.25	0	1	37575
75.166	0.25	0	1	37583
75.182	0.25	0	1	37591
75.2	0.25	0	1	37600
75.216	0.25	1	2	37608
75.232	0.25	1	2	37616
75.25	0.25	1	2	37625
75.266	0.25	1	2	37633
75.282	0.25	0	1	37641
75.3	0.25	0	1	37650
75.316	0.25	0	1	37658
75.332	0.25	0	1	37666
75.35	0.25	0	1	37675
75.366	0.25	0	1	37683
75.382	0.25	0	1	37691
75.4	0.25	0	1	37700
75.416	0.25	0	1	37708
75.432	0.25	0	1	37716
75.45	0.25	0	1	37725
75.466	0.25	0	1	37733
75.482	0.25	0	1	37741
75.5	0.25	0	1	37750
75.516	0.25	0	1	37758
75.532	0.25	0	1	37766
75.55	0.25	0	1	37775
75.566	0.25	0	1	37783
75.582	0.25	0	1	37791
75.6	0.25	0	1	37800
75.616	0.25	0	1	37808
75.632	0.25	0	1	37816
75.65	0.25	1	2	37825
75.666	0.25	1	2	37833
75.682	0.25	1	2	37841
75.7	0.25	1	2	37850
77.2	0.25	0	1	38600
77.216	0.25	0	1	38608
77.232	0.25	0	1	38616
77.25	0.25	0	1	38625
77.266	0.25	0	1	38633
77.282	0.25	0	1	38641
77.3	0.25	0	1	38650
77.316	0.25	0	1	38658
77.332	0.25	0	1	38666
77.35	0.25	0	1	38675
77.366	0.25	0	1	38683
77.382	0.25	0	1	38691
77.4	0.25	0	1	38700
77.416	0.25	0	1	38708
77.432	0.25	0	1	38716
77.45	0.25	0	1	38725
77.466	0.25	0	1	38733
77.482	0.25	0	1	38741
77.5	0.25	1	2	38750
77.516	0.25	1	2	38758
77.532	0.25	1	2	38766
77.55	0.25	1	2	38775
77.566	0.25	0	1	38783
77.582	0.25	0	1	38791
77.6	0.25	0	1	38800
77.616	0.25	0	1	38808
77.632	0.25	0	1	38816
77.65	0.25	0	1	38825
77.666	0.25	0	1	38833
77.682	0.25	0	1	38841
77.7	0.25	0	1	38850
77.716	0.25	0	1	38858
77.732	0.25	0	1	38866
77.75	0.25	0	1	38875
77.766	0.25	0	1	38883
77.782	0.25	0	1	38891
77.8	0.25	0	1	38900
77.816	0.25	0	1	38908
77.832	0.25	0	1	38916
77.85	0.25	0	1	38925
77.866	0.25	0	1	38933
77.882	0.25	0	1	38941
77.9	0.25	1	2	38950
77.916	0.25	1	2	38958
77.932	0.25	1	2	38966
77.95	0.25	1	2	38975
77.966	0.25	0	1	38983
77.982	0.25	0	1	38991
78.0	0.25	0	1	39000
78.016	0.25	0	1	39008
78.032	0.25	0	1	39016
78.05	0.25	0	1	39025
78.066	0.25	0	1	39033
78.082	0.25	0	1	39041
78.1	0.25	0	1	39050
78.116	0.25	0	1	39058
78.132	0.25	0	1	39066
78.15	0.25	0	1	39075
78.166	0.25	0	1	39083
78.182	0.25	1	2	39091
78.2	0.25	1	2	39100
78.216	0.25	1	2	39108
78.232	0.25	1	2	39116
78.25	0.25	0	1	39125
78.266	0.25	0	1	39133
78.282	0.25	0	1	39141
78.3	0.25	0	1	39150
78.316	0.25	0	1	39158
78.332	0.25	0	1	39166
78.35	0.25	0	1	39175
78.366	0.25	0	1	39183
78.382	0.25	0	1	39191
78.4	0.25	0	1	39200
78.416	0.25	0	1	39208
78.432	0.25	0	1	39216
78.45	0.25	0	1	39225
78.466	0.25	0	1	39233
78.482	0.25	0	1	39241
78.5	0.25	0	1	39250
78.516	0.25	0	1	39258
78.532	0.25	0	1	39266
78.55	0.25	1	2	39275
78.566	0.25	1	2	39283
78.582	0.25	1	2	39291
78.6	0.25	1	2	39300
78.616	0.25	0	1	39308
78.632	0.25	0	1	39316
78.65	0.25	0	1	39325
78.666	0.25	0	1	39333
78.682	0.25	0	1	39341
78.7	0.25	0	1	39350
78.716	0.25	0	1	39358
78.732	0.25	0	1	39366
78.75	0.25	0	1	39375
78.766	0.25	0	1	39383
78.782	0.25	0	1	39391
78.8	0.25	0	1	39400
78.816	0.25	0	1	39408
78.832	0.25	0	1	39416
78.85	0.25	0	1	39425
78.866	0.25	0	1	39433
78.882	0.25	0	1	39441
78.9	0.25	0	1	39450
78.916	0.25	0	1	39458
78.932	0.25	0	1	39466
78.95	0.25	0	1	39475
78.966	0.25	0	1	39483
78.982	0.25	0	1	39491
79.0	0.25	0	1	39500
79.016	0.25	1	2	39508
79.032	0.25	1	2	39516
79.05	0.25	1	2	39525
79.066	0.25	1	2	39533
79.082	0.25	0	1	39541
79.1	0.25	0	1	39550
79.116	0.25	0	1	39558
79.132	0.25	0	1	39566
81.5	0.25	0	1	40750
81.516	0.25	0	1	40758
81.532	0.25	0	1	40766
81.55	0.25	0	1	40775
81.566	0.25	0	1	40783
81.582	0.25	0	1	40791
81.6	0.25	0	1	40800
81.616	0.25	0	1	40808
81.632	0.25	0	1	40816
81.65	0.25	0	1	40825
81.666	0.25	0	1	40833
81.682	0.25	0	1	40841
81.7	0.25	0	1	40850
81.716	0.25	0	1	40858
81.732	0.25	0	1	40866
81.75	0.25	0	1	40875
81.766	0.25	0	1	40883
81.782	0.25	0	1	40891
81.8	0.25	1	2	40900
81.816	0.25	1	2	40908
81.832	0.25	1	2	40916
81.85	0.25	1	2	40925
81.866	0.25	0	1	40933
81.882	0.25	0	1	40941
81.9	0.25	0	1	40950
81.916	0.25	0	1	40958
81.932	0.25	0	1	40966
81.95	0.25	0	1	40975
81.966	0.25	0	1	40983
81.982	0.25	0	1	40991
82.0	0.25	0	1	41000
82.016	0.25	0	1	41008
82.032	0.25	0	1	41016
82.05	0.25	0	1	41025
82.066	0.25	0	1	41033
82.082	0.25	0	1	41041
82.1	0.25	0	1	41050
82.116	0.25	0	1	41058
82.132	0.25	0	1	41066
82.15	0.25	0	1	41075
82.166	0.25	0	1	41083
82.182	0.25	0	1	41091
82.2	0.25	1	2	41100
82.216	0.25	1	2	41108
82.232	0.25	1	2	41116
82.25	0.25	1	2	41125
82.266	0.25	0	1	41133
82.282	0.25	0	1	41141
82.3	0.25	0	1	41150
82.316	0.25	0	1	41158
82.332	0.25	0	1	41166
82.35	0.25	0	1	41175
82.366	0.25	0	1	41183
82.382	0.25	0	1	41191
82.4	0.25	0	1	41200
82.416	0.25	0	1	41208
82.432	0.25	0	1	41216
82.45	0.25	0	1	41225
82.466	0.25	0	1	41233
82.482	0.25	1	2	41241
82.5	0.25	1	2	41250
82.516	0.25	1	2	41258
82.532	0.25	1	2	41266
82.55	0.25	0	1	41275
82.566	0.25	0	1	41283
82.582	0.25	0	1	41291
82.6	0.25	0	1	41300
82.616	0.25	0	1	41308
82.632	0.25	0	1	41316
82.65	0.25	0	1	41325
82.666	0.25	0	1	41333
82.682	0.25	0	1	41341
82.7	0.25	0	1	41350
82.716	0.25	0	1	41358
82.732	0.25	0	1	41366
82.75	0.25	0	1	41375
82.766	0.25	0	1	41383
82.782	0.25	0	1	41391
82.8	0.25	0	1	41400
82.816	0.25	0	1	41408
82.832	0.25	0	1	41416
82.85	0.25	1	2	41425
82.866	0.25	1	2	41433
82.882	0.25	1	2	41441
82.9	0.25	1	2	41450
82.916	0.25	0	1	41458
82.932	0.25	0	1	41466
82.95	0.25	0	1	41475
82.966	0.25	0	1	41483
82.982	0.25	0	1	41491
83.0	0.25	0	1	41500
83.016	0.25	0	1	41508
83.032	0.25	0	1	41516
83.05	0.25	0	1	41525
83.066	0.25	0	1	41533
83.082	0.25	0	1	41541
83.1	0.25	0	1	41550
83.116	0.25	0	1	41558
83.132	0.25	0	1	41566
83.15	0.25	0	1	41575
83.166	0.25	0	1	41583
83.182	0.25	0	1	41591
83.2	0.25	0	1	41600
83.216	0.25	0	1	41608
83.232	0.25	0	1	41616
83.25	0.25	0	1	41625
83.266	0.25	0	1	41633
83.282	0.25	0	1	41641
83.3	0.25	0	1	41650
83.316	0.25	1	2	41658
83.332	0.25	1	2	41666
83.35	0.25	1	2	41675
83.366	0.25	1	2	41683
83.382	0.25	0	1	41691
83.4	0.25	0	1	41700
83.416	0.25	0	1	41708
83.432	0.25	0	1	41716
84.9	0.25	0	1	42450
84.916	0.25	1	2	42458
84.932	0.25	1	2	42466
84.95	0.25	1	2	42475
84.966	0.25	1	2	42483
84.982	0.25	0	1	42491
85.0	0.25	0	1	42500
85.016	0.25	0	1	42508
85.032	0.25	0	1	42516
85.05	0.25	0	1	42525
85.066	0.25	0	1	42533
85.082	0.25	0	1	42541
85.1	0.25	0	1	42550
85.116	0.25	0	1	42558
85.132	0.25	0	1	42566
85.15	0.25	0	1	42575
85.166	0.25	0	1	42583
85.182	0.25	0	1	42591
85.2	0.25	0	1	42600
85.216	0.25	0	1	42608
85.232	0.25	0	1	42616
85.25	0.25	0	1	42625
85.266	0.25	0	1	42633
85.282	0.25	0	1	42641
85.3	0.25	0	1	42650
85.316	0.25	0	1	42658
85.332	0.25	0	1	42666
85.35	0.25	0	1	42675
85.366	0.25	0	1	42683
85.382	0.25	0	1	42691
85.4	0.25	1	2	42700
85.416	0.25	1	2	42708
85.432	0.25	1	2	42716
85.45	0.25	1	2	42725
85.466	0.25	0	1	42733
85.482	0.25	0	1	42741
85.5	0.25	0	1	42750
85.516	0.25	0	1	42758
85.532	0.25	0	1	42766
85.55	0.25	0	1	42775
85.566	0.25	0	1	42783
85.582	0.25	0	1	42791
85.6	0.25	0	1	42800
85.616	0.25	0	1	42808
85.632	0.25	0	1	42816
85.65	0.25	0	1	42825
85.666	0.25	0	1	42833
85.682	0.25	0	1	42841
85.7	0.25	0	1	42850
85.716	0.25	0	1	42858
85.732	0.25	0	1	42866
85.75	0.25	0	1	42875
85.766	0.25	0	1	42883
85.782	0.25	0	1	42891
85.8	0.25	0	1	42900
85.816	0.25	0	1	42908
85.832	0.25	0	1	42916
85.85	0.25	0	1	42925
85.866	0.25	1	2	42933
85.882	0.25	1	2	42941
85.9	0.25	1	2	42950
85.916	0.25	1	2	42958
85.932	0.25	0	1	42966
85.95	0.25	0	1	42975
85.966	0.25	0	1	42983
85.982	0.25	0	1	42991
86.0	0.25	0	1	43000
86.016	0.25	0	1	43008
86.032	0.25	0	1	43016
86.05	0.25	0	1	43025
86.066	0.25	0	1	43033
86.082	0.25	0	1	43041
86.1	0.25	0	1	43050
86.116	0.25	0	1	43058
86.132	0.25	0	1	43066
86.15	0.25	0	1	43075
86.166	0.25	0	1	43083
86.182	0.25	0	1	43091
86.2	0.25	0	1	43100
86.216	0.25	0	1	43108
86.232	0.25	0	1	43116
86.25	0.25	0	1	43125
86.266	0.25	0	1	43133
86.282	0.25	1	2	43141
86.3	0.25	1	2	43150
86.316	0.25	1	2	43158
86.332	0.25	1	2	43166
86.35	0.25	0	1	43175
86.366	0.25	0	1	43183
86.382	0.25	0	1	43191
86.4	0.25	0	1	43200
86.416	0.25	0	1	43208
86.432	0.25	0	1	43216
86.45	0.25	0	1	43225
86.466	0.25	0	1	43233
86.482	0.25	0	1	43241
86.5	0.25	0	1	43250
86.516	0.25	0	1	43258
86.532	0.25	0	1	43266
86.55	0.25	0	1	43275
86.566	0.25	0	1	43283
86.582	0.25	0	1	43291
86.6	0.25	0	1	43300
86.616	0.25	0	1	43308
86.632	0.25	0	1	43316
86.65	0.25	0	1	43325
86.666	0.25	0	1	43333
86.682	0.25	0	1	43341
86.7	0.25	0	1	43350
86.716	0.25	1	2	43358
86.732	0.25	1	2	43366
86.75	0.25	1	2	43375
86.766	0.25	1	2	43383
86.782	0.25	0	1	43391
86.8	0.25	0	1	43400
86.816	0.25	0	1	43408
86.832	0.25	0	1	43416
88.316	0.25	0	1	44158
88.332	0.25	0	1	44166
88.35	0.25	0	1	44175
88.366	0.25	0	1	44183
88.382	0.25	0	1	44191
88.4	0.25	0	1	44200
88.416	0.25	0	1	44208
88.432	0.25	0	1	44216
88.45	0.25	0	1	44225
88.466	0.25	0	1	44233
88.482	0.25	0	1	44241
88.5	0.25	0	1	44250
88.516	0.25	0	1	44258
88.532	0.25	0	1	44266
88.55	0.25	0	1	44275
88.566	0.25	0	1	44283
88.582	0.25	0	1	44291
88.6	0.25	0	1	44300
88.616	0.25	0	1	44308
88.632	0.25	0	1	44316
88.65	0.25	0	1	44325
88.666	0.25	0	1	44333
88.682	0.25	0	1	44341
88.7	0.25	1	2	44350
88.716	0.25	1	2	44358
88.732	0.25	1	2	44366
88.75	0.25	1	2	44375
88.766	0.25	0	1	44383
88.782	0.25	0	1	44391
88.8	0.25	0	1	44400
88.816	0.25	0	1	44408
88.832	0.25	0	1	44416
88.85	0.25	0	1	44425
88.866	0.25	0	1	44433
88.882	0.25	0	1	44441
88.9	0.25	0	1	44450
88.916	0.25	0	1	44458
88.932	0.25	0	1	44466
88.95	0.25	0	1	44475
88.966	0.25	0	1	44483
88.982	0.25	0	1	44491
89.0	0.25	0	1	44500
89.016	0.25	0	1	44508
89.032	0.25	0	1	44516
89.05	0.25	0	1	44525
89.066	0.25	0	1	44533
89.082	0.25	1	2	44541
89.1	0.25	1	2	44550
89.116	0.25	1	2	44558
89.132	0.25	1	2	44566
89.15	0.25	0	1	44575
89.166	0.25	0	1	44583
89.182	0.25	0	1	44591
89.2	0.25	0	1	44600
89.216	0.25	0	1	44608
89.232	0.25	0	1	44616
89.25	0.25	0	1	44625
89.266	0.25	0	1	44633
89.282	0.25	0	1	44641
89.3	0.25	0	1	44650
89.316	0.25	0	1	44658
89.332	0.25	0	1	44666
89.35	0.25	0	1	44675
89.366	0.25	0	1	44683
89.382	0.25	1	2	44691
89.4	0.25	1	2	44700
89.416	0.25	1	2	44708
89.432	0.25	1	2	44716
89.45	0.25	0	1	44725
89.466	0.25	0	1	44733
89.482	0.25	0	1	44741
89.5	0.25	0	1	44750
89.516	0.25	0	1	44758
89.532	0.25	0	1	44766
89.55	0.25	0	1	44775
89.566	0.25	0	1	44783
89.582	0.25	0	1	44791
89.6	0.25	0	1	44800
89.616	0.25	0	1	44808
89.632	0.25	0	1	44816
89.65	0.25	0	1	44825
89.666	0.25	1	2	44833
89.682	0.25	1	2	44841
89.7	0.25	1	2	44850
89.716	0.25	1	2	44858
89.732	0.25	0	1	44866
89.75	0.25	0	1	44875
89.766	0.25	0	1	44883
89.782	0.25	0	1	44891
89.8	0.25	0	1	44900
89.816	0.25	0	1	44908
89.832	0.25	0	1	44916
89.85	0.25	0	1	44925
89.866	0.25	0	1	44933
89.882	0.25	0	1	44941
89.9	0.25	0	1	44950
89.916	0.25	0	1	44958
89.932	0.25	0	1	44966
89.95	0.25	0	1	44975
89.966	0.25	0	1	44983
89.982	0.25	0	1	44991
90.0	0.25	1	2	45000
90.016	0.25	1	2	45008
90.032	0.25	1	2	45016
90.05	0.25	1	2	45025
90.066	0.25	0	1	45033
90.082	0.25	0	1	45041
90.1	0.25	0	1	45050
90.116	0.25	0	1	45058
90.132	0.25	0	1	45066
90.15	0.25	0	1	45075
90.166	0.25	0	1	45083
90.182	0.25	0	1	45091
90.2	0.25	0	1	45100
90.216	0.25	0	1	45108
90.232	0.25	0	1	45116
90.25	0.25	0	1	45125
91.75	0.25	0	1	45875
91.766	0.25	0	1	45883
91.782	0.25	0	1	45891
91.8	0.25	0	1	45900
91.816	0.25	0	1	45908
91.832	0.25	0	1	45916
91.85	0.25	0	1	45925
91.866	0.25	0	1	45933
91.882	0.25	0	1	45941
91.9	0.25	0	1	45950
91.916	0.25	0	1	45958
91.932	0.25	0	1	45966
91.95	0.25	0	1	45975
91.966	0.25	0	1	45983
91.982	0.25	0	1	45991
92.0	0.25	1	2	46000
92.016	0.25	1	2	46008
92.032	0.25	1	2	46016
92.05	0.25	1	2	46025
92.066	0.25	0	1	46033
92.082	0.25	0	1	46041
92.1	0.25	0	1	46050
92.116	0.25	0	1	46058
92.132	0.25	0	1	46066
92.15	0.25	0	1	46075
92.166	0.25	0	1	46083
92.182	0.25	0	1	46091
92.2	0.25	0	1	46100
92.216	0.25	0	1	46108
92.232	0.25	0	1	46116
92.25	0.25	0	1	46125
92.266	0.25	0	1	46133
92.282	0.25	0	1	46141
92.3	0.25	0	1	46150
92.316	0.25	0	1	46158
92.332	0.25	0	1	46166
92.35	0.25	0	1	46175
92.366	0.25	0	1	46183
92.382	0.25	0	1	46191
92.4	0.25	0	1	46200
92.416	0.25	0	1	46208
92.432	0.25	1	2	46216
92.45	0.25	1	2	46225
92.466	0.25	1	2	46233
92.482	0.25	1	2	46241
92.5	0.25	0	1	46250
92.516	0.25	0	1	46258
92.532	0.25	0	1	46266
92.55	0.25	0	1	46275
92.566	0.25	0	1	46283
92.582	0.25	0	1	46291
92.6	0.25	0	1	46300
92.616	0.25	0	1	46308
92.632	0.25	0	1	46316
92.65	0.25	0	1	46325
92.666	0.25	0	1	46333
92.682	0.25	0	1	46341
92.7	0.25	0	1	46350
92.716	0.25	0	1	46358
92.732	0.25	0	1	46366
92.75	0.25	0	1	46375
92.766	0.25	0	1	46383
92.782	0.25	0	1	46391
92.8	0.25	0	1	46400
92.816	0.25	0	1	46408
92.832	0.25	0	1	46416
92.85	0.25	0	1	46425
92.866	0.25	0	1	46433
92.882	0.25	0	1	46441
92.9	0.25	1	2	46450
92.916	0.25	1	2	46458
92.932	0.25	1	2	46466
92.95	0.25	1	2	46475
92.966	0.25	0	1	46483
92.982	0.25	0	1	46491
93.0	0.25	0	1	46500
93.016	0.25	0	1	46508
93.032	0.25	0	1	46516
93.05	0.25	0	1	46525
93.066	0.25	0	1	46533
93.082	0.25	0	1	46541
93.1	0.25	0	1	46550
93.116	0.25	0	1	46558
93.132	0.25	0	1	46566
93.15	0.25	0	1	46575
93.166	0.25	0	1	46583
93.182	0.25	0	1	46591
93.2	0.25	1	2	46600
93.216	0.25	1	2	46608
93.232	0.25	1	2	46616
93.25	0.25	1	2	46625
93.266	0.25	0	1	46633
93.282	0.25	0	1	46641
93.3	0.25	0	1	46650
93.316	0.25	0	1	46658
93.332	0.25	0	1	46666
93.35	0.25	0	1	46675
93.366	0.25	0	1	46683
93.382	0.25	0	1	46691
93.4	0.25	0	1	46700
93.416	0.25	0	1	46708
93.432	0.25	0	1	46716
93.45	0.25	0	1	46725
93.466	0.25	0	1	46733
93.482	0.25	0	1	46741
93.5	0.25	0	1	46750
93.516	0.25	0	1	46758
93.532	0.25	0	1	46766
93.55	0.25	0	1	46775
93.566	0.25	0	1	46783
93.582	0.25	0	1	46791
93.6	0.25	0	1	46800
93.616	0.25	0	1	46808
93.632	0.25	1	2	46816
93.65	0.25	1	2	46825
93.666	0.25	1	2	46833
93.682	0.25	1	2	46841
96.35	0.25	0	1	48175
96.366	0.25	0	1	48183
96.382	0.25	0	1	48191
96.4	0.25	0	1	48200
96.416	0.25	0	1	48208
96.432	0.25	0	1	48216
96.45	0.25	0	1	48225
96.466	0.25	0	1	48233
96.482	0.25	0	1	48241
96.5	0.25	0	1	48250
96.516	0.25	0	1	48258
96.532	0.25	0	1	48266
96.55	0.25	0	1	48275
96.566	0.25	0	1	48283
96.582	0.25	0	1	48291
96.6	0.25	1	2	48300
96.616	0.25	1	2	48308
96.632	0.25	1	2	48316
96.65	0.25	1	2	48325
96.666	0.25	0	1	48333
96.682	0.25	0	1	48341
96.7	0.25	0	1	48350
96.716	0.25	0	1	48358
96.732	0.25	0	1	48366
96.75	0.25	0	1	48375
96.766	0.25	0	1	48383
96.782	0.25	0	1	48391
96.8	0.25	0	1	48400
96.816	0.25	0	1	48408
96.832	0.25	0	1	48416
96.85	0.25	0	1	48425
96.866	0.25	0	1	48433
96.882	0.25	0	1	48441
96.9	0.25	0	1	48450
96.916	0.25	0	1	48458
96.932	0.25	0	1	48466
96.95	0.25	0	1	48475
96.966	0.25	0	1	48483
96.982	0.25	0	1	48491
97.0	0.25	0	1	48500
97.016	0.25	0	1	48508
97.032	0.25	1	2	48516
97.05	0.25	1	2	48525
97.066	0.25	1	2	48533
97.082	0.25	1	2	48541
97.1	0.25	0	1	48550
97.116	0.25	0	1	48558
97.132	0.25	0	1	48566
97.15	0.25	0	1	48575
97.166	0.25	0	1	48583
97.182	0.25	0	1	48591
97.2	0.25	0	1	48600
97.216	0.25	0	1	48608
97.232	0.25	0	1	48616
97.25	0.25	0	1	48625
97.266	0.25	0	1	48633
97.282	0.25	0	1	48641
97.3	0.25	0	1	48650
97.316	0.25	0	1	48658
97.332	0.25	0	1	48666
97.35	0.25	0	1	48675
97.366	0.25	0	1	48683
97.382	0.25	0	1	48691
97.4	0.25	0	1	48700
97.416	0.25	0	1	48708
97.432	0.25	0	1	48716
97.45	0.25	0	1	48725
97.466	0.25	0	1	48733
97.482	0.25	0	1	48741
97.5	0.25	1	2	48750
97.516	0.25	1	2	48758
97.532	0.25	1	2	48766
97.55	0.25	1	2	48775
97.566	0.25	0	1	48783
97.582	0.25	0	1	48791
97.6	0.25	0	1	48800
97.616	0.25	0	1	48808
97.632	0.25	0	1	48816
97.65	0.25	0	1	48825
97.666	0.25	0	1	48833
97.682	0.25	0	1	48841
97.7	0.25	0	1	48850
97.716	0.25	0	1	48858
97.732	0.25	0	1	48866
97.75	0.25	0	1	48875
97.766	0.25	0	1	48883
97.782	0.25	0	1	48891
97.8	0.25	1	2	48900
97.816	0.25	1	2	48908
97.832	0.25	1	2	48916
97.85	0.25	1	2	48925
97.866	0.25	0	1	48933
97.882	0.25	0	1	48941
97.9	0.25	0	1	48950
97.916	0.25	0	1	48958
97.932	0.25	0	1	48966
97.95	0.25	0	1	48975
97.966	0.25	0	1	48983
97.982	0.25	0	1	48991
98.0	0.25	0	1	49000
98.016	0.25	0	1	49008
98.032	0.25	0	1	49016
98.05	0.25	0	1	49025
98.066	0.25	0	1	49033
98.082	0.25	0	1	49041
98.1	0.25	0	1	49050
98.116	0.25	0	1	49058
98.132	0.25	0	1	49066
98.15	0.25	0	1	49075
98.166	0.25	0	1	49083
98.182	0.25	0	1	49091
98.2	0.25	0	1	49100
98.216	0.25	0	1	49108
98.232	0.25	1	2	49116
98.25	0.25	1	2	49125
98.266	0.25	1	2	49133
98.282	0.25	1	2	49141
99.766	0.25	0	1	49883
99.782	0.25	0	1	49891
99.8	0.25	0	1	49900
99.816	0.25	0	1	49908
99.832	0.25	0	1	49916
99.85	0.25	0	1	49925
99.866	0.25	0	1	49933
99.882	0.25	0	1	49941
99.9	0.25	0	1	49950
99.916	0.25	0	1	49958
99.932	0.25	0	1	49966
99.95	0.25	0	1	49975
99.966	0.25	0	1	49983
99.982	0.25	0	1	49991
100.0	0.25	0	1	50000
100.016	0.25	0	1	50008
100.032	0.25	0	1	50016
100.05	0.25	0	1	50025
100.066	0.25	0	1	50033
100.082	0.25	0	1	50041
100.1	0.25	0	1	50050
100.116	0.25	0	1	50058
100.132	0.25	0	1	50066
100.15	0.25	1	2	50075
100.166	0.25	1	2	50083
100.182	0.25	1	2	50091
100.2	0.25	1	2	50100
100.216	0.25	0	1	50108
100.232	0.25	0	1	50116
100.25	0.25	0	1	50125
100.266	0.25	0	1	50133
100.282	0.25	0	1	50141
100.3	0.25	0	1	50150
100.316	0.25	0	1	50158
100.332	0.25	0	1	50166
100.35	0.25	0	1	50175
100.366	0.25	0	1	50183
100.382	0.25	0	1	50191
100.4	0.25	0	1	50200
100.416	0.25	0	1	50208
100.432	0.25	0	1	50216
100.45	0.25	0	1	50225
100.466	0.25	0	1	50233
100.482	0.25	0	1	50241
100.5	0.25	0	1	50250
100.516	0.25	0	1	50258
100.532	0.25	1	2	50266
100.55	0.25	1	2	50275
100.566	0.25	1	2	50283
100.582	0.25	1	2	50291
100.6	0.25	0	1	50300
100.616	0.25	0	1	50308
100.632	0.25	0	1	50316
100.65	0.25	0	1	50325
100.666	0.25	0	1	50333
100.682	0.25	0	1	50341
100.7	0.25	0	1	50350
100.716	0.25	0	1	50358
100.732	0.25	0	1	50366
100.75	0.25	0	1	50375
100.766	0.25	0	1	50383
100.782	0.25	0	1	50391
100.8	0.25	0	1	50400
100.816	0.25	0	1	50408
100.832	0.25	1	2	50416
100.85	0.25	1	2	50425
100.866	0.25	1	2	50433
100.882	0.25	1	2	50441
100.9	0.25	0	1	50450
100.916	0.25	0	1	50458
100.932	0.25	0	1	50466
100.95	0.25	0	1	50475
100.966	0.25	0	1	50483
100.982	0.25	0	1	50491
101.0	0.25	0	1	50500
101.016	0.25	0	1	50508
101.032	0.25	0	1	50516
101.05	0.25	0	1	50525
101.066	0.25	0	1	50533
101.082	0.25	0	1	50541
101.1	0.25	0	1	50550
101.116	0.25	1	2	50558
101.132	0.25	1	2	50566
101.15	0.25	1	2	50575
101.166	0.25	1	2	50583
101.182	0.25	0	1	50591
101.2	0.25	0	1	50600
101.216	0.25	0	1	50608
101.232	0.25	0	1	50616
101.25	0.25	0	1	50625
101.266	0.25	0	1	50633
101.282	0.25	0	1	50641
101.3	0.25	0	1	50650
101.316	0.25	0	1	50658
101.332	0.25	0	1	50666
101.35	0.25	0	1	50675
101.366	0.25	0	1	50683
101.382	0.25	0	1	50691
101.4	0.25	0	1	50700
101.416	0.25	0	1	50708
101.432	0.25	0	1	50716
101.45	0.25	1	2	50725
101.466	0.25	1	2	50733
101.482	0.25	1	2	50741
101.5	0.25	1	2	50750
101.516	0.25	0	1	50758
101.532	0.25	0	1	50766
101.55	0.25	0	1	50775
101.566	0.25	0	1	50783
101.582	0.25	0	1	50791
101.6	0.25	0	1	50800
101.616	0.25	0	1	50808
101.632	0.25	0	1	50816
101.65	0.25	0	1	50825
101.666	0.25	0	1	50833
101.682	0.25	0	1	50841
101.7	0.25	0	1	50850
103.2	0.25	0	1	51600
103.216	0.25	1	2	51608
103.232	0.25	1	2	51616
103.25	0.25	1	2	51625
103.266	0.25	1	2	51633
103.282	0.25	0	1	51641
103.3	0.25	0	1	51650
103.316	0.25	0	1	51658
103.332	0.25	0	1	51666
103.35	0.25	0	1	51675
103.366	0.25	0	1	51683
103.382	0.25	0	1	51691
103.4	0.25	0	1	51700
103.416	0.25	0	1	51708
103.432	0.25	0	1	51716
103.45	0.25	0	1	51725
103.466	0.25	0	1	51733
103.482	0.25	0	1	51741
103.5	0.25	0	1	51750
103.516	0.25	0	1	51758
103.532	0.25	0	1	51766
103.55	0.25	0	1	51775
103.566	0.25	0	1	51783
103.582	0.25	0	1	51791
103.6	0.25	0	1	51800
103.616	0.25	0	1	51808
103.632	0.25	0	1	51816
103.65	0.25	0	1	51825
103.666	0.25	0	1	51833
103.682	0.25	0	1	51841
103.7	0.25	1	2	51850
103.716	0.25	1	2	51858
103.732	0.25	1	2	51866
103.75	0.25	1	2	51875
103.766	0.25	0	1	51883
103.782	0.25	0	1	51891
103.8	0.25	0	1	51900
103.816	0.25	0	1	51908
103.832	0.25	0	1	51916
103.85	0.25	0	1	51925
103.866	0.25	0	1	51933
103.882	0.25	0	1	51941
103.9	0.25	0	1	51950
103.916	0.25	0	1	51958
103.932	0.25	0	1	51966
103.95	0.25	0	1	51975
103.966	0.25	0	1	51983
103.982	0.25	0	1	51991
104.0	0.25	0	1	52000
104.016	0.25	0	1	52008
104.032	0.25	0	1	52016
104.05	0.25	0	1	52025
104.066	0.25	0	1	52033
104.082	0.25	0	1	52041
104.1	0.25	0	1	52050
104.116	0.25	0	1	52058
104.132	0.25	0	1	52066
104.15	0.25	0	1	52075
104.166	0.25	1	2	52083
104.182	0.25	1	2	52091
104.2	0.25	1	2	52100
104.216	0.25	1	2	52108
104.232	0.25	0	1	52116
104.25	0.25	0	1	52125
104.266	0.25	0	1	52133
104.282	0.25	0	1	52141
104.3	0.25	0	1	52150
104.316	0.25	0	1	52158
104.332	0.25	0	1	52166
104.35	0.25	0	1	52175
104.366	0.25	0	1	52183
104.382	0.25	0	1	52191
104.4	0.25	0	1	52200
104.416	0.25	0	1	52208
104.432	0.25	0	1	52216
104.45	0.25	0	1	52225
104.466	0.25	0	1	52233
104.482	0.25	0	1	52241
104.5	0.25	0	1	52250
104.516	0.25	0	1	52258
104.532	0.25	0	1	52266
104.55	0.25	0	1	52275
104.566	0.25	0	1	52283
104.582	0.25	1	2	52291
104.6	0.25	1	2	52300
104.616	0.25	1	2	52308
104.632	0.25	1	2	52316
104.65	0.25	0	1	52325
104.666	0.25	0	1	52333
104.682	0.25	0	1	52341
104.7	0.25	0	1	52350
104.716	0.25	0	1	52358
104.732	0.25	0	1	52366
104.75	0.25	0	1	52375
104.766	0.25	0	1	52383
104.782	0.25	0	1	52391
104.8	0.25	0	1	52400
104.816	0.25	0	1	52408
104.832	0.25	0	1	52416
104.85	0.25	0	1	52425
104.866	0.25	0	1	52433
104.882	0.25	0	1	52441
104.9	0.25	0	1	52450
104.916	0.25	0	1	52458
104.932	0.25	0	1	52466
104.95	0.25	0	1	52475
104.966	0.25	0	1	52483
104.982	0.25	0	1	52491
105.0	0.25	0	1	52500
105.016	0.25	1	2	52508
105.032	0.25	1	2	52516
105.05	0.25	1	2	52525
105.066	0.25	1	2	52533
105.082	0.25	0	1	52541
105.1	0.25	0	1	52550
105.116	0.25	0	1	52558
105.132	0.25	0	1	52566
106.6	0.25	0	1	53300
106.616	0.25	0	1	53308
106.632	0.25	0	1	53316
106.65	0.25	0	1	53325
106.666	0.25	0	1	53333
106.682	0.25	0	1	53341
106.7	0.25	0	1	53350
106.716	0.25	0	1	53358
106.732	0.25	0	1	53366
106.75	0.25	0	1	53375
106.766	0.25	0	1	53383
106.782	0.25	0	1	53391
106.8	0.25	0	1	53400
106.816	0.25	0	1	53408
106.832	0.25	0	1	53416
106.85	0.25	0	1	53425
106.866	0.25	0	1	53433
106.882	0.25	0	1	53441
106.9	0.25	1	2	53450
106.916	0.25	1	2	53458
106.932	0.25	1	2	53466
106.95	0.25	1	2	53475
106.966	0.25	0	1	53483
106.982	0.25	0	1	53491
107.0	0.25	0	1	53500
107.016	0.25	0	1	53508
107.032	0.25	0	1	53516
107.05	0.25	0	1	53525
107.066	0.25	0	1	53533
107.082	0.25	0	1	53541
107.1	0.25	0	1	53550
107.116	0.25	0	1	53558
107.132	0.25	0	1	53566
107.15	0.25	0	1	53575
107.166	0.25	0	1	53583
107.182	0.25	0	1	53591
107.2	0.25	0	1	53600
107.216	0.25	0	1	53608
107.232	0.25	0	1	53616
107.25	0.25	0	1	53625
107.266	0.25	0	1	53633
107.282	0.25	0	1	53641
107.3	0.25	1	2	53650
107.316	0.25	1	2	53658
107.332	0.25	1	2	53666
107.35	0.25	1	2	53675
107.366	0.25	0	1	53683
107.382	0.25	0	1	53691
107.4	0.25	0	1	53700
107.416	0.25	0	1	53708
107.432	0.25	0	1	53716
107.45	0.25	0	1	53725
107.466	0.25	0	1	53733
107.482	0.25	0	1	53741
107.5	0.25	0	1	53750
107.516	0.25	0	1	53758
107.532	0.25	0	1	53766
107.55	0.25	0	1	53775
107.566	0.25	0	1	53783
107.582	0.25	1	2	53791
107.6	0.25	1	2	53800
107.616	0.25	1	2	53808
107.632	0.25	1	2	53816
107.65	0.25	0	1	53825
107.666	0.25	0	1	53833
107.682	0.25	0	1	53841
107.7	0.25	0	1	53850
107.716	0.25	0	1	53858
107.732	0.25	0	1	53866
107.75	0.25	0	1	53875
107.766	0.25	0	1	53883
107.782	0.25	0	1	53891
107.8	0.25	0	1	53900
107.816	0.25	0	1	53908
107.832	0.25	0	1	53916
107.85	0.25	0	1	53925
107.866	0.25	0	1	53933
107.882	0.25	0	1	53941
107.9	0.25	0	1	53950
107.916	0.25	0	1	53958
107.932	0.25	0	1	53966
107.95	0.25	1	2	53975
107.966	0.25	1	2	53983
107.982	0.25	1	2	53991
108.0	0.25	1	2	54000
108.016	0.25	0	1	54008
108.032	0.25	0	1	54016
108.05	0.25	0	1	54025
108.066	0.25	0	1	54033
108.082	0.25	0	1	54041
108.1	0.25	0	1	54050
108.116	0.25	0	1	54058
108.132	0.25	0	1	54066
108.15	0.25	0	1	54075
108.166	0.25	0	1	54083
108.182	0.25	0	1	54091
108.2	0.25	0	1	54100
108.216	0.25	0	1	54108
108.232	0.25	0	1	54116
108.25	0.25	0	1	54125
108.266	0.25	0	1	54133
108.282	0.25	0	1	54141
108.3	0.25	0	1	54150
108.316	0.25	0	1	54158
108.332	0.25	0	1	54166
108.35	0.25	0	1	54175
108.366	0.25	0	1	54183
108.382	0.25	0	1	54191
108.4	0.25	0	1	54200
108.416	0.25	1	2	54208
108.432	0.25	1	2	54216
108.45	0.25	1	2	54225
108.466	0.25	1	2	54233
108.482	0.25	0	1	54241
108.5	0.25	0	1	54250
108.516	0.25	0	1	54258
108.532	0.25	0	1	54266
110.966	0.25	0	1	55483
110.982	0.25	1	2	55491
111.0	0.25	1	2	55500
111.016	0.25	1	2	55508
111.032	0.25	1	2	55516
111.05	0.25	0	1	55525
111.066	0.25	0	1	55533
111.082	0.25	0	1	55541
111.1	0.25	0	1	55550
111.116	0.25	0	1	55558
111.132	0.25	0	1	55566
111.15	0.25	0	1	55575
111.166	0.25	0	1	55583
111.182	0.25	0	1	55591
111.2	0.25	0	1	55600
111.216	0.25	0	1	55608
111.232	0.25	0	1	55616
111.25	0.25	0	1	55625
111.266	0.25	0	1	55633
111.282	0.25	0	1	55641
111.3	0.25	0	1	55650
111.316	0.25	0	1	55658
111.332	0.25	0	1	55666
111.35	0.25	0	1	55675
111.366	0.25	0	1	55683
111.382	0.25	0	1	55691
111.4	0.25	0	1	55700
111.416	0.25	0	1	55708
111.432	0.25	0	1	55716
111.45	0.25	0	1	55725
111.466	0.25	1	2	55733
111.482	0.25	1	2	55741
111.5	0.25	1	2	55750
111.516	0.25	1	2	55758
111.532	0.25	0	1	55766
111.55	0.25	0	1	55775
111.566	0.25	0	1	55783
111.582	0.25	0	1	55791
111.6	0.25	0	1	55800
111.616	0.25	0	1	55808
111.632	0.25	0	1	55816
111.65	0.25	0	1	55825
111.666	0.25	0	1	55833
111.682	0.25	0	1	55841
111.7	0.25	0	1	55850
111.716	0.25	0	1	55858
111.732	0.25	0	1	55866
111.75	0.25	0	1	55875
111.766	0.25	0	1	55883
111.782	0.25	0	1	55891
111.8	0.25	0	1	55900
111.816	0.25	0	1	55908
111.832	0.25	0	1	55916
111.85	0.25	0	1	55925
111.866	0.25	0	1	55933
111.882	0.25	0	1	55941
111.9	0.25	0	1	55950
111.916	0.25	0	1	55958
111.932	0.25	1	2	55966
111.95	0.25	1	2	55975
111.966	0.25	1	2	55983
111.982	0.25	1	2	55991
112.0	0.25	0	1	56000
112.016	0.25	0	1	56008
112.032	0.25	0	1	56016
112.05	0.25	0	1	56025
112.066	0.25	0	1	56033
112.082	0.25	0	1	56041
112.1	0.25	0	1	56050
112.116	0.25	0	1	56058
112.132	0.25	0	1	56066
112.15	0.25	0	1	56075
112.166	0.25	0	1	56083
112.182	0.25	0	1	56091
112.2	0.25	0	1	56100
112.216	0.25	0	1	56108
112.232	0.25	0	1	56116
112.25	0.25	0	1	56125
112.266	0.25	0	1	56133
112.282	0.25	0	1	56141
112.3	0.25	0	1	56150
112.316	0.25	0	1	56158
112.332	0.25	0	1	56166
112.35	0.25	1	2	56175
112.366	0.25	1	2	56183
112.382	0.25	1	2	56191
112.4	0.25	1	2	56200
112.416	0.25	0	1	56208
112.432	0.25	0	1	56216
112.45	0.25	0	1	56225
112.466	0.25	0	1	56233
112.482	0.25	0	1	56241
112.5	0.25	0	1	56250
112.516	0.25	0	1	56258
112.532	0.25	0	1	56266
112.55	0.25	0	1	56275
112.566	0.25	0	1	56283
112.582	0.25	0	1	56291
112.6	0.25	0	1	56300
112.616	0.25	0	1	56308
112.632	0.25	0	1	56316
112.65	0.25	0	1	56325
112.666	0.25	0	1	56333
112.682	0.25	0	1	56341
112.7	0.25	0	1	56350
112.716	0.25	0	1	56358
112.732	0.25	0	1	56366
112.75	0.25	0	1	56375
112.766	0.25	0	1	56383
112.782	0.25	1	2	56391
112.8	0.25	1	2	56400
112.816	0.25	1	2	56408
112.832	0.25	1	2	56416
112.85	0.25	0	1	56425
112.866	0.25	0	1	56433
112.882	0.25	0	1	56441
112.9	0.25	0	1	56450
114.382	0.25	0	1	57191
114.4	0.25	0	1	57200
114.416	0.25	0	1	57208
114.432	0.25	0	1	57216
114.45	0.25	0	1	57225
114.466	0.25	0	1	57233
114.482	0.25	0	1	57241
114.5	0.25	0	1	57250
114.516	0.25	0	1	57258
114.532	0.25	0	1	57266
114.55	0.25	0	1	57275
114.566	0.25	0	1	57283
114.582	0.25	0	1	57291
114.6	0.25	0	1	57300
114.616	0.25	0	1	57308
114.632	0.25	0	1	57316
114.65	0.25	0	1	57325
114.666	0.25	0	1	57333
114.682	0.25	1	2	57341
114.7	0.25	1	2	57350
114.716	0.25	1	2	57358
114.732	0.25	1	2	57366
114.75	0.25	0	1	57375
114.766	0.25	0	1	57383
114.782	0.25	0	1	57391
114.8	0.25	0	1	57400
114.816	0.25	0	1	57408
114.832	0.25	0	1	57416
114.85	0.25	0	1	57425
114.866	0.25	0	1	57433
114.882	0.25	0	1	57441
114.9	0.25	0	1	57450
114.916	0.25	0	1	57458
114.932	0.25	0	1	57466
114.95	0.25	0	1	57475
114.966	0.25	0	1	57483
114.982	0.25	0	1	57491
115.0	0.25	0	1	57500
115.016	0.25	0	1	57508
115.032	0.25	0	1	57516
115.05	0.25	0	1	57525
115.066	0.25	0	1	57533
115.082	0.25	1	2	57541
115.1	0.25	1	2	57550
115.116	0.25	1	2	57558
115.132	0.25	1	2	57566
115.15	0.25	0	1	57575
115.166	0.25	0	1	57583
115.182	0.25	0	1	57591
115.2	0.25	0	1	57600
115.216	0.25	0	1	57608
115.232	0.25	0	1	57616
115.25	0.25	0	1	57625
115.266	0.25	0	1	57633
115.282	0.25	0	1	57641
115.3	0.25	0	1	57650
115.316	0.25	0	1	57658
115.332	0.25	0	1	57666
115.35	0.25	0	1	57675
115.366	0.25	1	2	57683
115.382	0.25	1	2	57691
115.4	0.25	1	2	57700
115.416	0.25	1	2	57708
115.432	0.25	0	1	57716
115.45	0.25	0	1	57725
115.466	0.25	0	1	57733
115.482	0.25	0	1	57741
115.5	0.25	0	1	57750
115.516	0.25	0	1	57758
115.532	0.25	0	1	57766
115.55	0.25	0	1	57775
115.566	0.25	0	1	57783
115.582	0.25	0	1	57791
115.6	0.25	0	1	57800
115.616	0.25	0	1	57808
115.632	0.25	0	1	57816
115.65	0.25	0	1	57825
115.666	0.25	0	1	57833
115.682	0.25	0	1	57841
115.7	0.25	0	1	57850
115.716	0.25	0	1	57858
115.732	0.25	1	2	57866
115.75	0.25	1	2	57875
115.766	0.25	1	2	57883
115.782	0.25	1	2	57891
115.8	0.25	0	1	57900
115.816	0.25	0	1	57908
115.832	0.25	0	1	57916
115.85	0.25	0	1	57925
115.866	0.25	0	1	57933
115.882	0.25	0	1	57941
115.9	0.25	0	1	57950
115.916	0.25	0	1	57958
115.932	0.25	0	1	57966
115.95	0.25	0	1	57975
115.966	0.25	0	1	57983
115.982	0.25	0	1	57991
116.0	0.25	0	1	58000
116.016	0.25	0	1	58008
116.032	0.25	0	1	58016
116.05	0.25	0	1	58025
116.066	0.25	0	1	58033
116.082	0.25	0	1	58041
116.1	0.25	0	1	58050
116.116	0.25	0	1	58058
116.132	0.25	0	1	58066
116.15	0.25	0	1	58075
116.166	0.25	0	1	58083
116.182	0.25	0	1	58091
116.2	0.25	1	2	58100
116.216	0.25	1	2	58108
116.232	0.25	1	2	58116
116.25	0.25	1	2	58125
116.266	0.25	0	1	58133
116.282	0.25	0	1	58141
116.3	0.25	0	1	58150
116.316	0.25	0	1	58158
117.8	0.25	0	1	58900
117.816	0.25	0	1	58908
117.832	0.25	0	1	58916
117.85	0.25	0	1	58925
117.866	0.25	0	1	58933
117.882	0.25	0	1	58941
117.9	0.25	0	1	58950
117.916	0.25	0	1	58958
117.932	0.25	0	1	58966
117.95	0.25	0	1	58975
117.966	0.25	0	1	58983
117.982	0.25	0	1	58991
118.0	0.25	0	1	59000
118.016	0.25	0	1	59008
118.032	0.25	0	1	59016
118.05	0.25	1	2	59025
118.066	0.25	1	2	59033
118.082	0.25	1	2	59041
118.1	0.25	1	2	59050
118.116	0.25	0	1	59058
118.132	0.25	0	1	59066
118.15	0.25	0	1	59075
118.166	0.25	0	1	59083
118.182	0.25	0	1	59091
118.2	0.25	0	1	59100
118.216	0.25	0	1	59108
118.232	0.25	0	1	59116
118.25	0.25	0	1	59125
118.266	0.25	0	1	59133
118.282	0.25	0	1	59141
118.3	0.25	0	1	59150
118.316	0.25	0	1	59158
118.332	0.25	0	1	59166
118.35	0.25	0	1	59175
118.366	0.25	0	1	59183
118.382	0.25	0	1	59191
118.4	0.25	0	1	59200
118.416	0.25	0	1	59208
118.432	0.25	0	1	59216
118.45	0.25	0	1	59225
118.466	0.25	0	1	59233
118.482	0.25	1	2	59241
118.5	0.25	1	2	59250
118.516	0.25	1	2	59258
118.532	0.25	1	2	59266
118.55	0.25	0	1	59275
118.566	0.25	0	1	59283
118.582	0.25	0	1	59291
118.6	0.25	0	1	59300
118.616	0.25	0	1	59308
118.632	0.25	0	1	59316
118.65	0.25	0	1	59325
118.666	0.25	0	1	59333
118.682	0.25	0	1	59341
118.7	0.25	0	1	59350
118.716	0.25	0	1	59358
118.732	0.25	0	1	59366
118.75	0.25	0	1	59375
118.766	0.25	0	1	59383
118.782	0.25	0	1	59391
118.8	0.25	0	1	59400
118.816	0.25	0	1	59408
118.832	0.25	0	1	59416
118.85	0.25	0	1	59425
118.866	0.25	0	1	59433
118.882	0.25	0	1	59441
118.9	0.25	0	1	59450
118.916	0.25	0	1	59458
118.932	0.25	0	1	59466
118.95	0.25	1	2	59475
118.966	0.25	1	2	59483
118.982	0.25	1	2	59491
119.0	0.25	1	2	59500
119.016	0.25	0	1	59508
119.032	0.25	0	1	59516
119.05	0.25	0	1	59525
119.066	0.25	0	1	59533
119.082	0.25	0	1	59541
119.1	0.25	0	1	59550
119.116	0.25	0	1	59558
119.132	0.25	0	1	59566
119.15	0.25	0	1	59575
119.166	0.25	0	1	59583
119.182	0.25	0	1	59591
119.2	0.25	0	1	59600
119.216	0.25	0	1	59608
119.232	0.25	0	1	59616
119.25	0.25	1	2	59625
119.266	0.25	1	2	59633
119.282	0.25	1	2	59641
119.3	0.25	1	2	59650
119.316	0.25	0	1	59658
119.332	0.25	0	1	59666
119.35	0.25	0	1	59675
119.366	0.25	0	1	59683
119.382	0.25	0	1	59691
119.4	0.25	0	1	59700
119.416	0.25	0	1	59708
119.432	0.25	0	1	59716
119.45	0.25	0	1	59725
119.466	0.25	0	1	59733
119.482	0.25	0	1	59741
119.5	0.25	0	1	59750
119.516	0.25	0	1	59758
119.532	0.25	0	1	59766
119.55	0.25	0	1	59775
119.566	0.25	0	1	59783
119.582	0.25	0	1	59791
119.6	0.25	0	1	59800
119.616	0.25	0	1	59808
119.632	0.25	0	1	59816
119.65	0.25	0	1	59825
119.666	0.25	0	1	59833
119.682	0.25	1	2	59841
119.7	0.25	1	2	59850
119.716	0.25	1	2	59858
119.732	0.25	1	2	59866
121.216	0.25	0	1	60608
121.232	0.25	0	1	60616
121.25	0.25	0	1	60625
121.266	0.25	0	1	60633
121.282	0.25	0	1	60641
121.3	0.25	0	1	60650
121.316	0.25	0	1	60658
121.332	0.25	0	1	60666
121.35	0.25	0	1	60675
121.366	0.25	0	1	60683
121.382	0.25	0	1	60691
121.4	0.25	0	1	60700
121.416	0.25	0	1	60708
121.432	0.25	0	1	60716
121.45	0.25	0	1	60725
121.466	0.25	0	1	60733
121.482	0.25	0	1	60741
121.5	0.25	0	1	60750
121.516	0.25	0	1	60758
121.532	0.25	0	1	60766
121.55	0.25	0	1	60775
121.566	0.25	0	1	60783
121.582	0.25	0	1	60791
121.6	0.25	1	2	60800
121.616	0.25	1	2	60808
121.632	0.25	1	2	60816
121.65	0.25	1	2	60825
121.666	0.25	0	1	60833
121.682	0.25	0	1	60841
121.7	0.25	0	1	60850
121.716	0.25	0	1	60858
121.732	0.25	0	1	60866
121.75	0.25	0	1	60875
121.766	0.25	0	1	60883
121.782	0.25	0	1	60891
121.8	0.25	0	1	60900
121.816	0.25	0	1	60908
121.832	0.25	0	1	60916
121.85	0.25	0	1	60925
121.866	0.25	0	1	60933
121.882	0.25	0	1	60941
121.9	0.25	0	1	60950
121.916	0.25	0	1	60958
121.932	0.25	0	1	60966
121.95	0.25	0	1	60975
121.966	0.25	0	1	60983
121.982	0.25	1	2	60991
122.0	0.25	1	2	61000
122.016	0.25	1	2	61008
122.032	0.25	1	2	61016
122.05	0.25	0	1	61025
122.066	0.25	0	1	61033
122.082	0.25	0	1	61041
122.1	0.25	0	1	61050
122.116	0.25	0	1	61058
122.132	0.25	0	1	61066
122.15	0.25	0	1	61075
122.166	0.25	0	1	61083
122.182	0.25	0	1	61091
122.2	0.25	0	1	61100
122.216	0.25	0	1	61108
122.232	0.25	0	1	61116
122.25	0.25	0	1	61125
122.266	0.25	0	1	61133
122.282	0.25	1	2	61141
122.3	0.25	1	2	61150
122.316	0.25	1	2	61158
122.332	0.25	1	2	61166
122.35	0.25	0	1	61175
122.366	0.25	0	1	61183
122.382	0.25	0	1	61191
122.4	0.25	0	1	61200
122.416	0.25	0	1	61208
122.432	0.25	0	1	61216
122.45	0.25	0	1	61225
122.466	0.25	0	1	61233
122.482	0.25	0	1	61241
122.5	0.25	0	1	61250
122.516	0.25	0	1	61258
122.532	0.25	0	1	61266
122.55	0.25	0	1	61275
122.566	0.25	1	2	61283
122.582	0.25	1	2	61291
122.6	0.25	1	2	61300
122.616	0.25	1	2	61308
122.632	0.25	0	1	61316
122.65	0.25	0	1	61325
122.666	0.25	0	1	61333
122.682	0.25	0	1	61341
122.7	0.25	0	1	61350
122.716	0.25	0	1	61358
122.732	0.25	0	1	61366
122.75	0.25	0	1	61375
122.766	0.25	0	1	61383
122.782	0.25	0	1	61391
122.8	0.25	0	1	61400
122.816	0.25	0	1	61408
122.832	0.25	0	1	61416
122.85	0.25	0	1	61425
122.866	0.25	0	1	61433
122.882	0.25	0	1	61441
122.9	0.25	1	2	61450
122.916	0.25	1	2	61458
122.932	0.25	1	2	61466
122.95	0.25	1	2	61475
122.966	0.25	0	1	61483
122.982	0.25	0	1	61491
123.0	0.25	0	1	61500
123.016	0.25	0	1	61508
123.032	0.25	0	1	61516
123.05	0.25	0	1	61525
123.066	0.25	0	1	61533
123.082	0.25	0	1	61541
123.1	0.25	0	1	61550
123.116	0.25	0	1	61558
123.132	0.25	0	1	61566
123.15	0.25	0	1	61575
125.45	0.25	0	1	62725
125.466	0.25	0	1	62733
125.482	0.25	0	1	62741
125.5	0.25	0	1	62750
125.516	0.25	0	1	62758
125.532	0.25	0	1	62766
125.55	0.25	0	1	62775
125.566	0.25	0	1	62783
125.582	0.25	0	1	62791
125.6	0.25	0	1	62800
125.616	0.25	0	1	62808
125.632	0.25	0	1	62816
125.65	0.25	0	1	62825
125.666	0.25	0	1	62833
125.682	0.25	0	1	62841
125.7	0.25	0	1	62850
125.716	0.25	0	1	62858
125.732	0.25	0	1	62866
125.75	0.25	0	1	62875
125.766	0.25	0	1	62883
125.782	0.25	0	1	62891
125.8	0.25	0	1	62900
125.816	0.25	0	1	62908
125.832	0.25	1	2	62916
125.85	0.25	1	2	62925
125.866	0.25	1	2	62933
125.882	0.25	1	2	62941
125.9	0.25	0	1	62950
125.916	0.25	0	1	62958
125.932	0.25	0	1	62966
125.95	0.25	0	1	62975
125.966	0.25	0	1	62983
125.982	0.25	0	1	62991
126.0	0.25	0	1	63000
126.016	0.25	0	1	63008
126.032	0.25	0	1	63016
126.05	0.25	0	1	63025
126.066	0.25	0	1	63033
126.082	0.25	0	1	63041
126.1	0.25	0	1	63050
126.116	0.25	0	1	63058
126.132	0.25	0	1	63066
126.15	0.25	0	1	63075
126.166	0.25	0	1	63083
126.182	0.25	0	1	63091
126.2	0.25	0	1	63100
126.216	0.25	1	2	63108
126.232	0.25	1	2	63116
126.25	0.25	1	2	63125
126.266	0.25	1	2	63133
126.282	0.25	0	1	63141
126.3	0.25	0	1	63150
126.316	0.25	0	1	63158
126.332	0.25	0	1	63166
126.35	0.25	0	1	63175
126.366	0.25	0	1	63183
126.382	0.25	0	1	63191
126.4	0.25	0	1	63200
126.416	0.25	0	1	63208
126.432	0.25	0	1	63216
126.45	0.25	0	1	63225
126.466	0.25	0	1	63233
126.482	0.25	0	1	63241
126.5	0.25	0	1	63250
126.516	0.25	1	2	63258
126.532	0.25	1	2	63266
126.55	0.25	1	2	63275
126.566	0.25	1	2	63283
126.582	0.25	0	1	63291
126.6	0.25	0	1	63300
126.616	0.25	0	1	63308
126.632	0.25	0	1	63316
126.65	0.25	0	1	63325
126.666	0.25	0	1	63333
126.682	0.25	0	1	63341
126.7	0.25	0	1	63350
126.716	0.25	0	1	63358
126.732	0.25	0	1	63366
126.75	0.25	0	1	63375
126.766	0.25	0	1	63383
126.782	0.25	0	1	63391
126.8	0.25	1	2	63400
126.816	0.25	1	2	63408
126.832	0.25	1	2	63416
126.85	0.25	1	2	63425
126.866	0.25	0	1	63433
126.882	0.25	0	1	63441
126.9	0.25	0	1	63450
126.916	0.25	0	1	63458
126.932	0.25	0	1	63466
126.95	0.25	0	1	63475
126.966	0.25	0	1	63483
126.982	0.25	0	1	63491
127.0	0.25	0	1	63500
127.016	0.25	0	1	63508
127.032	0.25	0	1	63516
127.05	0.25	0	1	63525
127.066	0.25	0	1	63533
127.082	0.25	0	1	63541
127.1	0.25	0	1	63550
127.116	0.25	0	1	63558
127.132	0.25	1	2	63566
127.15	0.25	1	2	63575
127.166	0.25	1	2	63583
127.182	0.25	1	2	63591
127.2	0.25	0	1	63600
127.216	0.25	0	1	63608
127.232	0.25	0	1	63616
127.25	0.25	0	1	63625
127.266	0.25	0	1	63633
127.282	0.25	0	1	63641
127.3	0.25	0	1	63650
127.316	0.25	0	1	63658
127.332	0.25	0	1	63666
127.35	0.25	0	1	63675
127.366	0.25	0	1	63683
127.382	0.25	0	1	63691
128.866	0.25	0	1	64433
128.882	0.25	0	1	64441
128.9	0.25	0	1	64450
128.916	0.25	0	1	64458
128.932	0.25	0	1	64466
128.948	0.25	0	1	64474
128.966	0.25	0	1	64483
128.982	0.25	0	1	64491
129.0	0.25	0	1	64500
129.016	0.25	0	1	64508
129.032	0.25	0	1	64516
129.05	0.25	0	1	64525
129.066	0.25	0	1	64533
129.082	0.25	0	1	64541
129.1	0.25	0	1	64550
129.116	0.25	1	2	64558
129.132	0.25	1	2	64566
129.15	0.25	1	2	64575
129.166	0.25	1	2	64583
129.182	0.25	0	1	64591
129.198	0.25	0	1	64599
129.216	0.25	0	1	64608
129.232	0.25	0	1	64616
129.25	0.25	0	1	64625
129.266	0.25	0	1	64633
129.282	0.25	0	1	64641
129.3	0.25	0	1	64650
129.316	0.25	0	1	64658
129.332	0.25	0	1	64666
129.35	0.25	0	1	64675
129.366	0.25	0	1	64683
129.382	0.25	0	1	64691
129.4	0.25	0	1	64700
129.416	0.25	0	1	64708
129.432	0.25	0	1	64716
129.448	0.25	0	1	64724
129.466	0.25	0	1	64733
129.482	0.25	0	1	64741
129.5	0.25	0	1	64750
129.516	0.25	0	1	64758
129.532	0.25	0	1	64766
129.55	0.25	1	2	64775
129.566	0.25	1	2	64783
129.582	0.25	1	2	64791
129.6	0.25	1	2	64800
129.616	0.25	0	1	64808
129.632	0.25	0	1	64816
129.65	0.25	0	1	64825
129.666	0.25	0	1	64833
129.682	0.25	0	1	64841
129.698	0.25	0	1	64849
129.716	0.25	0	1	64858
129.732	0.25	0	1	64866
129.75	0.25	0	1	64875
129.766	0.25	0	1	64883
129.782	0.25	0	1	64891
129.8	0.25	0	1	64900
129.816	0.25	0	1	64908
129.832	0.25	0	1	64916
129.85	0.25	0	1	64925
129.866	0.25	0	1	64933
129.882	0.25	0	1	64941
129.9	0.25	0	1	64950
129.916	0.25	0	1	64958
129.932	0.25	0	1	64966
129.948	0.25	0	1	64974
129.966	0.25	0	1	64983
129.982	0.25	0	1	64991
130.0	0.25	0	1	65000
130.016	0.25	1	2	65008
130.032	0.25	1	2	65016
130.05	0.25	1	2	65025
130.066	0.25	1	2	65033
130.082	0.25	0	1	65041
130.1	0.25	0	1	65050
130.116	0.25	0	1	65058
130.132	0.25	0	1	65066
130.15	0.25	0	1	65075
130.166	0.25	0	1	65083
130.182	0.25	0	1	65091
130.198	0.25	0	1	65099
130.216	0.25	0	1	65108
130.232	0.25	0	1	65116
130.25	0.25	0	1	65125
130.266	0.25	0	1	65133
130.282	0.25	0	1	65141
130.3	0.25	0	1	65150
130.316	0.25	1	2	65158
130.332	0.25	1	2	65166
130.35	0.25	1	2	65175
130.366	0.25	1	2	65183
130.382	0.25	0	1	65191
130.4	0.25	0	1	65200
130.416	0.25	0	1	65208
130.432	0.25	0	1	65216
130.448	0.25	0	1	65224
130.466	0.25	0	1	65233
130.482	0.25	0	1	65241
130.5	0.25	0	1	65250
130.516	0.25	0	1	65258
130.532	0.25	0	1	65266
130.55	0.25	0	1	65275
130.566	0.25	0	1	65283
130.582	0.25	0	1	65291
130.6	0.25	0	1	65300
130.616	0.25	0	1	65308
130.632	0.25	0	1	65316
130.65	0.25	0	1	65325
130.666	0.25	0	1	65333
130.682	0.25	0	1	65341
130.698	0.25	0	1	65349
130.716	0.25	0	1	65358
130.732	0.25	0	1	65366
130.75	0.25	1	2	65375
130.766	0.25	1	2	65383
130.782	0.25	1	2	65391
130.8	0.25	1	2	65400
132.282	0.25	0	1	66141
132.3	0.25	1	2	66150
132.316	0.25	1	2	66158
132.332	0.25	1	2	66166
132.35	0.25	1	2	66175
132.366	0.25	0	1	66183
132.382	0.25	0	1	66191
132.4	0.25	0	1	66200
132.416	0.25	0	1	66208
132.432	0.25	0	1	66216
132.45	0.25	0	1	66225
132.466	0.25	0	1	66233
132.482	0.25	0	1	66241
132.5	0.25	0	1	66250
132.516	0.25	0	1	66258
132.532	0.25	0	1	66266
132.55	0.25	0	1	66275
132.566	0.25	0	1	66283
132.582	0.25	0	1	66291
132.6	0.25	0	1	66300
132.616	0.25	0	1	66308
132.632	0.25	0	1	66316
132.65	0.25	0	1	66325
132.666	0.25	0	1	66333
132.682	0.25	0	1	66341
132.7	0.25	0	1	66350
132.716	0.25	0	1	66358
132.732	0.25	0	1	66366
132.75	0.25	0	1	66375
132.766	0.25	0	1	66383
132.782	0.25	1	2	66391
132.8	0.25	1	2	66400
132.816	0.25	1	2	66408
132.832	0.25	1	2	66416
132.85	0.25	0	1	66425
132.866	0.25	0	1	66433
132.882	0.25	0	1	66441
132.9	0.25	0	1	66450
132.916	0.25	0	1	66458
132.932	0.25	0	1	66466
132.95	0.25	0	1	66475
132.966	0.25	0	1	66483
132.982	0.25	0	1	66491
133.0	0.25	0	1	66500
133.016	0.25	0	1	66508
133.032	0.25	0	1	66516
133.05	0.25	0	1	66525
133.066	0.25	0	1	66533
133.082	0.25	0	1	66541
133.1	0.25	0	1	66550
133.116	0.25	0	1	66558
133.132	0.25	0	1	66566
133.15	0.25	0	1	66575
133.166	0.25	0	1	66583
133.182	0.25	0	1	66591
133.2	0.25	0	1	66600
133.216	0.25	0	1	66608
133.232	0.25	0	1	66616
133.25	0.25	1	2	66625
133.266	0.25	1	2	66633
133.282	0.25	1	2	66641
133.3	0.25	1	2	66650
133.316	0.25	0	1	66658
133.332	0.25	0	1	66666
133.35	0.25	0	1	66675
133.366	0.25	0	1	66683
133.382	0.25	0	1	66691
133.4	0.25	0	1	66700
133.416	0.25	0	1	66708
133.432	0.25	0	1	66716
133.45	0.25	0	1	66725
133.466	0.25	0	1	66733
133.482	0.25	0	1	66741
133.5	0.25	0	1	66750
133.516	0.25	0	1	66758
133.532	0.25	0	1	66766
133.55	0.25	0	1	66775
133.566	0.25	0	1	66783
133.582	0.25	0	1	66791
133.6	0.25	0	1	66800
133.616	0.25	0	1	66808
133.632	0.25	0	1	66816
133.65	0.25	0	1	66825
133.666	0.25	1	2	66833
133.682	0.25	1	2	66841
133.7	0.25	1	2	66850
133.716	0.25	1	2	66858
133.732	0.25	0	1	66866
133.75	0.25	0	1	66875
133.766	0.25	0	1	66883
133.782	0.25	0	1	66891
133.8	0.25	0	1	66900
133.816	0.25	0	1	66908
133.832	0.25	0	1	66916
133.85	0.25	0	1	66925
133.866	0.25	0	1	66933
133.882	0.25	0	1	66941
133.9	0.25	0	1	66950
133.916	0.25	0	1	66958
133.932	0.25	0	1	66966
133.95	0.25	0	1	66975
133.966	0.25	0	1	66983
133.982	0.25	0	1	66991
134.0	0.25	0	1	67000
134.016	0.25	0	1	67008
134.032	0.25	0	1	67016
134.05	0.25	0	1	67025
134.066	0.25	0	1	67033
134.082	0.25	0	1	67041
134.1	0.25	1	2	67050
134.116	0.25	1	2	67058
134.132	0.25	1	2	67066
134.15	0.25	1	2	67075
134.166	0.25	0	1	67083
134.182	0.25	0	1	67091
134.2	0.25	0	1	67100
134.216	0.25	0	1	67108
135.7	0.25	0	1	67850
135.716	0.25	0	1	67858
135.732	0.25	0	1	67866
135.75	0.25	0	1	67875
135.766	0.25	0	1	67883
135.782	0.25	0	1	67891
135.8	0.25	0	1	67900
135.816	0.25	0	1	67908
135.832	0.25	0	1	67916
135.85	0.25	0	1	67925
135.866	0.25	0	1	67933
135.882	0.25	0	1	67941
135.9	0.25	0	1	67950
135.916	0.25	0	1	67958
135.932	0.25	0	1	67966
135.95	0.25	0	1	67975
135.966	0.25	0	1	67983
135.982	0.25	0	1	67991
136.0	0.25	1	2	68000
136.016	0.25	1	2	68008
136.032	0.25	1	2	68016
136.05	0.25	1	2	68025
136.066	0.25	0	1	68033
136.082	0.25	0	1	68041
136.1	0.25	0	1	68050
136.116	0.25	0	1	68058
136.132	0.25	0	1	68066
136.15	0.25	0	1	68075
136.166	0.25	0	1	68083
136.182	0.25	0	1	68091
136.2	0.25	0	1	68100
136.216	0.25	0	1	68108
136.232	0.25	0	1	68116
136.25	0.25	0	1	68125
136.266	0.25	0	1	68133
136.282	0.25	0	1	68141
136.3	0.25	0	1	68150
136.316	0.25	0	1	68158
136.332	0.25	0	1	68166
136.35	0.25	0	1	68175
136.366	0.25	0	1	68183
136.382	0.25	0	1	68191
136.4	0.25	1	2	68200
136.416	0.25	1	2	68208
136.432	0.25	1	2	68216
136.45	0.25	1	2	68225
136.466	0.25	0	1	68233
136.482	0.25	0	1	68241
136.5	0.25	0	1	68250
136.516	0.25	0	1	68258
136.532	0.25	0	1	68266
136.55	0.25	0	1	68275
136.566	0.25	0	1	68283
136.582	0.25	0	1	68291
136.6	0.25	0	1	68300
136.616	0.25	0	1	68308
136.632	0.25	0	1	68316
136.65	0.25	0	1	68325
136.666	0.25	0	1	68333
136.682	0.25	1	2	68341
136.7	0.25	1	2	68350
136.716	0.25	1	2	68358
136.732	0.25	1	2	68366
136.75	0.25	0	1	68375
136.766	0.25	0	1	68383
136.782	0.25	0	1	68391
136.8	0.25	0	1	68400
136.816	0.25	0	1	68408
136.832	0.25	0	1	68416
136.85	0.25	0	1	68425
136.866	0.25	0	1	68433
136.882	0.25	0	1	68441
136.9	0.25	0	1	68450
136.916	0.25	0	1	68458
136.932	0.25	0	1	68466
136.95	0.25	0	1	68475
136.966	0.25	0	1	68483
136.982	0.25	0	1	68491
137.0	0.25	0	1	68500
137.016	0.25	0	1	68508
137.032	0.25	0	1	68516
137.05	0.25	1	2	68525
137.066	0.25	1	2	68533
137.082	0.25	1	2	68541
137.1	0.25	1	2	68550
137.116	0.25	0	1	68558
137.132	0.25	0	1	68566
137.15	0.25	0	1	68575
137.166	0.25	0	1	68583
137.182	0.25	0	1	68591
137.2	0.25	0	1	68600
137.216	0.25	0	1	68608
137.232	0.25	0	1	68616
137.25	0.25	0	1	68625
137.266	0.25	0	1	68633
137.282	0.25	0	1	68641
137.3	0.25	0	1	68650
137.316	0.25	0	1	68658
137.332	0.25	0	1	68666
137.35	0.25	0	1	68675
137.366	0.25	0	1	68683
137.382	0.25	0	1	68691
137.4	0.25	0	1	68700
137.416	0.25	0	1	68708
137.432	0.25	0	1	68716
137.45	0.25	0	1	68725
137.466	0.25	0	1	68733
137.482	0.25	0	1	68741
137.5	0.25	0	1	68750
137.516	0.25	1	2	68758
137.532	0.25	1	2	68766
137.55	0.25	1	2	68775
137.566	0.25	1	2	68783
137.582	0.25	0	1	68791
137.6	0.25	0	1	68800
137.616	0.25	0	1	68808
137.632	0.25	0	1	68816
139.916	0.25	0	1	69958
139.932	0.25	1	2	69966
139.95	0.25	1	2	69975
139.966	0.25	1	2	69983
139.982	0.25	1	2	69991
140.0	0.25	0	1	70000
140.016	0.25	0	1	70008
140.032	0.25	0	1	70016
140.05	0.25	0	1	70025
140.066	0.25	0	1	70033
140.082	0.25	0	1	70041
140.1	0.25	0	1	70050
140.116	0.25	0	1	70058
140.132	0.25	0	1	70066
140.15	0.25	0	1	70075
140.166	0.25	0	1	70083
140.182	0.25	0	1	70091
140.2	0.25	0	1	70100
140.216	0.25	0	1	70108
140.232	0.25	0	1	70116
140.25	0.25	0	1	70125
140.266	0.25	0	1	70133
140.282	0.25	0	1	70141
140.3	0.25	0	1	70150
140.316	0.25	0	1	70158
140.332	0.25	0	1	70166
140.35	0.25	0	1	70175
140.366	0.25	0	1	70183
140.382	0.25	0	1	70191
140.4	0.25	0	1	70200
140.416	0.25	1	2	70208
140.432	0.25	1	2	70216
140.45	0.25	1	2	70225
140.466	0.25	1	2	70233
140.482	0.25	0	1	70241
140.5	0.25	0	1	70250
140.516	0.25	0	1	70258
140.532	0.25	0	1	70266
140.55	0.25	0	1	70275
140.566	0.25	0	1	70283
140.582	0.25	0	1	70291
140.6	0.25	0	1	70300
140.616	0.25	0	1	70308
140.632	0.25	0	1	70316
140.65	0.25	0	1	70325
140.666	0.25	0	1	70333
140.682	0.25	0	1	70341
140.7	0.25	0	1	70350
140.716	0.25	0	1	70358
140.732	0.25	0	1	70366
140.75	0.25	0	1	70375
140.766	0.25	0	1	70383
140.782	0.25	0	1	70391
140.8	0.25	0	1	70400
140.816	0.25	0	1	70408
140.832	0.25	0	1	70416
140.85	0.25	0	1	70425
140.866	0.25	0	1	70433
140.882	0.25	1	2	70441
140.9	0.25	1	2	70450
140.916	0.25	1	2	70458
140.932	0.25	1	2	70466
140.95	0.25	0	1	70475
140.966	0.25	0	1	70483
140.982	0.25	0	1	70491
141.0	0.25	0	1	70500
141.016	0.25	0	1	70508
141.032	0.25	0	1	70516
141.05	0.25	0	1	70525
141.066	0.25	0	1	70533
141.082	0.25	0	1	70541
141.1	0.25	0	1	70550
141.116	0.25	0	1	70558
141.132	0.25	0	1	70566
141.15	0.25	0	1	70575
141.166	0.25	0	1	70583
141.182	0.25	0	1	70591
141.2	0.25	0	1	70600
141.216	0.25	0	1	70608
141.232	0.25	0	1	70616
141.25	0.25	0	1	70625
141.266	0.25	0	1	70633
141.282	0.25	0	1	70641
141.3	0.25	1	2	70650
141.316	0.25	1	2	70658
141.332	0.25	1	2	70666
141.35	0.25	1	2	70675
141.366	0.25	0	1	70683
141.382	0.25	0	1	70691
141.4	0.25	0	1	70700
141.416	0.25	0	1	70708
141.432	0.25	0	1	70716
141.45	0.25	0	1	70725
141.466	0.25	0	1	70733
141.482	0.25	0	1	70741
141.5	0.25	0	1	70750
141.516	0.25	0	1	70758
141.532	0.25	0	1	70766
141.55	0.25	0	1	70775
141.566	0.25	0	1	70783
141.582	0.25	0	1	70791
141.6	0.25	0	1	70800
141.616	0.25	0	1	70808
141.632	0.25	0	1	70816
141.65	0.25	0	1	70825
141.666	0.25	0	1	70833
141.682	0.25	0	1	70841
141.7	0.25	0	1	70850
141.716	0.25	0	1	70858
141.732	0.25	1	2	70866
141.75	0.25	1	2	70875
141.766	0.25	1	2	70883
141.782	0.25	1	2	70891
141.8	0.25	0	1	70900
141.816	0.25	0	1	70908
141.832	0.25	0	1	70916
141.85	0.25	0	1	70925
143.332	0.25	0	1	71666
143.35	0.25	0	1	71675
143.366	0.25	0	1	71683
143.382	0.25	0	1	71691
143.4	0.25	0	1	71700
143.416	0.25	0	1	71708
143.432	0.25	0	1	71716
143.45	0.25	0	1	71725
143.466	0.25	0	1	71733
143.482	0.25	0	1	71741
143.5	0.25	0	1	71750
143.516	0.25	0	1	71758
143.532	0.25	0	1	71766
143.55	0.25	0	1	71775
143.566	0.25	0	1	71783
143.582	0.25	0	1	71791
143.6	0.25	0	1	71800
143.616	0.25	0	1	71808
143.632	0.25	0	1	71816
143.65	0.25	0	1	71825
143.666	0.25	0	1	71833
143.682	0.25	0	1	71841
143.7	0.25	0	1	71850
143.716	0.25	1	2	71858
143.732	0.25	1	2	71866
143.75	0.25	1	2	71875
143.766	0.25	1	2	71883
143.782	0.25	0	1	71891
143.8	0.25	0	1	71900
143.816	0.25	0	1	71908
143.832	0.25	0	1	71916
143.85	0.25	0	1	71925
143.866	0.25	0	1	71933
143.882	0.25	0	1	71941
143.9	0.25	0	1	71950
143.916	0.25	0	1	71958
143.932	0.25	0	1	71966
143.95	0.25	0	1	71975
143.966	0.25	0	1	71983
143.982	0.25	0	1	71991
144.0	0.25	0	1	72000
144.016	0.25	0	1	72008
144.032	0.25	0	1	72016
144.05	0.25	0	1	72025
144.066	0.25	0	1	72033
144.082	0.25	0	1	72041
144.1	0.25	1	2	72050
144.116	0.25	1	2	72058
144.132	0.25	1	2	72066
144.15	0.25	1	2	72075
144.166	0.25	0	1	72083
144.182	0.25	0	1	72091
144.2	0.25	0	1	72100
144.216	0.25	0	1	72108
144.232	0.25	0	1	72116
144.25	0.25	0	1	72125
144.266	0.25	0	1	72133
144.282	0.25	0	1	72141
144.3	0.25	0	1	72150
144.316	0.25	0	1	72158
144.332	0.25	0	1	72166
144.35	0.25	0	1	72175
144.366	0.25	0	1	72183
144.382	0.25	0	1	72191
144.4	0.25	1	2	72200
144.416	0.25	1	2	72208
144.432	0.25	1	2	72216
144.45	0.25	1	2	72225
144.466	0.25	0	1	72233
144.482	0.25	0	1	72241
144.5	0.25	0	1	72250
144.516	0.25	0	1	72258
144.532	0.25	0	1	72266
144.55	0.25	0	1	72275
144.566	0.25	0	1	72283
144.582	0.25	0	1	72291
144.6	0.25	0	1	72300
144.616	0.25	0	1	72308
144.632	0.25	0	1	72316
144.65	0.25	0	1	72325
144.666	0.25	0	1	72333
144.682	0.25	1	2	72341
144.7	0.25	1	2	72350
144.716	0.25	1	2	72358
144.732	0.25	1	2	72366
144.75	0.25	0	1	72375
144.766	0.25	0	1	72383
144.782	0.25	0	1	72391
144.8	0.25	0	1	72400
144.816	0.25	0	1	72408
144.832	0.25	0	1	72416
144.85	0.25	0	1	72425
144.866	0.25	0	1	72433
144.882	0.25	0	1	72441
144.9	0.25	0	1	72450
144.916	0.25	0	1	72458
144.932	0.25	0	1	72466
144.95	0.25	0	1	72475
144.966	0.25	0	1	72483
144.982	0.25	0	1	72491
145.0	0.25	0	1	72500
145.016	0.25	1	2	72508
145.032	0.25	1	2	72516
145.05	0.25	1	2	72525
145.066	0.25	1	2	72533
145.082	0.25	0	1	72541
145.1	0.25	0	1	72550
145.116	0.25	0	1	72558
145.132	0.25	0	1	72566
145.15	0.25	0	1	72575
145.166	0.25	0	1	72583
145.182	0.25	0	1	72591
145.2	0.25	0	1	72600
145.216	0.25	0	1	72608
145.232	0.25	0	1	72616
145.25	0.25	0	1	72625
145.266	0.25	0	1	72633
146.75	0.25	0	1	73375
146.766	0.25	0	1	73383
146.782	0.25	0	1	73391
146.8	0.25	0	1	73400
146.816	0.25	0	1	73408
146.832	0.25	0	1	73416
146.85	0.25	0	1	73425
146.866	0.25	0	1	73433
146.882	0.25	0	1	73441
146.9	0.25	0	1	73450
146.916	0.25	0	1	73458
146.932	0.25	0	1	73466
146.95	0.25	0	1	73475
146.966	0.25	0	1	73483
146.982	0.25	0	1	73491
147.0	0.25	0	1	73500
147.016	0.25	0	1	73508
147.032	0.25	0	1	73516
147.05	0.25	1	2	73525
147.066	0.25	1	2	73533
147.082	0.25	1	2	73541
147.1	0.25	1	2	73550
147.116	0.25	0	1	73558
147.132	0.25	0	1	73566
147.15	0.25	0	1	73575
147.166	0.25	0	1	73583
147.182	0.25	0	1	73591
147.2	0.25	0	1	73600
147.216	0.25	0	1	73608
147.232	0.25	0	1	73616
147.25	0.25	0	1	73625
147.266	0.25	0	1	73633
147.282	0.25	0	1	73641
147.3	0.25	0	1	73650
147.316	0.25	0	1	73658
147.332	0.25	0	1	73666
147.35	0.25	0	1	73675
147.366	0.25	0	1	73683
147.382	0.25	0	1	73691
147.4	0.25	0	1	73700
147.416	0.25	0	1	73708
147.432	0.25	0	1	73716
147.45	0.25	1	2	73725
147.466	0.25	1	2	73733
147.482	0.25	1	2	73741
147.5	0.25	1	2	73750
147.516	0.25	0	1	73758
147.532	0.25	0	1	73766
147.55	0.25	0	1	73775
147.566	0.25	0	1	73783
147.582	0.25	0	1	73791
147.6	0.25	0	1	73800
147.616	0.25	0	1	73808
147.632	0.25	0	1	73816
147.65	0.25	0	1	73825
147.666	0.25	0	1	73833
147.682	0.25	0	1	73841
147.7	0.25	0	1	73850
147.716	0.25	0	1	73858
147.732	0.25	1	2	73866
147.75	0.25	1	2	73875
147.766	0.25	1	2	73883
147.782	0.25	1	2	73891
147.8	0.25	0	1	73900
147.816	0.25	0	1	73908
147.832	0.25	0	1	73916
147.85	0.25	0	1	73925
147.866	0.25	0	1	73933
147.882	0.25	0	1	73941
147.9	0.25	0	1	73950
147.916	0.25	0	1	73958
147.932	0.25	0	1	73966
147.95	0.25	0	1	73975
147.966	0.25	0	1	73983
147.982	0.25	0	1	73991
148.0	0.25	0	1	74000
148.016	0.25	0	1	74008
148.032	0.25	0	1	74016
148.05	0.25	0	1	74025
148.066	0.25	0	1	74033
148.082	0.25	0	1	74041
148.1	0.25	1	2	74050
148.116	0.25	1	2	74058
148.132	0.25	1	2	74066
148.15	0.25	1	2	74075
148.166	0.25	0	1	74083
148.182	0.25	0	1	74091
148.2	0.25	0	1	74100
148.216	0.25	0	1	74108
148.232	0.25	0	1	74116
148.25	0.25	0	1	74125
148.266	0.25	0	1	74133
148.282	0.25	0	1	74141
148.3	0.25	0	1	74150
148.316	0.25	0	1	74158
148.332	0.25	0	1	74166
148.35	0.25	0	1	74175
148.366	0.25	0	1	74183
148.382	0.25	0	1	74191
148.4	0.25	0	1	74200
148.416	0.25	0	1	74208
148.432	0.25	0	1	74216
148.45	0.25	0	1	74225
148.466	0.25	0	1	74233
148.482	0.25	0	1	74241
148.5	0.25	0	1	74250
148.516	0.25	0	1	74258
148.532	0.25	0	1	74266
148.55	0.25	0	1	74275
148.566	0.25	1	2	74283
148.582	0.25	1	2	74291
148.6	0.25	1	2	74300
148.616	0.25	1	2	74308
148.632	0.25	0	1	74316
148.65	0.25	0	1	74325
148.666	0.25	0	1	74333
148.682	0.25	0	1	74341
150.166	0.25	0	1	75083
150.182	0.25	0	1	75091
150.2	0.25	0	1	75100
150.216	0.25	0	1	75108
150.232	0.25	0	1	75116
150.25	0.25	0	1	75125
150.266	0.25	0	1	75133
150.282	0.25	0	1	75141
150.3	0.25	0	1	75150
150.316	0.25	0	1	75158
150.332	0.25	0	1	75166
150.35	0.25	0	1	75175
150.366	0.25	0	1	75183
150.382	0.25	0	1	75191
150.4	0.25	0	1	75200
150.416	0.25	1	2	75208
150.432	0.25	1	2	75216
150.45	0.25	1	2	75225
150.466	0.25	1	2	75233
150.482	0.25	0	1	75241
150.5	0.25	0	1	75250
150.516	0.25	0	1	75258
150.532	0.25	0	1	75266
150.55	0.25	0	1	75275
150.566	0.25	0	1	75283
150.582	0.25	0	1	75291
150.6	0.25	0	1	75300
150.616	0.25	0	1	75308
150.632	0.25	0	1	75316
150.65	0.25	0	1	75325
150.666	0.25	0	1	75333
150.682	0.25	0	1	75341
150.7	0.25	0	1	75350
150.716	0.25	0	1	75358
150.732	0.25	0	1	75366
150.75	0.25	0	1	75375
150.766	0.25	0	1	75383
150.782	0.25	0	1	75391
150.8	0.25	0	1	75400
150.816	0.25	0	1	75408
150.832	0.25	0	1	75416
150.85	0.25	1	2	75425
150.866	0.25	1	2	75433
150.882	0.25	1	2	75441
150.9	0.25	1	2	75450
150.916	0.25	0	1	75458
150.932	0.25	0	1	75466
150.95	0.25	0	1	75475
150.966	0.25	0	1	75483
150.982	0.25	0	1	75491
151.0	0.25	0	1	75500
151.016	0.25	0	1	75508
151.032	0.25	0	1	75516
151.05	0.25	0	1	75525
151.066	0.25	0	1	75533
151.082	0.25	0	1	75541
151.1	0.25	0	1	75550
151.116	0.25	0	1	75558
151.132	0.25	0	1	75566
151.15	0.25	0	1	75575
151.166	0.25	0	1	75583
151.182	0.25	0	1	75591
151.2	0.25	0	1	75600
151.216	0.25	0	1	75608
151.232	0.25	0	1	75616
151.25	0.25	0	1	75625
151.266	0.25	0	1	75633
151.282	0.25	0	1	75641
151.3	0.25	0	1	75650
151.316	0.25	1	2	75658
151.332	0.25	1	2	75666
151.35	0.25	1	2	75675
151.366	0.25	1	2	75683
151.382	0.25	0	1	75691
151.4	0.25	0	1	75700
151.416	0.25	0	1	75708
151.432	0.25	0	1	75716
151.45	0.25	0	1	75725
151.466	0.25	0	1	75733
151.482	0.25	0	1	75741
151.5	0.25	0	1	75750
151.516	0.25	0	1	75758
151.532	0.25	0	1	75766
151.55	0.25	0	1	75775
151.566	0.25	0	1	75783
151.582	0.25	0	1	75791
151.6	0.25	0	1	75800
151.616	0.25	1	2	75808
151.632	0.25	1	2	75816
151.65	0.25	1	2	75825
151.666	0.25	1	2	75833
151.682	0.25	0	1	75841
151.7	0.25	0	1	75850
151.716	0.25	0	1	75858
151.732	0.25	0	1	75866
151.75	0.25	0	1	75875
151.766	0.25	0	1	75883
151.782	0.25	0	1	75891
151.8	0.25	0	1	75900
151.816	0.25	0	1	75908
151.832	0.25	0	1	75916
151.85	0.25	0	1	75925
151.866	0.25	0	1	75933
151.882	0.25	0	1	75941
151.9	0.25	0	1	75950
151.916	0.25	0	1	75958
151.932	0.25	0	1	75966
151.95	0.25	0	1	75975
151.966	0.25	0	1	75983
151.982	0.25	0	1	75991
152.0	0.25	0	1	76000
152.016	0.25	0	1	76008
152.032	0.25	0	1	76016
152.05	0.25	1	2	76025
152.066	0.25	1	2	76033
152.082	0.25	1	2	76041
152.1	0.25	1	2	76050
154.5	0.25	0	1	77250
154.516	0.25	0	1	77258
154.532	0.25	0	1	77266
154.55	0.25	0	1	77275
154.566	0.25	0	1	77283
154.582	0.25	0	1	77291
154.6	0.25	0	1	77300
154.616	0.25	0	1	77308
154.632	0.25	0	1	77316
154.65	0.25	0	1	77325
154.666	0.25	0	1	77333
154.682	0.25	0	1	77341
154.7	0.25	0	1	77350
154.716	0.25	0	1	77358
154.732	0.25	0	1	77366
154.75	0.25	1	2	77375
154.766	0.25	1	2	77383
154.782	0.25	1	2	77391
154.8	0.25	1	2	77400
154.816	0.25	0	1	77408
154.832	0.25	0	1	77416
154.85	0.25	0	1	77425
154.866	0.25	0	1	77433
154.882	0.25	0	1	77441
154.9	0.25	0	1	77450
154.916	0.25	0	1	77458
154.932	0.25	0	1	77466
154.95	0.25	0	1	77475
154.966	0.25	0	1	77483
154.982	0.25	0	1	77491
155.0	0.25	0	1	77500
155.016	0.25	0	1	77508
155.032	0.25	0	1	77516
155.05	0.25	0	1	77525
155.066	0.25	0	1	77533
155.082	0.25	0	1	77541
155.1	0.25	0	1	77550
155.116	0.25	0	1	77558
155.132	0.25	0	1	77566
155.15	0.25	0	1	77575
155.166	0.25	0	1	77583
155.182	0.25	1	2	77591
155.2	0.25	1	2	77600
155.216	0.25	1	2	77608
155.232	0.25	1	2	77616
155.25	0.25	0	1	77625
155.266	0.25	0	1	77633
155.282	0.25	0	1	77641
155.3	0.25	0	1	77650
155.316	0.25	0	1	77658
155.332	0.25	0	1	77666
155.35	0.25	0	1	77675
155.366	0.25	0	1	77683
155.382	0.25	0	1	77691
155.4	0.25	0	1	77700
155.416	0.25	0	1	77708
155.432	0.25	0	1	77716
155.45	0.25	0	1	77725
155.466	0.25	0	1	77733
155.482	0.25	0	1	77741
155.5	0.25	0	1	77750
155.516	0.25	0	1	77758
155.532	0.25	0	1	77766
155.55	0.25	0	1	77775
155.566	0.25	0	1	77783
155.582	0.25	0	1	77791
155.6	0.25	0	1	77800
155.616	0.25	0	1	77808
155.632	0.25	0	1	77816
155.65	0.25	1	2	77825
155.666	0.25	1	2	77833
155.682	0.25	1	2	77841
155.7	0.25	1	2	77850
155.716	0.25	0	1	77858
155.732	0.25	0	1	77866
155.75	0.25	0	1	77875
155.766	0.25	0	1	77883
155.782	0.25	0	1	77891
155.8	0.25	0	1	77900
155.816	0.25	0	1	77908
155.832	0.25	0	1	77916
155.85	0.25	0	1	77925
155.866	0.25	0	1	77933
155.882	0.25	0	1	77941
155.9	0.25	0	1	77950
155.916	0.25	0	1	77958
155.932	0.25	0	1	77966
155.95	0.25	1	2	77975
155.966	0.25	1	2	77983
155.982	0.25	1	2	77991
156.0	0.25	1	2	78000
156.016	0.25	0	1	78008
156.032	0.25	0	1	78016
156.05	0.25	0	1	78025
156.066	0.25	0	1	78033
156.082	0.25	0	1	78041
156.1	0.25	0	1	78050
156.116	0.25	0	1	78058
156.132	0.25	0	1	78066
156.15	0.25	0	1	78075
156.166	0.25	0	1	78083
156.182	0.25	0	1	78091
156.2	0.25	0	1	78100
156.216	0.25	0	1	78108
156.232	0.25	0	1	78116
156.25	0.25	0	1	78125
156.266	0.25	0	1	78133
156.282	0.25	0	1	78141
156.3	0.25	0	1	78150
156.316	0.25	0	1	78158
156.332	0.25	0	1	78166
156.35	0.25	0	1	78175
156.366	0.25	0	1	78183
156.382	0.25	1	2	78191
156.4	0.25	1	2	78200
156.416	0.25	1	2	78208
156.432	0.25	1	2	78216
157.916	0.25	0	1	78958
157.932	0.25	0	1	78966
157.95	0.25	0	1	78975
157.966	0.25	0	1	78983
157.982	0.25	0	1	78991
158.0	0.25	0	1	79000
158.016	0.25	0	1	79008
158.032	0.25	0	1	79016
158.05	0.25	0	1	79025
158.066	0.25	0	1	79033
158.082	0.25	0	1	79041
158.1	0.25	0	1	79050
158.116	0.25	0	1	79058
158.132	0.25	0	1	79066
158.15	0.25	0	1	79075
158.166	0.25	0	1	79083
158.182	0.25	0	1	79091
158.2	0.25	0	1	79100
158.216	0.25	0	1	79108
158.232	0.25	0	1	79116
158.25	0.25	0	1	79125
158.266	0.25	0	1	79133
158.282	0.25	0	1	79141
158.3	0.25	1	2	79150
158.316	0.25	1	2	79158
158.332	0.25	1	2	79166
158.35	0.25	1	2	79175
158.366	0.25	0	1	79183
158.382	0.25	0	1	79191
158.4	0.25	0	1	79200
158.416	0.25	0	1	79208
158.432	0.25	0	1	79216
158.45	0.25	0	1	79225
158.466	0.25	0	1	79233
158.482	0.25	0	1	79241
158.5	0.25	0	1	79250
158.516	0.25	0	1	79258
158.532	0.25	0	1	79266
158.55	0.25	0	1	79275
158.566	0.25	0	1	79283
158.582	0.25	0	1	79291
158.6	0.25	0	1	79300
158.616	0.25	0	1	79308
158.632	0.25	0	1	79316
158.65	0.25	0	1	79325
158.666	0.25	0	1	79333
158.682	0.25	1	2	79341
158.7	0.25	1	2	79350
158.716	0.25	1	2	79358
158.732	0.25	1	2	79366
158.75	0.25	0	1	79375
158.766	0.25	0	1	79383
158.782	0.25	0	1	79391
158.8	0.25	0	1	79400
158.816	0.25	0	1	79408
158.832	0.25	0	1	79416
158.85	0.25	0	1	79425
158.866	0.25	0	1	79433
158.882	0.25	0	1	79441
158.9	0.25	0	1	79450
158.916	0.25	0	1	79458
158.932	0.25	0	1	79466
158.95	0.25	0	1	79475
158.966	0.25	0	1	79483
158.982	0.25	1	2	79491
159.0	0.25	1	2	79500
159.016	0.25	1	2	79508
159.032	0.25	1	2	79516
159.05	0.25	0	1	79525
159.066	0.25	0	1	79533
159.082	0.25	0	1	79541
159.1	0.25	0	1	79550
159.116	0.25	0	1	79558
159.132	0.25	0	1	79566
159.15	0.25	0	1	79575
159.166	0.25	0	1	79583
159.182	0.25	0	1	79591
159.2	0.25	0	1	79600
159.216	0.25	0	1	79608
159.232	0.25	0	1	79616
159.25	0.25	0	1	79625
159.266	0.25	1	2	79633
159.282	0.25	1	2	79641
159.3	0.25	1	2	79650
159.316	0.25	1	2	79658
159.332	0.25	0	1	79666
159.35	0.25	0	1	79675
159.366	0.25	0	1	79683
159.382	0.25	0	1	79691
159.4	0.25	0	1	79700
159.416	0.25	0	1	79708
159.432	0.25	0	1	79716
159.45	0.25	0	1	79725
159.466	0.25	0	1	79733
159.482	0.25	0	1	79741
159.5	0.25	0	1	79750
159.516	0.25	0	1	79758
159.532	0.25	0	1	79766
159.55	0.25	0	1	79775
159.566	0.25	0	1	79783
159.582	0.25	0	1	79791
159.6	0.25	1	2	79800
159.616	0.25	1	2	79808
159.632	0.25	1	2	79816
159.65	0.25	1	2	79825
159.666	0.25	0	1	79833
159.682	0.25	0	1	79841
159.7	0.25	0	1	79850
159.716	0.25	0	1	79858
159.732	0.25	0	1	79866
159.75	0.25	0	1	79875
159.766	0.25	0	1	79883
159.782	0.25	0	1	79891
159.8	0.25	0	1	79900
159.816	0.25	0	1	79908
159.832	0.25	0	1	79916
159.85	0.25	0	1	79925
161.332	0.25	0	1	80666
161.35	0.25	1	2	80675
161.366	0.25	1	2	80683
161.382	0.25	1	2	80691
161.4	0.25	1	2	80700
161.416	0.25	0	1	80708
161.432	0.25	0	1	80716
161.45	0.25	0	1	80725
161.466	0.25	0	1	80733
161.482	0.25	0	1	80741
161.5	0.25	0	1	80750
161.516	0.25	0	1	80758
161.532	0.25	0	1	80766
161.55	0.25	0	1	80775
161.566	0.25	0	1	80783
161.582	0.25	0	1	80791
161.6	0.25	0	1	80800
161.616	0.25	0	1	80808
161.632	0.25	0	1	80816
161.65	0.25	0	1	80825
161.666	0.25	0	1	80833
161.682	0.25	0	1	80841
161.7	0.25	0	1	80850
161.716	0.25	0	1	80858
161.732	0.25	0	1	80866
161.75	0.25	0	1	80875
161.766	0.25	0	1	80883
161.782	0.25	0	1	80891
161.8	0.25	0	1	80900
161.816	0.25	0	1	80908
161.832	0.25	1	2	80916
161.85	0.25	1	2	80925
161.866	0.25	1	2	80933
161.882	0.25	1	2	80941
161.9	0.25	0	1	80950
161.916	0.25	0	1	80958
161.932	0.25	0	1	80966
161.95	0.25	0	1	80975
161.966	0.25	0	1	80983
161.982	0.25	0	1	80991
162.0	0.25	0	1	81000
162.016	0.25	0	1	81008
162.032	0.25	0	1	81016
162.05	0.25	0	1	81025
162.066	0.25	0	1	81033
162.082	0.25	0	1	81041
162.1	0.25	0	1	81050
162.116	0.25	0	1	81058
162.132	0.25	0	1	81066
162.15	0.25	0	1	81075
162.166	0.25	0	1	81083
162.182	0.25	0	1	81091
162.2	0.25	0	1	81100
162.216	0.25	0	1	81108
162.232	0.25	0	1	81116
162.25	0.25	0	1	81125
162.266	0.25	0	1	81133
162.282	0.25	0	1	81141
162.3	0.25	1	2	81150
162.316	0.25	1	2	81158
162.332	0.25	1	2	81166
162.35	0.25	1	2	81175
162.366	0.25	0	1	81183
162.382	0.25	0	1	81191
162.4	0.25	0	1	81200
162.416	0.25	0	1	81208
162.432	0.25	0	1	81216
162.45	0.25	0	1	81225
162.466	0.25	0	1	81233
162.482	0.25	0	1	81241
162.5	0.25	0	1	81250
162.516	0.25	0	1	81258
162.532	0.25	0	1	81266
162.55	0.25	0	1	81275
162.566	0.25	0	1	81283
162.582	0.25	0	1	81291
162.6	0.25	0	1	81300
162.616	0.25	0	1	81308
162.632	0.25	0	1	81316
162.65	0.25	0	1	81325
162.666	0.25	0	1	81333
162.682	0.25	0	1	81341
162.7	0.25	0	1	81350
162.716	0.25	1	2	81358
162.732	0.25	1	2	81366
162.75	0.25	1	2	81375
162.766	0.25	1	2	81383
162.782	0.25	0	1	81391
162.8	0.25	0	1	81400
162.816	0.25	0	1	81408
162.832	0.25	0	1	81416
162.85	0.25	0	1	81425
162.866	0.25	0	1	81433
162.882	0.25	0	1	81441
162.9	0.25	0	1	81450
162.916	0.25	0	1	81458
162.932	0.25	0	1	81466
162.95	0.25	0	1	81475
162.966	0.25	0	1	81483
162.982	0.25	0	1	81491
163.0	0.25	0	1	81500
163.016	0.25	0	1	81508
163.032	0.25	0	1	81516
163.05	0.25	0	1	81525
163.066	0.25	0	1	81533
163.082	0.25	0	1	81541
163.1	0.25	0	1	81550
163.116	0.25	0	1	81558
163.132	0.25	0	1	81566
163.15	0.25	1	2	81575
163.166	0.25	1	2	81583
163.182	0.25	1	2	81591
163.2	0.25	1	2	81600
163.216	0.25	0	1	81608
163.232	0.25	0	1	81616
163.25	0.25	0	1	81625
163.266	0.25	0	1	81633
164.75	0.25	0	1	82375
164.766	0.25	0	1	82383
164.782	0.25	0	1	82391
164.8	0.25	0	1	82400
164.816	0.25	0	1	82408
164.832	0.25	0	1	82416
164.85	0.25	0	1	82425
164.866	0.25	0	1	82433
164.882	0.25	0	1	82441
164.9	0.25	0	1	82450
164.916	0.25	0	1	82458
164.932	0.25	0	1	82466
164.95	0.25	0	1	82475
164.966	0.25	0	1	82483
164.982	0.25	0	1	82491
165.0	0.25	0	1	82500
165.016	0.25	0	1	82508
165.032	0.25	0	1	82516
165.05	0.25	1	2	82525
165.066	0.25	1	2	82533
165.082	0.25	1	2	82541
165.1	0.25	1	2	82550
165.116	0.25	0	1	82558
165.132	0.25	0	1	82566
165.15	0.25	0	1	82575
165.166	0.25	0	1	82583
165.182	0.25	0	1	82591
165.2	0.25	0	1	82600
165.216	0.25	0	1	82608
165.232	0.25	0	1	82616
165.25	0.25	0	1	82625
165.266	0.25	0	1	82633
165.282	0.25	0	1	82641
165.3	0.25	0	1	82650
165.316	0.25	0	1	82658
165.332	0.25	0	1	82666
165.35	0.25	0	1	82675
165.366	0.25	0	1	82683
165.382	0.25	0	1	82691
165.4	0.25	0	1	82700
165.416	0.25	0	1	82708
165.432	0.25	0	1	82716
165.45	0.25	1	2	82725
165.466	0.25	1	2	82733
165.482	0.25	1	2	82741
165.5	0.25	1	2	82750
165.516	0.25	0	1	82758
165.532	0.25	0	1	82766
165.55	0.25	0	1	82775
165.566	0.25	0	1	82783
165.582	0.25	0	1	82791
165.6	0.25	0	1	82800
165.616	0.25	0	1	82808
165.632	0.25	0	1	82816
165.65	0.25	0	1	82825
165.666	0.25	0	1	82833
165.682	0.25	0	1	82841
165.7	0.25	0	1	82850
165.716	0.25	0	1	82858
165.732	0.25	1	2	82866
165.75	0.25	1	2	82875
165.766	0.25	1	2	82883
165.782	0.25	1	2	82891
165.8	0.25	0	1	82900
165.816	0.25	0	1	82908
165.832	0.25	0	1	82916
165.85	0.25	0	1	82925
165.866	0.25	0	1	82933
165.882	0.25	0	1	82941
165.9	0.25	0	1	82950
165.916	0.25	0	1	82958
165.932	0.25	0	1	82966
165.95	0.25	0	1	82975
165.966	0.25	0	1	82983
165.982	0.25	0	1	82991
166.0	0.25	0	1	83000
166.016	0.25	0	1	83008
166.032	0.25	0	1	83016
166.05	0.25	0	1	83025
166.066	0.25	0	1	83033
166.082	0.25	0	1	83041
166.1	0.25	1	2	83050
166.116	0.25	1	2	83058
166.132	0.25	1	2	83066
166.15	0.25	1	2	83075
166.166	0.25	0	1	83083
166.182	0.25	0	1	83091
166.2	0.25	0	1	83100
166.216	0.25	0	1	83108
166.232	0.25	0	1	83116
166.25	0.25	0	1	83125
166.266	0.25	0	1	83133
166.282	0.25	0	1	83141
166.3	0.25	0	1	83150
166.316	0.25	0	1	83158
166.332	0.25	0	1	83166
166.35	0.25	0	1	83175
166.366	0.25	0	1	83183
166.382	0.25	0	1	83191
166.4	0.25	0	1	83200
166.416	0.25	0	1	83208
166.432	0.25	0	1	83216
166.45	0.25	0	1	83225
166.466	0.25	0	1	83233
166.482	0.25	0	1	83241
166.5	0.25	0	1	83250
166.516	0.25	0	1	83258
166.532	0.25	0	1	83266
166.55	0.25	0	1	83275
166.566	0.25	1	2	83283
166.582	0.25	1	2	83291
166.6	0.25	1	2	83300
166.616	0.25	1	2	83308
166.632	0.25	0	1	83316
166.65	0.25	0	1	83325
166.666	0.25	0	1	83333
166.682	0.25	0	1	83341
169.032	0.25	0	1	84516
169.05	0.25	0	1	84525
169.066	0.25	0	1	84533
169.082	0.25	0	1	84541
169.1	0.25	0	1	84550
169.116	0.25	0	1	84558
169.132	0.25	0	1	84566
169.15	0.25	0	1	84575
169.166	0.25	0	1	84583
169.182	0.25	0	1	84591
169.2	0.25	0	1	84600
169.216	0.25	0	1	84608
169.232	0.25	0	1	84616
169.25	0.25	0	1	84625
169.266	0.25	0	1	84633
169.282	0.25	0	1	84641
169.3	0.25	0	1	84650
169.316	0.25	0	1	84658
169.332	0.25	0	1	84666
169.35	0.25	0	1	84675
169.366	0.25	0	1	84683
169.382	0.25	0	1	84691
169.4	0.25	0	1	84700
169.416	0.25	1	2	84708
169.432	0.25	1	2	84716
169.45	0.25	1	2	84725
169.466	0.25	1	2	84733
169.482	0.25	0	1	84741
169.5	0.25	0	1	84750
169.516	0.25	0	1	84758
169.532	0.25	0	1	84766
169.55	0.25	0	1	84775
169.566	0.25	0	1	84783
169.582	0.25	0	1	84791
169.6	0.25	0	1	84800
169.616	0.25	0	1	84808
169.632	0.25	0	1	84816
169.65	0.25	0	1	84825
169.666	0.25	0	1	84833
169.682	0.25	0	1	84841
169.7	0.25	0	1	84850
169.716	0.25	0	1	84858
169.732	0.25	0	1	84866
169.75	0.25	0	1	84875
169.766	0.25	0	1	84883
169.782	0.25	0	1	84891
169.8	0.25	1	2	84900
169.816	0.25	1	2	84908
169.832	0.25	1	2	84916
169.85	0.25	1	2	84925
169.866	0.25	0	1	84933
169.882	0.25	0	1	84941
169.9	0.25	0	1	84950
169.916	0.25	0	1	84958
169.932	0.25	0	1	84966
169.95	0.25	0	1	84975
169.966	0.25	0	1	84983
169.982	0.25	0	1	84991
170.0	0.25	0	1	85000
170.016	0.25	0	1	85008
170.032	0.25	0	1	85016
170.05	0.25	0	1	85025
170.066	0.25	0	1	85033
170.082	0.25	0	1	85041
170.1	0.25	1	2	85050
170.116	0.25	1	2	85058
170.132	0.25	1	2	85066
170.15	0.25	1	2	85075
170.166	0.25	0	1	85083
170.182	0.25	0	1	85091
170.2	0.25	0	1	85100
170.216	0.25	0	1	85108
170.232	0.25	0	1	85116
170.25	0.25	0	1	85125
170.266	0.25	0	1	85133
170.282	0.25	0	1	85141
170.3	0.25	0	1	85150
170.316	0.25	0	1	85158
170.332	0.25	0	1	85166
170.35	0.25	0	1	85175
170.366	0.25	0	1	85183
170.382	0.25	1	2	85191
170.4	0.25	1	2	85200
170.416	0.25	1	2	85208
170.432	0.25	1	2	85216
170.45	0.25	0	1	85225
170.466	0.25	0	1	85233
170.482	0.25	0	1	85241
170.5	0.25	0	1	85250
170.516	0.25	0	1	85258
170.532	0.25	0	1	85266
170.55	0.25	0	1	85275
170.566	0.25	0	1	85283
170.582	0.25	0	1	85291
170.6	0.25	0	1	85300
170.616	0.25	0	1	85308
170.632	0.25	0	1	85316
170.65	0.25	0	1	85325
170.666	0.25	0	1	85333
170.682	0.25	0	1	85341
170.7	0.25	0	1	85350
170.716	0.25	1	2	85358
170.732	0.25	1	2	85366
170.75	0.25	1	2	85375
170.766	0.25	1	2	85383
170.782	0.25	0	1	85391
170.8	0.25	0	1	85400
170.816	0.25	0	1	85408
170.832	0.25	0	1	85416
170.85	0.25	0	1	85425
170.866	0.25	0	1	85433
170.882	0.25	0	1	85441
170.9	0.25	0	1	85450
170.916	0.25	0	1	85458
170.932	0.25	0	1	85466
170.95	0.25	0	1	85475
170.966	0.25	0	1	85483
172.45	0.25	0	1	86225
172.466	0.25	1	2	86233
172.482	0.25	1	2	86241
172.5	0.25	1	2	86250
172.516	0.25	1	2	86258
172.532	0.25	0	1	86266
172.55	0.25	0	1	86275
172.566	0.25	0	1	86283
172.582	0.25	0	1	86291
172.6	0.25	0	1	86300
172.616	0.25	0	1	86308
172.632	0.25	0	1	86316
172.65	0.25	0	1	86325
172.666	0.25	0	1	86333
172.682	0.25	0	1	86341
172.7	0.25	0	1	86350
172.716	0.25	0	1	86358
172.732	0.25	0	1	86366
172.75	0.25	0	1	86375
172.766	0.25	0	1	86383
172.782	0.25	0	1	86391
172.8	0.25	0	1	86400
172.816	0.25	0	1	86408
172.832	0.25	0	1	86416
172.85	0.25	0	1	86425
172.866	0.25	0	1	86433
172.882	0.25	0	1	86441
172.9	0.25	0	1	86450
172.916	0.25	0	1	86458
172.932	0.25	0	1	86466
172.95	0.25	1	2	86475
172.966	0.25	1	2	86483
172.982	0.25	1	2	86491
173.0	0.25	1	2	86500
173.016	0.25	0	1	86508
173.032	0.25	0	1	86516
173.05	0.25	0	1	86525
173.066	0.25	0	1	86533
173.082	0.25	0	1	86541
173.1	0.25	0	1	86550
173.116	0.25	0	1	86558
173.132	0.25	0	1	86566
173.15	0.25	0	1	86575
173.166	0.25	0	1	86583
173.182	0.25	0	1	86591
173.2	0.25	0	1	86600
173.216	0.25	0	1	86608
173.232	0.25	0	1	86616
173.25	0.25	0	1	86625
173.266	0.25	0	1	86633
173.282	0.25	0	1	86641
173.3	0.25	0	1	86650
173.316	0.25	0	1	86658
173.332	0.25	0	1	86666
173.35	0.25	0	1	86675
173.366	0.25	0	1	86683
173.382	0.25	0	1	86691
173.4	0.25	0	1	86700
173.416	0.25	1	2	86708
173.432	0.25	1	2	86716
173.45	0.25	1	2	86725
173.466	0.25	1	2	86733
173.482	0.25	0	1	86741
173.5	0.25	0	1	86750
173.516	0.25	0	1	86758
173.532	0.25	0	1	86766
173.55	0.25	0	1	86775
173.566	0.25	0	1	86783
173.582	0.25	0	1	86791
173.6	0.25	0	1	86800
173.616	0.25	0	1	86808
173.632	0.25	0	1	86816
173.65	0.25	0	1	86825
173.666	0.25	0	1	86833
173.682	0.25	0	1	86841
173.7	0.25	0	1	86850
173.716	0.25	0	1	86858
173.732	0.25	0	1	86866
173.75	0.25	0	1	86875
173.766	0.25	0	1	86883
173.782	0.25	0	1	86891
173.8	0.25	0	1	86900
173.816	0.25	0	1	86908
173.832	0.25	1	2	86916
173.85	0.25	1	2	86925
173.866	0.25	1	2	86933
173.882	0.25	1	2	86941
173.9	0.25	0	1	86950
173.916	0.25	0	1	86958
173.932	0.25	0	1	86966
173.95	0.25	0	1	86975
173.966	0.25	0	1	86983
173.982	0.25	0	1	86991
174.0	0.25	0	1	87000
174.016	0.25	0	1	87008
174.032	0.25	0	1	87016
174.05	0.25	0	1	87025
174.066	0.25	0	1	87033
174.082	0.25	0	1	87041
174.1	0.25	0	1	87050
174.116	0.25	0	1	87058
174.132	0.25	0	1	87066
174.15	0.25	0	1	87075
174.166	0.25	0	1	87083
174.182	0.25	0	1	87091
174.2	0.25	0	1	87100
174.216	0.25	0	1	87108
174.232	0.25	0	1	87116
174.25	0.25	0	1	87125
174.266	0.25	1	2	87133
174.282	0.25	1	2	87141
174.3	0.25	1	2	87150
174.316	0.25	1	2	87158
174.332	0.25	0	1	87166
174.35	0.25	0	1	87175
174.366	0.25	0	1	87183
174.382	0.25	0	1	87191
175.866	0.25	0	1	87933
175.882	0.25	0	1	87941
175.9	0.25	0	1	87950
175.916	0.25	0	1	87958
175.932	0.25	0	1	87966
175.95	0.25	0	1	87975
175.966	0.25	0	1	87983
175.982	0.25	0	1	87991
176.0	0.25	0	1	88000
176.016	0.25	0	1	88008
176.032	0.25	0	1	88016
176.05	0.25	0	1	88025
176.066	0.25	0	1	88033
176.082	0.25	0	1	88041
176.1	0.25	0	1	88050
176.116	0.25	0	1	88058
176.132	0.25	0	1	88066
176.15	0.25	0	1	88075
176.166	0.25	1	2	88083
176.182	0.25	1	2	88091
176.2	0.25	1	2	88100
176.216	0.25	1	2	88108
176.232	0.25	0	1	88116
176.25	0.25	0	1	88125
176.266	0.25	0	1	88133
176.282	0.25	0	1	88141
176.3	0.25	0	1	88150
176.316	0.25	0	1	88158
176.332	0.25	0	1	88166
176.35	0.25	0	1	88175
176.366	0.25	0	1	88183
176.382	0.25	0	1	88191
176.4	0.25	0	1	88200
176.416	0.25	0	1	88208
176.432	0.25	0	1	88216
176.45	0.25	0	1	88225
176.466	0.25	0	1	88233
176.482	0.25	0	1	88241
176.5	0.25	0	1	88250
176.516	0.25	0	1	88258
176.532	0.25	0	1	88266
176.55	0.25	0	1	88275
176.566	0.25	1	2	88283
176.582	0.25	1	2	88291
176.6	0.25	1	2	88300
176.616	0.25	1	2	88308
176.632	0.25	0	1	88316
176.65	0.25	0	1	88325
176.666	0.25	0	1	88333
176.682	0.25	0	1	88341
176.7	0.25	0	1	88350
176.716	0.25	0	1	88358
176.732	0.25	0	1	88366
176.75	0.25	0	1	88375
176.766	0.25	0	1	88383
176.782	0.25	0	1	88391
176.8	0.25	0	1	88400
176.816	0.25	0	1	88408
176.832	0.25	0	1	88416
176.85	0.25	1	2	88425
176.866	0.25	1	2	88433
176.882	0.25	1	2	88441
176.9	0.25	1	2	88450
176.916	0.25	0	1	88458
176.932	0.25	0	1	88466
176.95	0.25	0	1	88475
176.966	0.25	0	1	88483
176.982	0.25	0	1	88491
177.0	0.25	0	1	88500
177.016	0.25	0	1	88508
177.032	0.25	0	1	88516
177.05	0.25	0	1	88525
177.066	0.25	0	1	88533
177.082	0.25	0	1	88541
177.1	0.25	0	1	88550
177.116	0.25	0	1	88558
177.132	0.25	0	1	88566
177.15	0.25	0	1	88575
177.166	0.25	0	1	88583
177.182	0.25	0	1	88591
177.2	0.25	0	1	88600
177.216	0.25	1	2	88608
177.232	0.25	1	2	88616
177.25	0.25	1	2	88625
177.266	0.25	1	2	88633
177.282	0.25	0	1	88641
177.3	0.25	0	1	88650
177.316	0.25	0	1	88658
177.332	0.25	0	1	88666
177.35	0.25	0	1	88675
177.366	0.25	0	1	88683
177.382	0.25	0	1	88691
177.4	0.25	0	1	88700
177.416	0.25	0	1	88708
177.432	0.25	0	1	88716
177.45	0.25	0	1	88725
177.466	0.25	0	1	88733
177.482	0.25	0	1	88741
177.5	0.25	0	1	88750
177.516	0.25	0	1	88758
177.532	0.25	0	1	88766
177.55	0.25	0	1	88775
177.566	0.25	0	1	88783
177.582	0.25	0	1	88791
177.6	0.25	0	1	88800
177.616	0.25	0	1	88808
177.632	0.25	0	1	88816
177.65	0.25	0	1	88825
177.666	0.25	0	1	88833
177.682	0.25	1	2	88841
177.7	0.25	1	2	88850
177.716	0.25	1	2	88858
177.732	0.25	1	2	88866
177.75	0.25	0	1	88875
177.766	0.25	0	1	88883
177.782	0.25	0	1	88891
177.8	0.25	0	1	88900
179.282	0.25	0	1	89641
179.3	0.25	0	1	89650
179.316	0.25	0	1	89658
179.332	0.25	0	1	89666
179.35	0.25	0	1	89675
179.366	0.25	0	1	89683
179.382	0.25	0	1	89691
179.4	0.25	0	1	89700
179.416	0.25	0	1	89708
179.432	0.25	0	1	89716
179.45	0.25	0	1	89725
179.466	0.25	0	1	89733
179.482	0.25	0	1	89741
179.5	0.25	0	1	89750
179.516	0.25	0	1	89758
179.532	0.25	1	2	89766
179.55	0.25	1	2	89775
179.566	0.25	1	2	89783
179.582	0.25	1	2	89791
179.6	0.25	0	1	89800
179.616	0.25	0	1	89808
179.632	0.25	0	1	89816
179.65	0.25	0	1	89825
179.666	0.25	0	1	89833
179.682	0.25	0	1	89841
179.7	0.25	0	1	89850
179.716	0.25	0	1	89858
179.732	0.25	0	1	89866
179.75	0.25	0	1	89875
179.766	0.25	0	1	89883
179.782	0.25	0	1	89891
179.8	0.25	0	1	89900
179.816	0.25	0	1	89908
179.832	0.25	0	1	89916
179.85	0.25	0	1	89925
179.866	0.25	0	1	89933
179.882	0.25	0	1	89941
179.9	0.25	0	1	89950
179.916	0.25	0	1	89958
179.932	0.25	0	1	89966
179.95	0.25	0	1	89975
179.966	0.25	1	2	89983
179.982	0.25	1	2	89991
180.0	0.25	1	2	90000
180.016	0.25	1	2	90008
180.032	0.25	0	1	90016
180.05	0.25	0	1	90025
180.066	0.25	0	1	90033
180.082	0.25	0	1	90041
180.1	0.25	0	1	90050
180.116	0.25	0	1	90058
180.132	0.25	0	1	90066
180.15	0.25	0	1	90075
180.166	0.25	0	1	90083
180.182	0.25	0	1	90091
180.2	0.25	0	1	90100
180.216	0.25	0	1	90108
180.232	0.25	0	1	90116
180.25	0.25	0	1	90125
180.266	0.25	0	1	90133
180.282	0.25	0	1	90141
180.3	0.25	0	1	90150
180.316	0.25	0	1	90158
180.332	0.25	0	1	90166
180.35	0.25	0	1	90175
180.366	0.25	0	1	90183
180.382	0.25	0	1	90191
180.4	0.25	0	1	90200
180.416	0.25	0	1	90208
180.432	0.25	1	2	90216
180.45	0.25	1	2	90225
180.466	0.25	1	2	90233
180.482	0.25	1	2	90241
180.5	0.25	0	1	90250
180.516	0.25	0	1	90258
180.532	0.25	0	1	90266
180.55	0.25	0	1	90275
180.566	0.25	0	1	90283
180.582	0.25	0	1	90291
180.6	0.25	0	1	90300
180.616	0.25	0	1	90308
180.632	0.25	0	1	90316
180.65	0.25	0	1	90325
180.666	0.25	0	1	90333
180.682	0.25	0	1	90341
180.7	0.25	0	1	90350
180.716	0.25	0	1	90358
180.732	0.25	1	2	90366
180.75	0.25	1	2	90375
180.766	0.25	1	2	90383
180.782	0.25	1	2	90391
180.8	0.25	0	1	90400
180.816	0.25	0	1	90408
180.832	0.25	0	1	90416
180.85	0.25	0	1	90425
180.866	0.25	0	1	90433
180.882	0.25	0	1	90441
180.9	0.25	0	1	90450
180.916	0.25	0	1	90458
180.932	0.25	0	1	90466
180.95	0.25	0	1	90475
180.966	0.25	0	1	90483
180.982	0.25	0	1	90491
181.0	0.25	0	1	90500
181.016	0.25	0	1	90508
181.032	0.25	0	1	90516
181.05	0.25	0	1	90525
181.066	0.25	0	1	90533
181.082	0.25	0	1	90541
181.1	0.25	0	1	90550
181.116	0.25	0	1	90558
181.132	0.25	0	1	90566
181.15	0.25	0	1	90575
181.166	0.25	1	2	90583
181.182	0.25	1	2	90591
181.2	0.25	1	2	90600
181.216	0.25	1	2	90608
184.732	0.25	0	1	92366
184.75	0.25	1	2	92375
184.766	0.25	1	2	92383
184.782	0.25	1	2	92391
184.8	0.25	1	2	92400
184.816	0.25	0	1	92408
184.832	0.25	0	1	92416
184.85	0.25	0	1	92425
184.866	0.25	0	1	92433
184.882	0.25	0	1	92441
184.9	0.25	0	1	92450
184.916	0.25	0	1	92458
184.932	0.25	0	1	92466
184.95	0.25	0	1	92475
184.966	0.25	0	1	92483
184.982	0.25	0	1	92491
185.0	0.25	0	1	92500
185.016	0.25	0	1	92508
185.032	0.25	0	1	92516
185.05	0.25	0	1	92525
185.066	0.25	0	1	92533
185.082	0.25	0	1	92541
185.1	0.25	0	1	92550
185.116	0.25	0	1	92558
185.132	0.25	0	1	92566
185.15	0.25	0	1	92575
185.166	0.25	0	1	92583
185.182	0.25	0	1	92591
185.2	0.25	0	1	92600
185.216	0.25	0	1	92608
185.232	0.25	1	2	92616
185.25	0.25	1	2	92625
185.266	0.25	1	2	92633
185.282	0.25	1	2	92641
185.3	0.25	0	1	92650
185.316	0.25	0	1	92658
185.332	0.25	0	1	92666
185.35	0.25	0	1	92675
185.366	0.25	0	1	92683
185.382	0.25	0	1	92691
185.4	0.25	0	1	92700
185.416	0.25	0	1	92708
185.432	0.25	0	1	92716
185.45	0.25	0	1	92725
185.466	0.25	0	1	92733
185.482	0.25	0	1	92741
185.5	0.25	0	1	92750
185.516	0.25	0	1	92758
185.532	0.25	0	1	92766
185.55	0.25	0	1	92775
185.566	0.25	0	1	92783
185.582	0.25	0	1	92791
185.6	0.25	0	1	92800
185.616	0.25	0	1	92808
185.632	0.25	0	1	92816
185.65	0.25	0	1	92825
185.666	0.25	0	1	92833
185.682	0.25	0	1	92841
185.7	0.25	1	2	92850
185.716	0.25	1	2	92858
185.732	0.25	1	2	92866
185.75	0.25	1	2	92875
185.766	0.25	0	1	92883
185.782	0.25	0	1	92891
185.8	0.25	0	1	92900
185.816	0.25	0	1	92908
185.832	0.25	0	1	92916
185.85	0.25	0	1	92925
185.866	0.25	0	1	92933
185.882	0.25	0	1	92941
185.9	0.25	0	1	92950
185.916	0.25	0	1	92958
185.932	0.25	0	1	92966
185.95	0.25	0	1	92975
185.966	0.25	0	1	92983
185.982	0.25	0	1	92991
186.0	0.25	0	1	93000
186.016	0.25	0	1	93008
186.032	0.25	0	1	93016
186.05	0.25	0	1	93025
186.066	0.25	0	1	93033
186.082	0.25	0	1	93041
186.1	0.25	0	1	93050
186.116	0.25	1	2	93058
186.132	0.25	1	2	93066
186.15	0.25	1	2	93075
186.166	0.25	1	2	93083
186.182	0.25	0	1	93091
186.2	0.25	0	1	93100
186.216	0.25	0	1	93108
186.232	0.25	0	1	93116
186.25	0.25	0	1	93125
186.266	0.25	0	1	93133
186.282	0.25	0	1	93141
186.3	0.25	0	1	93150
186.316	0.25	0	1	93158
186.332	0.25	0	1	93166
186.35	0.25	0	1	93175
186.366	0.25	0	1	93183
186.382	0.25	0	1	93191
186.4	0.25	0	1	93200
186.416	0.25	0	1	93208
186.432	0.25	0	1	93216
186.45	0.25	0	1	93225
186.466	0.25	0	1	93233
186.482	0.25	0	1	93241
186.5	0.25	0	1	93250
186.516	0.25	0	1	93258
186.532	0.25	0	1	93266
186.55	0.25	1	2	93275
186.566	0.25	1	2	93283
186.582	0.25	1	2	93291
186.6	0.25	1	2	93300
186.616	0.25	0	1	93308
186.632	0.25	0	1	93316
186.65	0.25	0	1	93325
186.666	0.25	0	1	93333
188.15	0.25	0	1	94075
188.166	0.25	0	1	94083
188.182	0.25	0	1	94091
188.2	0.25	0	1	94100
188.216	0.25	0	1	94108
188.232	0.25	0	1	94116
188.25	0.25	0	1	94125
188.266	0.25	0	1	94133
188.282	0.25	0	1	94141
188.3	0.25	0	1	94150
188.316	0.25	0	1	94158
188.332	0.25	0	1	94166
188.35	0.25	0	1	94175
188.366	0.25	0	1	94183
188.382	0.25	0	1	94191
188.4	0.25	0	1	94200
188.416	0.25	0	1	94208
188.432	0.25	0	1	94216
188.45	0.25	0	1	94225
188.466	0.25	0	1	94233
188.482	0.25	0	1	94241
188.5	0.25	0	1	94250
188.516	0.25	0	1	94258
188.532	0.25	1	2	94266
188.55	0.25	1	2	94275
188.566	0.25	1	2	94283
188.582	0.25	1	2	94291
188.6	0.25	0	1	94300
188.616	0.25	0	1	94308
188.632	0.25	0	1	94316
188.65	0.25	0	1	94325
188.666	0.25	0	1	94333
188.682	0.25	0	1	94341
188.7	0.25	0	1	94350
188.716	0.25	0	1	94358
188.732	0.25	0	1	94366
188.75	0.25	0	1	94375
188.766	0.25	0	1	94383
188.782	0.25	0	1	94391
188.8	0.25	0	1	94400
188.816	0.25	0	1	94408
188.832	0.25	0	1	94416
188.85	0.25	0	1	94425
188.866	0.25	0	1	94433
188.882	0.25	0	1	94441
188.9	0.25	0	1	94450
188.916	0.25	1	2	94458
188.932	0.25	1	2	94466
188.95	0.25	1	2	94475
188.966	0.25	1	2	94483
188.982	0.25	0	1	94491
189.0	0.25	0	1	94500
189.016	0.25	0	1	94508
189.032	0.25	0	1	94516
189.05	0.25	0	1	94525
189.066	0.25	0	1	94533
189.082	0.25	0	1	94541
189.1	0.25	0	1	94550
189.116	0.25	0	1	94558
189.132	0.25	0	1	94566
189.15	0.25	0	1	94575
189.166	0.25	0	1	94583
189.182	0.25	0	1	94591
189.2	0.25	0	1	94600
189.216	0.25	1	2	94608
189.232	0.25	1	2	94616
189.25	0.25	1	2	94625
189.266	0.25	1	2	94633
189.282	0.25	0	1	94641
189.3	0.25	0	1	94650
189.316	0.25	0	1	94658
189.332	0.25	0	1	94666
189.35	0.25	0	1	94675
189.366	0.25	0	1	94683
189.382	0.25	0	1	94691
189.4	0.25	0	1	94700
189.416	0.25	0	1	94708
189.432	0.25	0	1	94716
189.45	0.25	0	1	94725
189.466	0.25	0	1	94733
189.482	0.25	0	1	94741
189.5	0.25	1	2	94750
189.516	0.25	1	2	94758
189.532	0.25	1	2	94766
189.55	0.25	1	2	94775
189.566	0.25	0	1	94783
189.582	0.25	0	1	94791
189.6	0.25	0	1	94800
189.616	0.25	0	1	94808
189.632	0.25	0	1	94816
189.65	0.25	0	1	94825
189.666	0.25	0	1	94833
189.682	0.25	0	1	94841
189.7	0.25	0	1	94850
189.716	0.25	0	1	94858
189.732	0.25	0	1	94866
189.75	0.25	0	1	94875
189.766	0.25	0	1	94883
189.782	0.25	0	1	94891
189.8	0.25	0	1	94900
189.816	0.25	0	1	94908
189.832	0.25	1	2	94916
189.85	0.25	1	2	94925
189.866	0.25	1	2	94933
189.882	0.25	1	2	94941
189.9	0.25	0	1	94950
189.916	0.25	0	1	94958
189.932	0.25	0	1	94966
189.95	0.25	0	1	94975
189.966	0.25	0	1	94983
189.982	0.25	0	1	94991
190.0	0.25	0	1	95000
190.016	0.25	0	1	95008
190.032	0.25	0	1	95016
190.05	0.25	0	1	95025
190.066	0.25	0	1	95033
190.082	0.25	0	1	95041
191.566	0.25	0	1	95783
191.582	0.25	0	1	95791
191.6	0.25	0	1	95800
191.616	0.25	0	1	95808
191.632	0.25	0	1	95816
191.65	0.25	0	1	95825
191.666	0.25	0	1	95833
191.682	0.25	0	1	95841
191.7	0.25	0	1	95850
191.716	0.25	0	1	95858
191.732	0.25	0	1	95866
191.75	0.25	0	1	95875
191.766	0.25	0	1	95883
191.782	0.25	0	1	95891
191.8	0.25	0	1	95900
191.816	0.25	0	1	95908
191.832	0.25	0	1	95916
191.85	0.25	0	1	95925
191.866	0.25	1	2	95933
191.882	0.25	1	2	95941
191.9	0.25	1	2	95950
191.916	0.25	1	2	95958
191.932	0.25	0	1	95966
191.95	0.25	0	1	95975
191.966	0.25	0	1	95983
191.982	0.25	0	1	95991
192.0	0.25	0	1	96000
192.016	0.25	0	1	96008
192.032	0.25	0	1	96016
192.05	0.25	0	1	96025
192.066	0.25	0	1	96033
192.082	0.25	0	1	96041
192.1	0.25	0	1	96050
192.116	0.25	0	1	96058
192.132	0.25	0	1	96066
192.15	0.25	0	1	96075
192.166	0.25	0	1	96083
192.182	0.25	0	1	96091
192.2	0.25	0	1	96100
192.216	0.25	0	1	96108
192.232	0.25	0	1	96116
192.25	0.25	0	1	96125
192.266	0.25	1	2	96133
192.282	0.25	1	2	96141
192.3	0.25	1	2	96150
192.316	0.25	1	2	96158
192.332	0.25	0	1	96166
192.35	0.25	0	1	96175
192.366	0.25	0	1	96183
192.382	0.25	0	1	96191
192.4	0.25	0	1	96200
192.416	0.25	0	1	96208
192.432	0.25	0	1	96216
192.45	0.25	0	1	96225
192.466	0.25	0	1	96233
192.482	0.25	0	1	96241
192.5	0.25	0	1	96250
192.516	0.25	0	1	96258
192.532	0.25	0	1	96266
192.55	0.25	1	2	96275
192.566	0.25	1	2	96283
192.582	0.25	1	2	96291
192.6	0.25	1	2	96300
192.616	0.25	0	1	96308
192.632	0.25	0	1	96316
192.65	0.25	0	1	96325
192.666	0.25	0	1	96333
192.682	0.25	0	1	96341
192.7	0.25	0	1	96350
192.716	0.25	0	1	96358
192.732	0.25	0	1	96366
192.75	0.25	0	1	96375
192.766	0.25	0	1	96383
192.782	0.25	0	1	96391
192.8	0.25	0	1	96400
192.816	0.25	0	1	96408
192.832	0.25	0	1	96416
192.85	0.25	0	1	96425
192.866	0.25	0	1	96433
192.882	0.25	0	1	96441
192.9	0.25	0	1	96450
192.916	0.25	1	2	96458
192.932	0.25	1	2	96466
192.95	0.25	1	2	96475
192.966	0.25	1	2	96483
192.982	0.25	0	1	96491
193.0	0.25	0	1	96500
193.016	0.25	0	1	96508
193.032	0.25	0	1	96516
193.05	0.25	0	1	96525
193.066	0.25	0	1	96533
193.082	0.25	0	1	96541
193.1	0.25	0	1	96550
193.116	0.25	0	1	96558
193.132	0.25	0	1	96566
193.15	0.25	0	1	96575
193.166	0.25	0	1	96583
193.182	0.25	0	1	96591
193.2	0.25	0	1	96600
193.216	0.25	0	1	96608
193.232	0.25	0	1	96616
193.25	0.25	0	1	96625
193.266	0.25	0	1	96633
193.282	0.25	0	1	96641
193.3	0.25	0	1	96650
193.316	0.25	0	1	96658
193.332	0.25	0	1	96666
193.35	0.25	0	1	96675
193.366	0.25	0	1	96683
193.382	0.25	1	2	96691
193.4	0.25	1	2	96700
193.416	0.25	1	2	96708
193.432	0.25	1	2	96716
193.45	0.25	0	1	96725
193.466	0.25	0	1	96733
193.482	0.25	0	1	96741
193.5	0.25	0	1	96750
194.982	0.25	0	1	97491
195.0	0.25	0	1	97500
195.016	0.25	0	1	97508
195.032	0.25	0	1	97516
195.05	0.25	0	1	97525
195.066	0.25	0	1	97533
195.082	0.25	0	1	97541
195.1	0.25	0	1	97550
195.116	0.25	0	1	97558
195.132	0.25	0	1	97566
195.15	0.25	0	1	97575
195.166	0.25	0	1	97583
195.182	0.25	0	1	97591
195.2	0.25	0	1	97600
195.216	0.25	0	1	97608
195.232	0.25	1	2	97616
195.25	0.25	1	2	97625
195.266	0.25	1	2	97633
195.282	0.25	1	2	97641
195.3	0.25	0	1	97650
195.316	0.25	0	1	97658
195.332	0.25	0	1	97666
195.35	0.25	0	1	97675
195.366	0.25	0	1	97683
195.382	0.25	0	1	97691
195.4	0.25	0	1	97700
195.416	0.25	0	1	97708
195.432	0.25	0	1	97716
195.45	0.25	0	1	97725
195.466	0.25	0	1	97733
195.482	0.25	0	1	97741
195.5	0.25	0	1	97750
195.516	0.25	0	1	97758
195.532	0.25	0	1	97766
195.55	0.25	0	1	97775
195.566	0.25	0	1	97783
195.582	0.25	0	1	97791
195.6	0.25	0	1	97800
195.616	0.25	0	1	97808
195.632	0.25	0	1	97816
195.65	0.25	0	1	97825
195.666	0.25	1	2	97833
195.682	0.25	1	2	97841
195.7	0.25	1	2	97850
195.716	0.25	1	2	97858
195.732	0.25	0	1	97866
195.75	0.25	0	1	97875
195.766	0.25	0	1	97883
195.782	0.25	0	1	97891
195.8	0.25	0	1	97900
195.816	0.25	0	1	97908
195.832	0.25	0	1	97916
195.85	0.25	0	1	97925
195.866	0.25	0	1	97933
195.882	0.25	0	1	97941
195.9	0.25	0	1	97950
195.916	0.25	0	1	97958
195.932	0.25	0	1	97966
195.95	0.25	0	1	97975
195.966	0.25	0	1	97983
195.982	0.25	0	1	97991
196.0	0.25	0	1	98000
196.016	0.25	0	1	98008
196.032	0.25	0	1	98016
196.05	0.25	0	1	98025
196.066	0.25	0	1	98033
196.082	0.25	0	1	98041
196.1	0.25	0	1	98050
196.116	0.25	0	1	98058
196.132	0.25	1	2	98066
196.15	0.25	1	2	98075
196.166	0.25	1	2	98083
196.182	0.25	1	2	98091
196.2	0.25	0	1	98100
196.216	0.25	0	1	98108
196.232	0.25	0	1	98116
196.25	0.25	0	1	98125
196.266	0.25	0	1	98133
196.282	0.25	0	1	98141
196.3	0.25	0	1	98150
196.316	0.25	0	1	98158
196.332	0.25	0	1	98166
196.35	0.25	0	1	98175
196.366	0.25	0	1	98183
196.382	0.25	0	1	98191
196.4	0.25	0	1	98200
196.416	0.25	0	1	98208
196.432	0.25	1	2	98216
196.45	0.25	1	2	98225
196.466	0.25	1	2	98233
196.482	0.25	1	2	98241
196.5	0.25	0	1	98250
196.516	0.25	0	1	98258
196.532	0.25	0	1	98266
196.55	0.25	0	1	98275
196.566	0.25	0	1	98283
196.582	0.25	0	1	98291
196.6	0.25	0	1	98300
196.616	0.25	0	1	98308
196.632	0.25	0	1	98316
196.65	0.25	0	1	98325
196.666	0.25	0	1	98333
196.682	0.25	0	1	98341
196.7	0.25	0	1	98350
196.716	0.25	0	1	98358
196.732	0.25	0	1	98366
196.75	0.25	0	1	98375
196.766	0.25	0	1	98383
196.782	0.25	0	1	98391
196.8	0.25	0	1	98400
196.816	0.25	0	1	98408
196.832	0.25	0	1	98416
196.85	0.25	0	1	98425
196.866	0.25	1	2	98433
196.882	0.25	1	2	98441
196.9	0.25	1	2	98450
196.916	0.25	1	2	98458
199.416	0.25	0	1	99708
199.432	0.25	0	1	99716
199.45	0.25	0	1	99725
199.466	0.25	0	1	99733
199.482	0.25	0	1	99741
199.5	0.25	0	1	99750
199.516	0.25	0	1	99758
199.532	0.25	0	1	99766
199.55	0.25	0	1	99775
199.566	0.25	0	1	99783
199.582	0.25	0	1	99791
199.6	0.25	0	1	99800
199.616	0.25	0	1	99808
199.632	0.25	0	1	99816
199.65	0.25	0	1	99825
199.666	0.25	0	1	99833
199.682	0.25	0	1	99841
199.7	0.25	0	1	99850
199.716	0.25	0	1	99858
199.732	0.25	0	1	99866
199.75	0.25	0	1	99875
199.766	0.25	0	1	99883
199.782	0.25	0	1	99891
199.8	0.25	1	2	99900
199.816	0.25	1	2	99908
199.832	0.25	1	2	99916
199.85	0.25	1	2	99925
199.866	0.25	0	1	99933
199.882	0.25	0	1	99941
199.9	0.25	0	1	99950
199.916	0.25	0	1	99958
199.932	0.25	0	1	99966
199.95	0.25	0	1	99975
199.966	0.25	0	1	99983
199.982	0.25	0	1	99991
200.0	0.25	0	1	100000
200.016	0.25	0	1	100008
200.032	0.25	0	1	100016
200.05	0.25	0	1	100025
200.066	0.25	0	1	100033
200.082	0.25	0	1	100041
200.1	0.25	0	1	100050
200.116	0.25	0	1	100058
200.132	0.25	0	1	100066
200.15	0.25	0	1	100075
200.166	0.25	0	1	100083
200.182	0.25	1	2	100091
200.2	0.25	1	2	100100
200.216	0.25	1	2	100108
200.232	0.25	1	2	100116
200.25	0.25	0	1	100125
200.266	0.25	0	1	100133
200.282	0.25	0	1	100141
200.3	0.25	0	1	100150
200.316	0.25	0	1	100158
200.332	0.25	0	1	100166
200.35	0.25	0	1	100175
200.366	0.25	0	1	100183
200.382	0.25	0	1	100191
200.4	0.25	0	1	100200
200.416	0.25	0	1	100208
200.432	0.25	0	1	100216
200.45	0.25	0	1	100225
200.466	0.25	0	1	100233
200.482	0.25	1	2	100241
200.5	0.25	1	2	100250
200.516	0.25	1	2	100258
200.532	0.25	1	2	100266
200.55	0.25	0	1	100275
200.566	0.25	0	1	100283
200.582	0.25	0	1	100291
200.6	0.25	0	1	100300
200.616	0.25	0	1	100308
200.632	0.25	0	1	100316
200.65	0.25	0	1	100325
200.666	0.25	0	1	100333
200.682	0.25	0	1	100341
200.7	0.25	0	1	100350
200.716	0.25	0	1	100358
200.732	0.25	0	1	100366
200.75	0.25	0	1	100375
200.766	0.25	1	2	100383
200.782	0.25	1	2	100391
200.8	0.25	1	2	100400
200.816	0.25	1	2	100408
200.832	0.25	0	1	100416
200.85	0.25	0	1	100425
200.866	0.25	0	1	100433
200.882	0.25	0	1	100441
200.9	0.25	0	1	100450
200.916	0.25	0	1	100458
200.932	0.25	0	1	100466
200.95	0.25	0	1	100475
200.966	0.25	0	1	100483
200.982	0.25	0	1	100491
201.0	0.25	0	1	100500
201.016	0.25	0	1	100508
201.032	0.25	0	1	100516
201.05	0.25	0	1	100525
201.066	0.25	0	1	100533
201.082	0.25	0	1	100541
201.1	0.25	1	2	100550
201.116	0.25	1	2	100558
201.132	0.25	1	2	100566
201.15	0.25	1	2	100575
201.166	0.25	0	1	100583
201.182	0.25	0	1	100591
201.2	0.25	0	1	100600
201.216	0.25	0	1	100608
201.232	0.25	0	1	100616
201.25	0.25	0	1	100625
201.266	0.25	0	1	100633
201.282	0.25	0	1	100641
201.3	0.25	0	1	100650
201.316	0.25	0	1	100658
201.332	0.25	0	1	100666
201.35	0.25	0	1	100675
202.832	0.25	0	1	101416
202.85	0.25	0	1	101425
202.866	0.25	0	1	101433
202.882	0.25	0	1	101441
202.9	0.25	0	1	101450
202.916	0.25	0	1	101458
202.932	0.25	0	1	101466
202.95	0.25	0	1	101475
202.966	0.25	0	1	101483
202.982	0.25	0	1	101491
203.0	0.25	0	1	101500
203.016	0.25	0	1	101508
203.032	0.25	0	1	101516
203.05	0.25	0	1	101525
203.066	0.25	0	1	101533
203.082	0.25	0	1	101541
203.1	0.25	0	1	101550
203.116	0.25	0	1	101558
203.132	0.25	1	2	101566
203.15	0.25	1	2	101575
203.166	0.25	1	2	101583
203.182	0.25	1	2	101591
203.2	0.25	0	1	101600
203.216	0.25	0	1	101608
203.232	0.25	0	1	101616
203.25	0.25	0	1	101625
203.266	0.25	0	1	101633
203.282	0.25	0	1	101641
203.3	0.25	0	1	101650
203.316	0.25	0	1	101658
203.332	0.25	0	1	101666
203.35	0.25	0	1	101675
203.366	0.25	0	1	101683
203.382	0.25	0	1	101691
203.4	0.25	0	1	101700
203.416	0.25	0	1	101708
203.432	0.25	0	1	101716
203.45	0.25	0	1	101725
203.466	0.25	0	1	101733
203.482	0.25	0	1	101741
203.5	0.25	0	1	101750
203.516	0.25	0	1	101758
203.532	0.25	1	2	101766
203.55	0.25	1	2	101775
203.566	0.25	1	2	101783
203.582	0.25	1	2	101791
203.6	0.25	0	1	101800
203.616	0.25	0	1	101808
203.632	0.25	0	1	101816
203.65	0.25	0	1	101825
203.666	0.25	0	1	101833
203.682	0.25	0	1	101841
203.7	0.25	0	1	101850
203.716	0.25	0	1	101858
203.732	0.25	0	1	101866
203.75	0.25	0	1	101875
203.766	0.25	0	1	101883
203.782	0.25	0	1	101891
203.8	0.25	0	1	101900
203.816	0.25	1	2	101908
203.832	0.25	1	2	101916
203.85	0.25	1	2	101925
203.866	0.25	1	2	101933
203.882	0.25	0	1	101941
203.9	0.25	0	1	101950
203.916	0.25	0	1	101958
203.932	0.25	0	1	101966
203.95	0.25	0	1	101975
203.966	0.25	0	1	101983
203.982	0.25	0	1	101991
204.0	0.25	0	1	102000
204.016	0.25	0	1	102008
204.032	0.25	0	1	102016
204.05	0.25	0	1	102025
204.066	0.25	0	1	102033
204.082	0.25	0	1	102041
204.1	0.25	0	1	102050
204.116	0.25	0	1	102058
204.132	0.25	0	1	102066
204.15	0.25	0	1	102075
204.166	0.25	0	1	102083
204.182	0.25	1	2	102091
204.2	0.25	1	2	102100
204.216	0.25	1	2	102108
204.232	0.25	1	2	102116
204.25	0.25	0	1	102125
204.266	0.25	0	1	102133
204.282	0.25	0	1	102141
204.3	0.25	0	1	102150
204.316	0.25	0	1	102158
204.332	0.25	0	1	102166
204.35	0.25	0	1	102175
204.366	0.25	0	1	102183
204.382	0.25	0	1	102191
204.4	0.25	0	1	102200
204.416	0.25	0	1	102208
204.432	0.25	0	1	102216
204.45	0.25	0	1	102225
204.466	0.25	0	1	102233
204.482	0.25	0	1	102241
204.5	0.25	0	1	102250
204.516	0.25	0	1	102258
204.532	0.25	0	1	102266
204.55	0.25	0	1	102275
204.566	0.25	0	1	102283
204.582	0.25	0	1	102291
204.6	0.25	0	1	102300
204.616	0.25	0	1	102308
204.632	0.25	0	1	102316
204.65	0.25	1	2	102325
204.666	0.25	1	2	102333
204.682	0.25	1	2	102341
204.7	0.25	1	2	102350
204.716	0.25	0	1	102358
204.732	0.25	0	1	102366
204.75	0.25	0	1	102375
204.766	0.25	0	1	102383
206.25	0.25	0	1	103125
206.266	0.25	1	2	103133
206.282	0.25	1	2	103141
206.3	0.25	1	2	103150
206.316	0.25	1	2	103158
206.332	0.25	0	1	103166
206.35	0.25	0	1	103175
206.366	0.25	0	1	103183
206.382	0.25	0	1	103191
206.4	0.25	0	1	103200
206.416	0.25	0	1	103208
206.432	0.25	0	1	103216
206.45	0.25	0	1	103225
206.466	0.25	0	1	103233
206.482	0.25	0	1	103241
206.5	0.25	0	1	103250
206.516	0.25	0	1	103258
206.532	0.25	0	1	103266
206.55	0.25	0	1	103275
206.566	0.25	0	1	103283
206.582	0.25	0	1	103291
206.6	0.25	0	1	103300
206.616	0.25	0	1	103308
206.632	0.25	0	1	103316
206.65	0.25	0	1	103325
206.666	0.25	0	1	103333
206.682	0.25	0	1	103341
206.7	0.25	0	1	103350
206.716	0.25	0	1	103358
206.732	0.25	0	1	103366
206.75	0.25	1	2	103375
206.766	0.25	1	2	103383
206.782	0.25	1	2	103391
206.8	0.25	1	2	103400
206.816	0.25	0	1	103408
206.832	0.25	0	1	103416
206.85	0.25	0	1	103425
206.866	0.25	0	1	103433
206.882	0.25	0	1	103441
206.9	0.25	0	1	103450
206.916	0.25	0	1	103458
206.932	0.25	0	1	103466
206.95	0.25	0	1	103475
206.966	0.25	0	1	103483
206.982	0.25	0	1	103491
207.0	0.25	0	1	103500
207.016	0.25	0	1	103508
207.032	0.25	0	1	103516
207.05	0.25	0	1	103525
207.066	0.25	0	1	103533
207.082	0.25	0	1	103541
207.1	0.25	0	1	103550
207.116	0.25	0	1	103558
207.132	0.25	0	1	103566
207.15	0.25	0	1	103575
207.166	0.25	0	1	103583
207.182	0.25	0	1	103591
207.2	0.25	0	1	103600
207.216	0.25	1	2	103608
207.232	0.25	1	2	103616
207.25	0.25	1	2	103625
207.266	0.25	1	2	103633
207.282	0.25	0	1	103641
207.3	0.25	0	1	103650
207.316	0.25	0	1	103658
207.332	0.25	0	1	103666
207.35	0.25	0	1	103675
207.366	0.25	0	1	103683
207.382	0.25	0	1	103691
207.4	0.25	0	1	103700
207.416	0.25	0	1	103708
207.432	0.25	0	1	103716
207.45	0.25	0	1	103725
207.466	0.25	0	1	103733
207.482	0.25	0	1	103741
207.5	0.25	0	1	103750
207.516	0.25	0	1	103758
207.532	0.25	0	1	103766
207.55	0.25	0	1	103775
207.566	0.25	0	1	103783
207.582	0.25	0	1	103791
207.6	0.25	0	1	103800
207.616	0.25	0	1	103808
207.632	0.25	1	2	103816
207.65	0.25	1	2	103825
207.666	0.25	1	2	103833
207.682	0.25	1	2	103841
207.7	0.25	0	1	103850
207.716	0.25	0	1	103858
207.732	0.25	0	1	103866
207.75	0.25	0	1	103875
207.766	0.25	0	1	103883
207.782	0.25	0	1	103891
207.8	0.25	0	1	103900
207.816	0.25	0	1	103908
207.832	0.25	0	1	103916
207.85	0.25	0	1	103925
207.866	0.25	0	1	103933
207.882	0.25	0	1	103941
207.9	0.25	0	1	103950
207.916	0.25	0	1	103958
207.932	0.25	0	1	103966
207.95	0.25	0	1	103975
207.966	0.25	0	1	103983
207.982	0.25	0	1	103991
208.0	0.25	0	1	104000
208.016	0.25	0	1	104008
208.032	0.25	0	1	104016
208.05	0.25	0	1	104025
208.066	0.25	1	2	104033
208.082	0.25	1	2	104041
208.1	0.25	1	2	104050
208.116	0.25	1	2	104058
208.132	0.25	0	1	104066
208.15	0.25	0	1	104075
208.166	0.25	0	1	104083
208.182	0.25	0	1	104091
209.666	0.25	0	1	104833
209.682	0.25	0	1	104841
209.7	0.25	0	1	104850
209.716	0.25	0	1	104858
209.732	0.25	0	1	104866
209.75	0.25	0	1	104875
209.766	0.25	0	1	104883
209.782	0.25	0	1	104891
209.8	0.25	0	1	104900
209.816	0.25	0	1	104908
209.832	0.25	0	1	104916
209.85	0.25	0	1	104925
209.866	0.25	0	1	104933
209.882	0.25	0	1	104941
209.9	0.25	0	1	104950
209.916	0.25	1	2	104958
209.932	0.25	1	2	104966
209.95	0.25	1	2	104975
209.966	0.25	1	2	104983
209.982	0.25	0	1	104991
210.0	0.25	0	1	105000
210.016	0.25	0	1	105008
210.032	0.25	0	1	105016
210.05	0.25	0	1	105025
210.066	0.25	0	1	105033
210.082	0.25	0	1	105041
210.1	0.25	0	1	105050
210.116	0.25	0	1	105058
210.132	0.25	0	1	105066
210.15	0.25	0	1	105075
210.166	0.25	0	1	105083
210.182	0.25	0	1	105091
210.2	0.25	0	1	105100
210.216	0.25	0	1	105108
210.232	0.25	0	1	105116
210.25	0.25	0	1	105125
210.266	0.25	0	1	105133
210.282	0.25	0	1	105141
210.3	0.25	0	1	105150
210.316	0.25	0	1	105158
210.332	0.25	0	1	105166
210.35	0.25	1	2	105175
210.366	0.25	1	2	105183
210.382	0.25	1	2	105191
210.4	0.25	1	2	105200
210.416	0.25	0	1	105208
210.432	0.25	0	1	105216
210.45	0.25	0	1	105225
210.466	0.25	0	1	105233
210.482	0.25	0	1	105241
210.5	0.25	0	1	105250
210.516	0.25	0	1	105258
210.532	0.25	0	1	105266
210.55	0.25	0	1	105275
210.566	0.25	0	1	105283
210.582	0.25	0	1	105291
210.6	0.25	0	1	105300
210.616	0.25	0	1	105308
210.632	0.25	0	1	105316
210.65	0.25	0	1	105325
210.666	0.25	0	1	105333
210.682	0.25	0	1	105341
210.7	0.25	0	1	105350
210.716	0.25	0	1	105358
210.732	0.25	0	1	105366
210.75	0.25	0	1	105375
210.766	0.25	0	1	105383
210.782	0.25	0	1	105391
210.8	0.25	0	1	105400
210.816	0.25	1	2	105408
210.832	0.25	1	2	105416
210.85	0.25	1	2	105425
210.866	0.25	1	2	105433
210.882	0.25	0	1	105441
210.9	0.25	0	1	105450
210.916	0.25	0	1	105458
210.932	0.25	0	1	105466
210.95	0.25	0	1	105475
210.966	0.25	0	1	105483
210.982	0.25	0	1	105491
211.0	0.25	0	1	105500
211.016	0.25	0	1	105508
211.032	0.25	0	1	105516
211.05	0.25	0	1	105525
211.066	0.25	0	1	105533
211.082	0.25	0	1	105541
211.1	0.25	0	1	105550
211.116	0.25	1	2	105558
211.132	0.25	1	2	105566
211.15	0.25	1	2	105575
211.166	0.25	1	2	105583
211.182	0.25	0	1	105591
211.2	0.25	0	1	105600
211.216	0.25	0	1	105608
211.232	0.25	0	1	105616
211.25	0.25	0	1	105625
211.266	0.25	0	1	105633
211.282	0.25	0	1	105641
211.3	0.25	0	1	105650
211.316	0.25	0	1	105658
211.332	0.25	0	1	105666
211.35	0.25	0	1	105675
211.366	0.25	0	1	105683
211.382	0.25	0	1	105691
211.4	0.25	0	1	105700
211.416	0.25	0	1	105708
211.432	0.25	0	1	105716
211.45	0.25	0	1	105725
211.466	0.25	0	1	105733
211.482	0.25	0	1	105741
211.5	0.25	0	1	105750
211.516	0.25	0	1	105758
211.532	0.25	0	1	105766
211.55	0.25	1	2	105775
211.566	0.25	1	2	105783
211.582	0.25	1	2	105791
211.6	0.25	1	2	105800
213.882	0.25	0	1	106941
213.9	0.25	1	2	106950
213.916	0.25	1	2	106958
213.932	0.25	1	2	106966
213.95	0.25	1	2	106975
213.966	0.25	0	1	106983
213.982	0.25	0	1	106991
214.0	0.25	0	1	107000
214.016	0.25	0	1	107008
214.032	0.25	0	1	107016
214.05	0.25	0	1	107025
214.066	0.25	0	1	107033
214.082	0.25	0	1	107041
214.1	0.25	0	1	107050
214.116	0.25	0	1	107058
214.132	0.25	0	1	107066
214.15	0.25	0	1	107075
214.166	0.25	0	1	107083
214.182	0.25	0	1	107091
214.2	0.25	0	1	107100
214.216	0.25	0	1	107108
214.232	0.25	0	1	107116
214.25	0.25	0	1	107125
214.266	0.25	0	1	107133
214.282	0.25	0	1	107141
214.3	0.25	0	1	107150
214.316	0.25	0	1	107158
214.332	0.25	0	1	107166
214.35	0.25	0	1	107175
214.366	0.25	0	1	107183
214.382	0.25	1	2	107191
214.4	0.25	1	2	107200
214.416	0.25	1	2	107208
214.432	0.25	1	2	107216
214.45	0.25	0	1	107225
214.466	0.25	0	1	107233
214.482	0.25	0	1	107241
214.5	0.25	0	1	107250
214.516	0.25	0	1	107258
214.532	0.25	0	1	107266
214.55	0.25	0	1	107275
214.566	0.25	0	1	107283
214.582	0.25	0	1	107291
214.6	0.25	0	1	107300
214.616	0.25	0	1	107308
214.632	0.25	0	1	107316
214.65	0.25	0	1	107325
214.666	0.25	0	1	107333
214.682	0.25	0	1	107341
214.7	0.25	0	1	107350
214.716	0.25	0	1	107358
214.732	0.25	0	1	107366
214.75	0.25	0	1	107375
214.766	0.25	0	1	107383
214.782	0.25	0	1	107391
214.8	0.25	0	1	107400
214.816	0.25	0	1	107408
214.832	0.25	0	1	107416
214.85	0.25	1	2	107425
214.866	0.25	1	2	107433
214.882	0.25	1	2	107441
214.9	0.25	1	2	107450
214.916	0.25	0	1	107458
214.932	0.25	0	1	107466
214.95	0.25	0	1	107475
214.966	0.25	0	1	107483
214.982	0.25	0	1	107491
215.0	0.25	0	1	107500
215.016	0.25	0	1	107508
215.032	0.25	0	1	107516
215.05	0.25	0	1	107525
215.066	0.25	0	1	107533
215.082	0.25	0	1	107541
215.1	0.25	0	1	107550
215.116	0.25	0	1	107558
215.132	0.25	0	1	107566
215.15	0.25	0	1	107575
215.166	0.25	0	1	107583
215.182	0.25	0	1	107591
215.2	0.25	0	1	107600
215.216	0.25	0	1	107608
215.232	0.25	0	1	107616
215.25	0.25	0	1	107625
215.266	0.25	1	2	107633
215.282	0.25	1	2	107641
215.3	0.25	1	2	107650
215.316	0.25	1	2	107658
215.332	0.25	0	1	107666
215.35	0.25	0	1	107675
215.366	0.25	0	1	107683
215.382	0.25	0	1	107691
215.4	0.25	0	1	107700
215.416	0.25	0	1	107708
215.432	0.25	0	1	107716
215.45	0.25	0	1	107725
215.466	0.25	0	1	107733
215.482	0.25	0	1	107741
215.5	0.25	0	1	107750
215.516	0.25	0	1	107758
215.532	0.25	0	1	107766
215.55	0.25	0	1	107775
215.566	0.25	0	1	107783
215.582	0.25	0	1	107791
215.6	0.25	0	1	107800
215.616	0.25	0	1	107808
215.632	0.25	0	1	107816
215.65	0.25	0	1	107825
215.666	0.25	0	1	107833
215.682	0.25	0	1	107841
215.7	0.25	1	2	107850
215.716	0.25	1	2	107858
215.732	0.25	1	2	107866
215.75	0.25	1	2	107875
215.766	0.25	0	1	107883
215.782	0.25	0	1	107891
215.8	0.25	0	1	107900
215.816	0.25	0	1	107908
217.3	0.25	0	1	108650
217.316	0.25	0	1	108658
217.332	0.25	0	1	108666
217.35	0.25	0	1	108675
217.366	0.25	0	1	108683
217.382	0.25	0	1	108691
217.4	0.25	0	1	108700
217.416	0.25	0	1	108708
217.432	0.25	0	1	108716
217.45	0.25	0	1	108725
217.466	0.25	0	1	108733
217.482	0.25	0	1	108741
217.5	0.25	0	1	108750
217.516	0.25	0	1	108758
217.532	0.25	0	1	108766
217.55	0.25	0	1	108775
217.566	0.25	0	1	108783
217.582	0.25	0	1	108791
217.6	0.25	1	2	108800
217.616	0.25	1	2	108808
217.632	0.25	1	2	108816
217.65	0.25	1	2	108825
217.666	0.25	0	1	108833
217.682	0.25	0	1	108841
217.7	0.25	0	1	108850
217.716	0.25	0	1	108858
217.732	0.25	0	1	108866
217.75	0.25	0	1	108875
217.766	0.25	0	1	108883
217.782	0.25	0	1	108891
217.8	0.25	0	1	108900
217.816	0.25	0	1	108908
217.832	0.25	0	1	108916
217.85	0.25	0	1	108925
217.866	0.25	0	1	108933
217.882	0.25	0	1	108941
217.9	0.25	0	1	108950
217.916	0.25	0	1	108958
217.932	0.25	0	1	108966
217.95	0.25	0	1	108975
217.966	0.25	0	1	108983
217.982	0.25	0	1	108991
218.0	0.25	1	2	109000
218.016	0.25	1	2	109008
218.032	0.25	1	2	109016
218.05	0.25	1	2	109025
218.066	0.25	0	1	109033
218.082	0.25	0	1	109041
218.1	0.25	0	1	109050
218.116	0.25	0	1	109058
218.132	0.25	0	1	109066
218.15	0.25	0	1	109075
218.166	0.25	0	1	109083
218.182	0.25	0	1	109091
218.2	0.25	0	1	109100
218.216	0.25	0	1	109108
218.232	0.25	0	1	109116
218.25	0.25	0	1	109125
218.266	0.25	0	1	109133
218.282	0.25	1	2	109141
218.3	0.25	1	2	109150
218.316	0.25	1	2	109158
218.332	0.25	1	2	109166
218.35	0.25	0	1	109175
218.366	0.25	0	1	109183
218.382	0.25	0	1	109191
218.4	0.25	0	1	109200
218.416	0.25	0	1	109208
218.432	0.25	0	1	109216
218.45	0.25	0	1	109225
218.466	0.25	0	1	109233
218.482	0.25	0	1	109241
218.5	0.25	0	1	109250
218.516	0.25	0	1	109258
218.532	0.25	0	1	109266
218.55	0.25	0	1	109275
218.566	0.25	0	1	109283
218.582	0.25	0	1	109291
218.6	0.25	0	1	109300
218.616	0.25	0	1	109308
218.632	0.25	0	1	109316
218.65	0.25	1	2	109325
218.666	0.25	1	2	109333
218.682	0.25	1	2	109341
218.7	0.25	1	2	109350
218.716	0.25	0	1	109358
218.732	0.25	0	1	109366
218.75	0.25	0	1	109375
218.766	0.25	0	1	109383
218.782	0.25	0	1	109391
218.8	0.25	0	1	109400
218.816	0.25	0	1	109408
218.832	0.25	0	1	109416
218.85	0.25	0	1	109425
218.866	0.25	0	1	109433
218.882	0.25	0	1	109441
218.9	0.25	0	1	109450
218.916	0.25	0	1	109458
218.932	0.25	0	1	109466
218.95	0.25	0	1	109475
218.966	0.25	0	1	109483
218.982	0.25	0	1	109491
219.0	0.25	0	1	109500
219.016	0.25	0	1	109508
219.032	0.25	0	1	109516
219.05	0.25	0	1	109525
219.066	0.25	0	1	109533
219.082	0.25	0	1	109541
219.1	0.25	0	1	109550
219.116	0.25	1	2	109558
219.132	0.25	1	2	109566
219.15	0.25	1	2	109575
219.166	0.25	1	2	109583
219.182	0.25	0	1	109591
219.2	0.25	0	1	109600
219.216	0.25	0	1	109608
219.232	0.25	0	1	109616
220.716	0.25	0	1	110358
220.732	0.25	0	1	110366
220.75	0.25	0	1	110375
220.766	0.25	0	1	110383
220.782	0.25	0	1	110391
220.8	0.25	0	1	110400
220.816	0.25	0	1	110408
220.832	0.25	0	1	110416
220.85	0.25	0	1	110425
220.866	0.25	0	1	110433
220.882	0.25	0	1	110441
220.9	0.25	0	1	110450
220.916	0.25	0	1	110458
220.932	0.25	0	1	110466
220.95	0.25	0	1	110475
220.966	0.25	1	2	110483
220.982	0.25	1	2	110491
221.0	0.25	1	2	110500
221.016	0.25	1	2	110508
221.032	0.25	0	1	110516
221.05	0.25	0	1	110525
221.066	0.25	0	1	110533
221.082	0.25	0	1	110541
221.1	0.25	0	1	110550
221.116	0.25	0	1	110558
221.132	0.25	0	1	110566
221.15	0.25	0	1	110575
221.166	0.25	0	1	110583
221.182	0.25	0	1	110591
221.2	0.25	0	1	110600
221.216	0.25	0	1	110608
221.232	0.25	0	1	110616
221.25	0.25	0	1	110625
221.266	0.25	0	1	110633
221.282	0.25	0	1	110641
221.3	0.25	0	1	110650
221.316	0.25	0	1	110658
221.332	0.25	0	1	110666
221.35	0.25	0	1	110675
221.366	0.25	0	1	110683
221.382	0.25	0	1	110691
221.4	0.25	1	2	110700
221.416	0.25	1	2	110708
221.432	0.25	1	2	110716
221.45	0.25	1	2	110725
221.466	0.25	0	1	110733
221.482	0.25	0	1	110741
221.5	0.25	0	1	110750
221.516	0.25	0	1	110758
221.532	0.25	0	1	110766
221.55	0.25	0	1	110775
221.566	0.25	0	1	110783
221.582	0.25	0	1	110791
221.6	0.25	0	1	110800
221.616	0.25	0	1	110808
221.632	0.25	0	1	110816
221.65	0.25	0	1	110825
221.666	0.25	0	1	110833
221.682	0.25	0	1	110841
221.7	0.25	0	1	110850
221.716	0.25	0	1	110858
221.732	0.25	0	1	110866
221.75	0.25	0	1	110875
221.766	0.25	0	1	110883
221.782	0.25	0	1	110891
221.8	0.25	0	1	110900
221.816	0.25	0	1	110908
221.832	0.25	0	1	110916
221.85	0.25	0	1	110925
221.866	0.25	1	2	110933
221.882	0.25	1	2	110941
221.9	0.25	1	2	110950
221.916	0.25	1	2	110958
221.932	0.25	0	1	110966
221.95	0.25	0	1	110975
221.966	0.25	0	1	110983
221.982	0.25	0	1	110991
222.0	0.25	0	1	111000
222.016	0.25	0	1	111008
222.032	0.25	0	1	111016
222.05	0.25	0	1	111025
222.066	0.25	0	1	111033
222.082	0.25	0	1	111041
222.1	0.25	0	1	111050
222.116	0.25	0	1	111058
222.132	0.25	0	1	111066
222.15	0.25	0	1	111075
222.166	0.25	1	2	111083
222.182	0.25	1	2	111091
222.2	0.25	1	2	111100
222.216	0.25	1	2	111108
222.232	0.25	0	1	111116
222.25	0.25	0	1	111125
222.266	0.25	0	1	111133
222.282	0.25	0	1	111141
222.3	0.25	0	1	111150
222.316	0.25	0	1	111158
222.332	0.25	0	1	111166
222.35	0.25	0	1	111175
222.366	0.25	0	1	111183
222.382	0.25	0	1	111191
222.4	0.25	0	1	111200
222.416	0.25	0	1	111208
222.432	0.25	0	1	111216
222.45	0.25	0	1	111225
222.466	0.25	0	1	111233
222.482	0.25	0	1	111241
222.5	0.25	0	1	111250
222.516	0.25	0	1	111258
222.532	0.25	0	1	111266
222.55	0.25	0	1	111275
222.566	0.25	0	1	111283
222.582	0.25	0	1	111291
222.6	0.25	1	2	111300
222.616	0.25	1	2	111308
222.632	0.25	1	2	111316
222.65	0.25	1	2	111325
224.132	0.25	0	1	112066
224.15	0.25	0	1	112075
224.166	0.25	0	1	112083
224.182	0.25	0	1	112091
224.2	0.25	0	1	112100
224.216	0.25	0	1	112108
224.232	0.25	0	1	112116
224.25	0.25	0	1	112125
224.266	0.25	0	1	112133
224.282	0.25	0	1	112141
224.3	0.25	0	1	112150
224.316	0.25	0	1	112158
224.332	0.25	0	1	112166
224.35	0.25	0	1	112175
224.366	0.25	0	1	112183
224.382	0.25	0	1	112191
224.4	0.25	0	1	112200
224.416	0.25	0	1	112208
224.432	0.25	0	1	112216
224.45	0.25	0	1	112225
224.466	0.25	0	1	112233
224.482	0.25	0	1	112241
224.5	0.25	0	1	112250
224.516	0.25	1	2	112258
224.532	0.25	1	2	112266
224.55	0.25	1	2	112275
224.566	0.25	1	2	112283
224.582	0.25	0	1	112291
224.6	0.25	0	1	112300
224.616	0.25	0	1	112308
224.632	0.25	0	1	112316
224.65	0.25	0	1	112325
224.666	0.25	0	1	112333
224.682	0.25	0	1	112341
224.7	0.25	0	1	112350
224.716	0.25	0	1	112358
224.732	0.25	0	1	112366
224.75	0.25	0	1	112375
224.766	0.25	0	1	112383
224.782	0.25	0	1	112391
224.8	0.25	0	1	112400
224.816	0.25	0	1	112408
224.832	0.25	0	1	112416
224.85	0.25	0	1	112425
224.866	0.25	0	1	112433
224.882	0.25	0	1	112441
224.9	0.25	1	2	112450
224.916	0.25	1	2	112458
224.932	0.25	1	2	112466
224.95	0.25	1	2	112475
224.966	0.25	0	1	112483
224.982	0.25	0	1	112491
225.0	0.25	0	1	112500
225.016	0.25	0	1	112508
225.032	0.25	0	1	112516
225.05	0.25	0	1	112525
225.066	0.25	0	1	112533
225.082	0.25	0	1	112541
225.1	0.25	0	1	112550
225.116	0.25	0	1	112558
225.132	0.25	0	1	112566
225.15	0.25	0	1	112575
225.166	0.25	0	1	112583
225.182	0.25	0	1	112591
225.2	0.25	1	2	112600
225.216	0.25	1	2	112608
225.232	0.25	1	2	112616
225.25	0.25	1	2	112625
225.266	0.25	0	1	112633
225.282	0.25	0	1	112641
225.3	0.25	0	1	112650
225.316	0.25	0	1	112658
225.332	0.25	0	1	112666
225.35	0.25	0	1	112675
225.366	0.25	0	1	112683
225.382	0.25	0	1	112691
225.4	0.25	0	1	112700
225.416	0.25	0	1	112708
225.432	0.25	0	1	112716
225.45	0.25	0	1	112725
225.466	0.25	0	1	112733
225.482	0.25	1	2	112741
225.5	0.25	1	2	112750
225.516	0.25	1	2	112758
225.532	0.25	1	2	112766
225.55	0.25	0	1	112775
225.566	0.25	0	1	112783
225.582	0.25	0	1	112791
225.6	0.25	0	1	112800
225.616	0.25	0	1	112808
225.632	0.25	0	1	112816
225.65	0.25	0	1	112825
225.666	0.25	0	1	112833
225.682	0.25	0	1	112841
225.7	0.25	0	1	112850
225.716	0.25	0	1	112858
225.732	0.25	0	1	112866
225.75	0.25	0	1	112875
225.766	0.25	0	1	112883
225.782	0.25	0	1	112891
225.8	0.25	0	1	112900
225.816	0.25	1	2	112908
225.832	0.25	1	2	112916
225.85	0.25	1	2	112925
225.866	0.25	1	2	112933
225.882	0.25	0	1	112941
225.9	0.25	0	1	112950
225.916	0.25	0	1	112958
225.932	0.25	0	1	112966
225.95	0.25	0	1	112975
225.966	0.25	0	1	112983
225.982	0.25	0	1	112991
226.0	0.25	0	1	113000
226.016	0.25	0	1	113008
226.032	0.25	0	1	113016
226.05	0.25	0	1	113025
226.066	0.25	0	1	113033
228.5	0.25	0	1	114250
228.516	0.25	1	2	114258
228.532	0.25	1	2	114266
228.55	0.25	1	2	114275
228.566	0.25	1	2	114283
228.582	0.25	0	1	114291
228.6	0.25	0	1	114300
228.616	0.25	0	1	114308
228.632	0.25	0	1	114316
228.65	0.25	0	1	114325
228.666	0.25	0	1	114333
228.682	0.25	0	1	114341
228.7	0.25	0	1	114350
228.716	0.25	0	1	114358
228.732	0.25	0	1	114366
228.75	0.25	0	1	114375
228.766	0.25	0	1	114383
228.782	0.25	0	1	114391
228.8	0.25	0	1	114400
228.816	0.25	0	1	114408
228.832	0.25	0	1	114416
228.85	0.25	0	1	114425
228.866	0.25	0	1	114433
228.882	0.25	0	1	114441
228.9	0.25	0	1	114450
228.916	0.25	0	1	114458
228.932	0.25	0	1	114466
228.95	0.25	0	1	114475
228.966	0.25	0	1	114483
228.982	0.25	0	1	114491
229.0	0.25	1	2	114500
229.016	0.25	1	2	114508
229.032	0.25	1	2	114516
229.05	0.25	1	2	114525
229.066	0.25	0	1	114533
229.082	0.25	0	1	114541
229.1	0.25	0	1	114550
229.116	0.25	0	1	114558
229.132	0.25	0	1	114566
229.15	0.25	0	1	114575
229.166	0.25	0	1	114583
229.182	0.25	0	1	114591
229.2	0.25	0	1	114600
229.216	0.25	0	1	114608
229.232	0.25	0	1	114616
229.25	0.25	0	1	114625
229.266	0.25	0	1	114633
229.282	0.25	0	1	114641
229.3	0.25	0	1	114650
229.316	0.25	0	1	114658
229.332	0.25	0	1	114666
229.35	0.25	0	1	114675
229.366	0.25	0	1	114683
229.382	0.25	0	1	114691
229.4	0.25	0	1	114700
229.416	0.25	0	1	114708
229.432	0.25	0	1	114716
229.45	0.25	0	1	114725
229.466	0.25	1	2	114733
229.482	0.25	1	2	114741
229.5	0.25	1	2	114750
229.516	0.25	1	2	114758
229.532	0.25	0	1	114766
229.55	0.25	0	1	114775
229.566	0.25	0	1	114783
229.582	0.25	0	1	114791
229.6	0.25	0	1	114800
229.616	0.25	0	1	114808
229.632	0.25	0	1	114816
229.65	0.25	0	1	114825
229.666	0.25	0	1	114833
229.682	0.25	0	1	114841
229.7	0.25	0	1	114850
229.716	0.25	0	1	114858
229.732	0.25	0	1	114866
229.75	0.25	0	1	114875
229.766	0.25	0	1	114883
229.782	0.25	0	1	114891
229.8	0.25	0	1	114900
229.816	0.25	0	1	114908
229.832	0.25	0	1	114916
229.85	0.25	0	1	114925
229.866	0.25	0	1	114933
229.882	0.25	1	2	114941
229.9	0.25	1	2	114950
229.916	0.25	1	2	114958
229.932	0.25	1	2	114966
229.95	0.25	0	1	114975
229.966	0.25	0	1	114983
229.982	0.25	0	1	114991
230.0	0.25	0	1	115000
230.016	0.25	0	1	115008
230.032	0.25	0	1	115016
230.05	0.25	0	1	115025
230.066	0.25	0	1	115033
230.082	0.25	0	1	115041
230.1	0.25	0	1	115050
230.116	0.25	0	1	115058
230.132	0.25	0	1	115066
230.15	0.25	0	1	115075
230.166	0.25	0	1	115083
230.182	0.25	0	1	115091
230.2	0.25	0	1	115100
230.216	0.25	0	1	115108
230.232	0.25	0	1	115116
230.25	0.25	0	1	115125
230.266	0.25	0	1	115133
230.282	0.25	0	1	115141
230.3	0.25	0	1	115150
230.316	0.25	1	2	115158
230.332	0.25	1	2	115166
230.35	0.25	1	2	115175
230.366	0.25	1	2	115183
230.382	0.25	0	1	115191
230.4	0.25	0	1	115200
230.416	0.25	0	1	115208
230.432	0.25	0	1	115216
231.916	0.25	0	1	115958
231.932	0.25	0	1	115966
231.95	0.25	0	1	115975
231.966	0.25	0	1	115983
231.982	0.25	0	1	115991
232.0	0.25	0	1	116000
232.016	0.25	0	1	116008
232.032	0.25	0	1	116016
232.05	0.25	0	1	116025
232.066	0.25	0	1	116033
232.082	0.25	0	1	116041
232.1	0.25	0	1	116050
232.116	0.25	0	1	116058
232.132	0.25	0	1	116066
232.15	0.25	0	1	116075
232.166	0.25	0	1	116083
232.182	0.25	0	1	116091
232.2	0.25	0	1	116100
232.216	0.25	0	1	116108
232.232	0.25	0	1	116116
232.25	0.25	0	1	116125
232.266	0.25	0	1	116133
232.282	0.25	0	1	116141
232.3	0.25	1	2	116150
232.316	0.25	1	2	116158
232.332	0.25	1	2	116166
232.35	0.25	1	2	116175
232.366	0.25	0	1	116183
232.382	0.25	0	1	116191
232.4	0.25	0	1	116200
232.416	0.25	0	1	116208
232.432	0.25	0	1	116216
232.45	0.25	0	1	116225
232.466	0.25	0	1	116233
232.482	0.25	0	1	116241
232.5	0.25	0	1	116250
232.516	0.25	0	1	116258
232.532	0.25	0	1	116266
232.55	0.25	0	1	116275
232.566	0.25	0	1	116283
232.582	0.25	0	1	116291
232.6	0.25	0	1	116300
232.616	0.25	0	1	116308
232.632	0.25	0	1	116316
232.65	0.25	0	1	116325
232.666	0.25	0	1	116333
232.682	0.25	1	2	116341
232.7	0.25	1	2	116350
232.716	0.25	1	2	116358
232.732	0.25	1	2	116366
232.75	0.25	0	1	116375
232.766	0.25	0	1	116383
232.782	0.25	0	1	116391
232.8	0.25	0	1	116400
232.816	0.25	0	1	116408
232.832	0.25	0	1	116416
232.85	0.25	0	1	116425
232.866	0.25	0	1	116433
232.882	0.25	0	1	116441
232.9	0.25	0	1	116450
232.916	0.25	0	1	116458
232.932	0.25	0	1	116466
232.95	0.25	0	1	116475
232.966	0.25	0	1	116483
232.982	0.25	1	2	116491
233.0	0.25	1	2	116500
233.016	0.25	1	2	116508
233.032	0.25	1	2	116516
233.05	0.25	0	1	116525
233.066	0.25	0	1	116533
233.082	0.25	0	1	116541
233.1	0.25	0	1	116550
233.116	0.25	0	1	116558
233.132	0.25	0	1	116566
233.15	0.25	0	1	116575
233.166	0.25	0	1	116583
233.182	0.25	0	1	116591
233.2	0.25	0	1	116600
233.216	0.25	0	1	116608
233.232	0.25	0	1	116616
233.25	0.25	0	1	116625
233.266	0.25	1	2	116633
233.282	0.25	1	2	116641
233.3	0.25	1	2	116650
233.316	0.25	1	2	116658
233.332	0.25	0	1	116666
233.35	0.25	0	1	116675
233.366	0.25	0	1	116683
233.382	0.25	0	1	116691
233.4	0.25	0	1	116700
233.416	0.25	0	1	116708
233.432	0.25	0	1	116716
233.45	0.25	0	1	116725
233.466	0.25	0	1	116733
233.482	0.25	0	1	116741
233.5	0.25	0	1	116750
233.516	0.25	0	1	116758
233.532	0.25	0	1	116766
233.55	0.25	0	1	116775
233.566	0.25	0	1	116783
233.582	0.25	0	1	116791
233.6	0.25	1	2	116800
233.616	0.25	1	2	116808
233.632	0.25	1	2	116816
233.65	0.25	1	2	116825
233.666	0.25	0	1	116833
233.682	0.25	0	1	116841
233.7	0.25	0	1	116850
233.716	0.25	0	1	116858
233.732	0.25	0	1	116866
233.75	0.25	0	1	116875
233.766	0.25	0	1	116883
233.782	0.25	0	1	116891
233.8	0.25	0	1	116900
233.816	0.25	0	1	116908
233.832	0.25	0	1	116916
233.85	0.25	0	1	116925
235.332	0.25	0	1	117666
235.35	0.25	0	1	117675
235.366	0.25	0	1	117683
235.382	0.25	0	1	117691
235.4	0.25	0	1	117700
235.416	0.25	0	1	117708
235.432	0.25	0	1	117716
235.45	0.25	0	1	117725
235.466	0.25	0	1	117733
235.482	0.25	0	1	117741
235.5	0.25	0	1	117750
235.516	0.25	0	1	117758
235.532	0.25	0	1	117766
235.55	0.25	0	1	117775
235.566	0.25	0	1	117783
235.582	0.25	1	2	117791
235.6	0.25	1	2	117800
235.616	0.25	1	2	117808
235.632	0.25	1	2	117816
235.65	0.25	0	1	117825
235.666	0.25	0	1	117833
235.682	0.25	0	1	117841
235.7	0.25	0	1	117850
235.716	0.25	0	1	117858
235.732	0.25	0	1	117866
235.75	0.25	0	1	117875
235.766	0.25	0	1	117883
235.782	0.25	0	1	117891
235.8	0.25	0	1	117900
235.816	0.25	0	1	117908
235.832	0.25	0	1	117916
235.85	0.25	0	1	117925
235.866	0.25	0	1	117933
235.882	0.25	0	1	117941
235.9	0.25	0	1	117950
235.916	0.25	0	1	117958
235.932	0.25	0	1	117966
235.95	0.25	0	1	117975
235.966	0.25	0	1	117983
235.982	0.25	0	1	117991
236.0	0.25	0	1	118000
236.016	0.25	1	2	118008
236.032	0.25	1	2	118016
236.05	0.25	1	2	118025
236.066	0.25	1	2	118033
236.082	0.25	0	1	118041
236.1	0.25	0	1	118050
236.116	0.25	0	1	118058
236.132	0.25	0	1	118066
236.15	0.25	0	1	118075
236.166	0.25	0	1	118083
236.182	0.25	0	1	118091
236.2	0.25	0	1	118100
236.216	0.25	0	1	118108
236.232	0.25	0	1	118116
236.25	0.25	0	1	118125
236.266	0.25	0	1	118133
236.282	0.25	0	1	118141
236.3	0.25	0	1	118150
236.316	0.25	0	1	118158
236.332	0.25	0	1	118166
236.35	0.25	0	1	118175
236.366	0.25	0	1	118183
236.382	0.25	0	1	118191
236.4	0.25	0	1	118200
236.416	0.25	0	1	118208
236.432	0.25	0	1	118216
236.45	0.25	0	1	118225
236.466	0.25	0	1	118233
236.482	0.25	1	2	118241
236.5	0.25	1	2	118250
236.516	0.25	1	2	118258
236.532	0.25	1	2	118266
236.55	0.25	0	1	118275
236.566	0.25	0	1	118283
236.582	0.25	0	1	118291
236.6	0.25	0	1	118300
236.616	0.25	0	1	118308
236.632	0.25	0	1	118316
236.65	0.25	0	1	118325
236.666	0.25	0	1	118333
236.682	0.25	0	1	118341
236.7	0.25	0	1	118350
236.716	0.25	0	1	118358
236.732	0.25	0	1	118366
236.75	0.25	0	1	118375
236.766	0.25	0	1	118383
236.782	0.25	1	2	118391
236.8	0.25	1	2	118400
236.816	0.25	1	2	118408
236.832	0.25	1	2	118416
236.85	0.25	0	1	118425
236.866	0.25	0	1	118433
236.882	0.25	0	1	118441
236.9	0.25	0	1	118450
236.916	0.25	0	1	118458
236.932	0.25	0	1	118466
236.95	0.25	0	1	118475
236.966	0.25	0	1	118483
236.982	0.25	0	1	118491
237.0	0.25	0	1	118500
237.016	0.25	0	1	118508
237.032	0.25	0	1	118516
237.05	0.25	0	1	118525
237.066	0.25	0	1	118533
237.082	0.25	0	1	118541
237.1	0.25	0	1	118550
237.116	0.25	0	1	118558
237.132	0.25	0	1	118566
237.15	0.25	0	1	118575
237.166	0.25	0	1	118583
237.182	0.25	0	1	118591
237.2	0.25	0	1	118600
237.216	0.25	1	2	118608
237.232	0.25	1	2	118616
237.25	0.25	1	2	118625
237.266	0.25	1	2	118633
238.75	0.25	0	1	119375
238.766	0.25	0	1	119383
238.782	0.25	0	1	119391
238.8	0.25	0	1	119400
238.816	0.25	0	1	119408
238.832	0.25	0	1	119416
238.85	0.25	0	1	119425
238.866	0.25	0	1	119433
238.882	0.25	0	1	119441
238.9	0.25	0	1	119450
238.916	0.25	0	1	119458
238.932	0.25	0	1	119466
238.95	0.25	0	1	119475
238.966	0.25	0	1	119483
238.982	0.25	0	1	119491
239.0	0.25	0	1	119500
239.016	0.25	0	1	119508
239.032	0.25	0	1	119516
239.05	0.25	1	2	119525
239.066	0.25	1	2	119533
239.082	0.25	1	2	119541
239.1	0.25	1	2	119550
239.116	0.25	0	1	119558
239.132	0.25	0	1	119566
239.15	0.25	0	1	119575
239.166	0.25	0	1	119583
239.182	0.25	0	1	119591
239.2	0.25	0	1	119600
239.216	0.25	0	1	119608
239.232	0.25	0	1	119616
239.25	0.25	0	1	119625
239.266	0.25	0	1	119633
239.282	0.25	0	1	119641
239.3	0.25	0	1	119650
239.316	0.25	0	1	119658
239.332	0.25	0	1	119666
239.35	0.25	0	1	119675
239.366	0.25	0	1	119683
239.382	0.25	0	1	119691
239.4	0.25	0	1	119700
239.416	0.25	0	1	119708
239.432	0.25	0	1	119716
239.45	0.25	1	2	119725
239.466	0.25	1	2	119733
239.482	0.25	1	2	119741
239.5	0.25	1	2	119750
239.516	0.25	0	1	119758
239.532	0.25	0	1	119766
239.55	0.25	0	1	119775
239.566	0.25	0	1	119783
239.582	0.25	0	1	119791
239.6	0.25	0	1	119800
239.616	0.25	0	1	119808
239.632	0.25	0	1	119816
239.65	0.25	0	1	119825
239.666	0.25	0	1	119833
239.682	0.25	0	1	119841
239.7	0.25	0	1	119850
239.716	0.25	0	1	119858
239.732	0.25	1	2	119866
239.75	0.25	1	2	119875
239.766	0.25	1	2	119883
239.782	0.25	1	2	119891
239.8	0.25	0	1	119900
239.816	0.25	0	1	119908
239.832	0.25	0	1	119916
239.85	0.25	0	1	119925
239.866	0.25	0	1	119933
239.882	0.25	0	1	119941
239.9	0.25	0	1	119950
239.916	0.25	0	1	119958
239.932	0.25	0	1	119966
239.95	0.25	0	1	119975
239.966	0.25	0	1	119983
239.982	0.25	0	1	119991
240.0	0.25	0	1	120000
240.016	0.25	0	1	120008
240.032	0.25	0	1	120016
240.05	0.25	0	1	120025
240.066	0.25	0	1	120033
240.082	0.25	0	1	120041
240.1	0.25	1	2	120050
240.116	0.25	1	2	120058
240.132	0.25	1	2	120066
240.15	0.25	1	2	120075
240.166	0.25	0	1	120083
240.182	0.25	0	1	120091
240.2	0.25	0	1	120100
240.216	0.25	0	1	120108
240.232	0.25	0	1	120116
240.25	0.25	0	1	120125
240.266	0.25	0	1	120133
240.282	0.25	0	1	120141
240.3	0.25	0	1	120150
240.316	0.25	0	1	120158
240.332	0.25	0	1	120166
240.35	0.25	0	1	120175
240.366	0.25	0	1	120183
240.382	0.25	0	1	120191
240.4	0.25	0	1	120200
240.416	0.25	0	1	120208
240.432	0.25	0	1	120216
240.45	0.25	0	1	120225
240.466	0.25	0	1	120233
240.482	0.25	0	1	120241
240.5	0.25	0	1	120250
240.516	0.25	0	1	120258
240.532	0.25	0	1	120266
240.55	0.25	0	1	120275
240.566	0.25	1	2	120283
240.582	0.25	1	2	120291
240.6	0.25	1	2	120300
240.616	0.25	1	2	120308
240.632	0.25	0	1	120316
240.65	0.25	0	1	120325
240.666	0.25	0	1	120333
240.682	0.25	0	1	120341
