onset	duration	trial_type	value	sample
14.016	n/a	0	1	7008
14.032	n/a	0	1	7016
14.05	n/a	0	1	7025
14.066	n/a	0	1	7033
14.082	n/a	0	1	7041
14.1	n/a	0	1	7050
14.116	n/a	0	1	7058
14.132	n/a	0	1	7066
14.15	n/a	0	1	7075
14.166	n/a	0	1	7083
14.182	n/a	0	1	7091
14.2	n/a	0	1	7100
14.216	n/a	0	1	7108
14.232	n/a	0	1	7116
14.25	n/a	0	1	7125
14.266	n/a	0	1	7133
14.282	n/a	0	1	7141
14.3	n/a	0	1	7150
14.316	n/a	0	1	7158
14.332	n/a	0	1	7166
14.35	n/a	0	1	7175
14.366	n/a	0	1	7183
14.382	n/a	0	1	7191
14.4	n/a	1	2	7200
14.416	n/a	1	2	7208
14.432	n/a	1	2	7216
14.45	n/a	1	2	7225
14.466	n/a	0	1	7233
14.482	n/a	0	1	7241
14.5	n/a	0	1	7250
14.516	n/a	0	1	7258
14.532	n/a	0	1	7266
14.55	n/a	0	1	7275
14.566	n/a	0	1	7283
14.582	n/a	0	1	7291
14.6	n/a	0	1	7300
14.616	n/a	0	1	7308
14.632	n/a	0	1	7316
14.65	n/a	0	1	7325
14.666	n/a	0	1	7333
14.682	n/a	0	1	7341
14.7	n/a	0	1	7350
14.716	n/a	0	1	7358
14.732	n/a	0	1	7366
14.75	n/a	0	1	7375
14.766	n/a	0	1	7383
14.782	n/a	1	2	7391
14.8	n/a	1	2	7400
14.816	n/a	1	2	7408
14.832	n/a	1	2	7416
14.85	n/a	0	1	7425
14.866	n/a	0	1	7433
14.882	n/a	0	1	7441
14.9	n/a	0	1	7450
14.916	n/a	0	1	7458
14.932	n/a	0	1	7466
14.95	n/a	0	1	7475
14.966	n/a	0	1	7483
14.982	n/a	0	1	7491
15.0	n/a	0	1	7500
15.016	n/a	0	1	7508
15.032	n/a	0	1	7516
15.05	n/a	0	1	7525
15.066	n/a	0	1	7533
15.082	n/a	1	2	7541
15.1	n/a	1	2	7550
15.116	n/a	1	2	7558
15.132	n/a	1	2	7566
15.15	n/a	0	1	7575
15.166	n/a	0	1	7583
15.182	n/a	0	1	7591
15.2	n/a	0	1	7600
15.216	n/a	0	1	7608
15.232	n/a	0	1	7616
15.25	n/a	0	1	7625
15.266	n/a	0	1	7633
15.282	n/a	0	1	7641
15.3	n/a	0	1	7650
15.316	n/a	0	1	7658
15.332	n/a	0	1	7666
15.35	n/a	0	1	7675
15.366	n/a	1	2	7683
15.382	n/a	1	2	7691
15.4	n/a	1	2	7700
15.416	n/a	1	2	7708
15.432	n/a	0	1	7716
15.45	n/a	0	1	7725
15.466	n/a	0	1	7733
15.482	n/a	0	1	7741
15.5	n/a	0	1	7750
15.516	n/a	0	1	7758
15.532	n/a	0	1	7766
15.55	n/a	0	1	7775
15.566	n/a	0	1	7783
15.582	n/a	0	1	7791
15.6	n/a	0	1	7800
15.616	n/a	0	1	7808
15.632	n/a	0	1	7816
15.65	n/a	0	1	7825
15.666	n/a	0	1	7833
15.682	n/a	0	1	7841
15.7	n/a	1	2	7850
15.716	n/a	1	2	7858
15.732	n/a	1	2	7866
15.75	n/a	1	2	7875
15.766	n/a	0	1	7883
15.782	n/a	0	1	7891
15.8	n/a	0	1	7900
15.816	n/a	0	1	7908
15.832	n/a	0	1	7916
15.85	n/a	0	1	7925
15.866	n/a	0	1	7933
15.882	n/a	0	1	7941
15.9	n/a	0	1	7950
15.916	n/a	0	1	7958
15.932	n/a	0	1	7966
15.95	n/a	0	1	7975
17.432	n/a	0	1	8716
17.45	n/a	1	2	8725
17.466	n/a	1	2	8733
17.482	n/a	1	2	8741
17.5	n/a	1	2	8750
17.516	n/a	0	1	8758
17.532	n/a	0	1	8766
17.55	n/a	0	1	8775
17.566	n/a	0	1	8783
17.582	n/a	0	1	8791
17.6	n/a	0	1	8800
17.616	n/a	0	1	8808
17.632	n/a	0	1	8816
17.65	n/a	0	1	8825
17.666	n/a	0	1	8833
17.682	n/a	0	1	8841
17.7	n/a	0	1	8850
17.716	n/a	0	1	8858
17.732	n/a	0	1	8866
17.75	n/a	0	1	8875
17.766	n/a	0	1	8883
17.782	n/a	0	1	8891
17.8	n/a	0	1	8900
17.816	n/a	0	1	8908
17.832	n/a	0	1	8916
17.85	n/a	0	1	8925
17.866	n/a	0	1	8933
17.882	n/a	0	1	8941
17.9	n/a	0	1	8950
17.916	n/a	0	1	8958
17.932	n/a	1	2	8966
17.95	n/a	1	2	8975
17.966	n/a	1	2	8983
17.982	n/a	1	2	8991
18.0	n/a	0	1	9000
18.016	n/a	0	1	9008
18.032	n/a	0	1	9016
18.05	n/a	0	1	9025
18.066	n/a	0	1	9033
18.082	n/a	0	1	9041
18.1	n/a	0	1	9050
18.116	n/a	0	1	9058
18.132	n/a	0	1	9066
18.15	n/a	0	1	9075
18.166	n/a	0	1	9083
18.182	n/a	0	1	9091
18.2	n/a	0	1	9100
18.216	n/a	0	1	9108
18.232	n/a	0	1	9116
18.25	n/a	0	1	9125
18.266	n/a	0	1	9133
18.282	n/a	0	1	9141
18.3	n/a	0	1	9150
18.316	n/a	0	1	9158
18.332	n/a	0	1	9166
18.35	n/a	0	1	9175
18.366	n/a	0	1	9183
18.382	n/a	0	1	9191
18.4	n/a	1	2	9200
18.416	n/a	1	2	9208
18.432	n/a	1	2	9216
18.45	n/a	1	2	9225
18.466	n/a	0	1	9233
18.482	n/a	0	1	9241
18.5	n/a	0	1	9250
18.516	n/a	0	1	9258
18.532	n/a	0	1	9266
18.55	n/a	0	1	9275
18.566	n/a	0	1	9283
18.582	n/a	0	1	9291
18.6	n/a	0	1	9300
18.616	n/a	0	1	9308
18.632	n/a	0	1	9316
18.65	n/a	0	1	9325
18.666	n/a	0	1	9333
18.682	n/a	0	1	9341
18.7	n/a	0	1	9350
18.716	n/a	0	1	9358
18.732	n/a	0	1	9366
18.75	n/a	0	1	9375
18.766	n/a	0	1	9383
18.782	n/a	0	1	9391
18.8	n/a	0	1	9400
18.816	n/a	1	2	9408
18.832	n/a	1	2	9416
18.85	n/a	1	2	9425
18.866	n/a	1	2	9433
18.882	n/a	0	1	9441
18.9	n/a	0	1	9450
18.916	n/a	0	1	9458
18.932	n/a	0	1	9466
18.95	n/a	0	1	9475
18.966	n/a	0	1	9483
18.982	n/a	0	1	9491
19.0	n/a	0	1	9500
19.016	n/a	0	1	9508
19.032	n/a	0	1	9516
19.05	n/a	0	1	9525
19.066	n/a	0	1	9533
19.082	n/a	0	1	9541
19.1	n/a	0	1	9550
19.116	n/a	0	1	9558
19.132	n/a	0	1	9566
19.15	n/a	0	1	9575
19.166	n/a	0	1	9583
19.182	n/a	0	1	9591
19.2	n/a	0	1	9600
19.216	n/a	0	1	9608
19.232	n/a	0	1	9616
19.25	n/a	1	2	9625
19.266	n/a	1	2	9633
19.282	n/a	1	2	9641
19.3	n/a	1	2	9650
19.316	n/a	0	1	9658
19.332	n/a	0	1	9666
19.35	n/a	0	1	9675
19.366	n/a	0	1	9683
20.85	n/a	0	1	10425
20.866	n/a	0	1	10433
20.882	n/a	0	1	10441
20.9	n/a	0	1	10450
20.916	n/a	0	1	10458
20.932	n/a	0	1	10466
20.95	n/a	0	1	10475
20.966	n/a	0	1	10483
20.982	n/a	0	1	10491
21.0	n/a	0	1	10500
21.016	n/a	0	1	10508
21.032	n/a	0	1	10516
21.05	n/a	0	1	10525
21.066	n/a	0	1	10533
21.082	n/a	0	1	10541
21.1	n/a	0	1	10550
21.116	n/a	0	1	10558
21.132	n/a	0	1	10566
21.15	n/a	1	2	10575
21.166	n/a	1	2	10583
21.182	n/a	1	2	10591
21.2	n/a	1	2	10600
21.216	n/a	0	1	10608
21.232	n/a	0	1	10616
21.25	n/a	0	1	10625
21.266	n/a	0	1	10633
21.282	n/a	0	1	10641
21.3	n/a	0	1	10650
21.316	n/a	0	1	10658
21.332	n/a	0	1	10666
21.35	n/a	0	1	10675
21.366	n/a	0	1	10683
21.382	n/a	0	1	10691
21.4	n/a	0	1	10700
21.416	n/a	0	1	10708
21.432	n/a	0	1	10716
21.45	n/a	0	1	10725
21.466	n/a	0	1	10733
21.482	n/a	0	1	10741
21.5	n/a	0	1	10750
21.516	n/a	0	1	10758
21.532	n/a	0	1	10766
21.55	n/a	1	2	10775
21.566	n/a	1	2	10783
21.582	n/a	1	2	10791
21.6	n/a	1	2	10800
21.616	n/a	0	1	10808
21.632	n/a	0	1	10816
21.65	n/a	0	1	10825
21.666	n/a	0	1	10833
21.682	n/a	0	1	10841
21.7	n/a	0	1	10850
21.716	n/a	0	1	10858
21.732	n/a	0	1	10866
21.75	n/a	0	1	10875
21.766	n/a	0	1	10883
21.782	n/a	0	1	10891
21.8	n/a	0	1	10900
21.816	n/a	0	1	10908
21.832	n/a	1	2	10916
21.85	n/a	1	2	10925
21.866	n/a	1	2	10933
21.882	n/a	1	2	10941
21.9	n/a	0	1	10950
21.916	n/a	0	1	10958
21.932	n/a	0	1	10966
21.95	n/a	0	1	10975
21.966	n/a	0	1	10983
21.982	n/a	0	1	10991
22.0	n/a	0	1	11000
22.016	n/a	0	1	11008
22.032	n/a	0	1	11016
22.05	n/a	0	1	11025
22.066	n/a	0	1	11033
22.082	n/a	0	1	11041
22.1	n/a	0	1	11050
22.116	n/a	0	1	11058
22.132	n/a	0	1	11066
22.15	n/a	0	1	11075
22.166	n/a	0	1	11083
22.182	n/a	0	1	11091
22.2	n/a	1	2	11100
22.216	n/a	1	2	11108
22.232	n/a	1	2	11116
22.25	n/a	1	2	11125
22.266	n/a	0	1	11133
22.282	n/a	0	1	11141
22.3	n/a	0	1	11150
22.316	n/a	0	1	11158
22.332	n/a	0	1	11166
22.35	n/a	0	1	11175
22.366	n/a	0	1	11183
22.382	n/a	0	1	11191
22.4	n/a	0	1	11200
22.416	n/a	0	1	11208
22.432	n/a	0	1	11216
22.45	n/a	0	1	11225
22.466	n/a	0	1	11233
22.482	n/a	0	1	11241
22.5	n/a	0	1	11250
22.516	n/a	0	1	11258
22.532	n/a	0	1	11266
22.55	n/a	0	1	11275
22.566	n/a	0	1	11283
22.582	n/a	0	1	11291
22.6	n/a	0	1	11300
22.616	n/a	0	1	11308
22.632	n/a	0	1	11316
22.65	n/a	0	1	11325
22.666	n/a	1	2	11333
22.682	n/a	1	2	11341
22.7	n/a	1	2	11350
22.716	n/a	1	2	11358
22.732	n/a	0	1	11366
22.75	n/a	0	1	11375
22.766	n/a	0	1	11383
22.782	n/a	0	1	11391
24.266	n/a	0	1	12133
24.282	n/a	0	1	12141
24.3	n/a	0	1	12150
24.316	n/a	0	1	12158
24.332	n/a	0	1	12166
24.35	n/a	0	1	12175
24.366	n/a	0	1	12183
24.382	n/a	0	1	12191
24.4	n/a	0	1	12200
24.416	n/a	0	1	12208
24.432	n/a	0	1	12216
24.45	n/a	0	1	12225
24.466	n/a	0	1	12233
24.482	n/a	0	1	12241
24.5	n/a	0	1	12250
24.516	n/a	1	2	12258
24.532	n/a	1	2	12266
24.55	n/a	1	2	12275
24.566	n/a	1	2	12283
24.582	n/a	0	1	12291
24.6	n/a	0	1	12300
24.616	n/a	0	1	12308
24.632	n/a	0	1	12316
24.65	n/a	0	1	12325
24.666	n/a	0	1	12333
24.682	n/a	0	1	12341
24.7	n/a	0	1	12350
24.716	n/a	0	1	12358
24.732	n/a	0	1	12366
24.75	n/a	0	1	12375
24.766	n/a	0	1	12383
24.782	n/a	0	1	12391
24.8	n/a	0	1	12400
24.816	n/a	0	1	12408
24.832	n/a	0	1	12416
24.85	n/a	0	1	12425
24.866	n/a	0	1	12433
24.882	n/a	0	1	12441
24.9	n/a	0	1	12450
24.916	n/a	0	1	12458
24.932	n/a	0	1	12466
24.95	n/a	1	2	12475
24.966	n/a	1	2	12483
24.982	n/a	1	2	12491
25.0	n/a	1	2	12500
25.016	n/a	0	1	12508
25.032	n/a	0	1	12516
25.05	n/a	0	1	12525
25.066	n/a	0	1	12533
25.082	n/a	0	1	12541
25.1	n/a	0	1	12550
25.116	n/a	0	1	12558
25.132	n/a	0	1	12566
25.15	n/a	0	1	12575
25.166	n/a	0	1	12583
25.182	n/a	0	1	12591
25.2	n/a	0	1	12600
25.216	n/a	0	1	12608
25.232	n/a	0	1	12616
25.25	n/a	0	1	12625
25.266	n/a	0	1	12633
25.282	n/a	0	1	12641
25.3	n/a	0	1	12650
25.316	n/a	0	1	12658
25.332	n/a	0	1	12666
25.35	n/a	0	1	12675
25.366	n/a	0	1	12683
25.382	n/a	0	1	12691
25.4	n/a	0	1	12700
25.416	n/a	1	2	12708
25.432	n/a	1	2	12716
25.45	n/a	1	2	12725
25.466	n/a	1	2	12733
25.482	n/a	0	1	12741
25.5	n/a	0	1	12750
25.516	n/a	0	1	12758
25.532	n/a	0	1	12766
25.55	n/a	0	1	12775
25.566	n/a	0	1	12783
25.582	n/a	0	1	12791
25.6	n/a	0	1	12800
25.616	n/a	0	1	12808
25.632	n/a	0	1	12816
25.65	n/a	0	1	12825
25.666	n/a	0	1	12833
25.682	n/a	0	1	12841
25.7	n/a	0	1	12850
25.716	n/a	1	2	12858
25.732	n/a	1	2	12866
25.75	n/a	1	2	12875
25.766	n/a	1	2	12883
25.782	n/a	0	1	12891
25.8	n/a	0	1	12900
25.816	n/a	0	1	12908
25.832	n/a	0	1	12916
25.85	n/a	0	1	12925
25.866	n/a	0	1	12933
25.882	n/a	0	1	12941
25.9	n/a	0	1	12950
25.916	n/a	0	1	12958
25.932	n/a	0	1	12966
25.95	n/a	0	1	12975
25.966	n/a	0	1	12983
25.982	n/a	0	1	12991
26.0	n/a	0	1	13000
26.016	n/a	0	1	13008
26.032	n/a	0	1	13016
26.05	n/a	0	1	13025
26.066	n/a	0	1	13033
26.082	n/a	0	1	13041
26.1	n/a	0	1	13050
26.116	n/a	0	1	13058
26.132	n/a	0	1	13066
26.15	n/a	1	2	13075
26.166	n/a	1	2	13083
26.182	n/a	1	2	13091
26.2	n/a	1	2	13100
28.75	n/a	0	1	14375
28.766	n/a	0	1	14383
28.782	n/a	0	1	14391
28.8	n/a	0	1	14400
28.816	n/a	0	1	14408
28.832	n/a	0	1	14416
28.85	n/a	0	1	14425
28.866	n/a	0	1	14433
28.882	n/a	0	1	14441
28.9	n/a	0	1	14450
28.916	n/a	0	1	14458
28.932	n/a	0	1	14466
28.95	n/a	0	1	14475
28.966	n/a	0	1	14483
28.982	n/a	0	1	14491
29.0	n/a	0	1	14500
29.016	n/a	0	1	14508
29.032	n/a	0	1	14516
29.05	n/a	0	1	14525
29.066	n/a	0	1	14533
29.082	n/a	0	1	14541
29.1	n/a	0	1	14550
29.116	n/a	0	1	14558
29.132	n/a	1	2	14566
29.15	n/a	1	2	14575
29.166	n/a	1	2	14583
29.182	n/a	1	2	14591
29.2	n/a	0	1	14600
29.216	n/a	0	1	14608
29.232	n/a	0	1	14616
29.25	n/a	0	1	14625
29.266	n/a	0	1	14633
29.282	n/a	0	1	14641
29.3	n/a	0	1	14650
29.316	n/a	0	1	14658
29.332	n/a	0	1	14666
29.35	n/a	0	1	14675
29.366	n/a	0	1	14683
29.382	n/a	0	1	14691
29.4	n/a	0	1	14700
29.416	n/a	0	1	14708
29.432	n/a	0	1	14716
29.45	n/a	0	1	14725
29.466	n/a	0	1	14733
29.482	n/a	0	1	14741
29.5	n/a	0	1	14750
29.516	n/a	1	2	14758
29.532	n/a	1	2	14766
29.55	n/a	1	2	14775
29.566	n/a	1	2	14783
29.582	n/a	0	1	14791
29.6	n/a	0	1	14800
29.616	n/a	0	1	14808
29.632	n/a	0	1	14816
29.65	n/a	0	1	14825
29.666	n/a	0	1	14833
29.682	n/a	0	1	14841
29.7	n/a	0	1	14850
29.716	n/a	0	1	14858
29.732	n/a	0	1	14866
29.75	n/a	0	1	14875
29.766	n/a	0	1	14883
29.782	n/a	0	1	14891
29.8	n/a	0	1	14900
29.816	n/a	1	2	14908
29.832	n/a	1	2	14916
29.85	n/a	1	2	14925
29.866	n/a	1	2	14933
29.882	n/a	0	1	14941
29.9	n/a	0	1	14950
29.916	n/a	0	1	14958
29.932	n/a	0	1	14966
29.95	n/a	0	1	14975
29.966	n/a	0	1	14983
29.982	n/a	0	1	14991
30.0	n/a	0	1	15000
30.016	n/a	0	1	15008
30.032	n/a	0	1	15016
30.05	n/a	0	1	15025
30.066	n/a	0	1	15033
30.082	n/a	0	1	15041
30.1	n/a	1	2	15050
30.116	n/a	1	2	15058
30.132	n/a	1	2	15066
30.15	n/a	1	2	15075
30.166	n/a	0	1	15083
30.182	n/a	0	1	15091
30.2	n/a	0	1	15100
30.216	n/a	0	1	15108
30.232	n/a	0	1	15116
30.25	n/a	0	1	15125
30.266	n/a	0	1	15133
30.282	n/a	0	1	15141
30.3	n/a	0	1	15150
30.316	n/a	0	1	15158
30.332	n/a	0	1	15166
30.35	n/a	0	1	15175
30.366	n/a	0	1	15183
30.382	n/a	0	1	15191
30.4	n/a	0	1	15200
30.416	n/a	0	1	15208
30.432	n/a	1	2	15216
30.45	n/a	1	2	15225
30.466	n/a	1	2	15233
30.482	n/a	1	2	15241
30.5	n/a	0	1	15250
30.516	n/a	0	1	15258
30.532	n/a	0	1	15266
30.55	n/a	0	1	15275
30.566	n/a	0	1	15283
30.582	n/a	0	1	15291
30.6	n/a	0	1	15300
30.616	n/a	0	1	15308
30.632	n/a	0	1	15316
30.65	n/a	0	1	15325
30.666	n/a	0	1	15333
30.682	n/a	0	1	15341
32.166	n/a	0	1	16083
32.182	n/a	1	2	16091
32.2	n/a	1	2	16100
32.216	n/a	1	2	16108
32.232	n/a	1	2	16116
32.25	n/a	0	1	16125
32.266	n/a	0	1	16133
32.282	n/a	0	1	16141
32.298	n/a	0	1	16149
32.316	n/a	0	1	16158
32.332	n/a	0	1	16166
32.35	n/a	0	1	16175
32.366	n/a	0	1	16183
32.382	n/a	0	1	16191
32.4	n/a	0	1	16200
32.416	n/a	0	1	16208
32.432	n/a	0	1	16216
32.45	n/a	0	1	16225
32.466	n/a	0	1	16233
32.482	n/a	0	1	16241
32.5	n/a	0	1	16250
32.516	n/a	0	1	16258
32.532	n/a	0	1	16266
32.548	n/a	0	1	16274
32.566	n/a	0	1	16283
32.582	n/a	0	1	16291
32.6	n/a	0	1	16300
32.616	n/a	0	1	16308
32.632	n/a	0	1	16316
32.65	n/a	0	1	16325
32.666	n/a	1	2	16333
32.682	n/a	1	2	16341
32.7	n/a	1	2	16350
32.716	n/a	1	2	16358
32.732	n/a	0	1	16366
32.75	n/a	0	1	16375
32.766	n/a	0	1	16383
32.782	n/a	0	1	16391
32.8	n/a	0	1	16400
32.816	n/a	0	1	16408
32.832	n/a	0	1	16416
32.85	n/a	0	1	16425
32.866	n/a	0	1	16433
32.882	n/a	0	1	16441
32.9	n/a	0	1	16450
32.916	n/a	0	1	16458
32.932	n/a	0	1	16466
32.95	n/a	0	1	16475
32.966	n/a	0	1	16483
32.982	n/a	0	1	16491
33.0	n/a	0	1	16500
33.016	n/a	0	1	16508
33.032	n/a	0	1	16516
33.05	n/a	0	1	16525
33.066	n/a	0	1	16533
33.082	n/a	0	1	16541
33.1	n/a	0	1	16550
33.116	n/a	0	1	16558
33.132	n/a	1	2	16566
33.15	n/a	1	2	16575
33.166	n/a	1	2	16583
33.182	n/a	1	2	16591
33.2	n/a	0	1	16600
33.216	n/a	0	1	16608
33.232	n/a	0	1	16616
33.25	n/a	0	1	16625
33.266	n/a	0	1	16633
33.282	n/a	0	1	16641
33.3	n/a	0	1	16650
33.316	n/a	0	1	16658
33.332	n/a	0	1	16666
33.35	n/a	0	1	16675
33.366	n/a	0	1	16683
33.382	n/a	0	1	16691
33.4	n/a	0	1	16700
33.416	n/a	0	1	16708
33.432	n/a	0	1	16716
33.45	n/a	0	1	16725
33.466	n/a	0	1	16733
33.482	n/a	0	1	16741
33.5	n/a	0	1	16750
33.516	n/a	0	1	16758
33.532	n/a	0	1	16766
33.55	n/a	1	2	16775
33.566	n/a	1	2	16783
33.582	n/a	1	2	16791
33.6	n/a	1	2	16800
33.616	n/a	0	1	16808
33.632	n/a	0	1	16816
33.65	n/a	0	1	16825
33.666	n/a	0	1	16833
33.682	n/a	0	1	16841
33.7	n/a	0	1	16850
33.716	n/a	0	1	16858
33.732	n/a	0	1	16866
33.75	n/a	0	1	16875
33.766	n/a	0	1	16883
33.782	n/a	0	1	16891
33.8	n/a	0	1	16900
33.816	n/a	0	1	16908
33.832	n/a	0	1	16916
33.85	n/a	0	1	16925
33.866	n/a	0	1	16933
33.882	n/a	0	1	16941
33.9	n/a	0	1	16950
33.916	n/a	0	1	16958
33.932	n/a	0	1	16966
33.95	n/a	0	1	16975
33.966	n/a	0	1	16983
33.982	n/a	1	2	16991
34.0	n/a	1	2	17000
34.016	n/a	1	2	17008
34.032	n/a	1	2	17016
34.05	n/a	0	1	17025
34.066	n/a	0	1	17033
34.082	n/a	0	1	17041
34.1	n/a	0	1	17050
35.582	n/a	0	1	17791
35.6	n/a	0	1	17800
35.616	n/a	0	1	17808
35.632	n/a	0	1	17816
35.65	n/a	0	1	17825
35.666	n/a	0	1	17833
35.682	n/a	0	1	17841
35.7	n/a	0	1	17850
35.716	n/a	0	1	17858
35.732	n/a	0	1	17866
35.75	n/a	0	1	17875
35.766	n/a	0	1	17883
35.782	n/a	0	1	17891
35.8	n/a	0	1	17900
35.816	n/a	0	1	17908
35.832	n/a	0	1	17916
35.85	n/a	0	1	17925
35.866	n/a	0	1	17933
35.882	n/a	1	2	17941
35.9	n/a	1	2	17950
35.916	n/a	1	2	17958
35.932	n/a	1	2	17966
35.95	n/a	0	1	17975
35.966	n/a	0	1	17983
35.982	n/a	0	1	17991
36.0	n/a	0	1	18000
36.016	n/a	0	1	18008
36.032	n/a	0	1	18016
36.05	n/a	0	1	18025
36.066	n/a	0	1	18033
36.082	n/a	0	1	18041
36.1	n/a	0	1	18050
36.116	n/a	0	1	18058
36.132	n/a	0	1	18066
36.15	n/a	0	1	18075
36.166	n/a	0	1	18083
36.182	n/a	0	1	18091
36.2	n/a	0	1	18100
36.216	n/a	0	1	18108
36.232	n/a	0	1	18116
36.25	n/a	0	1	18125
36.266	n/a	0	1	18133
36.282	n/a	1	2	18141
36.3	n/a	1	2	18150
36.316	n/a	1	2	18158
36.332	n/a	1	2	18166
36.35	n/a	0	1	18175
36.366	n/a	0	1	18183
36.382	n/a	0	1	18191
36.4	n/a	0	1	18200
36.416	n/a	0	1	18208
36.432	n/a	0	1	18216
36.45	n/a	0	1	18225
36.466	n/a	0	1	18233
36.482	n/a	0	1	18241
36.5	n/a	0	1	18250
36.516	n/a	0	1	18258
36.532	n/a	0	1	18266
36.55	n/a	0	1	18275
36.566	n/a	1	2	18283
36.582	n/a	1	2	18291
36.6	n/a	1	2	18300
36.616	n/a	1	2	18308
36.632	n/a	0	1	18316
36.65	n/a	0	1	18325
36.666	n/a	0	1	18333
36.682	n/a	0	1	18341
36.7	n/a	0	1	18350
36.716	n/a	0	1	18358
36.732	n/a	0	1	18366
36.75	n/a	0	1	18375
36.766	n/a	0	1	18383
36.782	n/a	0	1	18391
36.8	n/a	0	1	18400
36.816	n/a	0	1	18408
36.832	n/a	0	1	18416
36.85	n/a	0	1	18425
36.866	n/a	0	1	18433
36.882	n/a	0	1	18441
36.9	n/a	0	1	18450
36.916	n/a	0	1	18458
36.932	n/a	1	2	18466
36.95	n/a	1	2	18475
36.966	n/a	1	2	18483
36.982	n/a	1	2	18491
37.0	n/a	0	1	18500
37.016	n/a	0	1	18508
37.032	n/a	0	1	18516
37.05	n/a	0	1	18525
37.066	n/a	0	1	18533
37.082	n/a	0	1	18541
37.1	n/a	0	1	18550
37.116	n/a	0	1	18558
37.132	n/a	0	1	18566
37.15	n/a	0	1	18575
37.166	n/a	0	1	18583
37.182	n/a	0	1	18591
37.2	n/a	0	1	18600
37.216	n/a	0	1	18608
37.232	n/a	0	1	18616
37.25	n/a	0	1	18625
37.266	n/a	0	1	18633
37.282	n/a	0	1	18641
37.3	n/a	0	1	18650
37.316	n/a	0	1	18658
37.332	n/a	0	1	18666
37.35	n/a	0	1	18675
37.366	n/a	0	1	18683
37.382	n/a	0	1	18691
37.4	n/a	1	2	18700
37.416	n/a	1	2	18708
37.432	n/a	1	2	18716
37.45	n/a	1	2	18725
37.466	n/a	0	1	18733
37.482	n/a	0	1	18741
37.5	n/a	0	1	18750
37.516	n/a	0	1	18758
39.0	n/a	0	1	19500
39.016	n/a	0	1	19508
39.032	n/a	0	1	19516
39.05	n/a	0	1	19525
39.066	n/a	0	1	19533
39.082	n/a	0	1	19541
39.1	n/a	0	1	19550
39.116	n/a	0	1	19558
39.132	n/a	0	1	19566
39.15	n/a	0	1	19575
39.166	n/a	0	1	19583
39.182	n/a	0	1	19591
39.2	n/a	0	1	19600
39.216	n/a	0	1	19608
39.232	n/a	0	1	19616
39.25	n/a	1	2	19625
39.266	n/a	1	2	19633
39.282	n/a	1	2	19641
39.3	n/a	1	2	19650
39.316	n/a	0	1	19658
39.332	n/a	0	1	19666
39.35	n/a	0	1	19675
39.366	n/a	0	1	19683
39.382	n/a	0	1	19691
39.4	n/a	0	1	19700
39.416	n/a	0	1	19708
39.432	n/a	0	1	19716
39.45	n/a	0	1	19725
39.466	n/a	0	1	19733
39.482	n/a	0	1	19741
39.5	n/a	0	1	19750
39.516	n/a	0	1	19758
39.532	n/a	0	1	19766
39.55	n/a	0	1	19775
39.566	n/a	0	1	19783
39.582	n/a	0	1	19791
39.6	n/a	0	1	19800
39.616	n/a	0	1	19808
39.632	n/a	0	1	19816
39.65	n/a	0	1	19825
39.666	n/a	0	1	19833
39.682	n/a	1	2	19841
39.7	n/a	1	2	19850
39.716	n/a	1	2	19858
39.732	n/a	1	2	19866
39.75	n/a	0	1	19875
39.766	n/a	0	1	19883
39.782	n/a	0	1	19891
39.8	n/a	0	1	19900
39.816	n/a	0	1	19908
39.832	n/a	0	1	19916
39.85	n/a	0	1	19925
39.866	n/a	0	1	19933
39.882	n/a	0	1	19941
39.9	n/a	0	1	19950
39.916	n/a	0	1	19958
39.932	n/a	0	1	19966
39.95	n/a	0	1	19975
39.966	n/a	0	1	19983
39.982	n/a	0	1	19991
40.0	n/a	0	1	20000
40.016	n/a	0	1	20008
40.032	n/a	0	1	20016
40.05	n/a	0	1	20025
40.066	n/a	0	1	20033
40.082	n/a	0	1	20041
40.1	n/a	0	1	20050
40.116	n/a	0	1	20058
40.132	n/a	0	1	20066
40.15	n/a	1	2	20075
40.166	n/a	1	2	20083
40.182	n/a	1	2	20091
40.2	n/a	1	2	20100
40.216	n/a	0	1	20108
40.232	n/a	0	1	20116
40.25	n/a	0	1	20125
40.266	n/a	0	1	20133
40.282	n/a	0	1	20141
40.3	n/a	0	1	20150
40.316	n/a	0	1	20158
40.332	n/a	0	1	20166
40.35	n/a	0	1	20175
40.366	n/a	0	1	20183
40.382	n/a	0	1	20191
40.4	n/a	0	1	20200
40.416	n/a	0	1	20208
40.432	n/a	0	1	20216
40.45	n/a	1	2	20225
40.466	n/a	1	2	20233
40.482	n/a	1	2	20241
40.5	n/a	1	2	20250
40.516	n/a	0	1	20258
40.532	n/a	0	1	20266
40.55	n/a	0	1	20275
40.566	n/a	0	1	20283
40.582	n/a	0	1	20291
40.6	n/a	0	1	20300
40.616	n/a	0	1	20308
40.632	n/a	0	1	20316
40.65	n/a	0	1	20325
40.666	n/a	0	1	20333
40.682	n/a	0	1	20341
40.7	n/a	0	1	20350
40.716	n/a	0	1	20358
40.732	n/a	0	1	20366
40.75	n/a	0	1	20375
40.766	n/a	0	1	20383
40.782	n/a	0	1	20391
40.8	n/a	0	1	20400
40.816	n/a	0	1	20408
40.832	n/a	0	1	20416
40.85	n/a	0	1	20425
40.866	n/a	0	1	20433
40.882	n/a	1	2	20441
40.9	n/a	1	2	20450
40.916	n/a	1	2	20458
40.932	n/a	1	2	20466
43.032	n/a	0	1	21516
43.05	n/a	0	1	21525
43.066	n/a	0	1	21533
43.082	n/a	0	1	21541
43.1	n/a	0	1	21550
43.116	n/a	0	1	21558
43.132	n/a	0	1	21566
43.15	n/a	0	1	21575
43.166	n/a	0	1	21583
43.182	n/a	0	1	21591
43.2	n/a	0	1	21600
43.216	n/a	0	1	21608
43.232	n/a	0	1	21616
43.25	n/a	0	1	21625
43.266	n/a	0	1	21633
43.282	n/a	0	1	21641
43.3	n/a	0	1	21650
43.316	n/a	0	1	21658
43.332	n/a	1	2	21666
43.35	n/a	1	2	21675
43.366	n/a	1	2	21683
43.382	n/a	1	2	21691
43.4	n/a	0	1	21700
43.416	n/a	0	1	21708
43.432	n/a	0	1	21716
43.45	n/a	0	1	21725
43.466	n/a	0	1	21733
43.482	n/a	0	1	21741
43.5	n/a	0	1	21750
43.516	n/a	0	1	21758
43.532	n/a	0	1	21766
43.55	n/a	0	1	21775
43.566	n/a	0	1	21783
43.582	n/a	0	1	21791
43.6	n/a	0	1	21800
43.616	n/a	0	1	21808
43.632	n/a	0	1	21816
43.65	n/a	0	1	21825
43.666	n/a	0	1	21833
43.682	n/a	0	1	21841
43.7	n/a	0	1	21850
43.716	n/a	0	1	21858
43.732	n/a	1	2	21866
43.75	n/a	1	2	21875
43.766	n/a	1	2	21883
43.782	n/a	1	2	21891
43.8	n/a	0	1	21900
43.816	n/a	0	1	21908
43.832	n/a	0	1	21916
43.85	n/a	0	1	21925
43.866	n/a	0	1	21933
43.882	n/a	0	1	21941
43.9	n/a	0	1	21950
43.916	n/a	0	1	21958
43.932	n/a	0	1	21966
43.95	n/a	0	1	21975
43.966	n/a	0	1	21983
43.982	n/a	0	1	21991
44.0	n/a	0	1	22000
44.016	n/a	1	2	22008
44.032	n/a	1	2	22016
44.05	n/a	1	2	22025
44.066	n/a	1	2	22033
44.082	n/a	0	1	22041
44.1	n/a	0	1	22050
44.116	n/a	0	1	22058
44.132	n/a	0	1	22066
44.15	n/a	0	1	22075
44.166	n/a	0	1	22083
44.182	n/a	0	1	22091
44.2	n/a	0	1	22100
44.216	n/a	0	1	22108
44.232	n/a	0	1	22116
44.25	n/a	0	1	22125
44.266	n/a	0	1	22133
44.282	n/a	0	1	22141
44.3	n/a	0	1	22150
44.316	n/a	0	1	22158
44.332	n/a	0	1	22166
44.35	n/a	0	1	22175
44.366	n/a	0	1	22183
44.382	n/a	1	2	22191
44.4	n/a	1	2	22200
44.416	n/a	1	2	22208
44.432	n/a	1	2	22216
44.45	n/a	0	1	22225
44.466	n/a	0	1	22233
44.482	n/a	0	1	22241
44.5	n/a	0	1	22250
44.516	n/a	0	1	22258
44.532	n/a	0	1	22266
44.55	n/a	0	1	22275
44.566	n/a	0	1	22283
44.582	n/a	0	1	22291
44.6	n/a	0	1	22300
44.616	n/a	0	1	22308
44.632	n/a	0	1	22316
44.65	n/a	0	1	22325
44.666	n/a	0	1	22333
44.682	n/a	0	1	22341
44.7	n/a	0	1	22350
44.716	n/a	0	1	22358
44.732	n/a	0	1	22366
44.75	n/a	0	1	22375
44.766	n/a	0	1	22383
44.782	n/a	0	1	22391
44.8	n/a	0	1	22400
44.816	n/a	0	1	22408
44.832	n/a	0	1	22416
44.85	n/a	1	2	22425
44.866	n/a	1	2	22433
44.882	n/a	1	2	22441
44.9	n/a	1	2	22450
44.916	n/a	0	1	22458
44.932	n/a	0	1	22466
44.95	n/a	0	1	22475
44.966	n/a	0	1	22483
46.45	n/a	0	1	23225
46.466	n/a	1	2	23233
46.482	n/a	1	2	23241
46.5	n/a	1	2	23250
46.516	n/a	1	2	23258
46.532	n/a	0	1	23266
46.55	n/a	0	1	23275
46.566	n/a	0	1	23283
46.582	n/a	0	1	23291
46.6	n/a	0	1	23300
46.616	n/a	0	1	23308
46.632	n/a	0	1	23316
46.65	n/a	0	1	23325
46.666	n/a	0	1	23333
46.682	n/a	0	1	23341
46.7	n/a	0	1	23350
46.716	n/a	0	1	23358
46.732	n/a	0	1	23366
46.75	n/a	0	1	23375
46.766	n/a	0	1	23383
46.782	n/a	0	1	23391
46.8	n/a	0	1	23400
46.816	n/a	0	1	23408
46.832	n/a	0	1	23416
46.85	n/a	0	1	23425
46.866	n/a	0	1	23433
46.882	n/a	0	1	23441
46.9	n/a	0	1	23450
46.916	n/a	0	1	23458
46.932	n/a	0	1	23466
46.95	n/a	1	2	23475
46.966	n/a	1	2	23483
46.982	n/a	1	2	23491
47.0	n/a	1	2	23500
47.016	n/a	0	1	23508
47.032	n/a	0	1	23516
47.05	n/a	0	1	23525
47.066	n/a	0	1	23533
47.082	n/a	0	1	23541
47.1	n/a	0	1	23550
47.116	n/a	0	1	23558
47.132	n/a	0	1	23566
47.15	n/a	0	1	23575
47.166	n/a	0	1	23583
47.182	n/a	0	1	23591
47.2	n/a	0	1	23600
47.216	n/a	0	1	23608
47.232	n/a	0	1	23616
47.25	n/a	0	1	23625
47.266	n/a	0	1	23633
47.282	n/a	0	1	23641
47.3	n/a	0	1	23650
47.316	n/a	0	1	23658
47.332	n/a	0	1	23666
47.35	n/a	0	1	23675
47.366	n/a	0	1	23683
47.382	n/a	0	1	23691
47.4	n/a	0	1	23700
47.416	n/a	1	2	23708
47.432	n/a	1	2	23716
47.45	n/a	1	2	23725
47.466	n/a	1	2	23733
47.482	n/a	0	1	23741
47.5	n/a	0	1	23750
47.516	n/a	0	1	23758
47.532	n/a	0	1	23766
47.55	n/a	0	1	23775
47.566	n/a	0	1	23783
47.582	n/a	0	1	23791
47.6	n/a	0	1	23800
47.616	n/a	0	1	23808
47.632	n/a	0	1	23816
47.65	n/a	0	1	23825
47.666	n/a	0	1	23833
47.682	n/a	0	1	23841
47.7	n/a	0	1	23850
47.716	n/a	0	1	23858
47.732	n/a	0	1	23866
47.75	n/a	0	1	23875
47.766	n/a	0	1	23883
47.782	n/a	0	1	23891
47.8	n/a	0	1	23900
47.816	n/a	0	1	23908
47.832	n/a	1	2	23916
47.85	n/a	1	2	23925
47.866	n/a	1	2	23933
47.882	n/a	1	2	23941
47.9	n/a	0	1	23950
47.916	n/a	0	1	23958
47.932	n/a	0	1	23966
47.95	n/a	0	1	23975
47.966	n/a	0	1	23983
47.982	n/a	0	1	23991
48.0	n/a	0	1	24000
48.016	n/a	0	1	24008
48.032	n/a	0	1	24016
48.05	n/a	0	1	24025
48.066	n/a	0	1	24033
48.082	n/a	0	1	24041
48.1	n/a	0	1	24050
48.116	n/a	0	1	24058
48.132	n/a	0	1	24066
48.15	n/a	0	1	24075
48.166	n/a	0	1	24083
48.182	n/a	0	1	24091
48.2	n/a	0	1	24100
48.216	n/a	0	1	24108
48.232	n/a	0	1	24116
48.25	n/a	0	1	24125
48.266	n/a	1	2	24133
48.282	n/a	1	2	24141
48.3	n/a	1	2	24150
48.316	n/a	1	2	24158
48.332	n/a	0	1	24166
48.35	n/a	0	1	24175
48.366	n/a	0	1	24183
48.382	n/a	0	1	24191
49.866	n/a	0	1	24933
49.882	n/a	0	1	24941
49.9	n/a	0	1	24950
49.916	n/a	0	1	24958
49.932	n/a	0	1	24966
49.95	n/a	0	1	24975
49.966	n/a	0	1	24983
49.982	n/a	0	1	24991
50.0	n/a	0	1	25000
50.016	n/a	0	1	25008
50.032	n/a	0	1	25016
50.05	n/a	0	1	25025
50.066	n/a	0	1	25033
50.082	n/a	0	1	25041
50.1	n/a	0	1	25050
50.116	n/a	1	2	25058
50.132	n/a	1	2	25066
50.15	n/a	1	2	25075
50.166	n/a	1	2	25083
50.182	n/a	0	1	25091
50.2	n/a	0	1	25100
50.216	n/a	0	1	25108
50.232	n/a	0	1	25116
50.25	n/a	0	1	25125
50.266	n/a	0	1	25133
50.282	n/a	0	1	25141
50.3	n/a	0	1	25150
50.316	n/a	0	1	25158
50.332	n/a	0	1	25166
50.35	n/a	0	1	25175
50.366	n/a	0	1	25183
50.382	n/a	0	1	25191
50.4	n/a	0	1	25200
50.416	n/a	0	1	25208
50.432	n/a	0	1	25216
50.45	n/a	0	1	25225
50.466	n/a	0	1	25233
50.482	n/a	0	1	25241
50.5	n/a	0	1	25250
50.516	n/a	0	1	25258
50.532	n/a	0	1	25266
50.55	n/a	1	2	25275
50.566	n/a	1	2	25283
50.582	n/a	1	2	25291
50.6	n/a	1	2	25300
50.616	n/a	0	1	25308
50.632	n/a	0	1	25316
50.65	n/a	0	1	25325
50.666	n/a	0	1	25333
50.682	n/a	0	1	25341
50.7	n/a	0	1	25350
50.716	n/a	0	1	25358
50.732	n/a	0	1	25366
50.75	n/a	0	1	25375
50.766	n/a	0	1	25383
50.782	n/a	0	1	25391
50.8	n/a	0	1	25400
50.816	n/a	0	1	25408
50.832	n/a	0	1	25416
50.85	n/a	0	1	25425
50.866	n/a	0	1	25433
50.882	n/a	0	1	25441
50.9	n/a	0	1	25450
50.916	n/a	0	1	25458
50.932	n/a	0	1	25466
50.95	n/a	0	1	25475
50.966	n/a	0	1	25483
50.982	n/a	0	1	25491
51.0	n/a	0	1	25500
51.016	n/a	1	2	25508
51.032	n/a	1	2	25516
51.05	n/a	1	2	25525
51.066	n/a	1	2	25533
51.082	n/a	0	1	25541
51.1	n/a	0	1	25550
51.116	n/a	0	1	25558
51.132	n/a	0	1	25566
51.15	n/a	0	1	25575
51.166	n/a	0	1	25583
51.182	n/a	0	1	25591
51.2	n/a	0	1	25600
51.216	n/a	0	1	25608
51.232	n/a	0	1	25616
51.25	n/a	0	1	25625
51.266	n/a	0	1	25633
51.282	n/a	0	1	25641
51.3	n/a	0	1	25650
51.316	n/a	1	2	25658
51.332	n/a	1	2	25666
51.35	n/a	1	2	25675
51.366	n/a	1	2	25683
51.382	n/a	0	1	25691
51.4	n/a	0	1	25700
51.416	n/a	0	1	25708
51.432	n/a	0	1	25716
51.45	n/a	0	1	25725
51.466	n/a	0	1	25733
51.482	n/a	0	1	25741
51.5	n/a	0	1	25750
51.516	n/a	0	1	25758
51.532	n/a	0	1	25766
51.55	n/a	0	1	25775
51.566	n/a	0	1	25783
51.582	n/a	0	1	25791
51.6	n/a	0	1	25800
51.616	n/a	0	1	25808
51.632	n/a	0	1	25816
51.65	n/a	0	1	25825
51.666	n/a	0	1	25833
51.682	n/a	0	1	25841
51.7	n/a	0	1	25850
51.716	n/a	0	1	25858
51.732	n/a	0	1	25866
51.75	n/a	1	2	25875
51.766	n/a	1	2	25883
51.782	n/a	1	2	25891
51.8	n/a	1	2	25900
53.282	n/a	0	1	26641
53.3	n/a	0	1	26650
53.316	n/a	0	1	26658
53.332	n/a	0	1	26666
53.35	n/a	0	1	26675
53.366	n/a	0	1	26683
53.382	n/a	0	1	26691
53.4	n/a	0	1	26700
53.416	n/a	0	1	26708
53.432	n/a	0	1	26716
53.45	n/a	0	1	26725
53.466	n/a	0	1	26733
53.482	n/a	0	1	26741
53.5	n/a	0	1	26750
53.516	n/a	0	1	26758
53.532	n/a	0	1	26766
53.55	n/a	0	1	26775
53.566	n/a	0	1	26783
53.582	n/a	0	1	26791
53.6	n/a	0	1	26800
53.616	n/a	0	1	26808
53.632	n/a	0	1	26816
53.65	n/a	0	1	26825
53.666	n/a	1	2	26833
53.682	n/a	1	2	26841
53.7	n/a	1	2	26850
53.716	n/a	1	2	26858
53.732	n/a	0	1	26866
53.75	n/a	0	1	26875
53.766	n/a	0	1	26883
53.782	n/a	0	1	26891
53.8	n/a	0	1	26900
53.816	n/a	0	1	26908
53.832	n/a	0	1	26916
53.85	n/a	0	1	26925
53.866	n/a	0	1	26933
53.882	n/a	0	1	26941
53.9	n/a	0	1	26950
53.916	n/a	0	1	26958
53.932	n/a	0	1	26966
53.95	n/a	0	1	26975
53.966	n/a	0	1	26983
53.982	n/a	0	1	26991
54.0	n/a	0	1	27000
54.016	n/a	0	1	27008
54.032	n/a	0	1	27016
54.05	n/a	1	2	27025
54.066	n/a	1	2	27033
54.082	n/a	1	2	27041
54.1	n/a	1	2	27050
54.116	n/a	0	1	27058
54.132	n/a	0	1	27066
54.15	n/a	0	1	27075
54.166	n/a	0	1	27083
54.182	n/a	0	1	27091
54.2	n/a	0	1	27100
54.216	n/a	0	1	27108
54.232	n/a	0	1	27116
54.25	n/a	0	1	27125
54.266	n/a	0	1	27133
54.282	n/a	0	1	27141
54.3	n/a	0	1	27150
54.316	n/a	0	1	27158
54.332	n/a	0	1	27166
54.35	n/a	1	2	27175
54.366	n/a	1	2	27183
54.382	n/a	1	2	27191
54.4	n/a	1	2	27200
54.416	n/a	0	1	27208
54.432	n/a	0	1	27216
54.45	n/a	0	1	27225
54.466	n/a	0	1	27233
54.482	n/a	0	1	27241
54.5	n/a	0	1	27250
54.516	n/a	0	1	27258
54.532	n/a	0	1	27266
54.55	n/a	0	1	27275
54.566	n/a	0	1	27283
54.582	n/a	0	1	27291
54.6	n/a	0	1	27300
54.616	n/a	0	1	27308
54.632	n/a	1	2	27316
54.65	n/a	1	2	27325
54.666	n/a	1	2	27333
54.682	n/a	1	2	27341
54.7	n/a	0	1	27350
54.716	n/a	0	1	27358
54.732	n/a	0	1	27366
54.75	n/a	0	1	27375
54.766	n/a	0	1	27383
54.782	n/a	0	1	27391
54.8	n/a	0	1	27400
54.816	n/a	0	1	27408
54.832	n/a	0	1	27416
54.85	n/a	0	1	27425
54.866	n/a	0	1	27433
54.882	n/a	0	1	27441
54.9	n/a	0	1	27450
54.916	n/a	0	1	27458
54.932	n/a	0	1	27466
54.95	n/a	0	1	27475
54.966	n/a	1	2	27483
54.982	n/a	1	2	27491
55.0	n/a	1	2	27500
55.016	n/a	1	2	27508
55.032	n/a	0	1	27516
55.05	n/a	0	1	27525
55.066	n/a	0	1	27533
55.082	n/a	0	1	27541
55.1	n/a	0	1	27550
55.116	n/a	0	1	27558
55.132	n/a	0	1	27566
55.15	n/a	0	1	27575
55.166	n/a	0	1	27583
55.182	n/a	0	1	27591
55.2	n/a	0	1	27600
55.216	n/a	0	1	27608
57.25	n/a	0	1	28625
57.266	n/a	0	1	28633
57.282	n/a	0	1	28641
57.3	n/a	0	1	28650
57.316	n/a	0	1	28658
57.332	n/a	0	1	28666
57.35	n/a	0	1	28675
57.366	n/a	0	1	28683
57.382	n/a	0	1	28691
57.4	n/a	0	1	28700
57.416	n/a	0	1	28708
57.432	n/a	0	1	28716
57.45	n/a	0	1	28725
57.466	n/a	0	1	28733
57.482	n/a	0	1	28741
57.5	n/a	0	1	28750
57.516	n/a	0	1	28758
57.532	n/a	0	1	28766
57.55	n/a	0	1	28775
57.566	n/a	0	1	28783
57.582	n/a	0	1	28791
57.6	n/a	0	1	28800
57.616	n/a	0	1	28808
57.632	n/a	1	2	28816
57.65	n/a	1	2	28825
57.666	n/a	1	2	28833
57.682	n/a	1	2	28841
57.7	n/a	0	1	28850
57.716	n/a	0	1	28858
57.732	n/a	0	1	28866
57.75	n/a	0	1	28875
57.766	n/a	0	1	28883
57.782	n/a	0	1	28891
57.8	n/a	0	1	28900
57.816	n/a	0	1	28908
57.832	n/a	0	1	28916
57.85	n/a	0	1	28925
57.866	n/a	0	1	28933
57.882	n/a	0	1	28941
57.9	n/a	0	1	28950
57.916	n/a	0	1	28958
57.932	n/a	0	1	28966
57.95	n/a	0	1	28975
57.966	n/a	0	1	28983
57.982	n/a	0	1	28991
58.0	n/a	0	1	29000
58.016	n/a	1	2	29008
58.032	n/a	1	2	29016
58.05	n/a	1	2	29025
58.066	n/a	1	2	29033
58.082	n/a	0	1	29041
58.1	n/a	0	1	29050
58.116	n/a	0	1	29058
58.132	n/a	0	1	29066
58.15	n/a	0	1	29075
58.166	n/a	0	1	29083
58.182	n/a	0	1	29091
58.2	n/a	0	1	29100
58.216	n/a	0	1	29108
58.232	n/a	0	1	29116
58.25	n/a	0	1	29125
58.266	n/a	0	1	29133
58.282	n/a	0	1	29141
58.3	n/a	0	1	29150
58.316	n/a	1	2	29158
58.332	n/a	1	2	29166
58.35	n/a	1	2	29175
58.366	n/a	1	2	29183
58.382	n/a	0	1	29191
58.4	n/a	0	1	29200
58.416	n/a	0	1	29208
58.432	n/a	0	1	29216
58.45	n/a	0	1	29225
58.466	n/a	0	1	29233
58.482	n/a	0	1	29241
58.5	n/a	0	1	29250
58.516	n/a	0	1	29258
58.532	n/a	0	1	29266
58.55	n/a	0	1	29275
58.566	n/a	0	1	29283
58.582	n/a	0	1	29291
58.6	n/a	1	2	29300
58.616	n/a	1	2	29308
58.632	n/a	1	2	29316
58.65	n/a	1	2	29325
58.666	n/a	0	1	29333
58.682	n/a	0	1	29341
58.7	n/a	0	1	29350
58.716	n/a	0	1	29358
58.732	n/a	0	1	29366
58.75	n/a	0	1	29375
58.766	n/a	0	1	29383
58.782	n/a	0	1	29391
58.8	n/a	0	1	29400
58.816	n/a	0	1	29408
58.832	n/a	0	1	29416
58.85	n/a	0	1	29425
58.866	n/a	0	1	29433
58.882	n/a	0	1	29441
58.9	n/a	0	1	29450
58.916	n/a	0	1	29458
58.932	n/a	1	2	29466
58.95	n/a	1	2	29475
58.966	n/a	1	2	29483
58.982	n/a	1	2	29491
59.0	n/a	0	1	29500
59.016	n/a	0	1	29508
59.032	n/a	0	1	29516
59.05	n/a	0	1	29525
59.066	n/a	0	1	29533
59.082	n/a	0	1	29541
59.1	n/a	0	1	29550
59.116	n/a	0	1	29558
59.132	n/a	0	1	29566
59.15	n/a	0	1	29575
59.166	n/a	0	1	29583
59.182	n/a	0	1	29591
60.666	n/a	0	1	30333
60.682	n/a	1	2	30341
60.7	n/a	1	2	30350
60.716	n/a	1	2	30358
60.732	n/a	1	2	30366
60.75	n/a	0	1	30375
60.766	n/a	0	1	30383
60.782	n/a	0	1	30391
60.8	n/a	0	1	30400
60.816	n/a	0	1	30408
60.832	n/a	0	1	30416
60.85	n/a	0	1	30425
60.866	n/a	0	1	30433
60.882	n/a	0	1	30441
60.9	n/a	0	1	30450
60.916	n/a	0	1	30458
60.932	n/a	0	1	30466
60.95	n/a	0	1	30475
60.966	n/a	0	1	30483
60.982	n/a	0	1	30491
61.0	n/a	0	1	30500
61.016	n/a	0	1	30508
61.032	n/a	0	1	30516
61.05	n/a	0	1	30525
61.066	n/a	0	1	30533
61.082	n/a	0	1	30541
61.1	n/a	0	1	30550
61.116	n/a	0	1	30558
61.132	n/a	0	1	30566
61.15	n/a	0	1	30575
61.166	n/a	1	2	30583
61.182	n/a	1	2	30591
61.2	n/a	1	2	30600
61.216	n/a	1	2	30608
61.232	n/a	0	1	30616
61.25	n/a	0	1	30625
61.266	n/a	0	1	30633
61.282	n/a	0	1	30641
61.3	n/a	0	1	30650
61.316	n/a	0	1	30658
61.332	n/a	0	1	30666
61.35	n/a	0	1	30675
61.366	n/a	0	1	30683
61.382	n/a	0	1	30691
61.4	n/a	0	1	30700
61.416	n/a	0	1	30708
61.432	n/a	0	1	30716
61.45	n/a	0	1	30725
61.466	n/a	0	1	30733
61.482	n/a	0	1	30741
61.5	n/a	0	1	30750
61.516	n/a	0	1	30758
61.532	n/a	0	1	30766
61.55	n/a	0	1	30775
61.566	n/a	0	1	30783
61.582	n/a	0	1	30791
61.6	n/a	0	1	30800
61.616	n/a	0	1	30808
61.632	n/a	1	2	30816
61.65	n/a	1	2	30825
61.666	n/a	1	2	30833
61.682	n/a	1	2	30841
61.7	n/a	0	1	30850
61.716	n/a	0	1	30858
61.732	n/a	0	1	30866
61.75	n/a	0	1	30875
61.766	n/a	0	1	30883
61.782	n/a	0	1	30891
61.8	n/a	0	1	30900
61.816	n/a	0	1	30908
61.832	n/a	0	1	30916
61.85	n/a	0	1	30925
61.866	n/a	0	1	30933
61.882	n/a	0	1	30941
61.9	n/a	0	1	30950
61.916	n/a	0	1	30958
61.932	n/a	0	1	30966
61.95	n/a	0	1	30975
61.966	n/a	0	1	30983
61.982	n/a	0	1	30991
62.0	n/a	0	1	31000
62.016	n/a	0	1	31008
62.032	n/a	0	1	31016
62.05	n/a	1	2	31025
62.066	n/a	1	2	31033
62.082	n/a	1	2	31041
62.1	n/a	1	2	31050
62.116	n/a	0	1	31058
62.132	n/a	0	1	31066
62.15	n/a	0	1	31075
62.166	n/a	0	1	31083
62.182	n/a	0	1	31091
62.2	n/a	0	1	31100
62.216	n/a	0	1	31108
62.232	n/a	0	1	31116
62.25	n/a	0	1	31125
62.266	n/a	0	1	31133
62.282	n/a	0	1	31141
62.3	n/a	0	1	31150
62.316	n/a	0	1	31158
62.332	n/a	0	1	31166
62.35	n/a	0	1	31175
62.366	n/a	0	1	31183
62.382	n/a	0	1	31191
62.4	n/a	0	1	31200
62.416	n/a	0	1	31208
62.432	n/a	0	1	31216
62.45	n/a	0	1	31225
62.466	n/a	0	1	31233
62.482	n/a	1	2	31241
62.5	n/a	1	2	31250
62.516	n/a	1	2	31258
62.532	n/a	1	2	31266
62.55	n/a	0	1	31275
62.566	n/a	0	1	31283
62.582	n/a	0	1	31291
62.6	n/a	0	1	31300
64.082	n/a	0	1	32041
64.098	n/a	0	1	32049
64.116	n/a	0	1	32058
64.132	n/a	0	1	32066
64.15	n/a	0	1	32075
64.166	n/a	0	1	32083
64.182	n/a	0	1	32091
64.2	n/a	0	1	32100
64.216	n/a	0	1	32108
64.232	n/a	0	1	32116
64.25	n/a	0	1	32125
64.266	n/a	0	1	32133
64.282	n/a	0	1	32141
64.3	n/a	0	1	32150
64.316	n/a	0	1	32158
64.332	n/a	1	2	32166
64.348	n/a	1	2	32174
64.366	n/a	1	2	32183
64.382	n/a	1	2	32191
64.4	n/a	0	1	32200
64.416	n/a	0	1	32208
64.432	n/a	0	1	32216
64.45	n/a	0	1	32225
64.466	n/a	0	1	32233
64.482	n/a	0	1	32241
64.5	n/a	0	1	32250
64.516	n/a	0	1	32258
64.532	n/a	0	1	32266
64.55	n/a	0	1	32275
64.566	n/a	0	1	32283
64.582	n/a	0	1	32291
64.598	n/a	0	1	32299
64.616	n/a	0	1	32308
64.632	n/a	0	1	32316
64.65	n/a	0	1	32325
64.666	n/a	0	1	32333
64.682	n/a	0	1	32341
64.7	n/a	0	1	32350
64.716	n/a	0	1	32358
64.732	n/a	0	1	32366
64.75	n/a	0	1	32375
64.766	n/a	1	2	32383
64.782	n/a	1	2	32391
64.8	n/a	1	2	32400
64.816	n/a	1	2	32408
64.832	n/a	0	1	32416
64.848	n/a	0	1	32424
64.866	n/a	0	1	32433
64.882	n/a	0	1	32441
64.9	n/a	0	1	32450
64.916	n/a	0	1	32458
64.932	n/a	0	1	32466
64.95	n/a	0	1	32475
64.966	n/a	0	1	32483
64.982	n/a	0	1	32491
65.0	n/a	0	1	32500
65.016	n/a	0	1	32508
65.032	n/a	0	1	32516
65.05	n/a	0	1	32525
65.066	n/a	0	1	32533
65.082	n/a	0	1	32541
65.098	n/a	0	1	32549
65.116	n/a	0	1	32558
65.132	n/a	0	1	32566
65.15	n/a	0	1	32575
65.166	n/a	0	1	32583
65.182	n/a	0	1	32591
65.2	n/a	0	1	32600
65.216	n/a	0	1	32608
65.232	n/a	1	2	32616
65.25	n/a	1	2	32625
65.266	n/a	1	2	32633
65.282	n/a	1	2	32641
65.3	n/a	0	1	32650
65.316	n/a	0	1	32658
65.332	n/a	0	1	32666
65.348	n/a	0	1	32674
65.366	n/a	0	1	32683
65.382	n/a	0	1	32691
65.4	n/a	0	1	32700
65.416	n/a	0	1	32708
65.432	n/a	0	1	32716
65.45	n/a	0	1	32725
65.466	n/a	0	1	32733
65.482	n/a	0	1	32741
65.5	n/a	0	1	32750
65.516	n/a	0	1	32758
65.532	n/a	1	2	32766
65.55	n/a	1	2	32775
65.566	n/a	1	2	32783
65.582	n/a	1	2	32791
65.6	n/a	0	1	32800
65.616	n/a	0	1	32808
65.632	n/a	0	1	32816
65.65	n/a	0	1	32825
65.666	n/a	0	1	32833
65.682	n/a	0	1	32841
65.7	n/a	0	1	32850
65.716	n/a	0	1	32858
65.732	n/a	0	1	32866
65.75	n/a	0	1	32875
65.766	n/a	0	1	32883
65.782	n/a	0	1	32891
65.8	n/a	0	1	32900
65.816	n/a	0	1	32908
65.832	n/a	0	1	32916
65.85	n/a	0	1	32925
65.866	n/a	0	1	32933
65.882	n/a	0	1	32941
65.9	n/a	0	1	32950
65.916	n/a	0	1	32958
65.932	n/a	0	1	32966
65.95	n/a	0	1	32975
65.966	n/a	1	2	32983
65.982	n/a	1	2	32991
66.0	n/a	1	2	33000
66.016	n/a	1	2	33008
67.5	n/a	0	1	33750
67.516	n/a	0	1	33758
67.532	n/a	0	1	33766
67.55	n/a	0	1	33775
67.566	n/a	0	1	33783
67.582	n/a	0	1	33791
67.6	n/a	0	1	33800
67.616	n/a	0	1	33808
67.632	n/a	0	1	33816
67.65	n/a	0	1	33825
67.666	n/a	0	1	33833
67.682	n/a	0	1	33841
67.7	n/a	0	1	33850
67.716	n/a	0	1	33858
67.732	n/a	0	1	33866
67.75	n/a	0	1	33875
67.766	n/a	0	1	33883
67.782	n/a	0	1	33891
67.8	n/a	1	2	33900
67.816	n/a	1	2	33908
67.832	n/a	1	2	33916
67.85	n/a	1	2	33925
67.866	n/a	0	1	33933
67.882	n/a	0	1	33941
67.9	n/a	0	1	33950
67.916	n/a	0	1	33958
67.932	n/a	0	1	33966
67.95	n/a	0	1	33975
67.966	n/a	0	1	33983
67.982	n/a	0	1	33991
68.0	n/a	0	1	34000
68.016	n/a	0	1	34008
68.032	n/a	0	1	34016
68.05	n/a	0	1	34025
68.066	n/a	0	1	34033
68.082	n/a	0	1	34041
68.1	n/a	0	1	34050
68.116	n/a	0	1	34058
68.132	n/a	0	1	34066
68.15	n/a	0	1	34075
68.166	n/a	0	1	34083
68.182	n/a	0	1	34091
68.2	n/a	1	2	34100
68.216	n/a	1	2	34108
68.232	n/a	1	2	34116
68.25	n/a	1	2	34125
68.266	n/a	0	1	34133
68.282	n/a	0	1	34141
68.3	n/a	0	1	34150
68.316	n/a	0	1	34158
68.332	n/a	0	1	34166
68.35	n/a	0	1	34175
68.366	n/a	0	1	34183
68.382	n/a	0	1	34191
68.4	n/a	0	1	34200
68.416	n/a	0	1	34208
68.432	n/a	0	1	34216
68.45	n/a	0	1	34225
68.466	n/a	0	1	34233
68.482	n/a	1	2	34241
68.5	n/a	1	2	34250
68.516	n/a	1	2	34258
68.532	n/a	1	2	34266
68.55	n/a	0	1	34275
68.566	n/a	0	1	34283
68.582	n/a	0	1	34291
68.6	n/a	0	1	34300
68.616	n/a	0	1	34308
68.632	n/a	0	1	34316
68.65	n/a	0	1	34325
68.666	n/a	0	1	34333
68.682	n/a	0	1	34341
68.7	n/a	0	1	34350
68.716	n/a	0	1	34358
68.732	n/a	0	1	34366
68.75	n/a	0	1	34375
68.766	n/a	0	1	34383
68.782	n/a	0	1	34391
68.8	n/a	0	1	34400
68.816	n/a	0	1	34408
68.832	n/a	0	1	34416
68.85	n/a	1	2	34425
68.866	n/a	1	2	34433
68.882	n/a	1	2	34441
68.9	n/a	1	2	34450
68.916	n/a	0	1	34458
68.932	n/a	0	1	34466
68.95	n/a	0	1	34475
68.966	n/a	0	1	34483
68.982	n/a	0	1	34491
69.0	n/a	0	1	34500
69.016	n/a	0	1	34508
69.032	n/a	0	1	34516
69.05	n/a	0	1	34525
69.066	n/a	0	1	34533
69.082	n/a	0	1	34541
69.1	n/a	0	1	34550
69.116	n/a	0	1	34558
69.132	n/a	0	1	34566
69.15	n/a	0	1	34575
69.166	n/a	0	1	34583
69.182	n/a	0	1	34591
69.2	n/a	0	1	34600
69.216	n/a	0	1	34608
69.232	n/a	0	1	34616
69.25	n/a	0	1	34625
69.266	n/a	0	1	34633
69.282	n/a	0	1	34641
69.3	n/a	0	1	34650
69.316	n/a	1	2	34658
69.332	n/a	1	2	34666
69.35	n/a	1	2	34675
69.366	n/a	1	2	34683
69.382	n/a	0	1	34691
69.4	n/a	0	1	34700
69.416	n/a	0	1	34708
69.432	n/a	0	1	34716
71.516	n/a	0	1	35758
71.532	n/a	1	2	35766
71.55	n/a	1	2	35775
71.566	n/a	1	2	35783
71.582	n/a	1	2	35791
71.6	n/a	0	1	35800
71.616	n/a	0	1	35808
71.632	n/a	0	1	35816
71.65	n/a	0	1	35825
71.666	n/a	0	1	35833
71.682	n/a	0	1	35841
71.7	n/a	0	1	35850
71.716	n/a	0	1	35858
71.732	n/a	0	1	35866
71.75	n/a	0	1	35875
71.766	n/a	0	1	35883
71.782	n/a	0	1	35891
71.8	n/a	0	1	35900
71.816	n/a	0	1	35908
71.832	n/a	0	1	35916
71.85	n/a	0	1	35925
71.866	n/a	0	1	35933
71.882	n/a	0	1	35941
71.9	n/a	0	1	35950
71.916	n/a	0	1	35958
71.932	n/a	0	1	35966
71.95	n/a	0	1	35975
71.966	n/a	0	1	35983
71.982	n/a	0	1	35991
72.0	n/a	0	1	36000
72.016	n/a	1	2	36008
72.032	n/a	1	2	36016
72.05	n/a	1	2	36025
72.066	n/a	1	2	36033
72.082	n/a	0	1	36041
72.1	n/a	0	1	36050
72.116	n/a	0	1	36058
72.132	n/a	0	1	36066
72.15	n/a	0	1	36075
72.166	n/a	0	1	36083
72.182	n/a	0	1	36091
72.2	n/a	0	1	36100
72.216	n/a	0	1	36108
72.232	n/a	0	1	36116
72.25	n/a	0	1	36125
72.266	n/a	0	1	36133
72.282	n/a	0	1	36141
72.3	n/a	0	1	36150
72.316	n/a	0	1	36158
72.332	n/a	0	1	36166
72.35	n/a	0	1	36175
72.366	n/a	0	1	36183
72.382	n/a	0	1	36191
72.4	n/a	0	1	36200
72.416	n/a	0	1	36208
72.432	n/a	0	1	36216
72.45	n/a	0	1	36225
72.466	n/a	0	1	36233
72.482	n/a	1	2	36241
72.5	n/a	1	2	36250
72.516	n/a	1	2	36258
72.532	n/a	1	2	36266
72.55	n/a	0	1	36275
72.566	n/a	0	1	36283
72.582	n/a	0	1	36291
72.6	n/a	0	1	36300
72.616	n/a	0	1	36308
72.632	n/a	0	1	36316
72.65	n/a	0	1	36325
72.666	n/a	0	1	36333
72.682	n/a	0	1	36341
72.7	n/a	0	1	36350
72.716	n/a	0	1	36358
72.732	n/a	0	1	36366
72.75	n/a	0	1	36375
72.766	n/a	0	1	36383
72.782	n/a	0	1	36391
72.8	n/a	0	1	36400
72.816	n/a	0	1	36408
72.832	n/a	0	1	36416
72.85	n/a	0	1	36425
72.866	n/a	0	1	36433
72.882	n/a	0	1	36441
72.9	n/a	1	2	36450
72.916	n/a	1	2	36458
72.932	n/a	1	2	36466
72.95	n/a	1	2	36475
72.966	n/a	0	1	36483
72.982	n/a	0	1	36491
73.0	n/a	0	1	36500
73.016	n/a	0	1	36508
73.032	n/a	0	1	36516
73.05	n/a	0	1	36525
73.066	n/a	0	1	36533
73.082	n/a	0	1	36541
73.1	n/a	0	1	36550
73.116	n/a	0	1	36558
73.132	n/a	0	1	36566
73.15	n/a	0	1	36575
73.166	n/a	0	1	36583
73.182	n/a	0	1	36591
73.2	n/a	0	1	36600
73.216	n/a	0	1	36608
73.232	n/a	0	1	36616
73.25	n/a	0	1	36625
73.266	n/a	0	1	36633
73.282	n/a	0	1	36641
73.3	n/a	0	1	36650
73.316	n/a	0	1	36658
73.332	n/a	1	2	36666
73.35	n/a	1	2	36675
73.366	n/a	1	2	36683
73.382	n/a	1	2	36691
73.4	n/a	0	1	36700
73.416	n/a	0	1	36708
73.432	n/a	0	1	36716
73.45	n/a	0	1	36725
74.932	n/a	0	1	37466
74.95	n/a	0	1	37475
74.966	n/a	0	1	37483
74.982	n/a	0	1	37491
75.0	n/a	0	1	37500
75.016	n/a	0	1	37508
75.032	n/a	0	1	37516
75.05	n/a	0	1	37525
75.066	n/a	0	1	37533
75.082	n/a	0	1	37541
75.1	n/a	0	1	37550
75.116	n/a	0	1	37558
75.132	n/a	0	1	37566
75.15	n/a	0	1	37575
75.166	n/a	0	1	37583
75.182	n/a	0	1	37591
75.2	n/a	0	1	37600
75.216	n/a	0	1	37608
75.232	n/a	1	2	37616
75.25	n/a	1	2	37625
75.266	n/a	1	2	37633
75.282	n/a	1	2	37641
75.3	n/a	0	1	37650
75.316	n/a	0	1	37658
75.332	n/a	0	1	37666
75.35	n/a	0	1	37675
75.366	n/a	0	1	37683
75.382	n/a	0	1	37691
75.4	n/a	0	1	37700
75.416	n/a	0	1	37708
75.432	n/a	0	1	37716
75.45	n/a	0	1	37725
75.466	n/a	0	1	37733
75.482	n/a	0	1	37741
75.5	n/a	0	1	37750
75.516	n/a	0	1	37758
75.532	n/a	0	1	37766
75.55	n/a	0	1	37775
75.566	n/a	0	1	37783
75.582	n/a	0	1	37791
75.6	n/a	0	1	37800
75.616	n/a	0	1	37808
75.632	n/a	1	2	37816
75.65	n/a	1	2	37825
75.666	n/a	1	2	37833
75.682	n/a	1	2	37841
75.7	n/a	0	1	37850
75.716	n/a	0	1	37858
75.732	n/a	0	1	37866
75.75	n/a	0	1	37875
75.766	n/a	0	1	37883
75.782	n/a	0	1	37891
75.8	n/a	0	1	37900
75.816	n/a	0	1	37908
75.832	n/a	0	1	37916
75.85	n/a	0	1	37925
75.866	n/a	0	1	37933
75.882	n/a	0	1	37941
75.9	n/a	0	1	37950
75.916	n/a	1	2	37958
75.932	n/a	1	2	37966
75.95	n/a	1	2	37975
75.966	n/a	1	2	37983
75.982	n/a	0	1	37991
76.0	n/a	0	1	38000
76.016	n/a	0	1	38008
76.032	n/a	0	1	38016
76.05	n/a	0	1	38025
76.066	n/a	0	1	38033
76.082	n/a	0	1	38041
76.1	n/a	0	1	38050
76.116	n/a	0	1	38058
76.132	n/a	0	1	38066
76.15	n/a	0	1	38075
76.166	n/a	0	1	38083
76.182	n/a	0	1	38091
76.2	n/a	0	1	38100
76.216	n/a	0	1	38108
76.232	n/a	0	1	38116
76.25	n/a	0	1	38125
76.266	n/a	0	1	38133
76.282	n/a	1	2	38141
76.3	n/a	1	2	38150
76.316	n/a	1	2	38158
76.332	n/a	1	2	38166
76.35	n/a	0	1	38175
76.366	n/a	0	1	38183
76.382	n/a	0	1	38191
76.4	n/a	0	1	38200
76.416	n/a	0	1	38208
76.432	n/a	0	1	38216
76.45	n/a	0	1	38225
76.466	n/a	0	1	38233
76.482	n/a	0	1	38241
76.5	n/a	0	1	38250
76.516	n/a	0	1	38258
76.532	n/a	0	1	38266
76.55	n/a	0	1	38275
76.566	n/a	0	1	38283
76.582	n/a	0	1	38291
76.6	n/a	0	1	38300
76.616	n/a	0	1	38308
76.632	n/a	0	1	38316
76.65	n/a	0	1	38325
76.666	n/a	0	1	38333
76.682	n/a	0	1	38341
76.7	n/a	0	1	38350
76.716	n/a	0	1	38358
76.732	n/a	0	1	38366
76.75	n/a	1	2	38375
76.766	n/a	1	2	38383
76.782	n/a	1	2	38391
76.8	n/a	1	2	38400
76.816	n/a	0	1	38408
76.832	n/a	0	1	38416
76.85	n/a	0	1	38425
76.866	n/a	0	1	38433
78.35	n/a	0	1	39175
78.366	n/a	0	1	39183
78.382	n/a	0	1	39191
78.4	n/a	0	1	39200
78.416	n/a	0	1	39208
78.432	n/a	0	1	39216
78.45	n/a	0	1	39225
78.466	n/a	0	1	39233
78.482	n/a	0	1	39241
78.5	n/a	0	1	39250
78.516	n/a	0	1	39258
78.532	n/a	0	1	39266
78.55	n/a	0	1	39275
78.566	n/a	0	1	39283
78.582	n/a	0	1	39291
78.6	n/a	0	1	39300
78.616	n/a	0	1	39308
78.632	n/a	0	1	39316
78.65	n/a	0	1	39325
78.666	n/a	0	1	39333
78.682	n/a	0	1	39341
78.7	n/a	0	1	39350
78.716	n/a	0	1	39358
78.732	n/a	1	2	39366
78.75	n/a	1	2	39375
78.766	n/a	1	2	39383
78.782	n/a	1	2	39391
78.8	n/a	0	1	39400
78.816	n/a	0	1	39408
78.832	n/a	0	1	39416
78.85	n/a	0	1	39425
78.866	n/a	0	1	39433
78.882	n/a	0	1	39441
78.9	n/a	0	1	39450
78.916	n/a	0	1	39458
78.932	n/a	0	1	39466
78.95	n/a	0	1	39475
78.966	n/a	0	1	39483
78.982	n/a	0	1	39491
79.0	n/a	0	1	39500
79.016	n/a	0	1	39508
79.032	n/a	0	1	39516
79.05	n/a	0	1	39525
79.066	n/a	0	1	39533
79.082	n/a	0	1	39541
79.1	n/a	0	1	39550
79.116	n/a	1	2	39558
79.132	n/a	1	2	39566
79.15	n/a	1	2	39575
79.166	n/a	1	2	39583
79.182	n/a	0	1	39591
79.2	n/a	0	1	39600
79.216	n/a	0	1	39608
79.232	n/a	0	1	39616
79.25	n/a	0	1	39625
79.266	n/a	0	1	39633
79.282	n/a	0	1	39641
79.3	n/a	0	1	39650
79.316	n/a	0	1	39658
79.332	n/a	0	1	39666
79.35	n/a	0	1	39675
79.366	n/a	0	1	39683
79.382	n/a	0	1	39691
79.4	n/a	0	1	39700
79.416	n/a	1	2	39708
79.432	n/a	1	2	39716
79.45	n/a	1	2	39725
79.466	n/a	1	2	39733
79.482	n/a	0	1	39741
79.5	n/a	0	1	39750
79.516	n/a	0	1	39758
79.532	n/a	0	1	39766
79.55	n/a	0	1	39775
79.566	n/a	0	1	39783
79.582	n/a	0	1	39791
79.6	n/a	0	1	39800
79.616	n/a	0	1	39808
79.632	n/a	0	1	39816
79.65	n/a	0	1	39825
79.666	n/a	0	1	39833
79.682	n/a	0	1	39841
79.7	n/a	1	2	39850
79.716	n/a	1	2	39858
79.732	n/a	1	2	39866
79.75	n/a	1	2	39875
79.766	n/a	0	1	39883
79.782	n/a	0	1	39891
79.8	n/a	0	1	39900
79.816	n/a	0	1	39908
79.832	n/a	0	1	39916
79.85	n/a	0	1	39925
79.866	n/a	0	1	39933
79.882	n/a	0	1	39941
79.9	n/a	0	1	39950
79.916	n/a	0	1	39958
79.932	n/a	0	1	39966
79.95	n/a	0	1	39975
79.966	n/a	0	1	39983
79.982	n/a	0	1	39991
80.0	n/a	0	1	40000
80.016	n/a	0	1	40008
80.032	n/a	1	2	40016
80.05	n/a	1	2	40025
80.066	n/a	1	2	40033
80.082	n/a	1	2	40041
80.1	n/a	0	1	40050
80.116	n/a	0	1	40058
80.132	n/a	0	1	40066
80.15	n/a	0	1	40075
80.166	n/a	0	1	40083
80.182	n/a	0	1	40091
80.2	n/a	0	1	40100
80.216	n/a	0	1	40108
80.232	n/a	0	1	40116
80.25	n/a	0	1	40125
80.266	n/a	0	1	40133
80.282	n/a	0	1	40141
81.766	n/a	0	1	40883
81.782	n/a	0	1	40891
81.8	n/a	0	1	40900
81.816	n/a	0	1	40908
81.832	n/a	0	1	40916
81.85	n/a	0	1	40925
81.866	n/a	0	1	40933
81.882	n/a	0	1	40941
81.9	n/a	0	1	40950
81.916	n/a	0	1	40958
81.932	n/a	0	1	40966
81.95	n/a	0	1	40975
81.966	n/a	0	1	40983
81.982	n/a	0	1	40991
82.0	n/a	0	1	41000
82.016	n/a	1	2	41008
82.032	n/a	1	2	41016
82.05	n/a	1	2	41025
82.066	n/a	1	2	41033
82.082	n/a	0	1	41041
82.1	n/a	0	1	41050
82.116	n/a	0	1	41058
82.132	n/a	0	1	41066
82.15	n/a	0	1	41075
82.166	n/a	0	1	41083
82.182	n/a	0	1	41091
82.2	n/a	0	1	41100
82.216	n/a	0	1	41108
82.232	n/a	0	1	41116
82.25	n/a	0	1	41125
82.266	n/a	0	1	41133
82.282	n/a	0	1	41141
82.3	n/a	0	1	41150
82.316	n/a	0	1	41158
82.332	n/a	0	1	41166
82.35	n/a	0	1	41175
82.366	n/a	0	1	41183
82.382	n/a	0	1	41191
82.4	n/a	0	1	41200
82.416	n/a	0	1	41208
82.432	n/a	0	1	41216
82.45	n/a	1	2	41225
82.466	n/a	1	2	41233
82.482	n/a	1	2	41241
82.5	n/a	1	2	41250
82.516	n/a	0	1	41258
82.532	n/a	0	1	41266
82.55	n/a	0	1	41275
82.566	n/a	0	1	41283
82.582	n/a	0	1	41291
82.6	n/a	0	1	41300
82.616	n/a	0	1	41308
82.632	n/a	0	1	41316
82.65	n/a	0	1	41325
82.666	n/a	0	1	41333
82.682	n/a	0	1	41341
82.7	n/a	0	1	41350
82.716	n/a	0	1	41358
82.732	n/a	0	1	41366
82.75	n/a	0	1	41375
82.766	n/a	0	1	41383
82.782	n/a	0	1	41391
82.8	n/a	0	1	41400
82.816	n/a	0	1	41408
82.832	n/a	0	1	41416
82.85	n/a	0	1	41425
82.866	n/a	0	1	41433
82.882	n/a	0	1	41441
82.9	n/a	0	1	41450
82.916	n/a	1	2	41458
82.932	n/a	1	2	41466
82.95	n/a	1	2	41475
82.966	n/a	1	2	41483
82.982	n/a	0	1	41491
83.0	n/a	0	1	41500
83.016	n/a	0	1	41508
83.032	n/a	0	1	41516
83.05	n/a	0	1	41525
83.066	n/a	0	1	41533
83.082	n/a	0	1	41541
83.1	n/a	0	1	41550
83.116	n/a	0	1	41558
83.132	n/a	0	1	41566
83.15	n/a	0	1	41575
83.166	n/a	0	1	41583
83.182	n/a	0	1	41591
83.2	n/a	0	1	41600
83.216	n/a	1	2	41608
83.232	n/a	1	2	41616
83.25	n/a	1	2	41625
83.266	n/a	1	2	41633
83.282	n/a	0	1	41641
83.3	n/a	0	1	41650
83.316	n/a	0	1	41658
83.332	n/a	0	1	41666
83.35	n/a	0	1	41675
83.366	n/a	0	1	41683
83.382	n/a	0	1	41691
83.4	n/a	0	1	41700
83.416	n/a	0	1	41708
83.432	n/a	0	1	41716
83.45	n/a	0	1	41725
83.466	n/a	0	1	41733
83.482	n/a	0	1	41741
83.5	n/a	0	1	41750
83.516	n/a	0	1	41758
83.532	n/a	0	1	41766
83.55	n/a	0	1	41775
83.566	n/a	0	1	41783
83.582	n/a	0	1	41791
83.6	n/a	0	1	41800
83.616	n/a	0	1	41808
83.632	n/a	0	1	41816
83.65	n/a	1	2	41825
83.666	n/a	1	2	41833
83.682	n/a	1	2	41841
83.7	n/a	1	2	41850
85.816	n/a	0	1	42908
85.832	n/a	0	1	42916
85.85	n/a	0	1	42925
85.866	n/a	0	1	42933
85.882	n/a	0	1	42941
85.9	n/a	0	1	42950
85.916	n/a	0	1	42958
85.932	n/a	0	1	42966
85.95	n/a	0	1	42975
85.966	n/a	0	1	42983
85.982	n/a	0	1	42991
86.0	n/a	0	1	43000
86.016	n/a	0	1	43008
86.032	n/a	0	1	43016
86.05	n/a	0	1	43025
86.066	n/a	0	1	43033
86.082	n/a	0	1	43041
86.1	n/a	0	1	43050
86.116	n/a	1	2	43058
86.132	n/a	1	2	43066
86.15	n/a	1	2	43075
86.166	n/a	1	2	43083
86.182	n/a	0	1	43091
86.2	n/a	0	1	43100
86.216	n/a	0	1	43108
86.232	n/a	0	1	43116
86.25	n/a	0	1	43125
86.266	n/a	0	1	43133
86.282	n/a	0	1	43141
86.3	n/a	0	1	43150
86.316	n/a	0	1	43158
86.332	n/a	0	1	43166
86.35	n/a	0	1	43175
86.366	n/a	0	1	43183
86.382	n/a	0	1	43191
86.4	n/a	0	1	43200
86.416	n/a	0	1	43208
86.432	n/a	0	1	43216
86.45	n/a	0	1	43225
86.466	n/a	0	1	43233
86.482	n/a	0	1	43241
86.5	n/a	0	1	43250
86.516	n/a	1	2	43258
86.532	n/a	1	2	43266
86.55	n/a	1	2	43275
86.566	n/a	1	2	43283
86.582	n/a	0	1	43291
86.6	n/a	0	1	43300
86.616	n/a	0	1	43308
86.632	n/a	0	1	43316
86.65	n/a	0	1	43325
86.666	n/a	0	1	43333
86.682	n/a	0	1	43341
86.7	n/a	0	1	43350
86.716	n/a	0	1	43358
86.732	n/a	0	1	43366
86.75	n/a	0	1	43375
86.766	n/a	0	1	43383
86.782	n/a	0	1	43391
86.8	n/a	1	2	43400
86.816	n/a	1	2	43408
86.832	n/a	1	2	43416
86.85	n/a	1	2	43425
86.866	n/a	0	1	43433
86.882	n/a	0	1	43441
86.9	n/a	0	1	43450
86.916	n/a	0	1	43458
86.932	n/a	0	1	43466
86.95	n/a	0	1	43475
86.966	n/a	0	1	43483
86.982	n/a	0	1	43491
87.0	n/a	0	1	43500
87.016	n/a	0	1	43508
87.032	n/a	0	1	43516
87.05	n/a	0	1	43525
87.066	n/a	0	1	43533
87.082	n/a	0	1	43541
87.1	n/a	0	1	43550
87.116	n/a	0	1	43558
87.132	n/a	0	1	43566
87.15	n/a	0	1	43575
87.166	n/a	1	2	43583
87.182	n/a	1	2	43591
87.2	n/a	1	2	43600
87.216	n/a	1	2	43608
87.232	n/a	0	1	43616
87.25	n/a	0	1	43625
87.266	n/a	0	1	43633
87.282	n/a	0	1	43641
87.3	n/a	0	1	43650
87.316	n/a	0	1	43658
87.332	n/a	0	1	43666
87.35	n/a	0	1	43675
87.366	n/a	0	1	43683
87.382	n/a	0	1	43691
87.4	n/a	0	1	43700
87.416	n/a	0	1	43708
87.432	n/a	0	1	43716
87.45	n/a	0	1	43725
87.466	n/a	0	1	43733
87.482	n/a	0	1	43741
87.5	n/a	0	1	43750
87.516	n/a	0	1	43758
87.532	n/a	0	1	43766
87.55	n/a	0	1	43775
87.566	n/a	0	1	43783
87.582	n/a	0	1	43791
87.6	n/a	0	1	43800
87.616	n/a	0	1	43808
87.632	n/a	1	2	43816
87.65	n/a	1	2	43825
87.666	n/a	1	2	43833
87.682	n/a	1	2	43841
87.7	n/a	0	1	43850
87.716	n/a	0	1	43858
87.732	n/a	0	1	43866
87.75	n/a	0	1	43875
89.232	n/a	0	1	44616
89.25	n/a	0	1	44625
89.266	n/a	0	1	44633
89.282	n/a	0	1	44641
89.3	n/a	0	1	44650
89.316	n/a	0	1	44658
89.332	n/a	0	1	44666
89.35	n/a	0	1	44675
89.366	n/a	0	1	44683
89.382	n/a	0	1	44691
89.4	n/a	0	1	44700
89.416	n/a	0	1	44708
89.432	n/a	0	1	44716
89.45	n/a	0	1	44725
89.466	n/a	0	1	44733
89.482	n/a	1	2	44741
89.5	n/a	1	2	44750
89.516	n/a	1	2	44758
89.532	n/a	1	2	44766
89.55	n/a	0	1	44775
89.566	n/a	0	1	44783
89.582	n/a	0	1	44791
89.6	n/a	0	1	44800
89.616	n/a	0	1	44808
89.632	n/a	0	1	44816
89.65	n/a	0	1	44825
89.666	n/a	0	1	44833
89.682	n/a	0	1	44841
89.7	n/a	0	1	44850
89.716	n/a	0	1	44858
89.732	n/a	0	1	44866
89.75	n/a	0	1	44875
89.766	n/a	0	1	44883
89.782	n/a	0	1	44891
89.8	n/a	0	1	44900
89.816	n/a	0	1	44908
89.832	n/a	0	1	44916
89.85	n/a	0	1	44925
89.866	n/a	0	1	44933
89.882	n/a	0	1	44941
89.9	n/a	0	1	44950
89.916	n/a	1	2	44958
89.932	n/a	1	2	44966
89.95	n/a	1	2	44975
89.966	n/a	1	2	44983
89.982	n/a	0	1	44991
90.0	n/a	0	1	45000
90.016	n/a	0	1	45008
90.032	n/a	0	1	45016
90.05	n/a	0	1	45025
90.066	n/a	0	1	45033
90.082	n/a	0	1	45041
90.1	n/a	0	1	45050
90.116	n/a	0	1	45058
90.132	n/a	0	1	45066
90.15	n/a	0	1	45075
90.166	n/a	0	1	45083
90.182	n/a	0	1	45091
90.2	n/a	0	1	45100
90.216	n/a	0	1	45108
90.232	n/a	0	1	45116
90.25	n/a	0	1	45125
90.266	n/a	0	1	45133
90.282	n/a	0	1	45141
90.3	n/a	0	1	45150
90.316	n/a	0	1	45158
90.332	n/a	0	1	45166
90.35	n/a	0	1	45175
90.366	n/a	0	1	45183
90.382	n/a	1	2	45191
90.4	n/a	1	2	45200
90.416	n/a	1	2	45208
90.432	n/a	1	2	45216
90.45	n/a	0	1	45225
90.466	n/a	0	1	45233
90.482	n/a	0	1	45241
90.5	n/a	0	1	45250
90.516	n/a	0	1	45258
90.532	n/a	0	1	45266
90.55	n/a	0	1	45275
90.566	n/a	0	1	45283
90.582	n/a	0	1	45291
90.6	n/a	0	1	45300
90.616	n/a	0	1	45308
90.632	n/a	0	1	45316
90.65	n/a	0	1	45325
90.666	n/a	0	1	45333
90.682	n/a	1	2	45341
90.7	n/a	1	2	45350
90.716	n/a	1	2	45358
90.732	n/a	1	2	45366
90.75	n/a	0	1	45375
90.766	n/a	0	1	45383
90.782	n/a	0	1	45391
90.8	n/a	0	1	45400
90.816	n/a	0	1	45408
90.832	n/a	0	1	45416
90.85	n/a	0	1	45425
90.866	n/a	0	1	45433
90.882	n/a	0	1	45441
90.9	n/a	0	1	45450
90.916	n/a	0	1	45458
90.932	n/a	0	1	45466
90.95	n/a	0	1	45475
90.966	n/a	0	1	45483
90.982	n/a	0	1	45491
91.0	n/a	0	1	45500
91.016	n/a	0	1	45508
91.032	n/a	0	1	45516
91.05	n/a	0	1	45525
91.066	n/a	0	1	45533
91.082	n/a	0	1	45541
91.1	n/a	0	1	45550
91.116	n/a	1	2	45558
91.132	n/a	1	2	45566
91.15	n/a	1	2	45575
91.166	n/a	1	2	45583
92.65	n/a	0	1	46325
92.666	n/a	0	1	46333
92.682	n/a	0	1	46341
92.7	n/a	0	1	46350
92.716	n/a	0	1	46358
92.732	n/a	0	1	46366
92.75	n/a	0	1	46375
92.766	n/a	0	1	46383
92.782	n/a	0	1	46391
92.8	n/a	0	1	46400
92.816	n/a	0	1	46408
92.832	n/a	0	1	46416
92.85	n/a	0	1	46425
92.866	n/a	0	1	46433
92.882	n/a	0	1	46441
92.9	n/a	0	1	46450
92.916	n/a	0	1	46458
92.932	n/a	0	1	46466
92.95	n/a	0	1	46475
92.966	n/a	0	1	46483
92.982	n/a	0	1	46491
93.0	n/a	0	1	46500
93.016	n/a	0	1	46508
93.032	n/a	1	2	46516
93.05	n/a	1	2	46525
93.066	n/a	1	2	46533
93.082	n/a	1	2	46541
93.1	n/a	0	1	46550
93.116	n/a	0	1	46558
93.132	n/a	0	1	46566
93.15	n/a	0	1	46575
93.166	n/a	0	1	46583
93.182	n/a	0	1	46591
93.2	n/a	0	1	46600
93.216	n/a	0	1	46608
93.232	n/a	0	1	46616
93.25	n/a	0	1	46625
93.266	n/a	0	1	46633
93.282	n/a	0	1	46641
93.3	n/a	0	1	46650
93.316	n/a	0	1	46658
93.332	n/a	0	1	46666
93.35	n/a	0	1	46675
93.366	n/a	0	1	46683
93.382	n/a	0	1	46691
93.4	n/a	0	1	46700
93.416	n/a	1	2	46708
93.432	n/a	1	2	46716
93.45	n/a	1	2	46725
93.466	n/a	1	2	46733
93.482	n/a	0	1	46741
93.5	n/a	0	1	46750
93.516	n/a	0	1	46758
93.532	n/a	0	1	46766
93.55	n/a	0	1	46775
93.566	n/a	0	1	46783
93.582	n/a	0	1	46791
93.6	n/a	0	1	46800
93.616	n/a	0	1	46808
93.632	n/a	0	1	46816
93.65	n/a	0	1	46825
93.666	n/a	0	1	46833
93.682	n/a	0	1	46841
93.7	n/a	0	1	46850
93.716	n/a	1	2	46858
93.732	n/a	1	2	46866
93.75	n/a	1	2	46875
93.766	n/a	1	2	46883
93.782	n/a	0	1	46891
93.8	n/a	0	1	46900
93.816	n/a	0	1	46908
93.832	n/a	0	1	46916
93.85	n/a	0	1	46925
93.866	n/a	0	1	46933
93.882	n/a	0	1	46941
93.9	n/a	0	1	46950
93.916	n/a	0	1	46958
93.932	n/a	0	1	46966
93.95	n/a	0	1	46975
93.966	n/a	0	1	46983
93.982	n/a	0	1	46991
94.0	n/a	1	2	47000
94.016	n/a	1	2	47008
94.032	n/a	1	2	47016
94.05	n/a	1	2	47025
94.066	n/a	0	1	47033
94.082	n/a	0	1	47041
94.1	n/a	0	1	47050
94.116	n/a	0	1	47058
94.132	n/a	0	1	47066
94.15	n/a	0	1	47075
94.166	n/a	0	1	47083
94.182	n/a	0	1	47091
94.2	n/a	0	1	47100
94.216	n/a	0	1	47108
94.232	n/a	0	1	47116
94.25	n/a	0	1	47125
94.266	n/a	0	1	47133
94.282	n/a	0	1	47141
94.3	n/a	0	1	47150
94.316	n/a	0	1	47158
94.332	n/a	1	2	47166
94.35	n/a	1	2	47175
94.366	n/a	1	2	47183
94.382	n/a	1	2	47191
94.4	n/a	0	1	47200
94.416	n/a	0	1	47208
94.432	n/a	0	1	47216
94.45	n/a	0	1	47225
94.466	n/a	0	1	47233
94.482	n/a	0	1	47241
94.5	n/a	0	1	47250
94.516	n/a	0	1	47258
94.532	n/a	0	1	47266
94.55	n/a	0	1	47275
94.566	n/a	0	1	47283
94.582	n/a	0	1	47291
96.066	n/a	0	1	48033
96.082	n/a	1	2	48041
96.1	n/a	1	2	48050
96.116	n/a	1	2	48058
96.132	n/a	1	2	48066
96.15	n/a	0	1	48075
96.166	n/a	0	1	48083
96.182	n/a	0	1	48091
96.2	n/a	0	1	48100
96.216	n/a	0	1	48108
96.232	n/a	0	1	48116
96.25	n/a	0	1	48125
96.266	n/a	0	1	48133
96.282	n/a	0	1	48141
96.3	n/a	0	1	48150
96.316	n/a	0	1	48158
96.332	n/a	0	1	48166
96.35	n/a	0	1	48175
96.366	n/a	0	1	48183
96.382	n/a	0	1	48191
96.4	n/a	0	1	48200
96.416	n/a	0	1	48208
96.432	n/a	0	1	48216
96.45	n/a	0	1	48225
96.466	n/a	0	1	48233
96.482	n/a	0	1	48241
96.5	n/a	0	1	48250
96.516	n/a	0	1	48258
96.532	n/a	0	1	48266
96.55	n/a	0	1	48275
96.566	n/a	1	2	48283
96.582	n/a	1	2	48291
96.6	n/a	1	2	48300
96.616	n/a	1	2	48308
96.632	n/a	0	1	48316
96.65	n/a	0	1	48325
96.666	n/a	0	1	48333
96.682	n/a	0	1	48341
96.7	n/a	0	1	48350
96.716	n/a	0	1	48358
96.732	n/a	0	1	48366
96.75	n/a	0	1	48375
96.766	n/a	0	1	48383
96.782	n/a	0	1	48391
96.8	n/a	0	1	48400
96.816	n/a	0	1	48408
96.832	n/a	0	1	48416
96.85	n/a	0	1	48425
96.866	n/a	0	1	48433
96.882	n/a	0	1	48441
96.9	n/a	0	1	48450
96.916	n/a	0	1	48458
96.932	n/a	0	1	48466
96.95	n/a	0	1	48475
96.966	n/a	0	1	48483
96.982	n/a	0	1	48491
97.0	n/a	0	1	48500
97.016	n/a	0	1	48508
97.032	n/a	1	2	48516
97.05	n/a	1	2	48525
97.066	n/a	1	2	48533
97.082	n/a	1	2	48541
97.1	n/a	0	1	48550
97.116	n/a	0	1	48558
97.132	n/a	0	1	48566
97.15	n/a	0	1	48575
97.166	n/a	0	1	48583
97.182	n/a	0	1	48591
97.2	n/a	0	1	48600
97.216	n/a	0	1	48608
97.232	n/a	0	1	48616
97.25	n/a	0	1	48625
97.266	n/a	0	1	48633
97.282	n/a	0	1	48641
97.3	n/a	0	1	48650
97.316	n/a	0	1	48658
97.332	n/a	0	1	48666
97.35	n/a	0	1	48675
97.366	n/a	0	1	48683
97.382	n/a	0	1	48691
97.4	n/a	0	1	48700
97.416	n/a	0	1	48708
97.432	n/a	0	1	48716
97.45	n/a	1	2	48725
97.466	n/a	1	2	48733
97.482	n/a	1	2	48741
97.5	n/a	1	2	48750
97.516	n/a	0	1	48758
97.532	n/a	0	1	48766
97.55	n/a	0	1	48775
97.566	n/a	0	1	48783
97.582	n/a	0	1	48791
97.6	n/a	0	1	48800
97.616	n/a	0	1	48808
97.632	n/a	0	1	48816
97.65	n/a	0	1	48825
97.666	n/a	0	1	48833
97.682	n/a	0	1	48841
97.7	n/a	0	1	48850
97.716	n/a	0	1	48858
97.732	n/a	0	1	48866
97.75	n/a	0	1	48875
97.766	n/a	0	1	48883
97.782	n/a	0	1	48891
97.8	n/a	0	1	48900
97.816	n/a	0	1	48908
97.832	n/a	0	1	48916
97.85	n/a	0	1	48925
97.866	n/a	0	1	48933
97.882	n/a	1	2	48941
97.9	n/a	1	2	48950
97.916	n/a	1	2	48958
97.932	n/a	1	2	48966
97.95	n/a	0	1	48975
97.966	n/a	0	1	48983
97.982	n/a	0	1	48991
98.0	n/a	0	1	49000
100.116	n/a	0	1	50058
100.132	n/a	1	2	50066
100.15	n/a	1	2	50075
100.166	n/a	1	2	50083
100.182	n/a	1	2	50091
100.2	n/a	0	1	50100
100.216	n/a	0	1	50108
100.232	n/a	0	1	50116
100.25	n/a	0	1	50125
100.266	n/a	0	1	50133
100.282	n/a	0	1	50141
100.3	n/a	0	1	50150
100.316	n/a	0	1	50158
100.332	n/a	0	1	50166
100.35	n/a	0	1	50175
100.366	n/a	0	1	50183
100.382	n/a	0	1	50191
100.4	n/a	0	1	50200
100.416	n/a	0	1	50208
100.432	n/a	0	1	50216
100.45	n/a	0	1	50225
100.466	n/a	0	1	50233
100.482	n/a	0	1	50241
100.5	n/a	0	1	50250
100.516	n/a	0	1	50258
100.532	n/a	0	1	50266
100.55	n/a	0	1	50275
100.566	n/a	0	1	50283
100.582	n/a	0	1	50291
100.6	n/a	0	1	50300
100.616	n/a	1	2	50308
100.632	n/a	1	2	50316
100.65	n/a	1	2	50325
100.666	n/a	1	2	50333
100.682	n/a	0	1	50341
100.7	n/a	0	1	50350
100.716	n/a	0	1	50358
100.732	n/a	0	1	50366
100.75	n/a	0	1	50375
100.766	n/a	0	1	50383
100.782	n/a	0	1	50391
100.8	n/a	0	1	50400
100.816	n/a	0	1	50408
100.832	n/a	0	1	50416
100.85	n/a	0	1	50425
100.866	n/a	0	1	50433
100.882	n/a	0	1	50441
100.9	n/a	0	1	50450
100.916	n/a	0	1	50458
100.932	n/a	0	1	50466
100.95	n/a	0	1	50475
100.966	n/a	0	1	50483
100.982	n/a	0	1	50491
101.0	n/a	0	1	50500
101.016	n/a	0	1	50508
101.032	n/a	0	1	50516
101.05	n/a	0	1	50525
101.066	n/a	0	1	50533
101.082	n/a	1	2	50541
101.1	n/a	1	2	50550
101.116	n/a	1	2	50558
101.132	n/a	1	2	50566
101.15	n/a	0	1	50575
101.166	n/a	0	1	50583
101.182	n/a	0	1	50591
101.2	n/a	0	1	50600
101.216	n/a	0	1	50608
101.232	n/a	0	1	50616
101.25	n/a	0	1	50625
101.266	n/a	0	1	50633
101.282	n/a	0	1	50641
101.3	n/a	0	1	50650
101.316	n/a	0	1	50658
101.332	n/a	0	1	50666
101.35	n/a	0	1	50675
101.366	n/a	0	1	50683
101.382	n/a	0	1	50691
101.4	n/a	0	1	50700
101.416	n/a	0	1	50708
101.432	n/a	0	1	50716
101.45	n/a	0	1	50725
101.466	n/a	0	1	50733
101.482	n/a	0	1	50741
101.5	n/a	1	2	50750
101.516	n/a	1	2	50758
101.532	n/a	1	2	50766
101.55	n/a	1	2	50775
101.566	n/a	0	1	50783
101.582	n/a	0	1	50791
101.6	n/a	0	1	50800
101.616	n/a	0	1	50808
101.632	n/a	0	1	50816
101.65	n/a	0	1	50825
101.666	n/a	0	1	50833
101.682	n/a	0	1	50841
101.7	n/a	0	1	50850
101.716	n/a	0	1	50858
101.732	n/a	0	1	50866
101.75	n/a	0	1	50875
101.766	n/a	0	1	50883
101.782	n/a	0	1	50891
101.8	n/a	0	1	50900
101.816	n/a	0	1	50908
101.832	n/a	0	1	50916
101.85	n/a	0	1	50925
101.866	n/a	0	1	50933
101.882	n/a	0	1	50941
101.9	n/a	0	1	50950
101.916	n/a	0	1	50958
101.932	n/a	1	2	50966
101.95	n/a	1	2	50975
101.966	n/a	1	2	50983
101.982	n/a	1	2	50991
102.0	n/a	0	1	51000
102.016	n/a	0	1	51008
102.032	n/a	0	1	51016
102.05	n/a	0	1	51025
103.532	n/a	0	1	51766
103.55	n/a	0	1	51775
103.566	n/a	0	1	51783
103.582	n/a	0	1	51791
103.6	n/a	0	1	51800
103.616	n/a	0	1	51808
103.632	n/a	0	1	51816
103.65	n/a	0	1	51825
103.666	n/a	0	1	51833
103.682	n/a	0	1	51841
103.7	n/a	0	1	51850
103.716	n/a	0	1	51858
103.732	n/a	0	1	51866
103.75	n/a	0	1	51875
103.766	n/a	0	1	51883
103.782	n/a	1	2	51891
103.8	n/a	1	2	51900
103.816	n/a	1	2	51908
103.832	n/a	1	2	51916
103.85	n/a	0	1	51925
103.866	n/a	0	1	51933
103.882	n/a	0	1	51941
103.9	n/a	0	1	51950
103.916	n/a	0	1	51958
103.932	n/a	0	1	51966
103.95	n/a	0	1	51975
103.966	n/a	0	1	51983
103.982	n/a	0	1	51991
104.0	n/a	0	1	52000
104.016	n/a	0	1	52008
104.032	n/a	0	1	52016
104.05	n/a	0	1	52025
104.066	n/a	0	1	52033
104.082	n/a	0	1	52041
104.1	n/a	0	1	52050
104.116	n/a	0	1	52058
104.132	n/a	0	1	52066
104.15	n/a	0	1	52075
104.166	n/a	0	1	52083
104.182	n/a	0	1	52091
104.2	n/a	0	1	52100
104.216	n/a	1	2	52108
104.232	n/a	1	2	52116
104.25	n/a	1	2	52125
104.266	n/a	1	2	52133
104.282	n/a	0	1	52141
104.3	n/a	0	1	52150
104.316	n/a	0	1	52158
104.332	n/a	0	1	52166
104.35	n/a	0	1	52175
104.366	n/a	0	1	52183
104.382	n/a	0	1	52191
104.4	n/a	0	1	52200
104.416	n/a	0	1	52208
104.432	n/a	0	1	52216
104.45	n/a	0	1	52225
104.466	n/a	0	1	52233
104.482	n/a	0	1	52241
104.5	n/a	0	1	52250
104.516	n/a	0	1	52258
104.532	n/a	0	1	52266
104.55	n/a	0	1	52275
104.566	n/a	0	1	52283
104.582	n/a	0	1	52291
104.6	n/a	0	1	52300
104.616	n/a	0	1	52308
104.632	n/a	0	1	52316
104.65	n/a	0	1	52325
104.666	n/a	0	1	52333
104.682	n/a	1	2	52341
104.7	n/a	1	2	52350
104.716	n/a	1	2	52358
104.732	n/a	1	2	52366
104.75	n/a	0	1	52375
104.766	n/a	0	1	52383
104.782	n/a	0	1	52391
104.8	n/a	0	1	52400
104.816	n/a	0	1	52408
104.832	n/a	0	1	52416
104.85	n/a	0	1	52425
104.866	n/a	0	1	52433
104.882	n/a	0	1	52441
104.9	n/a	0	1	52450
104.916	n/a	0	1	52458
104.932	n/a	0	1	52466
104.95	n/a	0	1	52475
104.966	n/a	0	1	52483
104.982	n/a	1	2	52491
105.0	n/a	1	2	52500
105.016	n/a	1	2	52508
105.032	n/a	1	2	52516
105.05	n/a	0	1	52525
105.066	n/a	0	1	52533
105.082	n/a	0	1	52541
105.1	n/a	0	1	52550
105.116	n/a	0	1	52558
105.132	n/a	0	1	52566
105.15	n/a	0	1	52575
105.166	n/a	0	1	52583
105.182	n/a	0	1	52591
105.2	n/a	0	1	52600
105.216	n/a	0	1	52608
105.232	n/a	0	1	52616
105.25	n/a	0	1	52625
105.266	n/a	0	1	52633
105.282	n/a	0	1	52641
105.3	n/a	0	1	52650
105.316	n/a	0	1	52658
105.332	n/a	0	1	52666
105.35	n/a	0	1	52675
105.366	n/a	0	1	52683
105.382	n/a	0	1	52691
105.4	n/a	0	1	52700
105.416	n/a	1	2	52708
105.432	n/a	1	2	52716
105.45	n/a	1	2	52725
105.466	n/a	1	2	52733
106.95	n/a	0	1	53475
106.966	n/a	0	1	53483
106.982	n/a	0	1	53491
107.0	n/a	0	1	53500
107.016	n/a	0	1	53508
107.032	n/a	0	1	53516
107.05	n/a	0	1	53525
107.066	n/a	0	1	53533
107.082	n/a	0	1	53541
107.1	n/a	0	1	53550
107.116	n/a	0	1	53558
107.132	n/a	0	1	53566
107.15	n/a	0	1	53575
107.166	n/a	0	1	53583
107.182	n/a	0	1	53591
107.2	n/a	0	1	53600
107.216	n/a	0	1	53608
107.232	n/a	0	1	53616
107.25	n/a	1	2	53625
107.266	n/a	1	2	53633
107.282	n/a	1	2	53641
107.3	n/a	1	2	53650
107.316	n/a	0	1	53658
107.332	n/a	0	1	53666
107.35	n/a	0	1	53675
107.366	n/a	0	1	53683
107.382	n/a	0	1	53691
107.4	n/a	0	1	53700
107.416	n/a	0	1	53708
107.432	n/a	0	1	53716
107.45	n/a	0	1	53725
107.466	n/a	0	1	53733
107.482	n/a	0	1	53741
107.5	n/a	0	1	53750
107.516	n/a	0	1	53758
107.532	n/a	0	1	53766
107.55	n/a	0	1	53775
107.566	n/a	0	1	53783
107.582	n/a	0	1	53791
107.6	n/a	0	1	53800
107.616	n/a	0	1	53808
107.632	n/a	0	1	53816
107.65	n/a	1	2	53825
107.666	n/a	1	2	53833
107.682	n/a	1	2	53841
107.7	n/a	1	2	53850
107.716	n/a	0	1	53858
107.732	n/a	0	1	53866
107.75	n/a	0	1	53875
107.766	n/a	0	1	53883
107.782	n/a	0	1	53891
107.8	n/a	0	1	53900
107.816	n/a	0	1	53908
107.832	n/a	0	1	53916
107.85	n/a	0	1	53925
107.866	n/a	0	1	53933
107.882	n/a	0	1	53941
107.9	n/a	0	1	53950
107.916	n/a	0	1	53958
107.932	n/a	1	2	53966
107.95	n/a	1	2	53975
107.966	n/a	1	2	53983
107.982	n/a	1	2	53991
108.0	n/a	0	1	54000
108.016	n/a	0	1	54008
108.032	n/a	0	1	54016
108.05	n/a	0	1	54025
108.066	n/a	0	1	54033
108.082	n/a	0	1	54041
108.1	n/a	0	1	54050
108.116	n/a	0	1	54058
108.132	n/a	0	1	54066
108.15	n/a	0	1	54075
108.166	n/a	0	1	54083
108.182	n/a	0	1	54091
108.2	n/a	0	1	54100
108.216	n/a	0	1	54108
108.232	n/a	0	1	54116
108.25	n/a	0	1	54125
108.266	n/a	0	1	54133
108.282	n/a	0	1	54141
108.3	n/a	1	2	54150
108.316	n/a	1	2	54158
108.332	n/a	1	2	54166
108.35	n/a	1	2	54175
108.366	n/a	0	1	54183
108.382	n/a	0	1	54191
108.4	n/a	0	1	54200
108.416	n/a	0	1	54208
108.432	n/a	0	1	54216
108.45	n/a	0	1	54225
108.466	n/a	0	1	54233
108.482	n/a	0	1	54241
108.5	n/a	0	1	54250
108.516	n/a	0	1	54258
108.532	n/a	0	1	54266
108.55	n/a	0	1	54275
108.566	n/a	0	1	54283
108.582	n/a	0	1	54291
108.6	n/a	0	1	54300
108.616	n/a	0	1	54308
108.632	n/a	0	1	54316
108.65	n/a	0	1	54325
108.666	n/a	0	1	54333
108.682	n/a	0	1	54341
108.7	n/a	0	1	54350
108.716	n/a	0	1	54358
108.732	n/a	0	1	54366
108.75	n/a	0	1	54375
108.766	n/a	1	2	54383
108.782	n/a	1	2	54391
108.8	n/a	1	2	54400
108.816	n/a	1	2	54408
108.832	n/a	0	1	54416
108.85	n/a	0	1	54425
108.866	n/a	0	1	54433
108.882	n/a	0	1	54441
110.366	n/a	0	1	55183
110.382	n/a	0	1	55191
110.4	n/a	0	1	55200
110.416	n/a	0	1	55208
110.432	n/a	0	1	55216
110.45	n/a	0	1	55225
110.466	n/a	0	1	55233
110.482	n/a	0	1	55241
110.5	n/a	0	1	55250
110.516	n/a	0	1	55258
110.532	n/a	0	1	55266
110.55	n/a	0	1	55275
110.566	n/a	0	1	55283
110.582	n/a	0	1	55291
110.6	n/a	0	1	55300
110.616	n/a	0	1	55308
110.632	n/a	0	1	55316
110.65	n/a	0	1	55325
110.666	n/a	0	1	55333
110.682	n/a	0	1	55341
110.7	n/a	0	1	55350
110.716	n/a	0	1	55358
110.732	n/a	0	1	55366
110.75	n/a	1	2	55375
110.766	n/a	1	2	55383
110.782	n/a	1	2	55391
110.8	n/a	1	2	55400
110.816	n/a	0	1	55408
110.832	n/a	0	1	55416
110.85	n/a	0	1	55425
110.866	n/a	0	1	55433
110.882	n/a	0	1	55441
110.9	n/a	0	1	55450
110.916	n/a	0	1	55458
110.932	n/a	0	1	55466
110.95	n/a	0	1	55475
110.966	n/a	0	1	55483
110.982	n/a	0	1	55491
111.0	n/a	0	1	55500
111.016	n/a	0	1	55508
111.032	n/a	0	1	55516
111.05	n/a	0	1	55525
111.066	n/a	0	1	55533
111.082	n/a	0	1	55541
111.1	n/a	0	1	55550
111.116	n/a	0	1	55558
111.132	n/a	1	2	55566
111.15	n/a	1	2	55575
111.166	n/a	1	2	55583
111.182	n/a	1	2	55591
111.2	n/a	0	1	55600
111.216	n/a	0	1	55608
111.232	n/a	0	1	55616
111.25	n/a	0	1	55625
111.266	n/a	0	1	55633
111.282	n/a	0	1	55641
111.3	n/a	0	1	55650
111.316	n/a	0	1	55658
111.332	n/a	0	1	55666
111.35	n/a	0	1	55675
111.366	n/a	0	1	55683
111.382	n/a	0	1	55691
111.4	n/a	0	1	55700
111.416	n/a	0	1	55708
111.432	n/a	1	2	55716
111.45	n/a	1	2	55725
111.466	n/a	1	2	55733
111.482	n/a	1	2	55741
111.5	n/a	0	1	55750
111.516	n/a	0	1	55758
111.532	n/a	0	1	55766
111.55	n/a	0	1	55775
111.566	n/a	0	1	55783
111.582	n/a	0	1	55791
111.6	n/a	0	1	55800
111.616	n/a	0	1	55808
111.632	n/a	0	1	55816
111.65	n/a	0	1	55825
111.666	n/a	0	1	55833
111.682	n/a	0	1	55841
111.7	n/a	0	1	55850
111.716	n/a	1	2	55858
111.732	n/a	1	2	55866
111.75	n/a	1	2	55875
111.766	n/a	1	2	55883
111.782	n/a	0	1	55891
111.8	n/a	0	1	55900
111.816	n/a	0	1	55908
111.832	n/a	0	1	55916
111.85	n/a	0	1	55925
111.866	n/a	0	1	55933
111.882	n/a	0	1	55941
111.9	n/a	0	1	55950
111.916	n/a	0	1	55958
111.932	n/a	0	1	55966
111.95	n/a	0	1	55975
111.966	n/a	0	1	55983
111.982	n/a	0	1	55991
112.0	n/a	0	1	56000
112.016	n/a	0	1	56008
112.032	n/a	0	1	56016
112.05	n/a	1	2	56025
112.066	n/a	1	2	56033
112.082	n/a	1	2	56041
112.1	n/a	1	2	56050
112.116	n/a	0	1	56058
112.132	n/a	0	1	56066
112.15	n/a	0	1	56075
112.166	n/a	0	1	56083
112.182	n/a	0	1	56091
112.2	n/a	0	1	56100
112.216	n/a	0	1	56108
112.232	n/a	0	1	56116
112.25	n/a	0	1	56125
112.266	n/a	0	1	56133
112.282	n/a	0	1	56141
112.3	n/a	0	1	56150
114.382	n/a	0	1	57191
114.4	n/a	0	1	57200
114.416	n/a	0	1	57208
114.432	n/a	0	1	57216
114.45	n/a	0	1	57225
114.466	n/a	0	1	57233
114.482	n/a	0	1	57241
114.5	n/a	0	1	57250
114.516	n/a	0	1	57258
114.532	n/a	0	1	57266
114.55	n/a	0	1	57275
114.566	n/a	0	1	57283
114.582	n/a	0	1	57291
114.6	n/a	0	1	57300
114.616	n/a	0	1	57308
114.632	n/a	0	1	57316
114.65	n/a	0	1	57325
114.666	n/a	0	1	57333
114.682	n/a	0	1	57341
114.7	n/a	0	1	57350
114.716	n/a	0	1	57358
114.732	n/a	0	1	57366
114.75	n/a	0	1	57375
114.766	n/a	1	2	57383
114.782	n/a	1	2	57391
114.8	n/a	1	2	57400
114.816	n/a	1	2	57408
114.832	n/a	0	1	57416
114.85	n/a	0	1	57425
114.866	n/a	0	1	57433
114.882	n/a	0	1	57441
114.9	n/a	0	1	57450
114.916	n/a	0	1	57458
114.932	n/a	0	1	57466
114.95	n/a	0	1	57475
114.966	n/a	0	1	57483
114.982	n/a	0	1	57491
115.0	n/a	0	1	57500
115.016	n/a	0	1	57508
115.032	n/a	0	1	57516
115.05	n/a	0	1	57525
115.066	n/a	0	1	57533
115.082	n/a	0	1	57541
115.1	n/a	0	1	57550
115.116	n/a	0	1	57558
115.132	n/a	0	1	57566
115.15	n/a	1	2	57575
115.166	n/a	1	2	57583
115.182	n/a	1	2	57591
115.2	n/a	1	2	57600
115.216	n/a	0	1	57608
115.232	n/a	0	1	57616
115.25	n/a	0	1	57625
115.266	n/a	0	1	57633
115.282	n/a	0	1	57641
115.3	n/a	0	1	57650
115.316	n/a	0	1	57658
115.332	n/a	0	1	57666
115.35	n/a	0	1	57675
115.366	n/a	0	1	57683
115.382	n/a	0	1	57691
115.4	n/a	0	1	57700
115.416	n/a	0	1	57708
115.432	n/a	0	1	57716
115.45	n/a	1	2	57725
115.466	n/a	1	2	57733
115.482	n/a	1	2	57741
115.5	n/a	1	2	57750
115.516	n/a	0	1	57758
115.532	n/a	0	1	57766
115.55	n/a	0	1	57775
115.566	n/a	0	1	57783
115.582	n/a	0	1	57791
115.6	n/a	0	1	57800
115.616	n/a	0	1	57808
115.632	n/a	0	1	57816
115.65	n/a	0	1	57825
115.666	n/a	0	1	57833
115.682	n/a	0	1	57841
115.7	n/a	0	1	57850
115.716	n/a	0	1	57858
115.732	n/a	1	2	57866
115.75	n/a	1	2	57875
115.766	n/a	1	2	57883
115.782	n/a	1	2	57891
115.8	n/a	0	1	57900
115.816	n/a	0	1	57908
115.832	n/a	0	1	57916
115.85	n/a	0	1	57925
115.866	n/a	0	1	57933
115.882	n/a	0	1	57941
115.9	n/a	0	1	57950
115.916	n/a	0	1	57958
115.932	n/a	0	1	57966
115.95	n/a	0	1	57975
115.966	n/a	0	1	57983
115.982	n/a	0	1	57991
116.0	n/a	0	1	58000
116.016	n/a	0	1	58008
116.032	n/a	0	1	58016
116.05	n/a	0	1	58025
116.066	n/a	1	2	58033
116.082	n/a	1	2	58041
116.1	n/a	1	2	58050
116.116	n/a	1	2	58058
116.132	n/a	0	1	58066
116.15	n/a	0	1	58075
116.166	n/a	0	1	58083
116.182	n/a	0	1	58091
116.2	n/a	0	1	58100
116.216	n/a	0	1	58108
116.232	n/a	0	1	58116
116.25	n/a	0	1	58125
116.266	n/a	0	1	58133
116.282	n/a	0	1	58141
116.3	n/a	0	1	58150
116.316	n/a	0	1	58158
117.8	n/a	0	1	58900
117.816	n/a	1	2	58908
117.832	n/a	1	2	58916
117.85	n/a	1	2	58925
117.866	n/a	1	2	58933
117.882	n/a	0	1	58941
117.9	n/a	0	1	58950
117.916	n/a	0	1	58958
117.932	n/a	0	1	58966
117.95	n/a	0	1	58975
117.966	n/a	0	1	58983
117.982	n/a	0	1	58991
118.0	n/a	0	1	59000
118.016	n/a	0	1	59008
118.032	n/a	0	1	59016
118.05	n/a	0	1	59025
118.066	n/a	0	1	59033
118.082	n/a	0	1	59041
118.1	n/a	0	1	59050
118.116	n/a	0	1	59058
118.132	n/a	0	1	59066
118.15	n/a	0	1	59075
118.166	n/a	0	1	59083
118.182	n/a	0	1	59091
118.2	n/a	0	1	59100
118.216	n/a	0	1	59108
118.232	n/a	0	1	59116
118.25	n/a	0	1	59125
118.266	n/a	0	1	59133
118.282	n/a	0	1	59141
118.3	n/a	1	2	59150
118.316	n/a	1	2	59158
118.332	n/a	1	2	59166
118.35	n/a	1	2	59175
118.366	n/a	0	1	59183
118.382	n/a	0	1	59191
118.4	n/a	0	1	59200
118.416	n/a	0	1	59208
118.432	n/a	0	1	59216
118.45	n/a	0	1	59225
118.466	n/a	0	1	59233
118.482	n/a	0	1	59241
118.5	n/a	0	1	59250
118.516	n/a	0	1	59258
118.532	n/a	0	1	59266
118.55	n/a	0	1	59275
118.566	n/a	0	1	59283
118.582	n/a	0	1	59291
118.6	n/a	0	1	59300
118.616	n/a	0	1	59308
118.632	n/a	0	1	59316
118.65	n/a	0	1	59325
118.666	n/a	0	1	59333
118.682	n/a	0	1	59341
118.7	n/a	0	1	59350
118.716	n/a	0	1	59358
118.732	n/a	0	1	59366
118.75	n/a	0	1	59375
118.766	n/a	1	2	59383
118.782	n/a	1	2	59391
118.8	n/a	1	2	59400
118.816	n/a	1	2	59408
118.832	n/a	0	1	59416
118.85	n/a	0	1	59425
118.866	n/a	0	1	59433
118.882	n/a	0	1	59441
118.9	n/a	0	1	59450
118.916	n/a	0	1	59458
118.932	n/a	0	1	59466
118.95	n/a	0	1	59475
118.966	n/a	0	1	59483
118.982	n/a	0	1	59491
119.0	n/a	0	1	59500
119.016	n/a	0	1	59508
119.032	n/a	0	1	59516
119.05	n/a	0	1	59525
119.066	n/a	0	1	59533
119.082	n/a	0	1	59541
119.1	n/a	0	1	59550
119.116	n/a	0	1	59558
119.132	n/a	0	1	59566
119.15	n/a	0	1	59575
119.166	n/a	0	1	59583
119.182	n/a	1	2	59591
119.2	n/a	1	2	59600
119.216	n/a	1	2	59608
119.232	n/a	1	2	59616
119.25	n/a	0	1	59625
119.266	n/a	0	1	59633
119.282	n/a	0	1	59641
119.3	n/a	0	1	59650
119.316	n/a	0	1	59658
119.332	n/a	0	1	59666
119.35	n/a	0	1	59675
119.366	n/a	0	1	59683
119.382	n/a	0	1	59691
119.4	n/a	0	1	59700
119.416	n/a	0	1	59708
119.432	n/a	0	1	59716
119.45	n/a	0	1	59725
119.466	n/a	0	1	59733
119.482	n/a	0	1	59741
119.5	n/a	0	1	59750
119.516	n/a	0	1	59758
119.532	n/a	0	1	59766
119.55	n/a	0	1	59775
119.566	n/a	0	1	59783
119.582	n/a	0	1	59791
119.6	n/a	0	1	59800
119.616	n/a	1	2	59808
119.632	n/a	1	2	59816
119.65	n/a	1	2	59825
119.666	n/a	1	2	59833
119.682	n/a	0	1	59841
119.7	n/a	0	1	59850
119.716	n/a	0	1	59858
119.732	n/a	0	1	59866
121.216	n/a	0	1	60608
121.232	n/a	0	1	60616
121.25	n/a	0	1	60625
121.266	n/a	0	1	60633
121.282	n/a	0	1	60641
121.3	n/a	0	1	60650
121.316	n/a	0	1	60658
121.332	n/a	0	1	60666
121.35	n/a	0	1	60675
121.366	n/a	0	1	60683
121.382	n/a	0	1	60691
121.4	n/a	0	1	60700
121.416	n/a	0	1	60708
121.432	n/a	0	1	60716
121.45	n/a	0	1	60725
121.466	n/a	1	2	60733
121.482	n/a	1	2	60741
121.5	n/a	1	2	60750
121.516	n/a	1	2	60758
121.532	n/a	0	1	60766
121.55	n/a	0	1	60775
121.566	n/a	0	1	60783
121.582	n/a	0	1	60791
121.6	n/a	0	1	60800
121.616	n/a	0	1	60808
121.632	n/a	0	1	60816
121.65	n/a	0	1	60825
121.666	n/a	0	1	60833
121.682	n/a	0	1	60841
121.7	n/a	0	1	60850
121.716	n/a	0	1	60858
121.732	n/a	0	1	60866
121.75	n/a	0	1	60875
121.766	n/a	0	1	60883
121.782	n/a	0	1	60891
121.8	n/a	0	1	60900
121.816	n/a	0	1	60908
121.832	n/a	0	1	60916
121.85	n/a	0	1	60925
121.866	n/a	0	1	60933
121.882	n/a	0	1	60941
121.9	n/a	1	2	60950
121.916	n/a	1	2	60958
121.932	n/a	1	2	60966
121.95	n/a	1	2	60975
121.966	n/a	0	1	60983
121.982	n/a	0	1	60991
122.0	n/a	0	1	61000
122.016	n/a	0	1	61008
122.032	n/a	0	1	61016
122.05	n/a	0	1	61025
122.066	n/a	0	1	61033
122.082	n/a	0	1	61041
122.1	n/a	0	1	61050
122.116	n/a	0	1	61058
122.132	n/a	0	1	61066
122.15	n/a	0	1	61075
122.166	n/a	0	1	61083
122.182	n/a	0	1	61091
122.2	n/a	0	1	61100
122.216	n/a	0	1	61108
122.232	n/a	0	1	61116
122.25	n/a	0	1	61125
122.266	n/a	0	1	61133
122.282	n/a	0	1	61141
122.3	n/a	0	1	61150
122.316	n/a	0	1	61158
122.332	n/a	0	1	61166
122.35	n/a	0	1	61175
122.366	n/a	1	2	61183
122.382	n/a	1	2	61191
122.4	n/a	1	2	61200
122.416	n/a	1	2	61208
122.432	n/a	0	1	61216
122.45	n/a	0	1	61225
122.466	n/a	0	1	61233
122.482	n/a	0	1	61241
122.5	n/a	0	1	61250
122.516	n/a	0	1	61258
122.532	n/a	0	1	61266
122.55	n/a	0	1	61275
122.566	n/a	0	1	61283
122.582	n/a	0	1	61291
122.6	n/a	0	1	61300
122.616	n/a	0	1	61308
122.632	n/a	0	1	61316
122.65	n/a	0	1	61325
122.666	n/a	1	2	61333
122.682	n/a	1	2	61341
122.7	n/a	1	2	61350
122.716	n/a	1	2	61358
122.732	n/a	0	1	61366
122.75	n/a	0	1	61375
122.766	n/a	0	1	61383
122.782	n/a	0	1	61391
122.8	n/a	0	1	61400
122.816	n/a	0	1	61408
122.832	n/a	0	1	61416
122.85	n/a	0	1	61425
122.866	n/a	0	1	61433
122.882	n/a	0	1	61441
122.9	n/a	0	1	61450
122.916	n/a	0	1	61458
122.932	n/a	0	1	61466
122.95	n/a	0	1	61475
122.966	n/a	0	1	61483
122.982	n/a	0	1	61491
123.0	n/a	0	1	61500
123.016	n/a	0	1	61508
123.032	n/a	0	1	61516
123.05	n/a	0	1	61525
123.066	n/a	0	1	61533
123.082	n/a	0	1	61541
123.1	n/a	1	2	61550
123.116	n/a	1	2	61558
123.132	n/a	1	2	61566
123.15	n/a	1	2	61575
124.632	n/a	0	1	62316
124.65	n/a	0	1	62325
124.666	n/a	0	1	62333
124.682	n/a	0	1	62341
124.7	n/a	0	1	62350
124.716	n/a	0	1	62358
124.732	n/a	0	1	62366
124.75	n/a	0	1	62375
124.766	n/a	0	1	62383
124.782	n/a	0	1	62391
124.8	n/a	0	1	62400
124.816	n/a	0	1	62408
124.832	n/a	0	1	62416
124.85	n/a	0	1	62425
124.866	n/a	0	1	62433
124.882	n/a	0	1	62441
124.9	n/a	0	1	62450
124.916	n/a	0	1	62458
124.932	n/a	1	2	62466
124.95	n/a	1	2	62475
124.966	n/a	1	2	62483
124.982	n/a	1	2	62491
125.0	n/a	0	1	62500
125.016	n/a	0	1	62508
125.032	n/a	0	1	62516
125.05	n/a	0	1	62525
125.066	n/a	0	1	62533
125.082	n/a	0	1	62541
125.1	n/a	0	1	62550
125.116	n/a	0	1	62558
125.132	n/a	0	1	62566
125.15	n/a	0	1	62575
125.166	n/a	0	1	62583
125.182	n/a	0	1	62591
125.2	n/a	0	1	62600
125.216	n/a	0	1	62608
125.232	n/a	0	1	62616
125.25	n/a	0	1	62625
125.266	n/a	0	1	62633
125.282	n/a	0	1	62641
125.3	n/a	0	1	62650
125.316	n/a	0	1	62658
125.332	n/a	1	2	62666
125.35	n/a	1	2	62675
125.366	n/a	1	2	62683
125.382	n/a	1	2	62691
125.4	n/a	0	1	62700
125.416	n/a	0	1	62708
125.432	n/a	0	1	62716
125.45	n/a	0	1	62725
125.466	n/a	0	1	62733
125.482	n/a	0	1	62741
125.5	n/a	0	1	62750
125.516	n/a	0	1	62758
125.532	n/a	0	1	62766
125.55	n/a	0	1	62775
125.566	n/a	0	1	62783
125.582	n/a	0	1	62791
125.6	n/a	0	1	62800
125.616	n/a	1	2	62808
125.632	n/a	1	2	62816
125.65	n/a	1	2	62825
125.666	n/a	1	2	62833
125.682	n/a	0	1	62841
125.7	n/a	0	1	62850
125.716	n/a	0	1	62858
125.732	n/a	0	1	62866
125.75	n/a	0	1	62875
125.766	n/a	0	1	62883
125.782	n/a	0	1	62891
125.8	n/a	0	1	62900
125.816	n/a	0	1	62908
125.832	n/a	0	1	62916
125.85	n/a	0	1	62925
125.866	n/a	0	1	62933
125.882	n/a	0	1	62941
125.9	n/a	0	1	62950
125.916	n/a	0	1	62958
125.932	n/a	0	1	62966
125.95	n/a	0	1	62975
125.966	n/a	0	1	62983
125.982	n/a	1	2	62991
126.0	n/a	1	2	63000
126.016	n/a	1	2	63008
126.032	n/a	1	2	63016
126.05	n/a	0	1	63025
126.066	n/a	0	1	63033
126.082	n/a	0	1	63041
126.1	n/a	0	1	63050
126.116	n/a	0	1	63058
126.132	n/a	0	1	63066
126.15	n/a	0	1	63075
126.166	n/a	0	1	63083
126.182	n/a	0	1	63091
126.2	n/a	0	1	63100
126.216	n/a	0	1	63108
126.232	n/a	0	1	63116
126.25	n/a	0	1	63125
126.266	n/a	0	1	63133
126.282	n/a	0	1	63141
126.3	n/a	0	1	63150
126.316	n/a	0	1	63158
126.332	n/a	0	1	63166
126.35	n/a	0	1	63175
126.366	n/a	0	1	63183
126.382	n/a	0	1	63191
126.4	n/a	0	1	63200
126.416	n/a	0	1	63208
126.432	n/a	0	1	63216
126.45	n/a	1	2	63225
126.466	n/a	1	2	63233
126.482	n/a	1	2	63241
126.5	n/a	1	2	63250
126.516	n/a	0	1	63258
126.532	n/a	0	1	63266
126.55	n/a	0	1	63275
126.566	n/a	0	1	63283
128.698	n/a	0	1	64349
128.716	n/a	0	1	64358
128.732	n/a	0	1	64366
128.75	n/a	0	1	64375
128.766	n/a	0	1	64383
128.782	n/a	0	1	64391
128.8	n/a	0	1	64400
128.816	n/a	0	1	64408
128.832	n/a	0	1	64416
128.85	n/a	0	1	64425
128.866	n/a	0	1	64433
128.882	n/a	0	1	64441
128.9	n/a	0	1	64450
128.916	n/a	0	1	64458
128.932	n/a	0	1	64466
128.948	n/a	0	1	64474
128.966	n/a	0	1	64483
128.982	n/a	0	1	64491
129.0	n/a	1	2	64500
129.016	n/a	1	2	64508
129.032	n/a	1	2	64516
129.05	n/a	1	2	64525
129.066	n/a	0	1	64533
129.082	n/a	0	1	64541
129.1	n/a	0	1	64550
129.116	n/a	0	1	64558
129.132	n/a	0	1	64566
129.15	n/a	0	1	64575
129.166	n/a	0	1	64583
129.182	n/a	0	1	64591
129.198	n/a	0	1	64599
129.216	n/a	0	1	64608
129.232	n/a	0	1	64616
129.25	n/a	0	1	64625
129.266	n/a	0	1	64633
129.282	n/a	0	1	64641
129.3	n/a	0	1	64650
129.316	n/a	0	1	64658
129.332	n/a	0	1	64666
129.35	n/a	0	1	64675
129.366	n/a	0	1	64683
129.382	n/a	0	1	64691
129.4	n/a	1	2	64700
129.416	n/a	1	2	64708
129.432	n/a	1	2	64716
129.448	n/a	1	2	64724
129.466	n/a	0	1	64733
129.482	n/a	0	1	64741
129.5	n/a	0	1	64750
129.516	n/a	0	1	64758
129.532	n/a	0	1	64766
129.55	n/a	0	1	64775
129.566	n/a	0	1	64783
129.582	n/a	0	1	64791
129.6	n/a	0	1	64800
129.616	n/a	0	1	64808
129.632	n/a	0	1	64816
129.65	n/a	0	1	64825
129.666	n/a	0	1	64833
129.682	n/a	1	2	64841
129.698	n/a	1	2	64849
129.716	n/a	1	2	64858
129.732	n/a	1	2	64866
129.75	n/a	0	1	64875
129.766	n/a	0	1	64883
129.782	n/a	0	1	64891
129.8	n/a	0	1	64900
129.816	n/a	0	1	64908
129.832	n/a	0	1	64916
129.85	n/a	0	1	64925
129.866	n/a	0	1	64933
129.882	n/a	0	1	64941
129.9	n/a	0	1	64950
129.916	n/a	0	1	64958
129.932	n/a	0	1	64966
129.948	n/a	0	1	64974
129.966	n/a	0	1	64983
129.982	n/a	0	1	64991
130.0	n/a	0	1	65000
130.016	n/a	0	1	65008
130.032	n/a	0	1	65016
130.05	n/a	1	2	65025
130.066	n/a	1	2	65033
130.082	n/a	1	2	65041
130.1	n/a	1	2	65050
130.116	n/a	0	1	65058
130.132	n/a	0	1	65066
130.15	n/a	0	1	65075
130.166	n/a	0	1	65083
130.182	n/a	0	1	65091
130.198	n/a	0	1	65099
130.216	n/a	0	1	65108
130.232	n/a	0	1	65116
130.25	n/a	0	1	65125
130.266	n/a	0	1	65133
130.282	n/a	0	1	65141
130.3	n/a	0	1	65150
130.316	n/a	0	1	65158
130.332	n/a	0	1	65166
130.35	n/a	0	1	65175
130.366	n/a	0	1	65183
130.382	n/a	0	1	65191
130.4	n/a	0	1	65200
130.416	n/a	0	1	65208
130.432	n/a	0	1	65216
130.448	n/a	0	1	65224
130.466	n/a	0	1	65233
130.482	n/a	0	1	65241
130.5	n/a	0	1	65250
130.516	n/a	1	2	65258
130.532	n/a	1	2	65266
130.55	n/a	1	2	65275
130.566	n/a	1	2	65283
130.582	n/a	0	1	65291
130.6	n/a	0	1	65300
130.616	n/a	0	1	65308
130.632	n/a	0	1	65316
132.116	n/a	0	1	66058
132.132	n/a	0	1	66066
132.15	n/a	0	1	66075
132.166	n/a	0	1	66083
132.182	n/a	0	1	66091
132.2	n/a	0	1	66100
132.216	n/a	0	1	66108
132.232	n/a	0	1	66116
132.25	n/a	0	1	66125
132.266	n/a	0	1	66133
132.282	n/a	0	1	66141
132.3	n/a	0	1	66150
132.316	n/a	0	1	66158
132.332	n/a	0	1	66166
132.35	n/a	0	1	66175
132.366	n/a	1	2	66183
132.382	n/a	1	2	66191
132.4	n/a	1	2	66200
132.416	n/a	1	2	66208
132.432	n/a	0	1	66216
132.45	n/a	0	1	66225
132.466	n/a	0	1	66233
132.482	n/a	0	1	66241
132.5	n/a	0	1	66250
132.516	n/a	0	1	66258
132.532	n/a	0	1	66266
132.55	n/a	0	1	66275
132.566	n/a	0	1	66283
132.582	n/a	0	1	66291
132.6	n/a	0	1	66300
132.616	n/a	0	1	66308
132.632	n/a	0	1	66316
132.65	n/a	0	1	66325
132.666	n/a	0	1	66333
132.682	n/a	0	1	66341
132.7	n/a	0	1	66350
132.716	n/a	0	1	66358
132.732	n/a	0	1	66366
132.75	n/a	0	1	66375
132.766	n/a	0	1	66383
132.782	n/a	0	1	66391
132.8	n/a	1	2	66400
132.816	n/a	1	2	66408
132.832	n/a	1	2	66416
132.85	n/a	1	2	66425
132.866	n/a	0	1	66433
132.882	n/a	0	1	66441
132.9	n/a	0	1	66450
132.916	n/a	0	1	66458
132.932	n/a	0	1	66466
132.95	n/a	0	1	66475
132.966	n/a	0	1	66483
132.982	n/a	0	1	66491
133.0	n/a	0	1	66500
133.016	n/a	0	1	66508
133.032	n/a	0	1	66516
133.05	n/a	0	1	66525
133.066	n/a	0	1	66533
133.082	n/a	0	1	66541
133.1	n/a	0	1	66550
133.116	n/a	0	1	66558
133.132	n/a	0	1	66566
133.15	n/a	0	1	66575
133.166	n/a	0	1	66583
133.182	n/a	0	1	66591
133.2	n/a	0	1	66600
133.216	n/a	0	1	66608
133.232	n/a	0	1	66616
133.25	n/a	0	1	66625
133.266	n/a	1	2	66633
133.282	n/a	1	2	66641
133.3	n/a	1	2	66650
133.316	n/a	1	2	66658
133.332	n/a	0	1	66666
133.35	n/a	0	1	66675
133.366	n/a	0	1	66683
133.382	n/a	0	1	66691
133.4	n/a	0	1	66700
133.416	n/a	0	1	66708
133.432	n/a	0	1	66716
133.45	n/a	0	1	66725
133.466	n/a	0	1	66733
133.482	n/a	0	1	66741
133.5	n/a	0	1	66750
133.516	n/a	0	1	66758
133.532	n/a	0	1	66766
133.55	n/a	0	1	66775
133.566	n/a	1	2	66783
133.582	n/a	1	2	66791
133.6	n/a	1	2	66800
133.616	n/a	1	2	66808
133.632	n/a	0	1	66816
133.65	n/a	0	1	66825
133.666	n/a	0	1	66833
133.682	n/a	0	1	66841
133.7	n/a	0	1	66850
133.716	n/a	0	1	66858
133.732	n/a	0	1	66866
133.75	n/a	0	1	66875
133.766	n/a	0	1	66883
133.782	n/a	0	1	66891
133.8	n/a	0	1	66900
133.816	n/a	0	1	66908
133.832	n/a	0	1	66916
133.85	n/a	0	1	66925
133.866	n/a	0	1	66933
133.882	n/a	0	1	66941
133.9	n/a	0	1	66950
133.916	n/a	0	1	66958
133.932	n/a	0	1	66966
133.95	n/a	0	1	66975
133.966	n/a	0	1	66983
133.982	n/a	0	1	66991
134.0	n/a	1	2	67000
134.016	n/a	1	2	67008
134.032	n/a	1	2	67016
134.05	n/a	1	2	67025
135.532	n/a	0	1	67766
135.55	n/a	1	2	67775
135.566	n/a	1	2	67783
135.582	n/a	1	2	67791
135.6	n/a	1	2	67800
135.616	n/a	0	1	67808
135.632	n/a	0	1	67816
135.65	n/a	0	1	67825
135.666	n/a	0	1	67833
135.682	n/a	0	1	67841
135.7	n/a	0	1	67850
135.716	n/a	0	1	67858
135.732	n/a	0	1	67866
135.75	n/a	0	1	67875
135.766	n/a	0	1	67883
135.782	n/a	0	1	67891
135.8	n/a	0	1	67900
135.816	n/a	0	1	67908
135.832	n/a	0	1	67916
135.85	n/a	0	1	67925
135.866	n/a	0	1	67933
135.882	n/a	0	1	67941
135.9	n/a	0	1	67950
135.916	n/a	0	1	67958
135.932	n/a	0	1	67966
135.95	n/a	0	1	67975
135.966	n/a	0	1	67983
135.982	n/a	0	1	67991
136.0	n/a	0	1	68000
136.016	n/a	0	1	68008
136.032	n/a	1	2	68016
136.05	n/a	1	2	68025
136.066	n/a	1	2	68033
136.082	n/a	1	2	68041
136.1	n/a	0	1	68050
136.116	n/a	0	1	68058
136.132	n/a	0	1	68066
136.15	n/a	0	1	68075
136.166	n/a	0	1	68083
136.182	n/a	0	1	68091
136.2	n/a	0	1	68100
136.216	n/a	0	1	68108
136.232	n/a	0	1	68116
136.25	n/a	0	1	68125
136.266	n/a	0	1	68133
136.282	n/a	0	1	68141
136.3	n/a	0	1	68150
136.316	n/a	0	1	68158
136.332	n/a	0	1	68166
136.35	n/a	0	1	68175
136.366	n/a	0	1	68183
136.382	n/a	0	1	68191
136.4	n/a	0	1	68200
136.416	n/a	0	1	68208
136.432	n/a	0	1	68216
136.45	n/a	0	1	68225
136.466	n/a	0	1	68233
136.482	n/a	0	1	68241
136.5	n/a	1	2	68250
136.516	n/a	1	2	68258
136.532	n/a	1	2	68266
136.55	n/a	1	2	68275
136.566	n/a	0	1	68283
136.582	n/a	0	1	68291
136.6	n/a	0	1	68300
136.616	n/a	0	1	68308
136.632	n/a	0	1	68316
136.65	n/a	0	1	68325
136.666	n/a	0	1	68333
136.682	n/a	0	1	68341
136.7	n/a	0	1	68350
136.716	n/a	0	1	68358
136.732	n/a	0	1	68366
136.75	n/a	0	1	68375
136.766	n/a	0	1	68383
136.782	n/a	0	1	68391
136.8	n/a	0	1	68400
136.816	n/a	0	1	68408
136.832	n/a	0	1	68416
136.85	n/a	0	1	68425
136.866	n/a	0	1	68433
136.882	n/a	0	1	68441
136.9	n/a	0	1	68450
136.916	n/a	1	2	68458
136.932	n/a	1	2	68466
136.95	n/a	1	2	68475
136.966	n/a	1	2	68483
136.982	n/a	0	1	68491
137.0	n/a	0	1	68500
137.016	n/a	0	1	68508
137.032	n/a	0	1	68516
137.05	n/a	0	1	68525
137.066	n/a	0	1	68533
137.082	n/a	0	1	68541
137.1	n/a	0	1	68550
137.116	n/a	0	1	68558
137.132	n/a	0	1	68566
137.15	n/a	0	1	68575
137.166	n/a	0	1	68583
137.182	n/a	0	1	68591
137.2	n/a	0	1	68600
137.216	n/a	0	1	68608
137.232	n/a	0	1	68616
137.25	n/a	0	1	68625
137.266	n/a	0	1	68633
137.282	n/a	0	1	68641
137.3	n/a	0	1	68650
137.316	n/a	0	1	68658
137.332	n/a	0	1	68666
137.35	n/a	1	2	68675
137.366	n/a	1	2	68683
137.382	n/a	1	2	68691
137.4	n/a	1	2	68700
137.416	n/a	0	1	68708
137.432	n/a	0	1	68716
137.45	n/a	0	1	68725
137.466	n/a	0	1	68733
138.95	n/a	0	1	69475
138.966	n/a	0	1	69483
138.982	n/a	0	1	69491
139.0	n/a	0	1	69500
139.016	n/a	0	1	69508
139.032	n/a	0	1	69516
139.05	n/a	0	1	69525
139.066	n/a	0	1	69533
139.082	n/a	0	1	69541
139.1	n/a	0	1	69550
139.116	n/a	0	1	69558
139.132	n/a	0	1	69566
139.15	n/a	0	1	69575
139.166	n/a	0	1	69583
139.182	n/a	0	1	69591
139.2	n/a	0	1	69600
139.216	n/a	0	1	69608
139.232	n/a	0	1	69616
139.25	n/a	0	1	69625
139.266	n/a	0	1	69633
139.282	n/a	0	1	69641
139.3	n/a	0	1	69650
139.316	n/a	0	1	69658
139.332	n/a	1	2	69666
139.35	n/a	1	2	69675
139.366	n/a	1	2	69683
139.382	n/a	1	2	69691
139.4	n/a	0	1	69700
139.416	n/a	0	1	69708
139.432	n/a	0	1	69716
139.45	n/a	0	1	69725
139.466	n/a	0	1	69733
139.482	n/a	0	1	69741
139.5	n/a	0	1	69750
139.516	n/a	0	1	69758
139.532	n/a	0	1	69766
139.55	n/a	0	1	69775
139.566	n/a	0	1	69783
139.582	n/a	0	1	69791
139.6	n/a	0	1	69800
139.616	n/a	0	1	69808
139.632	n/a	0	1	69816
139.65	n/a	0	1	69825
139.666	n/a	0	1	69833
139.682	n/a	0	1	69841
139.7	n/a	0	1	69850
139.716	n/a	1	2	69858
139.732	n/a	1	2	69866
139.75	n/a	1	2	69875
139.766	n/a	1	2	69883
139.782	n/a	0	1	69891
139.8	n/a	0	1	69900
139.816	n/a	0	1	69908
139.832	n/a	0	1	69916
139.85	n/a	0	1	69925
139.866	n/a	0	1	69933
139.882	n/a	0	1	69941
139.9	n/a	0	1	69950
139.916	n/a	0	1	69958
139.932	n/a	0	1	69966
139.95	n/a	0	1	69975
139.966	n/a	0	1	69983
139.982	n/a	0	1	69991
140.0	n/a	0	1	70000
140.016	n/a	1	2	70008
140.032	n/a	1	2	70016
140.05	n/a	1	2	70025
140.066	n/a	1	2	70033
140.082	n/a	0	1	70041
140.1	n/a	0	1	70050
140.116	n/a	0	1	70058
140.132	n/a	0	1	70066
140.15	n/a	0	1	70075
140.166	n/a	0	1	70083
140.182	n/a	0	1	70091
140.2	n/a	0	1	70100
140.216	n/a	0	1	70108
140.232	n/a	0	1	70116
140.25	n/a	0	1	70125
140.266	n/a	0	1	70133
140.282	n/a	0	1	70141
140.3	n/a	1	2	70150
140.316	n/a	1	2	70158
140.332	n/a	1	2	70166
140.35	n/a	1	2	70175
140.366	n/a	0	1	70183
140.382	n/a	0	1	70191
140.4	n/a	0	1	70200
140.416	n/a	0	1	70208
140.432	n/a	0	1	70216
140.45	n/a	0	1	70225
140.466	n/a	0	1	70233
140.482	n/a	0	1	70241
140.5	n/a	0	1	70250
140.516	n/a	0	1	70258
140.532	n/a	0	1	70266
140.55	n/a	0	1	70275
140.566	n/a	0	1	70283
140.582	n/a	0	1	70291
140.6	n/a	0	1	70300
140.616	n/a	0	1	70308
140.632	n/a	1	2	70316
140.65	n/a	1	2	70325
140.666	n/a	1	2	70333
140.682	n/a	1	2	70341
140.7	n/a	0	1	70350
140.716	n/a	0	1	70358
140.732	n/a	0	1	70366
140.75	n/a	0	1	70375
140.766	n/a	0	1	70383
140.782	n/a	0	1	70391
140.8	n/a	0	1	70400
140.816	n/a	0	1	70408
140.832	n/a	0	1	70416
140.85	n/a	0	1	70425
140.866	n/a	0	1	70433
140.882	n/a	0	1	70441
143.016	n/a	0	1	71508
143.032	n/a	0	1	71516
143.05	n/a	0	1	71525
143.066	n/a	0	1	71533
143.082	n/a	0	1	71541
143.1	n/a	0	1	71550
143.116	n/a	0	1	71558
143.132	n/a	0	1	71566
143.15	n/a	0	1	71575
143.166	n/a	0	1	71583
143.182	n/a	0	1	71591
143.2	n/a	0	1	71600
143.216	n/a	0	1	71608
143.232	n/a	0	1	71616
143.25	n/a	0	1	71625
143.266	n/a	0	1	71633
143.282	n/a	0	1	71641
143.3	n/a	0	1	71650
143.316	n/a	1	2	71658
143.332	n/a	1	2	71666
143.35	n/a	1	2	71675
143.366	n/a	1	2	71683
143.382	n/a	0	1	71691
143.4	n/a	0	1	71700
143.416	n/a	0	1	71708
143.432	n/a	0	1	71716
143.45	n/a	0	1	71725
143.466	n/a	0	1	71733
143.482	n/a	0	1	71741
143.5	n/a	0	1	71750
143.516	n/a	0	1	71758
143.532	n/a	0	1	71766
143.55	n/a	0	1	71775
143.566	n/a	0	1	71783
143.582	n/a	0	1	71791
143.6	n/a	0	1	71800
143.616	n/a	0	1	71808
143.632	n/a	0	1	71816
143.65	n/a	0	1	71825
143.666	n/a	0	1	71833
143.682	n/a	0	1	71841
143.7	n/a	0	1	71850
143.716	n/a	1	2	71858
143.732	n/a	1	2	71866
143.75	n/a	1	2	71875
143.766	n/a	1	2	71883
143.782	n/a	0	1	71891
143.8	n/a	0	1	71900
143.816	n/a	0	1	71908
143.832	n/a	0	1	71916
143.85	n/a	0	1	71925
143.866	n/a	0	1	71933
143.882	n/a	0	1	71941
143.9	n/a	0	1	71950
143.916	n/a	0	1	71958
143.932	n/a	0	1	71966
143.95	n/a	0	1	71975
143.966	n/a	0	1	71983
143.982	n/a	0	1	71991
144.0	n/a	1	2	72000
144.016	n/a	1	2	72008
144.032	n/a	1	2	72016
144.05	n/a	1	2	72025
144.066	n/a	0	1	72033
144.082	n/a	0	1	72041
144.1	n/a	0	1	72050
144.116	n/a	0	1	72058
144.132	n/a	0	1	72066
144.15	n/a	0	1	72075
144.166	n/a	0	1	72083
144.182	n/a	0	1	72091
144.2	n/a	0	1	72100
144.216	n/a	0	1	72108
144.232	n/a	0	1	72116
144.25	n/a	0	1	72125
144.266	n/a	0	1	72133
144.282	n/a	0	1	72141
144.3	n/a	0	1	72150
144.316	n/a	0	1	72158
144.332	n/a	0	1	72166
144.35	n/a	0	1	72175
144.366	n/a	1	2	72183
144.382	n/a	1	2	72191
144.4	n/a	1	2	72200
144.416	n/a	1	2	72208
144.432	n/a	0	1	72216
144.45	n/a	0	1	72225
144.466	n/a	0	1	72233
144.482	n/a	0	1	72241
144.5	n/a	0	1	72250
144.516	n/a	0	1	72258
144.532	n/a	0	1	72266
144.55	n/a	0	1	72275
144.566	n/a	0	1	72283
144.582	n/a	0	1	72291
144.6	n/a	0	1	72300
144.616	n/a	0	1	72308
144.632	n/a	0	1	72316
144.65	n/a	0	1	72325
144.666	n/a	0	1	72333
144.682	n/a	0	1	72341
144.7	n/a	0	1	72350
144.716	n/a	0	1	72358
144.732	n/a	0	1	72366
144.75	n/a	0	1	72375
144.766	n/a	0	1	72383
144.782	n/a	0	1	72391
144.8	n/a	0	1	72400
144.816	n/a	0	1	72408
144.832	n/a	1	2	72416
144.85	n/a	1	2	72425
144.866	n/a	1	2	72433
144.882	n/a	1	2	72441
144.9	n/a	0	1	72450
144.916	n/a	0	1	72458
144.932	n/a	0	1	72466
144.95	n/a	0	1	72475
146.432	n/a	0	1	73216
146.45	n/a	0	1	73225
146.466	n/a	0	1	73233
146.482	n/a	0	1	73241
146.5	n/a	0	1	73250
146.516	n/a	0	1	73258
146.532	n/a	0	1	73266
146.55	n/a	0	1	73275
146.566	n/a	0	1	73283
146.582	n/a	0	1	73291
146.6	n/a	0	1	73300
146.616	n/a	0	1	73308
146.632	n/a	0	1	73316
146.65	n/a	0	1	73325
146.666	n/a	0	1	73333
146.682	n/a	1	2	73341
146.7	n/a	1	2	73350
146.716	n/a	1	2	73358
146.732	n/a	1	2	73366
146.75	n/a	0	1	73375
146.766	n/a	0	1	73383
146.782	n/a	0	1	73391
146.8	n/a	0	1	73400
146.816	n/a	0	1	73408
146.832	n/a	0	1	73416
146.85	n/a	0	1	73425
146.866	n/a	0	1	73433
146.882	n/a	0	1	73441
146.9	n/a	0	1	73450
146.916	n/a	0	1	73458
146.932	n/a	0	1	73466
146.95	n/a	0	1	73475
146.966	n/a	0	1	73483
146.982	n/a	0	1	73491
147.0	n/a	0	1	73500
147.016	n/a	0	1	73508
147.032	n/a	0	1	73516
147.05	n/a	0	1	73525
147.066	n/a	0	1	73533
147.082	n/a	0	1	73541
147.1	n/a	0	1	73550
147.116	n/a	1	2	73558
147.132	n/a	1	2	73566
147.15	n/a	1	2	73575
147.166	n/a	1	2	73583
147.182	n/a	0	1	73591
147.2	n/a	0	1	73600
147.216	n/a	0	1	73608
147.232	n/a	0	1	73616
147.25	n/a	0	1	73625
147.266	n/a	0	1	73633
147.282	n/a	0	1	73641
147.3	n/a	0	1	73650
147.316	n/a	0	1	73658
147.332	n/a	0	1	73666
147.35	n/a	0	1	73675
147.366	n/a	0	1	73683
147.382	n/a	0	1	73691
147.4	n/a	0	1	73700
147.416	n/a	0	1	73708
147.432	n/a	0	1	73716
147.45	n/a	0	1	73725
147.466	n/a	0	1	73733
147.482	n/a	0	1	73741
147.5	n/a	0	1	73750
147.516	n/a	0	1	73758
147.532	n/a	0	1	73766
147.55	n/a	0	1	73775
147.566	n/a	0	1	73783
147.582	n/a	1	2	73791
147.6	n/a	1	2	73800
147.616	n/a	1	2	73808
147.632	n/a	1	2	73816
147.65	n/a	0	1	73825
147.666	n/a	0	1	73833
147.682	n/a	0	1	73841
147.7	n/a	0	1	73850
147.716	n/a	0	1	73858
147.732	n/a	0	1	73866
147.75	n/a	0	1	73875
147.766	n/a	0	1	73883
147.782	n/a	0	1	73891
147.8	n/a	0	1	73900
147.816	n/a	0	1	73908
147.832	n/a	0	1	73916
147.85	n/a	0	1	73925
147.866	n/a	0	1	73933
147.882	n/a	1	2	73941
147.9	n/a	1	2	73950
147.916	n/a	1	2	73958
147.932	n/a	1	2	73966
147.95	n/a	0	1	73975
147.966	n/a	0	1	73983
147.982	n/a	0	1	73991
148.0	n/a	0	1	74000
148.016	n/a	0	1	74008
148.032	n/a	0	1	74016
148.05	n/a	0	1	74025
148.066	n/a	0	1	74033
148.082	n/a	0	1	74041
148.1	n/a	0	1	74050
148.116	n/a	0	1	74058
148.132	n/a	0	1	74066
148.15	n/a	0	1	74075
148.166	n/a	0	1	74083
148.182	n/a	0	1	74091
148.2	n/a	0	1	74100
148.216	n/a	0	1	74108
148.232	n/a	0	1	74116
148.25	n/a	0	1	74125
148.266	n/a	0	1	74133
148.282	n/a	0	1	74141
148.3	n/a	0	1	74150
148.316	n/a	1	2	74158
148.332	n/a	1	2	74166
148.35	n/a	1	2	74175
148.366	n/a	1	2	74183
149.85	n/a	0	1	74925
149.866	n/a	1	2	74933
149.882	n/a	1	2	74941
149.9	n/a	1	2	74950
149.916	n/a	1	2	74958
149.932	n/a	0	1	74966
149.95	n/a	0	1	74975
149.966	n/a	0	1	74983
149.982	n/a	0	1	74991
150.0	n/a	0	1	75000
150.016	n/a	0	1	75008
150.032	n/a	0	1	75016
150.05	n/a	0	1	75025
150.066	n/a	0	1	75033
150.082	n/a	0	1	75041
150.1	n/a	0	1	75050
150.116	n/a	0	1	75058
150.132	n/a	0	1	75066
150.15	n/a	0	1	75075
150.166	n/a	0	1	75083
150.182	n/a	0	1	75091
150.2	n/a	0	1	75100
150.216	n/a	0	1	75108
150.232	n/a	0	1	75116
150.25	n/a	0	1	75125
150.266	n/a	0	1	75133
150.282	n/a	0	1	75141
150.3	n/a	0	1	75150
150.316	n/a	0	1	75158
150.332	n/a	0	1	75166
150.35	n/a	1	2	75175
150.366	n/a	1	2	75183
150.382	n/a	1	2	75191
150.4	n/a	1	2	75200
150.416	n/a	0	1	75208
150.432	n/a	0	1	75216
150.45	n/a	0	1	75225
150.466	n/a	0	1	75233
150.482	n/a	0	1	75241
150.5	n/a	0	1	75250
150.516	n/a	0	1	75258
150.532	n/a	0	1	75266
150.55	n/a	0	1	75275
150.566	n/a	0	1	75283
150.582	n/a	0	1	75291
150.6	n/a	0	1	75300
150.616	n/a	0	1	75308
150.632	n/a	0	1	75316
150.65	n/a	0	1	75325
150.666	n/a	0	1	75333
150.682	n/a	0	1	75341
150.7	n/a	0	1	75350
150.716	n/a	0	1	75358
150.732	n/a	0	1	75366
150.75	n/a	0	1	75375
150.766	n/a	0	1	75383
150.782	n/a	0	1	75391
150.8	n/a	0	1	75400
150.816	n/a	1	2	75408
150.832	n/a	1	2	75416
150.85	n/a	1	2	75425
150.866	n/a	1	2	75433
150.882	n/a	0	1	75441
150.9	n/a	0	1	75450
150.916	n/a	0	1	75458
150.932	n/a	0	1	75466
150.95	n/a	0	1	75475
150.966	n/a	0	1	75483
150.982	n/a	0	1	75491
151.0	n/a	0	1	75500
151.016	n/a	0	1	75508
151.032	n/a	0	1	75516
151.05	n/a	0	1	75525
151.066	n/a	0	1	75533
151.082	n/a	0	1	75541
151.1	n/a	0	1	75550
151.116	n/a	0	1	75558
151.132	n/a	0	1	75566
151.15	n/a	0	1	75575
151.166	n/a	0	1	75583
151.182	n/a	0	1	75591
151.2	n/a	0	1	75600
151.216	n/a	0	1	75608
151.232	n/a	1	2	75616
151.25	n/a	1	2	75625
151.266	n/a	1	2	75633
151.282	n/a	1	2	75641
151.3	n/a	0	1	75650
151.316	n/a	0	1	75658
151.332	n/a	0	1	75666
151.35	n/a	0	1	75675
151.366	n/a	0	1	75683
151.382	n/a	0	1	75691
151.4	n/a	0	1	75700
151.416	n/a	0	1	75708
151.432	n/a	0	1	75716
151.45	n/a	0	1	75725
151.466	n/a	0	1	75733
151.482	n/a	0	1	75741
151.5	n/a	0	1	75750
151.516	n/a	0	1	75758
151.532	n/a	0	1	75766
151.55	n/a	0	1	75775
151.566	n/a	0	1	75783
151.582	n/a	0	1	75791
151.6	n/a	0	1	75800
151.616	n/a	0	1	75808
151.632	n/a	0	1	75816
151.65	n/a	0	1	75825
151.666	n/a	1	2	75833
151.682	n/a	1	2	75841
151.7	n/a	1	2	75850
151.716	n/a	1	2	75858
151.732	n/a	0	1	75866
151.75	n/a	0	1	75875
151.766	n/a	0	1	75883
151.782	n/a	0	1	75891
153.266	n/a	0	1	76633
153.282	n/a	0	1	76641
153.3	n/a	0	1	76650
153.316	n/a	0	1	76658
153.332	n/a	0	1	76666
153.35	n/a	0	1	76675
153.366	n/a	0	1	76683
153.382	n/a	0	1	76691
153.4	n/a	0	1	76700
153.416	n/a	0	1	76708
153.432	n/a	0	1	76716
153.45	n/a	0	1	76725
153.466	n/a	0	1	76733
153.482	n/a	0	1	76741
153.5	n/a	0	1	76750
153.516	n/a	0	1	76758
153.532	n/a	0	1	76766
153.55	n/a	0	1	76775
153.566	n/a	0	1	76783
153.582	n/a	0	1	76791
153.6	n/a	0	1	76800
153.616	n/a	0	1	76808
153.632	n/a	0	1	76816
153.65	n/a	1	2	76825
153.666	n/a	1	2	76833
153.682	n/a	1	2	76841
153.7	n/a	1	2	76850
153.716	n/a	0	1	76858
153.732	n/a	0	1	76866
153.75	n/a	0	1	76875
153.766	n/a	0	1	76883
153.782	n/a	0	1	76891
153.8	n/a	0	1	76900
153.816	n/a	0	1	76908
153.832	n/a	0	1	76916
153.85	n/a	0	1	76925
153.866	n/a	0	1	76933
153.882	n/a	0	1	76941
153.9	n/a	0	1	76950
153.916	n/a	0	1	76958
153.932	n/a	0	1	76966
153.95	n/a	0	1	76975
153.966	n/a	0	1	76983
153.982	n/a	0	1	76991
154.0	n/a	0	1	77000
154.016	n/a	0	1	77008
154.032	n/a	1	2	77016
154.05	n/a	1	2	77025
154.066	n/a	1	2	77033
154.082	n/a	1	2	77041
154.1	n/a	0	1	77050
154.116	n/a	0	1	77058
154.132	n/a	0	1	77066
154.15	n/a	0	1	77075
154.166	n/a	0	1	77083
154.182	n/a	0	1	77091
154.2	n/a	0	1	77100
154.216	n/a	0	1	77108
154.232	n/a	0	1	77116
154.25	n/a	0	1	77125
154.266	n/a	0	1	77133
154.282	n/a	0	1	77141
154.3	n/a	0	1	77150
154.316	n/a	0	1	77158
154.332	n/a	1	2	77166
154.35	n/a	1	2	77175
154.366	n/a	1	2	77183
154.382	n/a	1	2	77191
154.4	n/a	0	1	77200
154.416	n/a	0	1	77208
154.432	n/a	0	1	77216
154.45	n/a	0	1	77225
154.466	n/a	0	1	77233
154.482	n/a	0	1	77241
154.5	n/a	0	1	77250
154.516	n/a	0	1	77258
154.532	n/a	0	1	77266
154.55	n/a	0	1	77275
154.566	n/a	0	1	77283
154.582	n/a	0	1	77291
154.6	n/a	0	1	77300
154.616	n/a	1	2	77308
154.632	n/a	1	2	77316
154.65	n/a	1	2	77325
154.666	n/a	1	2	77333
154.682	n/a	0	1	77341
154.7	n/a	0	1	77350
154.716	n/a	0	1	77358
154.732	n/a	0	1	77366
154.75	n/a	0	1	77375
154.766	n/a	0	1	77383
154.782	n/a	0	1	77391
154.8	n/a	0	1	77400
154.816	n/a	0	1	77408
154.832	n/a	0	1	77416
154.85	n/a	0	1	77425
154.866	n/a	0	1	77433
154.882	n/a	0	1	77441
154.9	n/a	0	1	77450
154.916	n/a	0	1	77458
154.932	n/a	0	1	77466
154.95	n/a	1	2	77475
154.966	n/a	1	2	77483
154.982	n/a	1	2	77491
155.0	n/a	1	2	77500
155.016	n/a	0	1	77508
155.032	n/a	0	1	77516
155.05	n/a	0	1	77525
155.066	n/a	0	1	77533
155.082	n/a	0	1	77541
155.1	n/a	0	1	77550
155.116	n/a	0	1	77558
155.132	n/a	0	1	77566
155.15	n/a	0	1	77575
155.166	n/a	0	1	77583
155.182	n/a	0	1	77591
155.2	n/a	0	1	77600
157.45	n/a	0	1	78725
157.466	n/a	0	1	78733
157.482	n/a	0	1	78741
157.5	n/a	0	1	78750
157.516	n/a	0	1	78758
157.532	n/a	0	1	78766
157.55	n/a	0	1	78775
157.566	n/a	0	1	78783
157.582	n/a	0	1	78791
157.6	n/a	0	1	78800
157.616	n/a	0	1	78808
157.632	n/a	0	1	78816
157.65	n/a	0	1	78825
157.666	n/a	0	1	78833
157.682	n/a	0	1	78841
157.7	n/a	0	1	78850
157.716	n/a	0	1	78858
157.732	n/a	0	1	78866
157.75	n/a	0	1	78875
157.766	n/a	0	1	78883
157.782	n/a	0	1	78891
157.8	n/a	0	1	78900
157.816	n/a	0	1	78908
157.832	n/a	1	2	78916
157.85	n/a	1	2	78925
157.866	n/a	1	2	78933
157.882	n/a	1	2	78941
157.9	n/a	0	1	78950
157.916	n/a	0	1	78958
157.932	n/a	0	1	78966
157.95	n/a	0	1	78975
157.966	n/a	0	1	78983
157.982	n/a	0	1	78991
158.0	n/a	0	1	79000
158.016	n/a	0	1	79008
158.032	n/a	0	1	79016
158.05	n/a	0	1	79025
158.066	n/a	0	1	79033
158.082	n/a	0	1	79041
158.1	n/a	0	1	79050
158.116	n/a	0	1	79058
158.132	n/a	0	1	79066
158.15	n/a	0	1	79075
158.166	n/a	0	1	79083
158.182	n/a	0	1	79091
158.2	n/a	0	1	79100
158.216	n/a	1	2	79108
158.232	n/a	1	2	79116
158.25	n/a	1	2	79125
158.266	n/a	1	2	79133
158.282	n/a	0	1	79141
158.3	n/a	0	1	79150
158.316	n/a	0	1	79158
158.332	n/a	0	1	79166
158.35	n/a	0	1	79175
158.366	n/a	0	1	79183
158.382	n/a	0	1	79191
158.4	n/a	0	1	79200
158.416	n/a	0	1	79208
158.432	n/a	0	1	79216
158.45	n/a	0	1	79225
158.466	n/a	0	1	79233
158.482	n/a	0	1	79241
158.5	n/a	0	1	79250
158.516	n/a	1	2	79258
158.532	n/a	1	2	79266
158.55	n/a	1	2	79275
158.566	n/a	1	2	79283
158.582	n/a	0	1	79291
158.6	n/a	0	1	79300
158.616	n/a	0	1	79308
158.632	n/a	0	1	79316
158.65	n/a	0	1	79325
158.666	n/a	0	1	79333
158.682	n/a	0	1	79341
158.7	n/a	0	1	79350
158.716	n/a	0	1	79358
158.732	n/a	0	1	79366
158.75	n/a	0	1	79375
158.766	n/a	0	1	79383
158.782	n/a	0	1	79391
158.8	n/a	1	2	79400
158.816	n/a	1	2	79408
158.832	n/a	1	2	79416
158.85	n/a	1	2	79425
158.866	n/a	0	1	79433
158.882	n/a	0	1	79441
158.9	n/a	0	1	79450
158.916	n/a	0	1	79458
158.932	n/a	0	1	79466
158.95	n/a	0	1	79475
158.966	n/a	0	1	79483
158.982	n/a	0	1	79491
159.0	n/a	0	1	79500
159.016	n/a	0	1	79508
159.032	n/a	0	1	79516
159.05	n/a	0	1	79525
159.066	n/a	0	1	79533
159.082	n/a	0	1	79541
159.1	n/a	0	1	79550
159.116	n/a	0	1	79558
159.132	n/a	1	2	79566
159.15	n/a	1	2	79575
159.166	n/a	1	2	79583
159.182	n/a	1	2	79591
159.2	n/a	0	1	79600
159.216	n/a	0	1	79608
159.232	n/a	0	1	79616
159.25	n/a	0	1	79625
159.266	n/a	0	1	79633
159.282	n/a	0	1	79641
159.3	n/a	0	1	79650
159.316	n/a	0	1	79658
159.332	n/a	0	1	79666
159.35	n/a	0	1	79675
159.366	n/a	0	1	79683
159.382	n/a	0	1	79691
160.866	n/a	0	1	80433
160.882	n/a	0	1	80441
160.9	n/a	0	1	80450
160.916	n/a	0	1	80458
160.932	n/a	0	1	80466
160.95	n/a	0	1	80475
160.966	n/a	0	1	80483
160.982	n/a	0	1	80491
161.0	n/a	0	1	80500
161.016	n/a	0	1	80508
161.032	n/a	0	1	80516
161.05	n/a	0	1	80525
161.066	n/a	0	1	80533
161.082	n/a	0	1	80541
161.1	n/a	0	1	80550
161.116	n/a	0	1	80558
161.132	n/a	0	1	80566
161.15	n/a	0	1	80575
161.166	n/a	1	2	80583
161.182	n/a	1	2	80591
161.2	n/a	1	2	80600
161.216	n/a	1	2	80608
161.232	n/a	0	1	80616
161.25	n/a	0	1	80625
161.266	n/a	0	1	80633
161.282	n/a	0	1	80641
161.3	n/a	0	1	80650
161.316	n/a	0	1	80658
161.332	n/a	0	1	80666
161.35	n/a	0	1	80675
161.366	n/a	0	1	80683
161.382	n/a	0	1	80691
161.4	n/a	0	1	80700
161.416	n/a	0	1	80708
161.432	n/a	0	1	80716
161.45	n/a	0	1	80725
161.466	n/a	0	1	80733
161.482	n/a	0	1	80741
161.5	n/a	0	1	80750
161.516	n/a	0	1	80758
161.532	n/a	0	1	80766
161.55	n/a	0	1	80775
161.566	n/a	1	2	80783
161.582	n/a	1	2	80791
161.6	n/a	1	2	80800
161.616	n/a	1	2	80808
161.632	n/a	0	1	80816
161.65	n/a	0	1	80825
161.666	n/a	0	1	80833
161.682	n/a	0	1	80841
161.7	n/a	0	1	80850
161.716	n/a	0	1	80858
161.732	n/a	0	1	80866
161.75	n/a	0	1	80875
161.766	n/a	0	1	80883
161.782	n/a	0	1	80891
161.8	n/a	0	1	80900
161.816	n/a	0	1	80908
161.832	n/a	0	1	80916
161.85	n/a	1	2	80925
161.866	n/a	1	2	80933
161.882	n/a	1	2	80941
161.9	n/a	1	2	80950
161.916	n/a	0	1	80958
161.932	n/a	0	1	80966
161.95	n/a	0	1	80975
161.966	n/a	0	1	80983
161.982	n/a	0	1	80991
162.0	n/a	0	1	81000
162.016	n/a	0	1	81008
162.032	n/a	0	1	81016
162.05	n/a	0	1	81025
162.066	n/a	0	1	81033
162.082	n/a	0	1	81041
162.1	n/a	0	1	81050
162.116	n/a	0	1	81058
162.132	n/a	0	1	81066
162.15	n/a	0	1	81075
162.166	n/a	0	1	81083
162.182	n/a	0	1	81091
162.2	n/a	0	1	81100
162.216	n/a	1	2	81108
162.232	n/a	1	2	81116
162.25	n/a	1	2	81125
162.266	n/a	1	2	81133
162.282	n/a	0	1	81141
162.3	n/a	0	1	81150
162.316	n/a	0	1	81158
162.332	n/a	0	1	81166
162.35	n/a	0	1	81175
162.366	n/a	0	1	81183
162.382	n/a	0	1	81191
162.4	n/a	0	1	81200
162.416	n/a	0	1	81208
162.432	n/a	0	1	81216
162.45	n/a	0	1	81225
162.466	n/a	0	1	81233
162.482	n/a	0	1	81241
162.5	n/a	0	1	81250
162.516	n/a	0	1	81258
162.532	n/a	0	1	81266
162.55	n/a	0	1	81275
162.566	n/a	0	1	81283
162.582	n/a	0	1	81291
162.6	n/a	0	1	81300
162.616	n/a	0	1	81308
162.632	n/a	0	1	81316
162.65	n/a	0	1	81325
162.666	n/a	0	1	81333
162.682	n/a	1	2	81341
162.7	n/a	1	2	81350
162.716	n/a	1	2	81358
162.732	n/a	1	2	81366
162.75	n/a	0	1	81375
162.766	n/a	0	1	81383
162.782	n/a	0	1	81391
162.8	n/a	0	1	81400
164.282	n/a	0	1	82141
164.3	n/a	1	2	82150
164.316	n/a	1	2	82158
164.332	n/a	1	2	82166
164.35	n/a	1	2	82175
164.366	n/a	0	1	82183
164.382	n/a	0	1	82191
164.4	n/a	0	1	82200
164.416	n/a	0	1	82208
164.432	n/a	0	1	82216
164.45	n/a	0	1	82225
164.466	n/a	0	1	82233
164.482	n/a	0	1	82241
164.5	n/a	0	1	82250
164.516	n/a	0	1	82258
164.532	n/a	0	1	82266
164.55	n/a	0	1	82275
164.566	n/a	0	1	82283
164.582	n/a	0	1	82291
164.6	n/a	0	1	82300
164.616	n/a	0	1	82308
164.632	n/a	0	1	82316
164.65	n/a	0	1	82325
164.666	n/a	0	1	82333
164.682	n/a	0	1	82341
164.7	n/a	0	1	82350
164.716	n/a	0	1	82358
164.732	n/a	0	1	82366
164.75	n/a	0	1	82375
164.766	n/a	0	1	82383
164.782	n/a	1	2	82391
164.8	n/a	1	2	82400
164.816	n/a	1	2	82408
164.832	n/a	1	2	82416
164.85	n/a	0	1	82425
164.866	n/a	0	1	82433
164.882	n/a	0	1	82441
164.9	n/a	0	1	82450
164.916	n/a	0	1	82458
164.932	n/a	0	1	82466
164.95	n/a	0	1	82475
164.966	n/a	0	1	82483
164.982	n/a	0	1	82491
165.0	n/a	0	1	82500
165.016	n/a	0	1	82508
165.032	n/a	0	1	82516
165.05	n/a	0	1	82525
165.066	n/a	0	1	82533
165.082	n/a	0	1	82541
165.1	n/a	0	1	82550
165.116	n/a	0	1	82558
165.132	n/a	0	1	82566
165.15	n/a	0	1	82575
165.166	n/a	0	1	82583
165.182	n/a	0	1	82591
165.2	n/a	0	1	82600
165.216	n/a	0	1	82608
165.232	n/a	0	1	82616
165.25	n/a	1	2	82625
165.266	n/a	1	2	82633
165.282	n/a	1	2	82641
165.3	n/a	1	2	82650
165.316	n/a	0	1	82658
165.332	n/a	0	1	82666
165.35	n/a	0	1	82675
165.366	n/a	0	1	82683
165.382	n/a	0	1	82691
165.4	n/a	0	1	82700
165.416	n/a	0	1	82708
165.432	n/a	0	1	82716
165.45	n/a	0	1	82725
165.466	n/a	0	1	82733
165.482	n/a	0	1	82741
165.5	n/a	0	1	82750
165.516	n/a	0	1	82758
165.532	n/a	0	1	82766
165.55	n/a	0	1	82775
165.566	n/a	0	1	82783
165.582	n/a	0	1	82791
165.6	n/a	0	1	82800
165.616	n/a	0	1	82808
165.632	n/a	0	1	82816
165.65	n/a	0	1	82825
165.666	n/a	1	2	82833
165.682	n/a	1	2	82841
165.7	n/a	1	2	82850
165.716	n/a	1	2	82858
165.732	n/a	0	1	82866
165.75	n/a	0	1	82875
165.766	n/a	0	1	82883
165.782	n/a	0	1	82891
165.8	n/a	0	1	82900
165.816	n/a	0	1	82908
165.832	n/a	0	1	82916
165.85	n/a	0	1	82925
165.866	n/a	0	1	82933
165.882	n/a	0	1	82941
165.9	n/a	0	1	82950
165.916	n/a	0	1	82958
165.932	n/a	0	1	82966
165.95	n/a	0	1	82975
165.966	n/a	0	1	82983
165.982	n/a	0	1	82991
166.0	n/a	0	1	83000
166.016	n/a	0	1	83008
166.032	n/a	0	1	83016
166.05	n/a	0	1	83025
166.066	n/a	0	1	83033
166.082	n/a	0	1	83041
166.1	n/a	1	2	83050
166.116	n/a	1	2	83058
166.132	n/a	1	2	83066
166.15	n/a	1	2	83075
166.166	n/a	0	1	83083
166.182	n/a	0	1	83091
166.2	n/a	0	1	83100
166.216	n/a	0	1	83108
167.7	n/a	0	1	83850
167.716	n/a	0	1	83858
167.732	n/a	0	1	83866
167.75	n/a	0	1	83875
167.766	n/a	0	1	83883
167.782	n/a	0	1	83891
167.8	n/a	0	1	83900
167.816	n/a	0	1	83908
167.832	n/a	0	1	83916
167.85	n/a	0	1	83925
167.866	n/a	0	1	83933
167.882	n/a	0	1	83941
167.9	n/a	0	1	83950
167.916	n/a	0	1	83958
167.932	n/a	0	1	83966
167.95	n/a	1	2	83975
167.966	n/a	1	2	83983
167.982	n/a	1	2	83991
168.0	n/a	1	2	84000
168.016	n/a	0	1	84008
168.032	n/a	0	1	84016
168.05	n/a	0	1	84025
168.066	n/a	0	1	84033
168.082	n/a	0	1	84041
168.1	n/a	0	1	84050
168.116	n/a	0	1	84058
168.132	n/a	0	1	84066
168.15	n/a	0	1	84075
168.166	n/a	0	1	84083
168.182	n/a	0	1	84091
168.2	n/a	0	1	84100
168.216	n/a	0	1	84108
168.232	n/a	0	1	84116
168.25	n/a	0	1	84125
168.266	n/a	0	1	84133
168.282	n/a	0	1	84141
168.3	n/a	0	1	84150
168.316	n/a	0	1	84158
168.332	n/a	0	1	84166
168.35	n/a	0	1	84175
168.366	n/a	0	1	84183
168.382	n/a	1	2	84191
168.4	n/a	1	2	84200
168.416	n/a	1	2	84208
168.432	n/a	1	2	84216
168.45	n/a	0	1	84225
168.466	n/a	0	1	84233
168.482	n/a	0	1	84241
168.5	n/a	0	1	84250
168.516	n/a	0	1	84258
168.532	n/a	0	1	84266
168.55	n/a	0	1	84275
168.566	n/a	0	1	84283
168.582	n/a	0	1	84291
168.6	n/a	0	1	84300
168.616	n/a	0	1	84308
168.632	n/a	0	1	84316
168.65	n/a	0	1	84325
168.666	n/a	0	1	84333
168.682	n/a	0	1	84341
168.7	n/a	0	1	84350
168.716	n/a	0	1	84358
168.732	n/a	0	1	84366
168.75	n/a	0	1	84375
168.766	n/a	0	1	84383
168.782	n/a	0	1	84391
168.8	n/a	0	1	84400
168.816	n/a	0	1	84408
168.832	n/a	0	1	84416
168.85	n/a	1	2	84425
168.866	n/a	1	2	84433
168.882	n/a	1	2	84441
168.9	n/a	1	2	84450
168.916	n/a	0	1	84458
168.932	n/a	0	1	84466
168.95	n/a	0	1	84475
168.966	n/a	0	1	84483
168.982	n/a	0	1	84491
169.0	n/a	0	1	84500
169.016	n/a	0	1	84508
169.032	n/a	0	1	84516
169.05	n/a	0	1	84525
169.066	n/a	0	1	84533
169.082	n/a	0	1	84541
169.1	n/a	0	1	84550
169.116	n/a	0	1	84558
169.132	n/a	0	1	84566
169.15	n/a	1	2	84575
169.166	n/a	1	2	84583
169.182	n/a	1	2	84591
169.2	n/a	1	2	84600
169.216	n/a	0	1	84608
169.232	n/a	0	1	84616
169.25	n/a	0	1	84625
169.266	n/a	0	1	84633
169.282	n/a	0	1	84641
169.3	n/a	0	1	84650
169.316	n/a	0	1	84658
169.332	n/a	0	1	84666
169.35	n/a	0	1	84675
169.366	n/a	0	1	84683
169.382	n/a	0	1	84691
169.4	n/a	0	1	84700
169.416	n/a	0	1	84708
169.432	n/a	0	1	84716
169.45	n/a	0	1	84725
169.466	n/a	0	1	84733
169.482	n/a	0	1	84741
169.5	n/a	0	1	84750
169.516	n/a	0	1	84758
169.532	n/a	0	1	84766
169.55	n/a	0	1	84775
169.566	n/a	0	1	84783
169.582	n/a	1	2	84791
169.6	n/a	1	2	84800
169.616	n/a	1	2	84808
169.632	n/a	1	2	84816
171.666	n/a	0	1	85833
171.682	n/a	0	1	85841
171.7	n/a	0	1	85850
171.716	n/a	0	1	85858
171.732	n/a	0	1	85866
171.75	n/a	0	1	85875
171.766	n/a	0	1	85883
171.782	n/a	0	1	85891
171.8	n/a	0	1	85900
171.816	n/a	0	1	85908
171.832	n/a	0	1	85916
171.85	n/a	0	1	85925
171.866	n/a	0	1	85933
171.882	n/a	0	1	85941
171.9	n/a	0	1	85950
171.916	n/a	0	1	85958
171.932	n/a	0	1	85966
171.95	n/a	0	1	85975
171.966	n/a	1	2	85983
171.982	n/a	1	2	85991
172.0	n/a	1	2	86000
172.016	n/a	1	2	86008
172.032	n/a	0	1	86016
172.05	n/a	0	1	86025
172.066	n/a	0	1	86033
172.082	n/a	0	1	86041
172.1	n/a	0	1	86050
172.116	n/a	0	1	86058
172.132	n/a	0	1	86066
172.15	n/a	0	1	86075
172.166	n/a	0	1	86083
172.182	n/a	0	1	86091
172.2	n/a	0	1	86100
172.216	n/a	0	1	86108
172.232	n/a	0	1	86116
172.25	n/a	0	1	86125
172.266	n/a	0	1	86133
172.282	n/a	0	1	86141
172.3	n/a	0	1	86150
172.316	n/a	0	1	86158
172.332	n/a	0	1	86166
172.35	n/a	0	1	86175
172.366	n/a	1	2	86183
172.382	n/a	1	2	86191
172.4	n/a	1	2	86200
172.416	n/a	1	2	86208
172.432	n/a	0	1	86216
172.45	n/a	0	1	86225
172.466	n/a	0	1	86233
172.482	n/a	0	1	86241
172.5	n/a	0	1	86250
172.516	n/a	0	1	86258
172.532	n/a	0	1	86266
172.55	n/a	0	1	86275
172.566	n/a	0	1	86283
172.582	n/a	0	1	86291
172.6	n/a	0	1	86300
172.616	n/a	0	1	86308
172.632	n/a	0	1	86316
172.65	n/a	1	2	86325
172.666	n/a	1	2	86333
172.682	n/a	1	2	86341
172.7	n/a	1	2	86350
172.716	n/a	0	1	86358
172.732	n/a	0	1	86366
172.75	n/a	0	1	86375
172.766	n/a	0	1	86383
172.782	n/a	0	1	86391
172.8	n/a	0	1	86400
172.816	n/a	0	1	86408
172.832	n/a	0	1	86416
172.85	n/a	0	1	86425
172.866	n/a	0	1	86433
172.882	n/a	0	1	86441
172.9	n/a	0	1	86450
172.916	n/a	0	1	86458
172.932	n/a	0	1	86466
172.95	n/a	0	1	86475
172.966	n/a	0	1	86483
172.982	n/a	0	1	86491
173.0	n/a	0	1	86500
173.016	n/a	1	2	86508
173.032	n/a	1	2	86516
173.05	n/a	1	2	86525
173.066	n/a	1	2	86533
173.082	n/a	0	1	86541
173.1	n/a	0	1	86550
173.116	n/a	0	1	86558
173.132	n/a	0	1	86566
173.15	n/a	0	1	86575
173.166	n/a	0	1	86583
173.182	n/a	0	1	86591
173.2	n/a	0	1	86600
173.216	n/a	0	1	86608
173.232	n/a	0	1	86616
173.25	n/a	0	1	86625
173.266	n/a	0	1	86633
173.282	n/a	0	1	86641
173.3	n/a	0	1	86650
173.316	n/a	0	1	86658
173.332	n/a	0	1	86666
173.35	n/a	0	1	86675
173.366	n/a	0	1	86683
173.382	n/a	0	1	86691
173.4	n/a	0	1	86700
173.416	n/a	0	1	86708
173.432	n/a	0	1	86716
173.45	n/a	0	1	86725
173.466	n/a	0	1	86733
173.482	n/a	1	2	86741
173.5	n/a	1	2	86750
173.516	n/a	1	2	86758
173.532	n/a	1	2	86766
173.55	n/a	0	1	86775
173.566	n/a	0	1	86783
173.582	n/a	0	1	86791
173.6	n/a	0	1	86800
175.082	n/a	0	1	87541
175.1	n/a	0	1	87550
175.116	n/a	0	1	87558
175.132	n/a	0	1	87566
175.15	n/a	0	1	87575
175.166	n/a	0	1	87583
175.182	n/a	0	1	87591
175.2	n/a	0	1	87600
175.216	n/a	0	1	87608
175.232	n/a	0	1	87616
175.25	n/a	0	1	87625
175.266	n/a	0	1	87633
175.282	n/a	0	1	87641
175.3	n/a	0	1	87650
175.316	n/a	0	1	87658
175.332	n/a	1	2	87666
175.35	n/a	1	2	87675
175.366	n/a	1	2	87683
175.382	n/a	1	2	87691
175.4	n/a	0	1	87700
175.416	n/a	0	1	87708
175.432	n/a	0	1	87716
175.45	n/a	0	1	87725
175.466	n/a	0	1	87733
175.482	n/a	0	1	87741
175.5	n/a	0	1	87750
175.516	n/a	0	1	87758
175.532	n/a	0	1	87766
175.55	n/a	0	1	87775
175.566	n/a	0	1	87783
175.582	n/a	0	1	87791
175.6	n/a	0	1	87800
175.616	n/a	0	1	87808
175.632	n/a	0	1	87816
175.65	n/a	0	1	87825
175.666	n/a	0	1	87833
175.682	n/a	0	1	87841
175.7	n/a	0	1	87850
175.716	n/a	0	1	87858
175.732	n/a	0	1	87866
175.75	n/a	0	1	87875
175.766	n/a	1	2	87883
175.782	n/a	1	2	87891
175.8	n/a	1	2	87900
175.816	n/a	1	2	87908
175.832	n/a	0	1	87916
175.85	n/a	0	1	87925
175.866	n/a	0	1	87933
175.882	n/a	0	1	87941
175.9	n/a	0	1	87950
175.916	n/a	0	1	87958
175.932	n/a	0	1	87966
175.95	n/a	0	1	87975
175.966	n/a	0	1	87983
175.982	n/a	0	1	87991
176.0	n/a	0	1	88000
176.016	n/a	0	1	88008
176.032	n/a	0	1	88016
176.05	n/a	0	1	88025
176.066	n/a	0	1	88033
176.082	n/a	0	1	88041
176.1	n/a	0	1	88050
176.116	n/a	0	1	88058
176.132	n/a	0	1	88066
176.15	n/a	0	1	88075
176.166	n/a	0	1	88083
176.182	n/a	0	1	88091
176.2	n/a	0	1	88100
176.216	n/a	0	1	88108
176.232	n/a	1	2	88116
176.25	n/a	1	2	88125
176.266	n/a	1	2	88133
176.282	n/a	1	2	88141
176.3	n/a	0	1	88150
176.316	n/a	0	1	88158
176.332	n/a	0	1	88166
176.35	n/a	0	1	88175
176.366	n/a	0	1	88183
176.382	n/a	0	1	88191
176.4	n/a	0	1	88200
176.416	n/a	0	1	88208
176.432	n/a	0	1	88216
176.45	n/a	0	1	88225
176.466	n/a	0	1	88233
176.482	n/a	0	1	88241
176.5	n/a	0	1	88250
176.516	n/a	0	1	88258
176.532	n/a	1	2	88266
176.55	n/a	1	2	88275
176.566	n/a	1	2	88283
176.582	n/a	1	2	88291
176.6	n/a	0	1	88300
176.616	n/a	0	1	88308
176.632	n/a	0	1	88316
176.65	n/a	0	1	88325
176.666	n/a	0	1	88333
176.682	n/a	0	1	88341
176.7	n/a	0	1	88350
176.716	n/a	0	1	88358
176.732	n/a	0	1	88366
176.75	n/a	0	1	88375
176.766	n/a	0	1	88383
176.782	n/a	0	1	88391
176.8	n/a	0	1	88400
176.816	n/a	0	1	88408
176.832	n/a	0	1	88416
176.85	n/a	0	1	88425
176.866	n/a	0	1	88433
176.882	n/a	0	1	88441
176.9	n/a	0	1	88450
176.916	n/a	0	1	88458
176.932	n/a	0	1	88466
176.95	n/a	0	1	88475
176.966	n/a	1	2	88483
176.982	n/a	1	2	88491
177.0	n/a	1	2	88500
177.016	n/a	1	2	88508
178.5	n/a	0	1	89250
178.516	n/a	0	1	89258
178.532	n/a	0	1	89266
178.55	n/a	0	1	89275
178.566	n/a	0	1	89283
178.582	n/a	0	1	89291
178.6	n/a	0	1	89300
178.616	n/a	0	1	89308
178.632	n/a	0	1	89316
178.65	n/a	0	1	89325
178.666	n/a	0	1	89333
178.682	n/a	0	1	89341
178.7	n/a	0	1	89350
178.716	n/a	0	1	89358
178.732	n/a	0	1	89366
178.75	n/a	0	1	89375
178.766	n/a	0	1	89383
178.782	n/a	0	1	89391
178.8	n/a	0	1	89400
178.816	n/a	0	1	89408
178.832	n/a	0	1	89416
178.85	n/a	0	1	89425
178.866	n/a	0	1	89433
178.882	n/a	1	2	89441
178.9	n/a	1	2	89450
178.916	n/a	1	2	89458
178.932	n/a	1	2	89466
178.95	n/a	0	1	89475
178.966	n/a	0	1	89483
178.982	n/a	0	1	89491
179.0	n/a	0	1	89500
179.016	n/a	0	1	89508
179.032	n/a	0	1	89516
179.05	n/a	0	1	89525
179.066	n/a	0	1	89533
179.082	n/a	0	1	89541
179.1	n/a	0	1	89550
179.116	n/a	0	1	89558
179.132	n/a	0	1	89566
179.15	n/a	0	1	89575
179.166	n/a	0	1	89583
179.182	n/a	0	1	89591
179.2	n/a	0	1	89600
179.216	n/a	0	1	89608
179.232	n/a	0	1	89616
179.25	n/a	0	1	89625
179.266	n/a	1	2	89633
179.282	n/a	1	2	89641
179.3	n/a	1	2	89650
179.316	n/a	1	2	89658
179.332	n/a	0	1	89666
179.35	n/a	0	1	89675
179.366	n/a	0	1	89683
179.382	n/a	0	1	89691
179.4	n/a	0	1	89700
179.416	n/a	0	1	89708
179.432	n/a	0	1	89716
179.45	n/a	0	1	89725
179.466	n/a	0	1	89733
179.482	n/a	0	1	89741
179.5	n/a	0	1	89750
179.516	n/a	0	1	89758
179.532	n/a	0	1	89766
179.55	n/a	0	1	89775
179.566	n/a	1	2	89783
179.582	n/a	1	2	89791
179.6	n/a	1	2	89800
179.616	n/a	1	2	89808
179.632	n/a	0	1	89816
179.65	n/a	0	1	89825
179.666	n/a	0	1	89833
179.682	n/a	0	1	89841
179.7	n/a	0	1	89850
179.716	n/a	0	1	89858
179.732	n/a	0	1	89866
179.75	n/a	0	1	89875
179.766	n/a	0	1	89883
179.782	n/a	0	1	89891
179.8	n/a	0	1	89900
179.816	n/a	0	1	89908
179.832	n/a	0	1	89916
179.85	n/a	1	2	89925
179.866	n/a	1	2	89933
179.882	n/a	1	2	89941
179.9	n/a	1	2	89950
179.916	n/a	0	1	89958
179.932	n/a	0	1	89966
179.95	n/a	0	1	89975
179.966	n/a	0	1	89983
179.982	n/a	0	1	89991
180.0	n/a	0	1	90000
180.016	n/a	0	1	90008
180.032	n/a	0	1	90016
180.05	n/a	0	1	90025
180.066	n/a	0	1	90033
180.082	n/a	0	1	90041
180.1	n/a	0	1	90050
180.116	n/a	0	1	90058
180.132	n/a	0	1	90066
180.15	n/a	0	1	90075
180.166	n/a	0	1	90083
180.182	n/a	1	2	90091
180.2	n/a	1	2	90100
180.216	n/a	1	2	90108
180.232	n/a	1	2	90116
180.25	n/a	0	1	90125
180.266	n/a	0	1	90133
180.282	n/a	0	1	90141
180.3	n/a	0	1	90150
180.316	n/a	0	1	90158
180.332	n/a	0	1	90166
180.35	n/a	0	1	90175
180.366	n/a	0	1	90183
180.382	n/a	0	1	90191
180.4	n/a	0	1	90200
180.416	n/a	0	1	90208
180.432	n/a	0	1	90216
181.916	n/a	0	1	90958
181.932	n/a	1	2	90966
181.95	n/a	1	2	90975
181.966	n/a	1	2	90983
181.982	n/a	1	2	90991
182.0	n/a	0	1	91000
182.016	n/a	0	1	91008
182.032	n/a	0	1	91016
182.05	n/a	0	1	91025
182.066	n/a	0	1	91033
182.082	n/a	0	1	91041
182.1	n/a	0	1	91050
182.116	n/a	0	1	91058
182.132	n/a	0	1	91066
182.15	n/a	0	1	91075
182.166	n/a	0	1	91083
182.182	n/a	0	1	91091
182.2	n/a	0	1	91100
182.216	n/a	0	1	91108
182.232	n/a	0	1	91116
182.25	n/a	0	1	91125
182.266	n/a	0	1	91133
182.282	n/a	0	1	91141
182.3	n/a	0	1	91150
182.316	n/a	0	1	91158
182.332	n/a	0	1	91166
182.35	n/a	0	1	91175
182.366	n/a	0	1	91183
182.382	n/a	0	1	91191
182.4	n/a	0	1	91200
182.416	n/a	1	2	91208
182.432	n/a	1	2	91216
182.45	n/a	1	2	91225
182.466	n/a	1	2	91233
182.482	n/a	0	1	91241
182.5	n/a	0	1	91250
182.516	n/a	0	1	91258
182.532	n/a	0	1	91266
182.55	n/a	0	1	91275
182.566	n/a	0	1	91283
182.582	n/a	0	1	91291
182.6	n/a	0	1	91300
182.616	n/a	0	1	91308
182.632	n/a	0	1	91316
182.65	n/a	0	1	91325
182.666	n/a	0	1	91333
182.682	n/a	0	1	91341
182.7	n/a	0	1	91350
182.716	n/a	0	1	91358
182.732	n/a	0	1	91366
182.75	n/a	0	1	91375
182.766	n/a	0	1	91383
182.782	n/a	0	1	91391
182.8	n/a	0	1	91400
182.816	n/a	0	1	91408
182.832	n/a	0	1	91416
182.85	n/a	0	1	91425
182.866	n/a	0	1	91433
182.882	n/a	1	2	91441
182.9	n/a	1	2	91450
182.916	n/a	1	2	91458
182.932	n/a	1	2	91466
182.95	n/a	0	1	91475
182.966	n/a	0	1	91483
182.982	n/a	0	1	91491
183.0	n/a	0	1	91500
183.016	n/a	0	1	91508
183.032	n/a	0	1	91516
183.05	n/a	0	1	91525
183.066	n/a	0	1	91533
183.082	n/a	0	1	91541
183.1	n/a	0	1	91550
183.116	n/a	0	1	91558
183.132	n/a	0	1	91566
183.15	n/a	0	1	91575
183.166	n/a	0	1	91583
183.182	n/a	0	1	91591
183.2	n/a	0	1	91600
183.216	n/a	0	1	91608
183.232	n/a	0	1	91616
183.25	n/a	0	1	91625
183.266	n/a	0	1	91633
183.282	n/a	0	1	91641
183.3	n/a	1	2	91650
183.316	n/a	1	2	91658
183.332	n/a	1	2	91666
183.35	n/a	1	2	91675
183.366	n/a	0	1	91683
183.382	n/a	0	1	91691
183.4	n/a	0	1	91700
183.416	n/a	0	1	91708
183.432	n/a	0	1	91716
183.45	n/a	0	1	91725
183.466	n/a	0	1	91733
183.482	n/a	0	1	91741
183.5	n/a	0	1	91750
183.516	n/a	0	1	91758
183.532	n/a	0	1	91766
183.55	n/a	0	1	91775
183.566	n/a	0	1	91783
183.582	n/a	0	1	91791
183.6	n/a	0	1	91800
183.616	n/a	0	1	91808
183.632	n/a	0	1	91816
183.65	n/a	0	1	91825
183.666	n/a	0	1	91833
183.682	n/a	0	1	91841
183.7	n/a	0	1	91850
183.716	n/a	0	1	91858
183.732	n/a	1	2	91866
183.75	n/a	1	2	91875
183.766	n/a	1	2	91883
183.782	n/a	1	2	91891
183.8	n/a	0	1	91900
183.816	n/a	0	1	91908
183.832	n/a	0	1	91916
183.85	n/a	0	1	91925
186.0	n/a	0	1	93000
186.016	n/a	1	2	93008
186.032	n/a	1	2	93016
186.05	n/a	1	2	93025
186.066	n/a	1	2	93033
186.082	n/a	0	1	93041
186.1	n/a	0	1	93050
186.116	n/a	0	1	93058
186.132	n/a	0	1	93066
186.15	n/a	0	1	93075
186.166	n/a	0	1	93083
186.182	n/a	0	1	93091
186.2	n/a	0	1	93100
186.216	n/a	0	1	93108
186.232	n/a	0	1	93116
186.25	n/a	0	1	93125
186.266	n/a	0	1	93133
186.282	n/a	0	1	93141
186.3	n/a	0	1	93150
186.316	n/a	0	1	93158
186.332	n/a	0	1	93166
186.35	n/a	0	1	93175
186.366	n/a	0	1	93183
186.382	n/a	0	1	93191
186.4	n/a	0	1	93200
186.416	n/a	0	1	93208
186.432	n/a	0	1	93216
186.45	n/a	0	1	93225
186.466	n/a	0	1	93233
186.482	n/a	0	1	93241
186.5	n/a	1	2	93250
186.516	n/a	1	2	93258
186.532	n/a	1	2	93266
186.55	n/a	1	2	93275
186.566	n/a	0	1	93283
186.582	n/a	0	1	93291
186.6	n/a	0	1	93300
186.616	n/a	0	1	93308
186.632	n/a	0	1	93316
186.65	n/a	0	1	93325
186.666	n/a	0	1	93333
186.682	n/a	0	1	93341
186.7	n/a	0	1	93350
186.716	n/a	0	1	93358
186.732	n/a	0	1	93366
186.75	n/a	0	1	93375
186.766	n/a	0	1	93383
186.782	n/a	0	1	93391
186.8	n/a	0	1	93400
186.816	n/a	0	1	93408
186.832	n/a	0	1	93416
186.85	n/a	0	1	93425
186.866	n/a	0	1	93433
186.882	n/a	0	1	93441
186.9	n/a	0	1	93450
186.916	n/a	0	1	93458
186.932	n/a	0	1	93466
186.95	n/a	0	1	93475
186.966	n/a	1	2	93483
186.982	n/a	1	2	93491
187.0	n/a	1	2	93500
187.016	n/a	1	2	93508
187.032	n/a	0	1	93516
187.05	n/a	0	1	93525
187.066	n/a	0	1	93533
187.082	n/a	0	1	93541
187.1	n/a	0	1	93550
187.116	n/a	0	1	93558
187.132	n/a	0	1	93566
187.15	n/a	0	1	93575
187.166	n/a	0	1	93583
187.182	n/a	0	1	93591
187.2	n/a	0	1	93600
187.216	n/a	0	1	93608
187.232	n/a	0	1	93616
187.25	n/a	0	1	93625
187.266	n/a	0	1	93633
187.282	n/a	0	1	93641
187.3	n/a	0	1	93650
187.316	n/a	0	1	93658
187.332	n/a	0	1	93666
187.35	n/a	0	1	93675
187.366	n/a	0	1	93683
187.382	n/a	1	2	93691
187.4	n/a	1	2	93700
187.416	n/a	1	2	93708
187.432	n/a	1	2	93716
187.45	n/a	0	1	93725
187.466	n/a	0	1	93733
187.482	n/a	0	1	93741
187.5	n/a	0	1	93750
187.516	n/a	0	1	93758
187.532	n/a	0	1	93766
187.55	n/a	0	1	93775
187.566	n/a	0	1	93783
187.582	n/a	0	1	93791
187.6	n/a	0	1	93800
187.616	n/a	0	1	93808
187.632	n/a	0	1	93816
187.65	n/a	0	1	93825
187.666	n/a	0	1	93833
187.682	n/a	0	1	93841
187.7	n/a	0	1	93850
187.716	n/a	0	1	93858
187.732	n/a	0	1	93866
187.75	n/a	0	1	93875
187.766	n/a	0	1	93883
187.782	n/a	0	1	93891
187.8	n/a	0	1	93900
187.816	n/a	1	2	93908
187.832	n/a	1	2	93916
187.85	n/a	1	2	93925
187.866	n/a	1	2	93933
187.882	n/a	0	1	93941
187.9	n/a	0	1	93950
187.916	n/a	0	1	93958
187.932	n/a	0	1	93966
189.416	n/a	0	1	94708
189.432	n/a	0	1	94716
189.45	n/a	0	1	94725
189.466	n/a	0	1	94733
189.482	n/a	0	1	94741
189.5	n/a	0	1	94750
189.516	n/a	0	1	94758
189.532	n/a	0	1	94766
189.55	n/a	0	1	94775
189.566	n/a	0	1	94783
189.582	n/a	0	1	94791
189.6	n/a	0	1	94800
189.616	n/a	0	1	94808
189.632	n/a	0	1	94816
189.65	n/a	0	1	94825
189.666	n/a	1	2	94833
189.682	n/a	1	2	94841
189.7	n/a	1	2	94850
189.716	n/a	1	2	94858
189.732	n/a	0	1	94866
189.75	n/a	0	1	94875
189.766	n/a	0	1	94883
189.782	n/a	0	1	94891
189.8	n/a	0	1	94900
189.816	n/a	0	1	94908
189.832	n/a	0	1	94916
189.85	n/a	0	1	94925
189.866	n/a	0	1	94933
189.882	n/a	0	1	94941
189.9	n/a	0	1	94950
189.916	n/a	0	1	94958
189.932	n/a	0	1	94966
189.95	n/a	0	1	94975
189.966	n/a	0	1	94983
189.982	n/a	0	1	94991
190.0	n/a	0	1	95000
190.016	n/a	0	1	95008
190.032	n/a	0	1	95016
190.05	n/a	0	1	95025
190.066	n/a	0	1	95033
190.082	n/a	0	1	95041
190.1	n/a	1	2	95050
190.116	n/a	1	2	95058
190.132	n/a	1	2	95066
190.15	n/a	1	2	95075
190.166	n/a	0	1	95083
190.182	n/a	0	1	95091
190.2	n/a	0	1	95100
190.216	n/a	0	1	95108
190.232	n/a	0	1	95116
190.25	n/a	0	1	95125
190.266	n/a	0	1	95133
190.282	n/a	0	1	95141
190.3	n/a	0	1	95150
190.316	n/a	0	1	95158
190.332	n/a	0	1	95166
190.35	n/a	0	1	95175
190.366	n/a	0	1	95183
190.382	n/a	0	1	95191
190.4	n/a	0	1	95200
190.416	n/a	0	1	95208
190.432	n/a	0	1	95216
190.45	n/a	0	1	95225
190.466	n/a	0	1	95233
190.482	n/a	0	1	95241
190.5	n/a	0	1	95250
190.516	n/a	0	1	95258
190.532	n/a	0	1	95266
190.55	n/a	0	1	95275
190.566	n/a	1	2	95283
190.582	n/a	1	2	95291
190.6	n/a	1	2	95300
190.616	n/a	1	2	95308
190.632	n/a	0	1	95316
190.65	n/a	0	1	95325
190.666	n/a	0	1	95333
190.682	n/a	0	1	95341
190.7	n/a	0	1	95350
190.716	n/a	0	1	95358
190.732	n/a	0	1	95366
190.75	n/a	0	1	95375
190.766	n/a	0	1	95383
190.782	n/a	0	1	95391
190.8	n/a	0	1	95400
190.816	n/a	0	1	95408
190.832	n/a	0	1	95416
190.85	n/a	0	1	95425
190.866	n/a	1	2	95433
190.882	n/a	1	2	95441
190.9	n/a	1	2	95450
190.916	n/a	1	2	95458
190.932	n/a	0	1	95466
190.95	n/a	0	1	95475
190.966	n/a	0	1	95483
190.982	n/a	0	1	95491
191.0	n/a	0	1	95500
191.016	n/a	0	1	95508
191.032	n/a	0	1	95516
191.05	n/a	0	1	95525
191.066	n/a	0	1	95533
191.082	n/a	0	1	95541
191.1	n/a	0	1	95550
191.116	n/a	0	1	95558
191.132	n/a	0	1	95566
191.15	n/a	0	1	95575
191.166	n/a	0	1	95583
191.182	n/a	0	1	95591
191.2	n/a	0	1	95600
191.216	n/a	0	1	95608
191.232	n/a	0	1	95616
191.25	n/a	0	1	95625
191.266	n/a	0	1	95633
191.282	n/a	0	1	95641
191.3	n/a	1	2	95650
191.316	n/a	1	2	95658
191.332	n/a	1	2	95666
191.35	n/a	1	2	95675
192.832	n/a	0	1	96416
192.85	n/a	0	1	96425
192.866	n/a	0	1	96433
192.882	n/a	0	1	96441
192.9	n/a	0	1	96450
192.916	n/a	0	1	96458
192.932	n/a	0	1	96466
192.95	n/a	0	1	96475
192.966	n/a	0	1	96483
192.982	n/a	0	1	96491
193.0	n/a	0	1	96500
193.016	n/a	0	1	96508
193.032	n/a	0	1	96516
193.05	n/a	0	1	96525
193.066	n/a	0	1	96533
193.082	n/a	0	1	96541
193.1	n/a	0	1	96550
193.116	n/a	0	1	96558
193.132	n/a	0	1	96566
193.15	n/a	0	1	96575
193.166	n/a	0	1	96583
193.182	n/a	0	1	96591
193.2	n/a	0	1	96600
193.216	n/a	1	2	96608
193.232	n/a	1	2	96616
193.25	n/a	1	2	96625
193.266	n/a	1	2	96633
193.282	n/a	0	1	96641
193.3	n/a	0	1	96650
193.316	n/a	0	1	96658
193.332	n/a	0	1	96666
193.35	n/a	0	1	96675
193.366	n/a	0	1	96683
193.382	n/a	0	1	96691
193.4	n/a	0	1	96700
193.416	n/a	0	1	96708
193.432	n/a	0	1	96716
193.45	n/a	0	1	96725
193.466	n/a	0	1	96733
193.482	n/a	0	1	96741
193.5	n/a	0	1	96750
193.516	n/a	0	1	96758
193.532	n/a	0	1	96766
193.55	n/a	0	1	96775
193.566	n/a	0	1	96783
193.582	n/a	0	1	96791
193.6	n/a	1	2	96800
193.616	n/a	1	2	96808
193.632	n/a	1	2	96816
193.65	n/a	1	2	96825
193.666	n/a	0	1	96833
193.682	n/a	0	1	96841
193.7	n/a	0	1	96850
193.716	n/a	0	1	96858
193.732	n/a	0	1	96866
193.75	n/a	0	1	96875
193.766	n/a	0	1	96883
193.782	n/a	0	1	96891
193.8	n/a	0	1	96900
193.816	n/a	0	1	96908
193.832	n/a	0	1	96916
193.85	n/a	0	1	96925
193.866	n/a	0	1	96933
193.882	n/a	0	1	96941
193.9	n/a	1	2	96950
193.916	n/a	1	2	96958
193.932	n/a	1	2	96966
193.95	n/a	1	2	96975
193.966	n/a	0	1	96983
193.982	n/a	0	1	96991
194.0	n/a	0	1	97000
194.016	n/a	0	1	97008
194.032	n/a	0	1	97016
194.05	n/a	0	1	97025
194.066	n/a	0	1	97033
194.082	n/a	0	1	97041
194.1	n/a	0	1	97050
194.116	n/a	0	1	97058
194.132	n/a	0	1	97066
194.15	n/a	0	1	97075
194.166	n/a	0	1	97083
194.182	n/a	1	2	97091
194.2	n/a	1	2	97100
194.216	n/a	1	2	97108
194.232	n/a	1	2	97116
194.25	n/a	0	1	97125
194.266	n/a	0	1	97133
194.282	n/a	0	1	97141
194.3	n/a	0	1	97150
194.316	n/a	0	1	97158
194.332	n/a	0	1	97166
194.35	n/a	0	1	97175
194.366	n/a	0	1	97183
194.382	n/a	0	1	97191
194.4	n/a	0	1	97200
194.416	n/a	0	1	97208
194.432	n/a	0	1	97216
194.45	n/a	0	1	97225
194.466	n/a	0	1	97233
194.482	n/a	0	1	97241
194.5	n/a	0	1	97250
194.516	n/a	1	2	97258
194.532	n/a	1	2	97266
194.55	n/a	1	2	97275
194.566	n/a	1	2	97283
194.582	n/a	0	1	97291
194.6	n/a	0	1	97300
194.616	n/a	0	1	97308
194.632	n/a	0	1	97316
194.65	n/a	0	1	97325
194.666	n/a	0	1	97333
194.682	n/a	0	1	97341
194.7	n/a	0	1	97350
194.716	n/a	0	1	97358
194.732	n/a	0	1	97366
194.75	n/a	0	1	97375
194.766	n/a	0	1	97383
196.25	n/a	0	1	98125
196.266	n/a	0	1	98133
196.282	n/a	0	1	98141
196.3	n/a	0	1	98150
196.316	n/a	0	1	98158
196.332	n/a	0	1	98166
196.35	n/a	0	1	98175
196.366	n/a	0	1	98183
196.382	n/a	0	1	98191
196.4	n/a	0	1	98200
196.416	n/a	0	1	98208
196.432	n/a	0	1	98216
196.45	n/a	0	1	98225
196.466	n/a	0	1	98233
196.482	n/a	0	1	98241
196.5	n/a	0	1	98250
196.516	n/a	0	1	98258
196.532	n/a	0	1	98266
196.55	n/a	1	2	98275
196.566	n/a	1	2	98283
196.582	n/a	1	2	98291
196.6	n/a	1	2	98300
196.616	n/a	0	1	98308
196.632	n/a	0	1	98316
196.65	n/a	0	1	98325
196.666	n/a	0	1	98333
196.682	n/a	0	1	98341
196.7	n/a	0	1	98350
196.716	n/a	0	1	98358
196.732	n/a	0	1	98366
196.75	n/a	0	1	98375
196.766	n/a	0	1	98383
196.782	n/a	0	1	98391
196.8	n/a	0	1	98400
196.816	n/a	0	1	98408
196.832	n/a	0	1	98416
196.85	n/a	0	1	98425
196.866	n/a	0	1	98433
196.882	n/a	0	1	98441
196.9	n/a	0	1	98450
196.916	n/a	0	1	98458
196.932	n/a	0	1	98466
196.95	n/a	1	2	98475
196.966	n/a	1	2	98483
196.982	n/a	1	2	98491
197.0	n/a	1	2	98500
197.016	n/a	0	1	98508
197.032	n/a	0	1	98516
197.05	n/a	0	1	98525
197.066	n/a	0	1	98533
197.082	n/a	0	1	98541
197.1	n/a	0	1	98550
197.116	n/a	0	1	98558
197.132	n/a	0	1	98566
197.15	n/a	0	1	98575
197.166	n/a	0	1	98583
197.182	n/a	0	1	98591
197.2	n/a	0	1	98600
197.216	n/a	0	1	98608
197.232	n/a	1	2	98616
197.25	n/a	1	2	98625
197.266	n/a	1	2	98633
197.282	n/a	1	2	98641
197.3	n/a	0	1	98650
197.316	n/a	0	1	98658
197.332	n/a	0	1	98666
197.35	n/a	0	1	98675
197.366	n/a	0	1	98683
197.382	n/a	0	1	98691
197.4	n/a	0	1	98700
197.416	n/a	0	1	98708
197.432	n/a	0	1	98716
197.45	n/a	0	1	98725
197.466	n/a	0	1	98733
197.482	n/a	0	1	98741
197.5	n/a	0	1	98750
197.516	n/a	0	1	98758
197.532	n/a	0	1	98766
197.55	n/a	0	1	98775
197.566	n/a	0	1	98783
197.582	n/a	0	1	98791
197.6	n/a	1	2	98800
197.616	n/a	1	2	98808
197.632	n/a	1	2	98816
197.65	n/a	1	2	98825
197.666	n/a	0	1	98833
197.682	n/a	0	1	98841
197.7	n/a	0	1	98850
197.716	n/a	0	1	98858
197.732	n/a	0	1	98866
197.75	n/a	0	1	98875
197.766	n/a	0	1	98883
197.782	n/a	0	1	98891
197.8	n/a	0	1	98900
197.816	n/a	0	1	98908
197.832	n/a	0	1	98916
197.85	n/a	0	1	98925
197.866	n/a	0	1	98933
197.882	n/a	0	1	98941
197.9	n/a	0	1	98950
197.916	n/a	0	1	98958
197.932	n/a	0	1	98966
197.95	n/a	0	1	98975
197.966	n/a	0	1	98983
197.982	n/a	0	1	98991
198.0	n/a	0	1	99000
198.016	n/a	0	1	99008
198.032	n/a	0	1	99016
198.05	n/a	0	1	99025
198.066	n/a	1	2	99033
198.082	n/a	1	2	99041
198.1	n/a	1	2	99050
198.116	n/a	1	2	99058
198.132	n/a	0	1	99066
198.15	n/a	0	1	99075
198.166	n/a	0	1	99083
198.182	n/a	0	1	99091
200.332	n/a	0	1	100166
200.35	n/a	0	1	100175
200.366	n/a	0	1	100183
200.382	n/a	0	1	100191
200.4	n/a	0	1	100200
200.416	n/a	0	1	100208
200.432	n/a	0	1	100216
200.45	n/a	0	1	100225
200.466	n/a	0	1	100233
200.482	n/a	0	1	100241
200.5	n/a	0	1	100250
200.516	n/a	0	1	100258
200.532	n/a	0	1	100266
200.55	n/a	0	1	100275
200.566	n/a	0	1	100283
200.582	n/a	1	2	100291
200.6	n/a	1	2	100300
200.616	n/a	1	2	100308
200.632	n/a	1	2	100316
200.65	n/a	0	1	100325
200.666	n/a	0	1	100333
200.682	n/a	0	1	100341
200.7	n/a	0	1	100350
200.716	n/a	0	1	100358
200.732	n/a	0	1	100366
200.75	n/a	0	1	100375
200.766	n/a	0	1	100383
200.782	n/a	0	1	100391
200.8	n/a	0	1	100400
200.816	n/a	0	1	100408
200.832	n/a	0	1	100416
200.85	n/a	0	1	100425
200.866	n/a	0	1	100433
200.882	n/a	0	1	100441
200.9	n/a	0	1	100450
200.916	n/a	0	1	100458
200.932	n/a	0	1	100466
200.95	n/a	0	1	100475
200.966	n/a	0	1	100483
200.982	n/a	0	1	100491
201.0	n/a	0	1	100500
201.016	n/a	1	2	100508
201.032	n/a	1	2	100516
201.05	n/a	1	2	100525
201.066	n/a	1	2	100533
201.082	n/a	0	1	100541
201.1	n/a	0	1	100550
201.116	n/a	0	1	100558
201.132	n/a	0	1	100566
201.15	n/a	0	1	100575
201.166	n/a	0	1	100583
201.182	n/a	0	1	100591
201.2	n/a	0	1	100600
201.216	n/a	0	1	100608
201.232	n/a	0	1	100616
201.25	n/a	0	1	100625
201.266	n/a	0	1	100633
201.282	n/a	0	1	100641
201.3	n/a	0	1	100650
201.316	n/a	0	1	100658
201.332	n/a	0	1	100666
201.35	n/a	0	1	100675
201.366	n/a	0	1	100683
201.382	n/a	0	1	100691
201.4	n/a	0	1	100700
201.416	n/a	0	1	100708
201.432	n/a	0	1	100716
201.45	n/a	0	1	100725
201.466	n/a	0	1	100733
201.482	n/a	1	2	100741
201.5	n/a	1	2	100750
201.516	n/a	1	2	100758
201.532	n/a	1	2	100766
201.55	n/a	0	1	100775
201.566	n/a	0	1	100783
201.582	n/a	0	1	100791
201.6	n/a	0	1	100800
201.616	n/a	0	1	100808
201.632	n/a	0	1	100816
201.65	n/a	0	1	100825
201.666	n/a	0	1	100833
201.682	n/a	0	1	100841
201.7	n/a	0	1	100850
201.716	n/a	0	1	100858
201.732	n/a	0	1	100866
201.75	n/a	0	1	100875
201.766	n/a	0	1	100883
201.782	n/a	1	2	100891
201.8	n/a	1	2	100900
201.816	n/a	1	2	100908
201.832	n/a	1	2	100916
201.85	n/a	0	1	100925
201.866	n/a	0	1	100933
201.882	n/a	0	1	100941
201.9	n/a	0	1	100950
201.916	n/a	0	1	100958
201.932	n/a	0	1	100966
201.95	n/a	0	1	100975
201.966	n/a	0	1	100983
201.982	n/a	0	1	100991
202.0	n/a	0	1	101000
202.016	n/a	0	1	101008
202.032	n/a	0	1	101016
202.05	n/a	0	1	101025
202.066	n/a	0	1	101033
202.082	n/a	0	1	101041
202.1	n/a	0	1	101050
202.116	n/a	0	1	101058
202.132	n/a	0	1	101066
202.15	n/a	0	1	101075
202.166	n/a	0	1	101083
202.182	n/a	0	1	101091
202.2	n/a	0	1	101100
202.216	n/a	1	2	101108
202.232	n/a	1	2	101116
202.25	n/a	1	2	101125
202.266	n/a	1	2	101133
203.75	n/a	0	1	101875
203.766	n/a	0	1	101883
203.782	n/a	0	1	101891
203.8	n/a	0	1	101900
203.816	n/a	0	1	101908
203.832	n/a	0	1	101916
203.85	n/a	0	1	101925
203.866	n/a	0	1	101933
203.882	n/a	0	1	101941
203.9	n/a	0	1	101950
203.916	n/a	0	1	101958
203.932	n/a	0	1	101966
203.95	n/a	0	1	101975
203.966	n/a	0	1	101983
203.982	n/a	0	1	101991
204.0	n/a	0	1	102000
204.016	n/a	0	1	102008
204.032	n/a	0	1	102016
204.05	n/a	1	2	102025
204.066	n/a	1	2	102033
204.082	n/a	1	2	102041
204.1	n/a	1	2	102050
204.116	n/a	0	1	102058
204.132	n/a	0	1	102066
204.15	n/a	0	1	102075
204.166	n/a	0	1	102083
204.182	n/a	0	1	102091
204.2	n/a	0	1	102100
204.216	n/a	0	1	102108
204.232	n/a	0	1	102116
204.25	n/a	0	1	102125
204.266	n/a	0	1	102133
204.282	n/a	0	1	102141
204.3	n/a	0	1	102150
204.316	n/a	0	1	102158
204.332	n/a	0	1	102166
204.35	n/a	0	1	102175
204.366	n/a	0	1	102183
204.382	n/a	0	1	102191
204.4	n/a	0	1	102200
204.416	n/a	0	1	102208
204.432	n/a	0	1	102216
204.45	n/a	1	2	102225
204.466	n/a	1	2	102233
204.482	n/a	1	2	102241
204.5	n/a	1	2	102250
204.516	n/a	0	1	102258
204.532	n/a	0	1	102266
204.55	n/a	0	1	102275
204.566	n/a	0	1	102283
204.582	n/a	0	1	102291
204.6	n/a	0	1	102300
204.616	n/a	0	1	102308
204.632	n/a	0	1	102316
204.65	n/a	0	1	102325
204.666	n/a	0	1	102333
204.682	n/a	0	1	102341
204.7	n/a	0	1	102350
204.716	n/a	0	1	102358
204.732	n/a	1	2	102366
204.75	n/a	1	2	102375
204.766	n/a	1	2	102383
204.782	n/a	1	2	102391
204.8	n/a	0	1	102400
204.816	n/a	0	1	102408
204.832	n/a	0	1	102416
204.85	n/a	0	1	102425
204.866	n/a	0	1	102433
204.882	n/a	0	1	102441
204.9	n/a	0	1	102450
204.916	n/a	0	1	102458
204.932	n/a	0	1	102466
204.95	n/a	0	1	102475
204.966	n/a	0	1	102483
204.982	n/a	0	1	102491
205.0	n/a	0	1	102500
205.016	n/a	0	1	102508
205.032	n/a	0	1	102516
205.05	n/a	0	1	102525
205.066	n/a	0	1	102533
205.082	n/a	0	1	102541
205.1	n/a	1	2	102550
205.116	n/a	1	2	102558
205.132	n/a	1	2	102566
205.15	n/a	1	2	102575
205.166	n/a	0	1	102583
205.182	n/a	0	1	102591
205.2	n/a	0	1	102600
205.216	n/a	0	1	102608
205.232	n/a	0	1	102616
205.25	n/a	0	1	102625
205.266	n/a	0	1	102633
205.282	n/a	0	1	102641
205.3	n/a	0	1	102650
205.316	n/a	0	1	102658
205.332	n/a	0	1	102666
205.35	n/a	0	1	102675
205.366	n/a	0	1	102683
205.382	n/a	0	1	102691
205.4	n/a	0	1	102700
205.416	n/a	0	1	102708
205.432	n/a	0	1	102716
205.45	n/a	0	1	102725
205.466	n/a	0	1	102733
205.482	n/a	0	1	102741
205.5	n/a	0	1	102750
205.516	n/a	0	1	102758
205.532	n/a	0	1	102766
205.55	n/a	0	1	102775
205.566	n/a	1	2	102783
205.582	n/a	1	2	102791
205.6	n/a	1	2	102800
205.616	n/a	1	2	102808
205.632	n/a	0	1	102816
205.65	n/a	0	1	102825
205.666	n/a	0	1	102833
205.682	n/a	0	1	102841
207.166	n/a	0	1	103583
207.182	n/a	1	2	103591
207.2	n/a	1	2	103600
207.216	n/a	1	2	103608
207.232	n/a	1	2	103616
207.25	n/a	0	1	103625
207.266	n/a	0	1	103633
207.282	n/a	0	1	103641
207.3	n/a	0	1	103650
207.316	n/a	0	1	103658
207.332	n/a	0	1	103666
207.35	n/a	0	1	103675
207.366	n/a	0	1	103683
207.382	n/a	0	1	103691
207.4	n/a	0	1	103700
207.416	n/a	0	1	103708
207.432	n/a	0	1	103716
207.45	n/a	0	1	103725
207.466	n/a	0	1	103733
207.482	n/a	0	1	103741
207.5	n/a	0	1	103750
207.516	n/a	0	1	103758
207.532	n/a	0	1	103766
207.55	n/a	0	1	103775
207.566	n/a	0	1	103783
207.582	n/a	0	1	103791
207.6	n/a	0	1	103800
207.616	n/a	0	1	103808
207.632	n/a	0	1	103816
207.65	n/a	0	1	103825
207.666	n/a	1	2	103833
207.682	n/a	1	2	103841
207.7	n/a	1	2	103850
207.716	n/a	1	2	103858
207.732	n/a	0	1	103866
207.75	n/a	0	1	103875
207.766	n/a	0	1	103883
207.782	n/a	0	1	103891
207.8	n/a	0	1	103900
207.816	n/a	0	1	103908
207.832	n/a	0	1	103916
207.85	n/a	0	1	103925
207.866	n/a	0	1	103933
207.882	n/a	0	1	103941
207.9	n/a	0	1	103950
207.916	n/a	0	1	103958
207.932	n/a	0	1	103966
207.95	n/a	0	1	103975
207.966	n/a	0	1	103983
207.982	n/a	0	1	103991
208.0	n/a	0	1	104000
208.016	n/a	0	1	104008
208.032	n/a	0	1	104016
208.05	n/a	0	1	104025
208.066	n/a	0	1	104033
208.082	n/a	0	1	104041
208.1	n/a	0	1	104050
208.116	n/a	0	1	104058
208.132	n/a	1	2	104066
208.15	n/a	1	2	104075
208.166	n/a	1	2	104083
208.182	n/a	1	2	104091
208.2	n/a	0	1	104100
208.216	n/a	0	1	104108
208.232	n/a	0	1	104116
208.25	n/a	0	1	104125
208.266	n/a	0	1	104133
208.282	n/a	0	1	104141
208.3	n/a	0	1	104150
208.316	n/a	0	1	104158
208.332	n/a	0	1	104166
208.35	n/a	0	1	104175
208.366	n/a	0	1	104183
208.382	n/a	0	1	104191
208.4	n/a	0	1	104200
208.416	n/a	0	1	104208
208.432	n/a	0	1	104216
208.45	n/a	0	1	104225
208.466	n/a	0	1	104233
208.482	n/a	0	1	104241
208.5	n/a	0	1	104250
208.516	n/a	0	1	104258
208.532	n/a	0	1	104266
208.55	n/a	1	2	104275
208.566	n/a	1	2	104283
208.582	n/a	1	2	104291
208.6	n/a	1	2	104300
208.616	n/a	0	1	104308
208.632	n/a	0	1	104316
208.65	n/a	0	1	104325
208.666	n/a	0	1	104333
208.682	n/a	0	1	104341
208.7	n/a	0	1	104350
208.716	n/a	0	1	104358
208.732	n/a	0	1	104366
208.75	n/a	0	1	104375
208.766	n/a	0	1	104383
208.782	n/a	0	1	104391
208.8	n/a	0	1	104400
208.816	n/a	0	1	104408
208.832	n/a	0	1	104416
208.85	n/a	0	1	104425
208.866	n/a	0	1	104433
208.882	n/a	0	1	104441
208.9	n/a	0	1	104450
208.916	n/a	0	1	104458
208.932	n/a	0	1	104466
208.95	n/a	0	1	104475
208.966	n/a	0	1	104483
208.982	n/a	1	2	104491
209.0	n/a	1	2	104500
209.016	n/a	1	2	104508
209.032	n/a	1	2	104516
209.05	n/a	0	1	104525
209.066	n/a	0	1	104533
209.082	n/a	0	1	104541
209.1	n/a	0	1	104550
210.582	n/a	0	1	105291
210.6	n/a	0	1	105300
210.616	n/a	0	1	105308
210.632	n/a	0	1	105316
210.65	n/a	0	1	105325
210.666	n/a	0	1	105333
210.682	n/a	0	1	105341
210.7	n/a	0	1	105350
210.716	n/a	0	1	105358
210.732	n/a	0	1	105366
210.75	n/a	0	1	105375
210.766	n/a	0	1	105383
210.782	n/a	0	1	105391
210.8	n/a	0	1	105400
210.816	n/a	0	1	105408
210.832	n/a	0	1	105416
210.85	n/a	0	1	105425
210.866	n/a	0	1	105433
210.882	n/a	0	1	105441
210.9	n/a	0	1	105450
210.916	n/a	0	1	105458
210.932	n/a	0	1	105466
210.95	n/a	0	1	105475
210.966	n/a	1	2	105483
210.982	n/a	1	2	105491
211.0	n/a	1	2	105500
211.016	n/a	1	2	105508
211.032	n/a	0	1	105516
211.05	n/a	0	1	105525
211.066	n/a	0	1	105533
211.082	n/a	0	1	105541
211.1	n/a	0	1	105550
211.116	n/a	0	1	105558
211.132	n/a	0	1	105566
211.15	n/a	0	1	105575
211.166	n/a	0	1	105583
211.182	n/a	0	1	105591
211.2	n/a	0	1	105600
211.216	n/a	0	1	105608
211.232	n/a	0	1	105616
211.25	n/a	0	1	105625
211.266	n/a	0	1	105633
211.282	n/a	0	1	105641
211.3	n/a	0	1	105650
211.316	n/a	0	1	105658
211.332	n/a	0	1	105666
211.35	n/a	1	2	105675
211.366	n/a	1	2	105683
211.382	n/a	1	2	105691
211.4	n/a	1	2	105700
211.416	n/a	0	1	105708
211.432	n/a	0	1	105716
211.45	n/a	0	1	105725
211.466	n/a	0	1	105733
211.482	n/a	0	1	105741
211.5	n/a	0	1	105750
211.516	n/a	0	1	105758
211.532	n/a	0	1	105766
211.55	n/a	0	1	105775
211.566	n/a	0	1	105783
211.582	n/a	0	1	105791
211.6	n/a	0	1	105800
211.616	n/a	0	1	105808
211.632	n/a	0	1	105816
211.65	n/a	1	2	105825
211.666	n/a	1	2	105833
211.682	n/a	1	2	105841
211.7	n/a	1	2	105850
211.716	n/a	0	1	105858
211.732	n/a	0	1	105866
211.75	n/a	0	1	105875
211.766	n/a	0	1	105883
211.782	n/a	0	1	105891
211.8	n/a	0	1	105900
211.816	n/a	0	1	105908
211.832	n/a	0	1	105916
211.85	n/a	0	1	105925
211.866	n/a	0	1	105933
211.882	n/a	0	1	105941
211.9	n/a	0	1	105950
211.916	n/a	0	1	105958
211.932	n/a	1	2	105966
211.95	n/a	1	2	105975
211.966	n/a	1	2	105983
211.982	n/a	1	2	105991
212.0	n/a	0	1	106000
212.016	n/a	0	1	106008
212.032	n/a	0	1	106016
212.05	n/a	0	1	106025
212.066	n/a	0	1	106033
212.082	n/a	0	1	106041
212.1	n/a	0	1	106050
212.116	n/a	0	1	106058
212.132	n/a	0	1	106066
212.15	n/a	0	1	106075
212.166	n/a	0	1	106083
212.182	n/a	0	1	106091
212.2	n/a	0	1	106100
212.216	n/a	0	1	106108
212.232	n/a	0	1	106116
212.25	n/a	0	1	106125
212.266	n/a	1	2	106133
212.282	n/a	1	2	106141
212.3	n/a	1	2	106150
212.316	n/a	1	2	106158
212.332	n/a	0	1	106166
212.35	n/a	0	1	106175
212.366	n/a	0	1	106183
212.382	n/a	0	1	106191
212.4	n/a	0	1	106200
212.416	n/a	0	1	106208
212.432	n/a	0	1	106216
212.45	n/a	0	1	106225
212.466	n/a	0	1	106233
212.482	n/a	0	1	106241
212.5	n/a	0	1	106250
212.516	n/a	0	1	106258
214.6	n/a	0	1	107300
214.616	n/a	0	1	107308
214.632	n/a	0	1	107316
214.65	n/a	0	1	107325
214.666	n/a	0	1	107333
214.682	n/a	0	1	107341
214.7	n/a	0	1	107350
214.716	n/a	0	1	107358
214.732	n/a	0	1	107366
214.75	n/a	0	1	107375
214.766	n/a	0	1	107383
214.782	n/a	0	1	107391
214.8	n/a	0	1	107400
214.816	n/a	0	1	107408
214.832	n/a	0	1	107416
214.85	n/a	0	1	107425
214.866	n/a	0	1	107433
214.882	n/a	0	1	107441
214.9	n/a	1	2	107450
214.916	n/a	1	2	107458
214.932	n/a	1	2	107466
214.95	n/a	1	2	107475
214.966	n/a	0	1	107483
214.982	n/a	0	1	107491
215.0	n/a	0	1	107500
215.016	n/a	0	1	107508
215.032	n/a	0	1	107516
215.05	n/a	0	1	107525
215.066	n/a	0	1	107533
215.082	n/a	0	1	107541
215.1	n/a	0	1	107550
215.116	n/a	0	1	107558
215.132	n/a	0	1	107566
215.15	n/a	0	1	107575
215.166	n/a	0	1	107583
215.182	n/a	0	1	107591
215.2	n/a	0	1	107600
215.216	n/a	0	1	107608
215.232	n/a	0	1	107616
215.25	n/a	0	1	107625
215.266	n/a	0	1	107633
215.282	n/a	0	1	107641
215.3	n/a	1	2	107650
215.316	n/a	1	2	107658
215.332	n/a	1	2	107666
215.35	n/a	1	2	107675
215.366	n/a	0	1	107683
215.382	n/a	0	1	107691
215.4	n/a	0	1	107700
215.416	n/a	0	1	107708
215.432	n/a	0	1	107716
215.45	n/a	0	1	107725
215.466	n/a	0	1	107733
215.482	n/a	0	1	107741
215.5	n/a	0	1	107750
215.516	n/a	0	1	107758
215.532	n/a	0	1	107766
215.55	n/a	0	1	107775
215.566	n/a	0	1	107783
215.582	n/a	1	2	107791
215.6	n/a	1	2	107800
215.616	n/a	1	2	107808
215.632	n/a	1	2	107816
215.65	n/a	0	1	107825
215.666	n/a	0	1	107833
215.682	n/a	0	1	107841
215.7	n/a	0	1	107850
215.716	n/a	0	1	107858
215.732	n/a	0	1	107866
215.75	n/a	0	1	107875
215.766	n/a	0	1	107883
215.782	n/a	0	1	107891
215.8	n/a	0	1	107900
215.816	n/a	0	1	107908
215.832	n/a	0	1	107916
215.85	n/a	0	1	107925
215.866	n/a	0	1	107933
215.882	n/a	0	1	107941
215.9	n/a	0	1	107950
215.916	n/a	0	1	107958
215.932	n/a	0	1	107966
215.95	n/a	1	2	107975
215.966	n/a	1	2	107983
215.982	n/a	1	2	107991
216.0	n/a	1	2	108000
216.016	n/a	0	1	108008
216.032	n/a	0	1	108016
216.05	n/a	0	1	108025
216.066	n/a	0	1	108033
216.082	n/a	0	1	108041
216.1	n/a	0	1	108050
216.116	n/a	0	1	108058
216.132	n/a	0	1	108066
216.15	n/a	0	1	108075
216.166	n/a	0	1	108083
216.182	n/a	0	1	108091
216.2	n/a	0	1	108100
216.216	n/a	0	1	108108
216.232	n/a	0	1	108116
216.25	n/a	0	1	108125
216.266	n/a	0	1	108133
216.282	n/a	0	1	108141
216.3	n/a	0	1	108150
216.316	n/a	0	1	108158
216.332	n/a	0	1	108166
216.35	n/a	0	1	108175
216.366	n/a	0	1	108183
216.382	n/a	0	1	108191
216.4	n/a	0	1	108200
216.416	n/a	1	2	108208
216.432	n/a	1	2	108216
216.45	n/a	1	2	108225
216.466	n/a	1	2	108233
216.482	n/a	0	1	108241
216.5	n/a	0	1	108250
216.516	n/a	0	1	108258
216.532	n/a	0	1	108266
218.016	n/a	0	1	109008
218.032	n/a	0	1	109016
218.05	n/a	0	1	109025
218.066	n/a	0	1	109033
218.082	n/a	0	1	109041
218.1	n/a	0	1	109050
218.116	n/a	0	1	109058
218.132	n/a	0	1	109066
218.15	n/a	0	1	109075
218.166	n/a	0	1	109083
218.182	n/a	0	1	109091
218.2	n/a	0	1	109100
218.216	n/a	0	1	109108
218.232	n/a	0	1	109116
218.25	n/a	0	1	109125
218.266	n/a	0	1	109133
218.282	n/a	0	1	109141
218.3	n/a	0	1	109150
218.316	n/a	0	1	109158
218.332	n/a	0	1	109166
218.35	n/a	0	1	109175
218.366	n/a	0	1	109183
218.382	n/a	0	1	109191
218.4	n/a	1	2	109200
218.416	n/a	1	2	109208
218.432	n/a	1	2	109216
218.45	n/a	1	2	109225
218.466	n/a	0	1	109233
218.482	n/a	0	1	109241
218.5	n/a	0	1	109250
218.516	n/a	0	1	109258
218.532	n/a	0	1	109266
218.55	n/a	0	1	109275
218.566	n/a	0	1	109283
218.582	n/a	0	1	109291
218.6	n/a	0	1	109300
218.616	n/a	0	1	109308
218.632	n/a	0	1	109316
218.65	n/a	0	1	109325
218.666	n/a	0	1	109333
218.682	n/a	0	1	109341
218.7	n/a	0	1	109350
218.716	n/a	0	1	109358
218.732	n/a	0	1	109366
218.75	n/a	0	1	109375
218.766	n/a	0	1	109383
218.782	n/a	1	2	109391
218.8	n/a	1	2	109400
218.816	n/a	1	2	109408
218.832	n/a	1	2	109416
218.85	n/a	0	1	109425
218.866	n/a	0	1	109433
218.882	n/a	0	1	109441
218.9	n/a	0	1	109450
218.916	n/a	0	1	109458
218.932	n/a	0	1	109466
218.95	n/a	0	1	109475
218.966	n/a	0	1	109483
218.982	n/a	0	1	109491
219.0	n/a	0	1	109500
219.016	n/a	0	1	109508
219.032	n/a	0	1	109516
219.05	n/a	0	1	109525
219.066	n/a	0	1	109533
219.082	n/a	1	2	109541
219.1	n/a	1	2	109550
219.116	n/a	1	2	109558
219.132	n/a	1	2	109566
219.15	n/a	0	1	109575
219.166	n/a	0	1	109583
219.182	n/a	0	1	109591
219.2	n/a	0	1	109600
219.216	n/a	0	1	109608
219.232	n/a	0	1	109616
219.25	n/a	0	1	109625
219.266	n/a	0	1	109633
219.282	n/a	0	1	109641
219.3	n/a	0	1	109650
219.316	n/a	0	1	109658
219.332	n/a	0	1	109666
219.35	n/a	0	1	109675
219.366	n/a	1	2	109683
219.382	n/a	1	2	109691
219.4	n/a	1	2	109700
219.416	n/a	1	2	109708
219.432	n/a	0	1	109716
219.45	n/a	0	1	109725
219.466	n/a	0	1	109733
219.482	n/a	0	1	109741
219.5	n/a	0	1	109750
219.516	n/a	0	1	109758
219.532	n/a	0	1	109766
219.55	n/a	0	1	109775
219.566	n/a	0	1	109783
219.582	n/a	0	1	109791
219.6	n/a	0	1	109800
219.616	n/a	0	1	109808
219.632	n/a	0	1	109816
219.65	n/a	0	1	109825
219.666	n/a	0	1	109833
219.682	n/a	0	1	109841
219.7	n/a	1	2	109850
219.716	n/a	1	2	109858
219.732	n/a	1	2	109866
219.75	n/a	1	2	109875
219.766	n/a	0	1	109883
219.782	n/a	0	1	109891
219.8	n/a	0	1	109900
219.816	n/a	0	1	109908
219.832	n/a	0	1	109916
219.85	n/a	0	1	109925
219.866	n/a	0	1	109933
219.882	n/a	0	1	109941
219.9	n/a	0	1	109950
219.916	n/a	0	1	109958
219.932	n/a	0	1	109966
219.95	n/a	0	1	109975
221.432	n/a	0	1	110716
221.45	n/a	0	1	110725
221.466	n/a	0	1	110733
221.482	n/a	0	1	110741
221.5	n/a	0	1	110750
221.516	n/a	0	1	110758
221.532	n/a	0	1	110766
221.55	n/a	0	1	110775
221.566	n/a	0	1	110783
221.582	n/a	0	1	110791
221.6	n/a	0	1	110800
221.616	n/a	0	1	110808
221.632	n/a	0	1	110816
221.65	n/a	0	1	110825
221.666	n/a	0	1	110833
221.682	n/a	1	2	110841
221.7	n/a	1	2	110850
221.716	n/a	1	2	110858
221.732	n/a	1	2	110866
221.75	n/a	0	1	110875
221.766	n/a	0	1	110883
221.782	n/a	0	1	110891
221.8	n/a	0	1	110900
221.816	n/a	0	1	110908
221.832	n/a	0	1	110916
221.85	n/a	0	1	110925
221.866	n/a	0	1	110933
221.882	n/a	0	1	110941
221.9	n/a	0	1	110950
221.916	n/a	0	1	110958
221.932	n/a	0	1	110966
221.95	n/a	0	1	110975
221.966	n/a	0	1	110983
221.982	n/a	0	1	110991
222.0	n/a	0	1	111000
222.016	n/a	0	1	111008
222.032	n/a	0	1	111016
222.05	n/a	0	1	111025
222.066	n/a	0	1	111033
222.082	n/a	0	1	111041
222.1	n/a	0	1	111050
222.116	n/a	1	2	111058
222.132	n/a	1	2	111066
222.15	n/a	1	2	111075
222.166	n/a	1	2	111083
222.182	n/a	0	1	111091
222.2	n/a	0	1	111100
222.216	n/a	0	1	111108
222.232	n/a	0	1	111116
222.25	n/a	0	1	111125
222.266	n/a	0	1	111133
222.282	n/a	0	1	111141
222.3	n/a	0	1	111150
222.316	n/a	0	1	111158
222.332	n/a	0	1	111166
222.35	n/a	0	1	111175
222.366	n/a	0	1	111183
222.382	n/a	0	1	111191
222.4	n/a	0	1	111200
222.416	n/a	0	1	111208
222.432	n/a	0	1	111216
222.45	n/a	0	1	111225
222.466	n/a	0	1	111233
222.482	n/a	0	1	111241
222.5	n/a	0	1	111250
222.516	n/a	0	1	111258
222.532	n/a	0	1	111266
222.55	n/a	0	1	111275
222.566	n/a	0	1	111283
222.582	n/a	1	2	111291
222.6	n/a	1	2	111300
222.616	n/a	1	2	111308
222.632	n/a	1	2	111316
222.65	n/a	0	1	111325
222.666	n/a	0	1	111333
222.682	n/a	0	1	111341
222.7	n/a	0	1	111350
222.716	n/a	0	1	111358
222.732	n/a	0	1	111366
222.75	n/a	0	1	111375
222.766	n/a	0	1	111383
222.782	n/a	0	1	111391
222.8	n/a	0	1	111400
222.816	n/a	0	1	111408
222.832	n/a	0	1	111416
222.85	n/a	0	1	111425
222.866	n/a	0	1	111433
222.882	n/a	1	2	111441
222.9	n/a	1	2	111450
222.916	n/a	1	2	111458
222.932	n/a	1	2	111466
222.95	n/a	0	1	111475
222.966	n/a	0	1	111483
222.982	n/a	0	1	111491
223.0	n/a	0	1	111500
223.016	n/a	0	1	111508
223.032	n/a	0	1	111516
223.05	n/a	0	1	111525
223.066	n/a	0	1	111533
223.082	n/a	0	1	111541
223.1	n/a	0	1	111550
223.116	n/a	0	1	111558
223.132	n/a	0	1	111566
223.15	n/a	0	1	111575
223.166	n/a	0	1	111583
223.182	n/a	0	1	111591
223.2	n/a	0	1	111600
223.216	n/a	0	1	111608
223.232	n/a	0	1	111616
223.25	n/a	0	1	111625
223.266	n/a	0	1	111633
223.282	n/a	0	1	111641
223.3	n/a	0	1	111650
223.316	n/a	1	2	111658
223.332	n/a	1	2	111666
223.35	n/a	1	2	111675
223.366	n/a	1	2	111683
224.85	n/a	0	1	112425
224.866	n/a	1	2	112433
224.882	n/a	1	2	112441
224.9	n/a	1	2	112450
224.916	n/a	1	2	112458
224.932	n/a	0	1	112466
224.95	n/a	0	1	112475
224.966	n/a	0	1	112483
224.982	n/a	0	1	112491
225.0	n/a	0	1	112500
225.016	n/a	0	1	112508
225.032	n/a	0	1	112516
225.05	n/a	0	1	112525
225.066	n/a	0	1	112533
225.082	n/a	0	1	112541
225.1	n/a	0	1	112550
225.116	n/a	0	1	112558
225.132	n/a	0	1	112566
225.15	n/a	0	1	112575
225.166	n/a	0	1	112583
225.182	n/a	0	1	112591
225.2	n/a	0	1	112600
225.216	n/a	0	1	112608
225.232	n/a	0	1	112616
225.25	n/a	0	1	112625
225.266	n/a	0	1	112633
225.282	n/a	0	1	112641
225.3	n/a	0	1	112650
225.316	n/a	0	1	112658
225.332	n/a	0	1	112666
225.35	n/a	1	2	112675
225.366	n/a	1	2	112683
225.382	n/a	1	2	112691
225.4	n/a	1	2	112700
225.416	n/a	0	1	112708
225.432	n/a	0	1	112716
225.45	n/a	0	1	112725
225.466	n/a	0	1	112733
225.482	n/a	0	1	112741
225.5	n/a	0	1	112750
225.516	n/a	0	1	112758
225.532	n/a	0	1	112766
225.55	n/a	0	1	112775
225.566	n/a	0	1	112783
225.582	n/a	0	1	112791
225.6	n/a	0	1	112800
225.616	n/a	0	1	112808
225.632	n/a	0	1	112816
225.65	n/a	0	1	112825
225.666	n/a	0	1	112833
225.682	n/a	0	1	112841
225.7	n/a	0	1	112850
225.716	n/a	0	1	112858
225.732	n/a	0	1	112866
225.75	n/a	0	1	112875
225.766	n/a	0	1	112883
225.782	n/a	0	1	112891
225.8	n/a	0	1	112900
225.816	n/a	1	2	112908
225.832	n/a	1	2	112916
225.85	n/a	1	2	112925
225.866	n/a	1	2	112933
225.882	n/a	0	1	112941
225.9	n/a	0	1	112950
225.916	n/a	0	1	112958
225.932	n/a	0	1	112966
225.95	n/a	0	1	112975
225.966	n/a	0	1	112983
225.982	n/a	0	1	112991
226.0	n/a	0	1	113000
226.016	n/a	0	1	113008
226.032	n/a	0	1	113016
226.05	n/a	0	1	113025
226.066	n/a	0	1	113033
226.082	n/a	0	1	113041
226.1	n/a	0	1	113050
226.116	n/a	0	1	113058
226.132	n/a	0	1	113066
226.15	n/a	0	1	113075
226.166	n/a	0	1	113083
226.182	n/a	0	1	113091
226.2	n/a	0	1	113100
226.216	n/a	0	1	113108
226.232	n/a	1	2	113116
226.25	n/a	1	2	113125
226.266	n/a	1	2	113133
226.282	n/a	1	2	113141
226.3	n/a	0	1	113150
226.316	n/a	0	1	113158
226.332	n/a	0	1	113166
226.35	n/a	0	1	113175
226.366	n/a	0	1	113183
226.382	n/a	0	1	113191
226.4	n/a	0	1	113200
226.416	n/a	0	1	113208
226.432	n/a	0	1	113216
226.45	n/a	0	1	113225
226.466	n/a	0	1	113233
226.482	n/a	0	1	113241
226.5	n/a	0	1	113250
226.516	n/a	0	1	113258
226.532	n/a	0	1	113266
226.55	n/a	0	1	113275
226.566	n/a	0	1	113283
226.582	n/a	0	1	113291
226.6	n/a	0	1	113300
226.616	n/a	0	1	113308
226.632	n/a	0	1	113316
226.65	n/a	0	1	113325
226.666	n/a	1	2	113333
226.682	n/a	1	2	113341
226.7	n/a	1	2	113350
226.716	n/a	1	2	113358
226.732	n/a	0	1	113366
226.75	n/a	0	1	113375
226.766	n/a	0	1	113383
226.782	n/a	0	1	113391
