onset	duration	trial_type	value	sample
10.032	0.25	0	1	5016
10.05	0.25	0	1	5025
10.066	0.25	0	1	5033
10.082	0.25	0	1	5041
10.1	0.25	0	1	5050
10.116	0.25	0	1	5058
10.132	0.25	0	1	5066
10.15	0.25	0	1	5075
10.166	0.25	0	1	5083
10.182	0.25	0	1	5091
10.2	0.25	0	1	5100
10.216	0.25	0	1	5108
10.232	0.25	0	1	5116
10.25	0.25	0	1	5125
10.266	0.25	0	1	5133
10.282	0.25	0	1	5141
10.3	0.25	0	1	5150
10.316	0.25	0	1	5158
10.332	0.25	1	2	5166
10.35	0.25	1	2	5175
10.366	0.25	1	2	5183
10.382	0.25	1	2	5191
10.4	0.25	0	1	5200
10.416	0.25	0	1	5208
10.432	0.25	0	1	5216
10.45	0.25	0	1	5225
10.466	0.25	0	1	5233
10.482	0.25	0	1	5241
10.5	0.25	0	1	5250
10.516	0.25	0	1	5258
10.532	0.25	0	1	5266
10.55	0.25	0	1	5275
10.566	0.25	0	1	5283
10.582	0.25	0	1	5291
10.6	0.25	0	1	5300
10.616	0.25	0	1	5308
10.632	0.25	0	1	5316
10.65	0.25	0	1	5325
10.666	0.25	0	1	5333
10.682	0.25	0	1	5341
10.7	0.25	0	1	5350
10.716	0.25	0	1	5358
10.732	0.25	1	2	5366
10.75	0.25	1	2	5375
10.766	0.25	1	2	5383
10.782	0.25	1	2	5391
10.8	0.25	0	1	5400
10.816	0.25	0	1	5408
10.832	0.25	0	1	5416
10.85	0.25	0	1	5425
10.866	0.25	0	1	5433
10.882	0.25	0	1	5441
10.9	0.25	0	1	5450
10.916	0.25	0	1	5458
10.932	0.25	0	1	5466
10.95	0.25	0	1	5475
10.966	0.25	0	1	5483
10.982	0.25	0	1	5491
11.0	0.25	0	1	5500
11.016	0.25	1	2	5508
11.032	0.25	1	2	5516
11.05	0.25	1	2	5525
11.066	0.25	1	2	5533
11.082	0.25	0	1	5541
11.1	0.25	0	1	5550
11.116	0.25	0	1	5558
11.132	0.25	0	1	5566
11.15	0.25	0	1	5575
11.166	0.25	0	1	5583
11.182	0.25	0	1	5591
11.2	0.25	0	1	5600
11.216	0.25	0	1	5608
11.232	0.25	0	1	5616
11.25	0.25	0	1	5625
11.266	0.25	0	1	5633
11.282	0.25	0	1	5641
11.3	0.25	0	1	5650
11.316	0.25	0	1	5658
11.332	0.25	0	1	5666
11.35	0.25	0	1	5675
11.366	0.25	0	1	5683
11.382	0.25	1	2	5691
11.4	0.25	1	2	5700
11.416	0.25	1	2	5708
11.432	0.25	1	2	5716
11.45	0.25	0	1	5725
11.466	0.25	0	1	5733
11.482	0.25	0	1	5741
11.5	0.25	0	1	5750
11.516	0.25	0	1	5758
11.532	0.25	0	1	5766
11.55	0.25	0	1	5775
11.566	0.25	0	1	5783
11.582	0.25	0	1	5791
11.6	0.25	0	1	5800
11.616	0.25	0	1	5808
11.632	0.25	0	1	5816
11.65	0.25	0	1	5825
11.666	0.25	0	1	5833
11.682	0.25	0	1	5841
11.7	0.25	0	1	5850
11.716	0.25	0	1	5858
11.732	0.25	0	1	5866
11.75	0.25	0	1	5875
11.766	0.25	0	1	5883
11.782	0.25	0	1	5891
11.8	0.25	0	1	5900
11.816	0.25	0	1	5908
11.832	0.25	0	1	5916
11.85	0.25	1	2	5925
11.866	0.25	1	2	5933
11.882	0.25	1	2	5941
11.9	0.25	1	2	5950
11.916	0.25	0	1	5958
11.932	0.25	0	1	5966
11.95	0.25	0	1	5975
11.966	0.25	0	1	5983
13.45	0.25	0	1	6725
13.466	0.25	0	1	6733
13.482	0.25	0	1	6741
13.5	0.25	0	1	6750
13.516	0.25	0	1	6758
13.532	0.25	0	1	6766
13.55	0.25	0	1	6775
13.566	0.25	0	1	6783
13.582	0.25	0	1	6791
13.6	0.25	0	1	6800
13.616	0.25	0	1	6808
13.632	0.25	0	1	6816
13.65	0.25	0	1	6825
13.666	0.25	0	1	6833
13.682	0.25	0	1	6841
13.7	0.25	1	2	6850
13.716	0.25	1	2	6858
13.732	0.25	1	2	6866
13.75	0.25	1	2	6875
13.766	0.25	0	1	6883
13.782	0.25	0	1	6891
13.8	0.25	0	1	6900
13.816	0.25	0	1	6908
13.832	0.25	0	1	6916
13.85	0.25	0	1	6925
13.866	0.25	0	1	6933
13.882	0.25	0	1	6941
13.9	0.25	0	1	6950
13.916	0.25	0	1	6958
13.932	0.25	0	1	6966
13.95	0.25	0	1	6975
13.966	0.25	0	1	6983
13.982	0.25	0	1	6991
14.0	0.25	0	1	7000
14.016	0.25	0	1	7008
14.032	0.25	0	1	7016
14.05	0.25	0	1	7025
14.066	0.25	0	1	7033
14.082	0.25	0	1	7041
14.1	0.25	0	1	7050
14.116	0.25	0	1	7058
14.132	0.25	1	2	7066
14.15	0.25	1	2	7075
14.166	0.25	1	2	7083
14.182	0.25	1	2	7091
14.2	0.25	0	1	7100
14.216	0.25	0	1	7108
14.232	0.25	0	1	7116
14.25	0.25	0	1	7125
14.266	0.25	0	1	7133
14.282	0.25	0	1	7141
14.3	0.25	0	1	7150
14.316	0.25	0	1	7158
14.332	0.25	0	1	7166
14.35	0.25	0	1	7175
14.366	0.25	0	1	7183
14.382	0.25	0	1	7191
14.4	0.25	0	1	7200
14.416	0.25	0	1	7208
14.432	0.25	0	1	7216
14.45	0.25	0	1	7225
14.466	0.25	0	1	7233
14.482	0.25	0	1	7241
14.5	0.25	0	1	7250
14.516	0.25	0	1	7258
14.532	0.25	0	1	7266
14.55	0.25	0	1	7275
14.566	0.25	0	1	7283
14.582	0.25	0	1	7291
14.6	0.25	1	2	7300
14.616	0.25	1	2	7308
14.632	0.25	1	2	7316
14.65	0.25	1	2	7325
14.666	0.25	0	1	7333
14.682	0.25	0	1	7341
14.7	0.25	0	1	7350
14.716	0.25	0	1	7358
14.732	0.25	0	1	7366
14.75	0.25	0	1	7375
14.766	0.25	0	1	7383
14.782	0.25	0	1	7391
14.8	0.25	0	1	7400
14.816	0.25	0	1	7408
14.832	0.25	0	1	7416
14.85	0.25	0	1	7425
14.866	0.25	0	1	7433
14.882	0.25	0	1	7441
14.9	0.25	1	2	7450
14.916	0.25	1	2	7458
14.932	0.25	1	2	7466
14.95	0.25	1	2	7475
14.966	0.25	0	1	7483
14.982	0.25	0	1	7491
15.0	0.25	0	1	7500
15.016	0.25	0	1	7508
15.032	0.25	0	1	7516
15.05	0.25	0	1	7525
15.066	0.25	0	1	7533
15.082	0.25	0	1	7541
15.1	0.25	0	1	7550
15.116	0.25	0	1	7558
15.132	0.25	0	1	7566
15.15	0.25	0	1	7575
15.166	0.25	0	1	7583
15.182	0.25	0	1	7591
15.2	0.25	0	1	7600
15.216	0.25	0	1	7608
15.232	0.25	0	1	7616
15.25	0.25	0	1	7625
15.266	0.25	0	1	7633
15.282	0.25	0	1	7641
15.3	0.25	0	1	7650
15.316	0.25	0	1	7658
15.332	0.25	1	2	7666
15.35	0.25	1	2	7675
15.366	0.25	1	2	7683
15.382	0.25	1	2	7691
16.85	0.25	0	1	8425
16.866	0.25	0	1	8433
16.882	0.25	0	1	8441
16.9	0.25	0	1	8450
16.916	0.25	0	1	8458
16.932	0.25	0	1	8466
16.95	0.25	0	1	8475
16.966	0.25	0	1	8483
16.982	0.25	0	1	8491
17.0	0.25	0	1	8500
17.016	0.25	0	1	8508
17.032	0.25	0	1	8516
17.05	0.25	0	1	8525
17.066	0.25	0	1	8533
17.082	0.25	0	1	8541
17.1	0.25	0	1	8550
17.116	0.25	0	1	8558
17.132	0.25	0	1	8566
17.15	0.25	0	1	8575
17.166	0.25	0	1	8583
17.182	0.25	0	1	8591
17.2	0.25	0	1	8600
17.216	0.25	0	1	8608
17.232	0.25	1	2	8616
17.25	0.25	1	2	8625
17.266	0.25	1	2	8633
17.282	0.25	1	2	8641
17.3	0.25	0	1	8650
17.316	0.25	0	1	8658
17.332	0.25	0	1	8666
17.35	0.25	0	1	8675
17.366	0.25	0	1	8683
17.382	0.25	0	1	8691
17.4	0.25	0	1	8700
17.416	0.25	0	1	8708
17.432	0.25	0	1	8716
17.45	0.25	0	1	8725
17.466	0.25	0	1	8733
17.482	0.25	0	1	8741
17.5	0.25	0	1	8750
17.516	0.25	0	1	8758
17.532	0.25	0	1	8766
17.55	0.25	0	1	8775
17.566	0.25	0	1	8783
17.582	0.25	0	1	8791
17.6	0.25	0	1	8800
17.616	0.25	1	2	8808
17.632	0.25	1	2	8816
17.65	0.25	1	2	8825
17.666	0.25	1	2	8833
17.682	0.25	0	1	8841
17.7	0.25	0	1	8850
17.716	0.25	0	1	8858
17.732	0.25	0	1	8866
17.75	0.25	0	1	8875
17.766	0.25	0	1	8883
17.782	0.25	0	1	8891
17.8	0.25	0	1	8900
17.816	0.25	0	1	8908
17.832	0.25	0	1	8916
17.85	0.25	0	1	8925
17.866	0.25	0	1	8933
17.882	0.25	0	1	8941
17.9	0.25	0	1	8950
17.916	0.25	1	2	8958
17.932	0.25	1	2	8966
17.95	0.25	1	2	8975
17.966	0.25	1	2	8983
17.982	0.25	0	1	8991
18.0	0.25	0	1	9000
18.016	0.25	0	1	9008
18.032	0.25	0	1	9016
18.05	0.25	0	1	9025
18.066	0.25	0	1	9033
18.082	0.25	0	1	9041
18.1	0.25	0	1	9050
18.116	0.25	0	1	9058
18.132	0.25	0	1	9066
18.15	0.25	0	1	9075
18.166	0.25	0	1	9083
18.182	0.25	0	1	9091
18.2	0.25	1	2	9100
18.216	0.25	1	2	9108
18.232	0.25	1	2	9116
18.25	0.25	1	2	9125
18.266	0.25	0	1	9133
18.282	0.25	0	1	9141
18.3	0.25	0	1	9150
18.316	0.25	0	1	9158
18.332	0.25	0	1	9166
18.35	0.25	0	1	9175
18.366	0.25	0	1	9183
18.382	0.25	0	1	9191
18.4	0.25	0	1	9200
18.416	0.25	0	1	9208
18.432	0.25	0	1	9216
18.45	0.25	0	1	9225
18.466	0.25	0	1	9233
18.482	0.25	0	1	9241
18.5	0.25	0	1	9250
18.516	0.25	0	1	9258
18.532	0.25	1	2	9266
18.55	0.25	1	2	9275
18.566	0.25	1	2	9283
18.582	0.25	1	2	9291
18.6	0.25	0	1	9300
18.616	0.25	0	1	9308
18.632	0.25	0	1	9316
18.65	0.25	0	1	9325
18.666	0.25	0	1	9333
18.682	0.25	0	1	9341
18.7	0.25	0	1	9350
18.716	0.25	0	1	9358
18.732	0.25	0	1	9366
18.75	0.25	0	1	9375
18.766	0.25	0	1	9383
18.782	0.25	0	1	9391
20.282	0.25	0	1	10141
20.3	0.25	1	2	10150
20.316	0.25	1	2	10158
20.332	0.25	1	2	10166
20.35	0.25	1	2	10175
20.366	0.25	0	1	10183
20.382	0.25	0	1	10191
20.4	0.25	0	1	10200
20.416	0.25	0	1	10208
20.432	0.25	0	1	10216
20.45	0.25	0	1	10225
20.466	0.25	0	1	10233
20.482	0.25	0	1	10241
20.5	0.25	0	1	10250
20.516	0.25	0	1	10258
20.532	0.25	0	1	10266
20.55	0.25	0	1	10275
20.566	0.25	0	1	10283
20.582	0.25	0	1	10291
20.6	0.25	0	1	10300
20.616	0.25	0	1	10308
20.632	0.25	0	1	10316
20.65	0.25	0	1	10325
20.666	0.25	0	1	10333
20.682	0.25	0	1	10341
20.7	0.25	0	1	10350
20.716	0.25	0	1	10358
20.732	0.25	0	1	10366
20.75	0.25	0	1	10375
20.766	0.25	0	1	10383
20.782	0.25	1	2	10391
20.8	0.25	1	2	10400
20.816	0.25	1	2	10408
20.832	0.25	1	2	10416
20.85	0.25	0	1	10425
20.866	0.25	0	1	10433
20.882	0.25	0	1	10441
20.9	0.25	0	1	10450
20.916	0.25	0	1	10458
20.932	0.25	0	1	10466
20.95	0.25	0	1	10475
20.966	0.25	0	1	10483
20.982	0.25	0	1	10491
21.0	0.25	0	1	10500
21.016	0.25	0	1	10508
21.032	0.25	0	1	10516
21.05	0.25	0	1	10525
21.066	0.25	0	1	10533
21.082	0.25	0	1	10541
21.1	0.25	0	1	10550
21.116	0.25	0	1	10558
21.132	0.25	0	1	10566
21.15	0.25	0	1	10575
21.166	0.25	0	1	10583
21.182	0.25	0	1	10591
21.2	0.25	0	1	10600
21.216	0.25	0	1	10608
21.232	0.25	0	1	10616
21.25	0.25	1	2	10625
21.266	0.25	1	2	10633
21.282	0.25	1	2	10641
21.3	0.25	1	2	10650
21.316	0.25	0	1	10658
21.332	0.25	0	1	10666
21.35	0.25	0	1	10675
21.366	0.25	0	1	10683
21.382	0.25	0	1	10691
21.4	0.25	0	1	10700
21.416	0.25	0	1	10708
21.432	0.25	0	1	10716
21.45	0.25	0	1	10725
21.466	0.25	0	1	10733
21.482	0.25	0	1	10741
21.5	0.25	0	1	10750
21.516	0.25	0	1	10758
21.532	0.25	0	1	10766
21.55	0.25	0	1	10775
21.566	0.25	0	1	10783
21.582	0.25	0	1	10791
21.6	0.25	0	1	10800
21.616	0.25	0	1	10808
21.632	0.25	0	1	10816
21.65	0.25	0	1	10825
21.666	0.25	1	2	10833
21.682	0.25	1	2	10841
21.7	0.25	1	2	10850
21.716	0.25	1	2	10858
21.732	0.25	0	1	10866
21.75	0.25	0	1	10875
21.766	0.25	0	1	10883
21.782	0.25	0	1	10891
21.8	0.25	0	1	10900
21.816	0.25	0	1	10908
21.832	0.25	0	1	10916
21.85	0.25	0	1	10925
21.866	0.25	0	1	10933
21.882	0.25	0	1	10941
21.9	0.25	0	1	10950
21.916	0.25	0	1	10958
21.932	0.25	0	1	10966
21.95	0.25	0	1	10975
21.966	0.25	0	1	10983
21.982	0.25	0	1	10991
22.0	0.25	0	1	11000
22.016	0.25	0	1	11008
22.032	0.25	0	1	11016
22.05	0.25	0	1	11025
22.066	0.25	0	1	11033
22.082	0.25	0	1	11041
22.1	0.25	1	2	11050
22.116	0.25	1	2	11058
22.132	0.25	1	2	11066
22.15	0.25	1	2	11075
22.166	0.25	0	1	11083
22.182	0.25	0	1	11091
22.2	0.25	0	1	11100
22.216	0.25	0	1	11108
24.432	0.25	0	1	12216
24.45	0.25	0	1	12225
24.466	0.25	0	1	12233
24.482	0.25	0	1	12241
24.5	0.25	0	1	12250
24.516	0.25	0	1	12258
24.532	0.25	0	1	12266
24.55	0.25	0	1	12275
24.566	0.25	0	1	12283
24.582	0.25	0	1	12291
24.6	0.25	0	1	12300
24.616	0.25	0	1	12308
24.632	0.25	0	1	12316
24.65	0.25	0	1	12325
24.666	0.25	0	1	12333
24.682	0.25	1	2	12341
24.7	0.25	1	2	12350
24.716	0.25	1	2	12358
24.732	0.25	1	2	12366
24.75	0.25	0	1	12375
24.766	0.25	0	1	12383
24.782	0.25	0	1	12391
24.8	0.25	0	1	12400
24.816	0.25	0	1	12408
24.832	0.25	0	1	12416
24.85	0.25	0	1	12425
24.866	0.25	0	1	12433
24.882	0.25	0	1	12441
24.9	0.25	0	1	12450
24.916	0.25	0	1	12458
24.932	0.25	0	1	12466
24.95	0.25	0	1	12475
24.966	0.25	0	1	12483
24.982	0.25	0	1	12491
25.0	0.25	0	1	12500
25.016	0.25	0	1	12508
25.032	0.25	0	1	12516
25.05	0.25	0	1	12525
25.066	0.25	0	1	12533
25.082	0.25	0	1	12541
25.1	0.25	0	1	12550
25.116	0.25	1	2	12558
25.132	0.25	1	2	12566
25.15	0.25	1	2	12575
25.166	0.25	1	2	12583
25.182	0.25	0	1	12591
25.2	0.25	0	1	12600
25.216	0.25	0	1	12608
25.232	0.25	0	1	12616
25.25	0.25	0	1	12625
25.266	0.25	0	1	12633
25.282	0.25	0	1	12641
25.3	0.25	0	1	12650
25.316	0.25	0	1	12658
25.332	0.25	0	1	12666
25.35	0.25	0	1	12675
25.366	0.25	0	1	12683
25.382	0.25	0	1	12691
25.4	0.25	0	1	12700
25.416	0.25	0	1	12708
25.432	0.25	0	1	12716
25.45	0.25	0	1	12725
25.466	0.25	0	1	12733
25.482	0.25	0	1	12741
25.5	0.25	0	1	12750
25.516	0.25	0	1	12758
25.532	0.25	0	1	12766
25.55	0.25	0	1	12775
25.566	0.25	0	1	12783
25.582	0.25	1	2	12791
25.6	0.25	1	2	12800
25.616	0.25	1	2	12808
25.632	0.25	1	2	12816
25.65	0.25	0	1	12825
25.666	0.25	0	1	12833
25.682	0.25	0	1	12841
25.7	0.25	0	1	12850
25.716	0.25	0	1	12858
25.732	0.25	0	1	12866
25.75	0.25	0	1	12875
25.766	0.25	0	1	12883
25.782	0.25	0	1	12891
25.8	0.25	0	1	12900
25.816	0.25	0	1	12908
25.832	0.25	0	1	12916
25.85	0.25	0	1	12925
25.866	0.25	0	1	12933
25.882	0.25	1	2	12941
25.9	0.25	1	2	12950
25.916	0.25	1	2	12958
25.932	0.25	1	2	12966
25.95	0.25	0	1	12975
25.966	0.25	0	1	12983
25.982	0.25	0	1	12991
26.0	0.25	0	1	13000
26.016	0.25	0	1	13008
26.032	0.25	0	1	13016
26.05	0.25	0	1	13025
26.066	0.25	0	1	13033
26.082	0.25	0	1	13041
26.1	0.25	0	1	13050
26.116	0.25	0	1	13058
26.132	0.25	0	1	13066
26.15	0.25	0	1	13075
26.166	0.25	0	1	13083
26.182	0.25	0	1	13091
26.2	0.25	0	1	13100
26.216	0.25	0	1	13108
26.232	0.25	0	1	13116
26.25	0.25	0	1	13125
26.266	0.25	0	1	13133
26.282	0.25	0	1	13141
26.3	0.25	0	1	13150
26.316	0.25	1	2	13158
26.332	0.25	1	2	13166
26.35	0.25	1	2	13175
26.366	0.25	1	2	13183
27.85	0.25	0	1	13925
27.866	0.25	1	2	13933
27.882	0.25	1	2	13941
27.9	0.25	1	2	13950
27.916	0.25	1	2	13958
27.932	0.25	0	1	13966
27.95	0.25	0	1	13975
27.966	0.25	0	1	13983
27.982	0.25	0	1	13991
28.0	0.25	0	1	14000
28.016	0.25	0	1	14008
28.032	0.25	0	1	14016
28.05	0.25	0	1	14025
28.066	0.25	0	1	14033
28.082	0.25	0	1	14041
28.1	0.25	0	1	14050
28.116	0.25	0	1	14058
28.132	0.25	0	1	14066
28.15	0.25	0	1	14075
28.166	0.25	0	1	14083
28.182	0.25	0	1	14091
28.2	0.25	0	1	14100
28.216	0.25	0	1	14108
28.232	0.25	0	1	14116
28.25	0.25	0	1	14125
28.266	0.25	0	1	14133
28.282	0.25	0	1	14141
28.3	0.25	0	1	14150
28.316	0.25	0	1	14158
28.332	0.25	0	1	14166
28.35	0.25	1	2	14175
28.366	0.25	1	2	14183
28.382	0.25	1	2	14191
28.4	0.25	1	2	14200
28.416	0.25	0	1	14208
28.432	0.25	0	1	14216
28.45	0.25	0	1	14225
28.466	0.25	0	1	14233
28.482	0.25	0	1	14241
28.5	0.25	0	1	14250
28.516	0.25	0	1	14258
28.532	0.25	0	1	14266
28.55	0.25	0	1	14275
28.566	0.25	0	1	14283
28.582	0.25	0	1	14291
28.6	0.25	0	1	14300
28.616	0.25	0	1	14308
28.632	0.25	0	1	14316
28.65	0.25	0	1	14325
28.666	0.25	0	1	14333
28.682	0.25	0	1	14341
28.7	0.25	0	1	14350
28.716	0.25	0	1	14358
28.732	0.25	0	1	14366
28.75	0.25	0	1	14375
28.766	0.25	0	1	14383
28.782	0.25	0	1	14391
28.8	0.25	0	1	14400
28.816	0.25	1	2	14408
28.832	0.25	1	2	14416
28.85	0.25	1	2	14425
28.866	0.25	1	2	14433
28.882	0.25	0	1	14441
28.9	0.25	0	1	14450
28.916	0.25	0	1	14458
28.932	0.25	0	1	14466
28.95	0.25	0	1	14475
28.966	0.25	0	1	14483
28.982	0.25	0	1	14491
29.0	0.25	0	1	14500
29.016	0.25	0	1	14508
29.032	0.25	0	1	14516
29.05	0.25	0	1	14525
29.066	0.25	0	1	14533
29.082	0.25	0	1	14541
29.1	0.25	0	1	14550
29.116	0.25	0	1	14558
29.132	0.25	0	1	14566
29.15	0.25	0	1	14575
29.166	0.25	0	1	14583
29.182	0.25	0	1	14591
29.2	0.25	0	1	14600
29.216	0.25	0	1	14608
29.232	0.25	1	2	14616
29.25	0.25	1	2	14625
29.266	0.25	1	2	14633
29.282	0.25	1	2	14641
29.3	0.25	0	1	14650
29.316	0.25	0	1	14658
29.332	0.25	0	1	14666
29.35	0.25	0	1	14675
29.366	0.25	0	1	14683
29.382	0.25	0	1	14691
29.4	0.25	0	1	14700
29.416	0.25	0	1	14708
29.432	0.25	0	1	14716
29.45	0.25	0	1	14725
29.466	0.25	0	1	14733
29.482	0.25	0	1	14741
29.5	0.25	0	1	14750
29.516	0.25	0	1	14758
29.532	0.25	0	1	14766
29.55	0.25	0	1	14775
29.566	0.25	0	1	14783
29.582	0.25	0	1	14791
29.6	0.25	0	1	14800
29.616	0.25	0	1	14808
29.632	0.25	0	1	14816
29.65	0.25	0	1	14825
29.666	0.25	1	2	14833
29.682	0.25	1	2	14841
29.7	0.25	1	2	14850
29.716	0.25	1	2	14858
29.732	0.25	0	1	14866
29.75	0.25	0	1	14875
29.766	0.25	0	1	14883
29.782	0.25	0	1	14891
31.25	0.25	0	1	15625
31.266	0.25	0	1	15633
31.282	0.25	0	1	15641
31.3	0.25	0	1	15650
31.316	0.25	0	1	15658
31.332	0.25	0	1	15666
31.35	0.25	0	1	15675
31.366	0.25	0	1	15683
31.382	0.25	0	1	15691
31.4	0.25	0	1	15700
31.416	0.25	0	1	15708
31.432	0.25	0	1	15716
31.45	0.25	0	1	15725
31.466	0.25	0	1	15733
31.482	0.25	0	1	15741
31.5	0.25	0	1	15750
31.516	0.25	0	1	15758
31.532	0.25	0	1	15766
31.55	0.25	1	2	15775
31.566	0.25	1	2	15783
31.582	0.25	1	2	15791
31.6	0.25	1	2	15800
31.616	0.25	0	1	15808
31.632	0.25	0	1	15816
31.65	0.25	0	1	15825
31.666	0.25	0	1	15833
31.682	0.25	0	1	15841
31.7	0.25	0	1	15850
31.716	0.25	0	1	15858
31.732	0.25	0	1	15866
31.75	0.25	0	1	15875
31.766	0.25	0	1	15883
31.782	0.25	0	1	15891
31.8	0.25	0	1	15900
31.816	0.25	0	1	15908
31.832	0.25	0	1	15916
31.85	0.25	0	1	15925
31.866	0.25	0	1	15933
31.882	0.25	0	1	15941
31.9	0.25	0	1	15950
31.916	0.25	0	1	15958
31.932	0.25	0	1	15966
31.95	0.25	1	2	15975
31.966	0.25	1	2	15983
31.982	0.25	1	2	15991
32.0	0.25	1	2	16000
32.016	0.25	0	1	16008
32.032	0.25	0	1	16016
32.048	0.25	0	1	16024
32.066	0.25	0	1	16033
32.082	0.25	0	1	16041
32.1	0.25	0	1	16050
32.116	0.25	0	1	16058
32.132	0.25	0	1	16066
32.15	0.25	0	1	16075
32.166	0.25	0	1	16083
32.182	0.25	0	1	16091
32.2	0.25	0	1	16100
32.216	0.25	0	1	16108
32.232	0.25	1	2	16116
32.25	0.25	1	2	16125
32.266	0.25	1	2	16133
32.282	0.25	1	2	16141
32.298	0.25	0	1	16149
32.316	0.25	0	1	16158
32.332	0.25	0	1	16166
32.35	0.25	0	1	16175
32.366	0.25	0	1	16183
32.382	0.25	0	1	16191
32.4	0.25	0	1	16200
32.416	0.25	0	1	16208
32.432	0.25	0	1	16216
32.45	0.25	0	1	16225
32.466	0.25	0	1	16233
32.482	0.25	0	1	16241
32.5	0.25	0	1	16250
32.516	0.25	0	1	16258
32.532	0.25	0	1	16266
32.548	0.25	0	1	16274
32.566	0.25	0	1	16283
32.582	0.25	0	1	16291
32.6	0.25	1	2	16300
32.616	0.25	1	2	16308
32.632	0.25	1	2	16316
32.65	0.25	1	2	16325
32.666	0.25	0	1	16333
32.682	0.25	0	1	16341
32.7	0.25	0	1	16350
32.716	0.25	0	1	16358
32.732	0.25	0	1	16366
32.75	0.25	0	1	16375
32.766	0.25	0	1	16383
32.782	0.25	0	1	16391
32.8	0.25	0	1	16400
32.816	0.25	0	1	16408
32.832	0.25	0	1	16416
32.85	0.25	0	1	16425
32.866	0.25	0	1	16433
32.882	0.25	0	1	16441
32.9	0.25	0	1	16450
32.916	0.25	0	1	16458
32.932	0.25	0	1	16466
32.95	0.25	0	1	16475
32.966	0.25	0	1	16483
32.982	0.25	0	1	16491
33.0	0.25	0	1	16500
33.016	0.25	0	1	16508
33.032	0.25	0	1	16516
33.05	0.25	0	1	16525
33.066	0.25	1	2	16533
33.082	0.25	1	2	16541
33.1	0.25	1	2	16550
33.116	0.25	1	2	16558
33.132	0.25	0	1	16566
33.15	0.25	0	1	16575
33.166	0.25	0	1	16583
33.182	0.25	0	1	16591
34.682	0.25	0	1	17341
34.7	0.25	0	1	17350
34.716	0.25	0	1	17358
34.732	0.25	0	1	17366
34.75	0.25	0	1	17375
34.766	0.25	0	1	17383
34.782	0.25	0	1	17391
34.8	0.25	0	1	17400
34.816	0.25	0	1	17408
34.832	0.25	0	1	17416
34.85	0.25	0	1	17425
34.866	0.25	0	1	17433
34.882	0.25	0	1	17441
34.9	0.25	0	1	17450
34.916	0.25	0	1	17458
34.932	0.25	0	1	17466
34.95	0.25	0	1	17475
34.966	0.25	0	1	17483
34.982	0.25	0	1	17491
35.0	0.25	0	1	17500
35.016	0.25	0	1	17508
35.032	0.25	0	1	17516
35.05	0.25	0	1	17525
35.066	0.25	1	2	17533
35.082	0.25	1	2	17541
35.1	0.25	1	2	17550
35.116	0.25	1	2	17558
35.132	0.25	0	1	17566
35.15	0.25	0	1	17575
35.166	0.25	0	1	17583
35.182	0.25	0	1	17591
35.2	0.25	0	1	17600
35.216	0.25	0	1	17608
35.232	0.25	0	1	17616
35.25	0.25	0	1	17625
35.266	0.25	0	1	17633
35.282	0.25	0	1	17641
35.3	0.25	0	1	17650
35.316	0.25	0	1	17658
35.332	0.25	0	1	17666
35.35	0.25	0	1	17675
35.366	0.25	0	1	17683
35.382	0.25	0	1	17691
35.4	0.25	0	1	17700
35.416	0.25	0	1	17708
35.432	0.25	0	1	17716
35.45	0.25	1	2	17725
35.466	0.25	1	2	17733
35.482	0.25	1	2	17741
35.5	0.25	1	2	17750
35.516	0.25	0	1	17758
35.532	0.25	0	1	17766
35.55	0.25	0	1	17775
35.566	0.25	0	1	17783
35.582	0.25	0	1	17791
35.6	0.25	0	1	17800
35.616	0.25	0	1	17808
35.632	0.25	0	1	17816
35.65	0.25	0	1	17825
35.666	0.25	0	1	17833
35.682	0.25	0	1	17841
35.7	0.25	0	1	17850
35.716	0.25	0	1	17858
35.732	0.25	0	1	17866
35.75	0.25	1	2	17875
35.766	0.25	1	2	17883
35.782	0.25	1	2	17891
35.8	0.25	1	2	17900
35.816	0.25	0	1	17908
35.832	0.25	0	1	17916
35.85	0.25	0	1	17925
35.866	0.25	0	1	17933
35.882	0.25	0	1	17941
35.9	0.25	0	1	17950
35.916	0.25	0	1	17958
35.932	0.25	0	1	17966
35.95	0.25	0	1	17975
35.966	0.25	0	1	17983
35.982	0.25	0	1	17991
36.0	0.25	0	1	18000
36.016	0.25	0	1	18008
36.032	0.25	1	2	18016
36.05	0.25	1	2	18025
36.066	0.25	1	2	18033
36.082	0.25	1	2	18041
36.1	0.25	0	1	18050
36.116	0.25	0	1	18058
36.132	0.25	0	1	18066
36.15	0.25	0	1	18075
36.166	0.25	0	1	18083
36.182	0.25	0	1	18091
36.2	0.25	0	1	18100
36.216	0.25	0	1	18108
36.232	0.25	0	1	18116
36.25	0.25	0	1	18125
36.266	0.25	0	1	18133
36.282	0.25	0	1	18141
36.3	0.25	0	1	18150
36.316	0.25	0	1	18158
36.332	0.25	0	1	18166
36.35	0.25	0	1	18175
36.366	0.25	1	2	18183
36.382	0.25	1	2	18191
36.4	0.25	1	2	18200
36.416	0.25	1	2	18208
36.432	0.25	0	1	18216
36.45	0.25	0	1	18225
36.466	0.25	0	1	18233
36.482	0.25	0	1	18241
36.5	0.25	0	1	18250
36.516	0.25	0	1	18258
36.532	0.25	0	1	18266
36.55	0.25	0	1	18275
36.566	0.25	0	1	18283
36.582	0.25	0	1	18291
36.6	0.25	0	1	18300
36.616	0.25	0	1	18308
38.882	0.25	0	1	19441
38.9	0.25	0	1	19450
38.916	0.25	0	1	19458
38.932	0.25	0	1	19466
38.95	0.25	0	1	19475
38.966	0.25	0	1	19483
38.982	0.25	0	1	19491
39.0	0.25	0	1	19500
39.016	0.25	0	1	19508
39.032	0.25	0	1	19516
39.05	0.25	0	1	19525
39.066	0.25	0	1	19533
39.082	0.25	0	1	19541
39.1	0.25	0	1	19550
39.116	0.25	0	1	19558
39.132	0.25	0	1	19566
39.15	0.25	0	1	19575
39.166	0.25	0	1	19583
39.182	0.25	0	1	19591
39.2	0.25	0	1	19600
39.216	0.25	0	1	19608
39.232	0.25	0	1	19616
39.25	0.25	0	1	19625
39.266	0.25	1	2	19633
39.282	0.25	1	2	19641
39.3	0.25	1	2	19650
39.316	0.25	1	2	19658
39.332	0.25	0	1	19666
39.35	0.25	0	1	19675
39.366	0.25	0	1	19683
39.382	0.25	0	1	19691
39.4	0.25	0	1	19700
39.416	0.25	0	1	19708
39.432	0.25	0	1	19716
39.45	0.25	0	1	19725
39.466	0.25	0	1	19733
39.482	0.25	0	1	19741
39.5	0.25	0	1	19750
39.516	0.25	0	1	19758
39.532	0.25	0	1	19766
39.55	0.25	0	1	19775
39.566	0.25	0	1	19783
39.582	0.25	0	1	19791
39.6	0.25	0	1	19800
39.616	0.25	0	1	19808
39.632	0.25	0	1	19816
39.65	0.25	1	2	19825
39.666	0.25	1	2	19833
39.682	0.25	1	2	19841
39.7	0.25	1	2	19850
39.716	0.25	0	1	19858
39.732	0.25	0	1	19866
39.75	0.25	0	1	19875
39.766	0.25	0	1	19883
39.782	0.25	0	1	19891
39.8	0.25	0	1	19900
39.816	0.25	0	1	19908
39.832	0.25	0	1	19916
39.85	0.25	0	1	19925
39.866	0.25	0	1	19933
39.882	0.25	0	1	19941
39.9	0.25	0	1	19950
39.916	0.25	0	1	19958
39.932	0.25	0	1	19966
39.95	0.25	1	2	19975
39.966	0.25	1	2	19983
39.982	0.25	1	2	19991
40.0	0.25	1	2	20000
40.016	0.25	0	1	20008
40.032	0.25	0	1	20016
40.05	0.25	0	1	20025
40.066	0.25	0	1	20033
40.082	0.25	0	1	20041
40.1	0.25	0	1	20050
40.116	0.25	0	1	20058
40.132	0.25	0	1	20066
40.15	0.25	0	1	20075
40.166	0.25	0	1	20083
40.182	0.25	0	1	20091
40.2	0.25	0	1	20100
40.216	0.25	0	1	20108
40.232	0.25	1	2	20116
40.25	0.25	1	2	20125
40.266	0.25	1	2	20133
40.282	0.25	1	2	20141
40.3	0.25	0	1	20150
40.316	0.25	0	1	20158
40.332	0.25	0	1	20166
40.35	0.25	0	1	20175
40.366	0.25	0	1	20183
40.382	0.25	0	1	20191
40.4	0.25	0	1	20200
40.416	0.25	0	1	20208
40.432	0.25	0	1	20216
40.45	0.25	0	1	20225
40.466	0.25	0	1	20233
40.482	0.25	0	1	20241
40.5	0.25	0	1	20250
40.516	0.25	0	1	20258
40.532	0.25	0	1	20266
40.55	0.25	0	1	20275
40.566	0.25	1	2	20283
40.582	0.25	1	2	20291
40.6	0.25	1	2	20300
40.616	0.25	1	2	20308
40.632	0.25	0	1	20316
40.65	0.25	0	1	20325
40.666	0.25	0	1	20333
40.682	0.25	0	1	20341
40.7	0.25	0	1	20350
40.716	0.25	0	1	20358
40.732	0.25	0	1	20366
40.75	0.25	0	1	20375
40.766	0.25	0	1	20383
40.782	0.25	0	1	20391
40.8	0.25	0	1	20400
40.816	0.25	0	1	20408
42.3	0.25	0	1	21150
42.316	0.25	0	1	21158
42.332	0.25	0	1	21166
42.35	0.25	0	1	21175
42.366	0.25	0	1	21183
42.382	0.25	0	1	21191
42.4	0.25	0	1	21200
42.416	0.25	0	1	21208
42.432	0.25	0	1	21216
42.45	0.25	0	1	21225
42.466	0.25	0	1	21233
42.482	0.25	0	1	21241
42.5	0.25	0	1	21250
42.516	0.25	0	1	21258
42.532	0.25	0	1	21266
42.55	0.25	1	2	21275
42.566	0.25	1	2	21283
42.582	0.25	1	2	21291
42.6	0.25	1	2	21300
42.616	0.25	0	1	21308
42.632	0.25	0	1	21316
42.65	0.25	0	1	21325
42.666	0.25	0	1	21333
42.682	0.25	0	1	21341
42.7	0.25	0	1	21350
42.716	0.25	0	1	21358
42.732	0.25	0	1	21366
42.75	0.25	0	1	21375
42.766	0.25	0	1	21383
42.782	0.25	0	1	21391
42.8	0.25	0	1	21400
42.816	0.25	0	1	21408
42.832	0.25	0	1	21416
42.85	0.25	0	1	21425
42.866	0.25	0	1	21433
42.882	0.25	0	1	21441
42.9	0.25	0	1	21450
42.916	0.25	0	1	21458
42.932	0.25	0	1	21466
42.95	0.25	0	1	21475
42.966	0.25	0	1	21483
42.982	0.25	1	2	21491
43.0	0.25	1	2	21500
43.016	0.25	1	2	21508
43.032	0.25	1	2	21516
43.05	0.25	0	1	21525
43.066	0.25	0	1	21533
43.082	0.25	0	1	21541
43.1	0.25	0	1	21550
43.116	0.25	0	1	21558
43.132	0.25	0	1	21566
43.15	0.25	0	1	21575
43.166	0.25	0	1	21583
43.182	0.25	0	1	21591
43.2	0.25	0	1	21600
43.216	0.25	0	1	21608
43.232	0.25	0	1	21616
43.25	0.25	0	1	21625
43.266	0.25	0	1	21633
43.282	0.25	0	1	21641
43.3	0.25	0	1	21650
43.316	0.25	0	1	21658
43.332	0.25	0	1	21666
43.35	0.25	0	1	21675
43.366	0.25	0	1	21683
43.382	0.25	0	1	21691
43.4	0.25	0	1	21700
43.416	0.25	0	1	21708
43.432	0.25	0	1	21716
43.45	0.25	1	2	21725
43.466	0.25	1	2	21733
43.482	0.25	1	2	21741
43.5	0.25	1	2	21750
43.516	0.25	0	1	21758
43.532	0.25	0	1	21766
43.55	0.25	0	1	21775
43.566	0.25	0	1	21783
43.582	0.25	0	1	21791
43.6	0.25	0	1	21800
43.616	0.25	0	1	21808
43.632	0.25	0	1	21816
43.65	0.25	0	1	21825
43.666	0.25	0	1	21833
43.682	0.25	0	1	21841
43.7	0.25	0	1	21850
43.716	0.25	0	1	21858
43.732	0.25	0	1	21866
43.75	0.25	1	2	21875
43.766	0.25	1	2	21883
43.782	0.25	1	2	21891
43.8	0.25	1	2	21900
43.816	0.25	0	1	21908
43.832	0.25	0	1	21916
43.85	0.25	0	1	21925
43.866	0.25	0	1	21933
43.882	0.25	0	1	21941
43.9	0.25	0	1	21950
43.916	0.25	0	1	21958
43.932	0.25	0	1	21966
43.95	0.25	0	1	21975
43.966	0.25	0	1	21983
43.982	0.25	0	1	21991
44.0	0.25	0	1	22000
44.016	0.25	0	1	22008
44.032	0.25	0	1	22016
44.05	0.25	0	1	22025
44.066	0.25	0	1	22033
44.082	0.25	0	1	22041
44.1	0.25	0	1	22050
44.116	0.25	0	1	22058
44.132	0.25	0	1	22066
44.15	0.25	0	1	22075
44.166	0.25	0	1	22083
44.182	0.25	1	2	22091
44.2	0.25	1	2	22100
44.216	0.25	1	2	22108
44.232	0.25	1	2	22116
45.7	0.25	0	1	22850
45.716	0.25	1	2	22858
45.732	0.25	1	2	22866
45.75	0.25	1	2	22875
45.766	0.25	1	2	22883
45.782	0.25	0	1	22891
45.8	0.25	0	1	22900
45.816	0.25	0	1	22908
45.832	0.25	0	1	22916
45.85	0.25	0	1	22925
45.866	0.25	0	1	22933
45.882	0.25	0	1	22941
45.9	0.25	0	1	22950
45.916	0.25	0	1	22958
45.932	0.25	0	1	22966
45.95	0.25	0	1	22975
45.966	0.25	0	1	22983
45.982	0.25	0	1	22991
46.0	0.25	0	1	23000
46.016	0.25	0	1	23008
46.032	0.25	0	1	23016
46.05	0.25	0	1	23025
46.066	0.25	0	1	23033
46.082	0.25	0	1	23041
46.1	0.25	0	1	23050
46.116	0.25	0	1	23058
46.132	0.25	0	1	23066
46.15	0.25	0	1	23075
46.166	0.25	0	1	23083
46.182	0.25	0	1	23091
46.2	0.25	1	2	23100
46.216	0.25	1	2	23108
46.232	0.25	1	2	23116
46.25	0.25	1	2	23125
46.266	0.25	0	1	23133
46.282	0.25	0	1	23141
46.3	0.25	0	1	23150
46.316	0.25	0	1	23158
46.332	0.25	0	1	23166
46.35	0.25	0	1	23175
46.366	0.25	0	1	23183
46.382	0.25	0	1	23191
46.4	0.25	0	1	23200
46.416	0.25	0	1	23208
46.432	0.25	0	1	23216
46.45	0.25	0	1	23225
46.466	0.25	0	1	23233
46.482	0.25	0	1	23241
46.5	0.25	0	1	23250
46.516	0.25	0	1	23258
46.532	0.25	0	1	23266
46.55	0.25	0	1	23275
46.566	0.25	0	1	23283
46.582	0.25	0	1	23291
46.6	0.25	0	1	23300
46.616	0.25	0	1	23308
46.632	0.25	0	1	23316
46.65	0.25	0	1	23325
46.666	0.25	1	2	23333
46.682	0.25	1	2	23341
46.7	0.25	1	2	23350
46.716	0.25	1	2	23358
46.732	0.25	0	1	23366
46.75	0.25	0	1	23375
46.766	0.25	0	1	23383
46.782	0.25	0	1	23391
46.8	0.25	0	1	23400
46.816	0.25	0	1	23408
46.832	0.25	0	1	23416
46.85	0.25	0	1	23425
46.866	0.25	0	1	23433
46.882	0.25	0	1	23441
46.9	0.25	0	1	23450
46.916	0.25	0	1	23458
46.932	0.25	0	1	23466
46.95	0.25	0	1	23475
46.966	0.25	0	1	23483
46.982	0.25	0	1	23491
47.0	0.25	0	1	23500
47.016	0.25	0	1	23508
47.032	0.25	0	1	23516
47.05	0.25	0	1	23525
47.066	0.25	0	1	23533
47.082	0.25	1	2	23541
47.1	0.25	1	2	23550
47.116	0.25	1	2	23558
47.132	0.25	1	2	23566
47.15	0.25	0	1	23575
47.166	0.25	0	1	23583
47.182	0.25	0	1	23591
47.2	0.25	0	1	23600
47.216	0.25	0	1	23608
47.232	0.25	0	1	23616
47.25	0.25	0	1	23625
47.266	0.25	0	1	23633
47.282	0.25	0	1	23641
47.3	0.25	0	1	23650
47.316	0.25	0	1	23658
47.332	0.25	0	1	23666
47.35	0.25	0	1	23675
47.366	0.25	0	1	23683
47.382	0.25	0	1	23691
47.4	0.25	0	1	23700
47.416	0.25	0	1	23708
47.432	0.25	0	1	23716
47.45	0.25	0	1	23725
47.466	0.25	0	1	23733
47.482	0.25	0	1	23741
47.5	0.25	0	1	23750
47.516	0.25	1	2	23758
47.532	0.25	1	2	23766
47.55	0.25	1	2	23775
47.566	0.25	1	2	23783
47.582	0.25	0	1	23791
47.6	0.25	0	1	23800
47.616	0.25	0	1	23808
47.632	0.25	0	1	23816
49.132	0.25	0	1	24566
49.15	0.25	0	1	24575
49.166	0.25	0	1	24583
49.182	0.25	0	1	24591
49.2	0.25	0	1	24600
49.216	0.25	0	1	24608
49.232	0.25	0	1	24616
49.25	0.25	0	1	24625
49.266	0.25	0	1	24633
49.282	0.25	0	1	24641
49.3	0.25	0	1	24650
49.316	0.25	0	1	24658
49.332	0.25	0	1	24666
49.35	0.25	0	1	24675
49.366	0.25	0	1	24683
49.382	0.25	0	1	24691
49.4	0.25	0	1	24700
49.416	0.25	0	1	24708
49.432	0.25	1	2	24716
49.45	0.25	1	2	24725
49.466	0.25	1	2	24733
49.482	0.25	1	2	24741
49.5	0.25	0	1	24750
49.516	0.25	0	1	24758
49.532	0.25	0	1	24766
49.55	0.25	0	1	24775
49.566	0.25	0	1	24783
49.582	0.25	0	1	24791
49.6	0.25	0	1	24800
49.616	0.25	0	1	24808
49.632	0.25	0	1	24816
49.65	0.25	0	1	24825
49.666	0.25	0	1	24833
49.682	0.25	0	1	24841
49.7	0.25	0	1	24850
49.716	0.25	0	1	24858
49.732	0.25	0	1	24866
49.75	0.25	0	1	24875
49.766	0.25	0	1	24883
49.782	0.25	0	1	24891
49.8	0.25	0	1	24900
49.816	0.25	0	1	24908
49.832	0.25	1	2	24916
49.85	0.25	1	2	24925
49.866	0.25	1	2	24933
49.882	0.25	1	2	24941
49.9	0.25	0	1	24950
49.916	0.25	0	1	24958
49.932	0.25	0	1	24966
49.95	0.25	0	1	24975
49.966	0.25	0	1	24983
49.982	0.25	0	1	24991
50.0	0.25	0	1	25000
50.016	0.25	0	1	25008
50.032	0.25	0	1	25016
50.05	0.25	0	1	25025
50.066	0.25	0	1	25033
50.082	0.25	0	1	25041
50.1	0.25	0	1	25050
50.116	0.25	1	2	25058
50.132	0.25	1	2	25066
50.15	0.25	1	2	25075
50.166	0.25	1	2	25083
50.182	0.25	0	1	25091
50.2	0.25	0	1	25100
50.216	0.25	0	1	25108
50.232	0.25	0	1	25116
50.25	0.25	0	1	25125
50.266	0.25	0	1	25133
50.282	0.25	0	1	25141
50.3	0.25	0	1	25150
50.316	0.25	0	1	25158
50.332	0.25	0	1	25166
50.35	0.25	0	1	25175
50.366	0.25	0	1	25183
50.382	0.25	0	1	25191
50.4	0.25	0	1	25200
50.416	0.25	0	1	25208
50.432	0.25	0	1	25216
50.45	0.25	0	1	25225
50.466	0.25	0	1	25233
50.482	0.25	1	2	25241
50.5	0.25	1	2	25250
50.516	0.25	1	2	25258
50.532	0.25	1	2	25266
50.55	0.25	0	1	25275
50.566	0.25	0	1	25283
50.582	0.25	0	1	25291
50.6	0.25	0	1	25300
50.616	0.25	0	1	25308
50.632	0.25	0	1	25316
50.65	0.25	0	1	25325
50.666	0.25	0	1	25333
50.682	0.25	0	1	25341
50.7	0.25	0	1	25350
50.716	0.25	0	1	25358
50.732	0.25	0	1	25366
50.75	0.25	0	1	25375
50.766	0.25	0	1	25383
50.782	0.25	0	1	25391
50.8	0.25	0	1	25400
50.816	0.25	0	1	25408
50.832	0.25	0	1	25416
50.85	0.25	0	1	25425
50.866	0.25	0	1	25433
50.882	0.25	0	1	25441
50.9	0.25	0	1	25450
50.916	0.25	0	1	25458
50.932	0.25	0	1	25466
50.95	0.25	1	2	25475
50.966	0.25	1	2	25483
50.982	0.25	1	2	25491
51.0	0.25	1	2	25500
51.016	0.25	0	1	25508
51.032	0.25	0	1	25516
51.05	0.25	0	1	25525
51.066	0.25	0	1	25533
53.482	0.25	0	1	26741
53.5	0.25	0	1	26750
53.516	0.25	0	1	26758
53.532	0.25	0	1	26766
53.55	0.25	0	1	26775
53.566	0.25	0	1	26783
53.582	0.25	0	1	26791
53.6	0.25	0	1	26800
53.616	0.25	0	1	26808
53.632	0.25	0	1	26816
53.65	0.25	0	1	26825
53.666	0.25	0	1	26833
53.682	0.25	0	1	26841
53.7	0.25	0	1	26850
53.716	0.25	0	1	26858
53.732	0.25	1	2	26866
53.75	0.25	1	2	26875
53.766	0.25	1	2	26883
53.782	0.25	1	2	26891
53.8	0.25	0	1	26900
53.816	0.25	0	1	26908
53.832	0.25	0	1	26916
53.85	0.25	0	1	26925
53.866	0.25	0	1	26933
53.882	0.25	0	1	26941
53.9	0.25	0	1	26950
53.916	0.25	0	1	26958
53.932	0.25	0	1	26966
53.95	0.25	0	1	26975
53.966	0.25	0	1	26983
53.982	0.25	0	1	26991
54.0	0.25	0	1	27000
54.016	0.25	0	1	27008
54.032	0.25	0	1	27016
54.05	0.25	0	1	27025
54.066	0.25	0	1	27033
54.082	0.25	0	1	27041
54.1	0.25	0	1	27050
54.116	0.25	0	1	27058
54.132	0.25	0	1	27066
54.15	0.25	0	1	27075
54.166	0.25	1	2	27083
54.182	0.25	1	2	27091
54.2	0.25	1	2	27100
54.216	0.25	1	2	27108
54.232	0.25	0	1	27116
54.25	0.25	0	1	27125
54.266	0.25	0	1	27133
54.282	0.25	0	1	27141
54.3	0.25	0	1	27150
54.316	0.25	0	1	27158
54.332	0.25	0	1	27166
54.35	0.25	0	1	27175
54.366	0.25	0	1	27183
54.382	0.25	0	1	27191
54.4	0.25	0	1	27200
54.416	0.25	0	1	27208
54.432	0.25	0	1	27216
54.45	0.25	0	1	27225
54.466	0.25	0	1	27233
54.482	0.25	0	1	27241
54.5	0.25	0	1	27250
54.516	0.25	0	1	27258
54.532	0.25	0	1	27266
54.55	0.25	0	1	27275
54.566	0.25	0	1	27283
54.582	0.25	0	1	27291
54.6	0.25	0	1	27300
54.616	0.25	0	1	27308
54.632	0.25	1	2	27316
54.65	0.25	1	2	27325
54.666	0.25	1	2	27333
54.682	0.25	1	2	27341
54.7	0.25	0	1	27350
54.716	0.25	0	1	27358
54.732	0.25	0	1	27366
54.75	0.25	0	1	27375
54.766	0.25	0	1	27383
54.782	0.25	0	1	27391
54.8	0.25	0	1	27400
54.816	0.25	0	1	27408
54.832	0.25	0	1	27416
54.85	0.25	0	1	27425
54.866	0.25	0	1	27433
54.882	0.25	0	1	27441
54.9	0.25	0	1	27450
54.916	0.25	0	1	27458
54.932	0.25	1	2	27466
54.95	0.25	1	2	27475
54.966	0.25	1	2	27483
54.982	0.25	1	2	27491
55.0	0.25	0	1	27500
55.016	0.25	0	1	27508
55.032	0.25	0	1	27516
55.05	0.25	0	1	27525
55.066	0.25	0	1	27533
55.082	0.25	0	1	27541
55.1	0.25	0	1	27550
55.116	0.25	0	1	27558
55.132	0.25	0	1	27566
55.15	0.25	0	1	27575
55.166	0.25	0	1	27583
55.182	0.25	0	1	27591
55.2	0.25	0	1	27600
55.216	0.25	0	1	27608
55.232	0.25	0	1	27616
55.25	0.25	0	1	27625
55.266	0.25	0	1	27633
55.282	0.25	0	1	27641
55.3	0.25	0	1	27650
55.316	0.25	0	1	27658
55.332	0.25	0	1	27666
55.35	0.25	0	1	27675
55.366	0.25	1	2	27683
55.382	0.25	1	2	27691
55.4	0.25	1	2	27700
55.416	0.25	1	2	27708
56.9	0.25	0	1	28450
56.916	0.25	1	2	28458
56.932	0.25	1	2	28466
56.95	0.25	1	2	28475
56.966	0.25	1	2	28483
56.982	0.25	0	1	28491
57.0	0.25	0	1	28500
57.016	0.25	0	1	28508
57.032	0.25	0	1	28516
57.05	0.25	0	1	28525
57.066	0.25	0	1	28533
57.082	0.25	0	1	28541
57.1	0.25	0	1	28550
57.116	0.25	0	1	28558
57.132	0.25	0	1	28566
57.15	0.25	0	1	28575
57.166	0.25	0	1	28583
57.182	0.25	0	1	28591
57.2	0.25	0	1	28600
57.216	0.25	0	1	28608
57.232	0.25	0	1	28616
57.25	0.25	0	1	28625
57.266	0.25	0	1	28633
57.282	0.25	0	1	28641
57.3	0.25	0	1	28650
57.316	0.25	0	1	28658
57.332	0.25	0	1	28666
57.35	0.25	0	1	28675
57.366	0.25	0	1	28683
57.382	0.25	0	1	28691
57.4	0.25	1	2	28700
57.416	0.25	1	2	28708
57.432	0.25	1	2	28716
57.45	0.25	1	2	28725
57.466	0.25	0	1	28733
57.482	0.25	0	1	28741
57.5	0.25	0	1	28750
57.516	0.25	0	1	28758
57.532	0.25	0	1	28766
57.55	0.25	0	1	28775
57.566	0.25	0	1	28783
57.582	0.25	0	1	28791
57.6	0.25	0	1	28800
57.616	0.25	0	1	28808
57.632	0.25	0	1	28816
57.65	0.25	0	1	28825
57.666	0.25	0	1	28833
57.682	0.25	0	1	28841
57.7	0.25	0	1	28850
57.716	0.25	0	1	28858
57.732	0.25	0	1	28866
57.75	0.25	0	1	28875
57.766	0.25	0	1	28883
57.782	0.25	0	1	28891
57.8	0.25	0	1	28900
57.816	0.25	0	1	28908
57.832	0.25	0	1	28916
57.85	0.25	0	1	28925
57.866	0.25	1	2	28933
57.882	0.25	1	2	28941
57.9	0.25	1	2	28950
57.916	0.25	1	2	28958
57.932	0.25	0	1	28966
57.95	0.25	0	1	28975
57.966	0.25	0	1	28983
57.982	0.25	0	1	28991
58.0	0.25	0	1	29000
58.016	0.25	0	1	29008
58.032	0.25	0	1	29016
58.05	0.25	0	1	29025
58.066	0.25	0	1	29033
58.082	0.25	0	1	29041
58.1	0.25	0	1	29050
58.116	0.25	0	1	29058
58.132	0.25	0	1	29066
58.15	0.25	0	1	29075
58.166	0.25	0	1	29083
58.182	0.25	0	1	29091
58.2	0.25	0	1	29100
58.216	0.25	0	1	29108
58.232	0.25	0	1	29116
58.25	0.25	0	1	29125
58.266	0.25	0	1	29133
58.282	0.25	1	2	29141
58.3	0.25	1	2	29150
58.316	0.25	1	2	29158
58.332	0.25	1	2	29166
58.35	0.25	0	1	29175
58.366	0.25	0	1	29183
58.382	0.25	0	1	29191
58.4	0.25	0	1	29200
58.416	0.25	0	1	29208
58.432	0.25	0	1	29216
58.45	0.25	0	1	29225
58.466	0.25	0	1	29233
58.482	0.25	0	1	29241
58.5	0.25	0	1	29250
58.516	0.25	0	1	29258
58.532	0.25	0	1	29266
58.55	0.25	0	1	29275
58.566	0.25	0	1	29283
58.582	0.25	0	1	29291
58.6	0.25	0	1	29300
58.616	0.25	0	1	29308
58.632	0.25	0	1	29316
58.65	0.25	0	1	29325
58.666	0.25	0	1	29333
58.682	0.25	0	1	29341
58.7	0.25	0	1	29350
58.716	0.25	1	2	29358
58.732	0.25	1	2	29366
58.75	0.25	1	2	29375
58.766	0.25	1	2	29383
58.782	0.25	0	1	29391
58.8	0.25	0	1	29400
58.816	0.25	0	1	29408
58.832	0.25	0	1	29416
60.3	0.25	0	1	30150
60.316	0.25	0	1	30158
60.332	0.25	0	1	30166
60.35	0.25	0	1	30175
60.366	0.25	0	1	30183
60.382	0.25	0	1	30191
60.4	0.25	0	1	30200
60.416	0.25	0	1	30208
60.432	0.25	0	1	30216
60.45	0.25	0	1	30225
60.466	0.25	0	1	30233
60.482	0.25	0	1	30241
60.5	0.25	0	1	30250
60.516	0.25	0	1	30258
60.532	0.25	0	1	30266
60.55	0.25	0	1	30275
60.566	0.25	0	1	30283
60.582	0.25	0	1	30291
60.6	0.25	0	1	30300
60.616	0.25	0	1	30308
60.632	0.25	0	1	30316
60.65	0.25	0	1	30325
60.666	0.25	0	1	30333
60.682	0.25	1	2	30341
60.7	0.25	1	2	30350
60.716	0.25	1	2	30358
60.732	0.25	1	2	30366
60.75	0.25	0	1	30375
60.766	0.25	0	1	30383
60.782	0.25	0	1	30391
60.8	0.25	0	1	30400
60.816	0.25	0	1	30408
60.832	0.25	0	1	30416
60.85	0.25	0	1	30425
60.866	0.25	0	1	30433
60.882	0.25	0	1	30441
60.9	0.25	0	1	30450
60.916	0.25	0	1	30458
60.932	0.25	0	1	30466
60.95	0.25	0	1	30475
60.966	0.25	0	1	30483
60.982	0.25	0	1	30491
61.0	0.25	0	1	30500
61.016	0.25	0	1	30508
61.032	0.25	0	1	30516
61.05	0.25	0	1	30525
61.066	0.25	1	2	30533
61.082	0.25	1	2	30541
61.1	0.25	1	2	30550
61.116	0.25	1	2	30558
61.132	0.25	0	1	30566
61.15	0.25	0	1	30575
61.166	0.25	0	1	30583
61.182	0.25	0	1	30591
61.2	0.25	0	1	30600
61.216	0.25	0	1	30608
61.232	0.25	0	1	30616
61.25	0.25	0	1	30625
61.266	0.25	0	1	30633
61.282	0.25	0	1	30641
61.3	0.25	0	1	30650
61.316	0.25	0	1	30658
61.332	0.25	0	1	30666
61.35	0.25	0	1	30675
61.366	0.25	1	2	30683
61.382	0.25	1	2	30691
61.4	0.25	1	2	30700
61.416	0.25	1	2	30708
61.432	0.25	0	1	30716
61.45	0.25	0	1	30725
61.466	0.25	0	1	30733
61.482	0.25	0	1	30741
61.5	0.25	0	1	30750
61.516	0.25	0	1	30758
61.532	0.25	0	1	30766
61.55	0.25	0	1	30775
61.566	0.25	0	1	30783
61.582	0.25	0	1	30791
61.6	0.25	0	1	30800
61.616	0.25	0	1	30808
61.632	0.25	0	1	30816
61.65	0.25	1	2	30825
61.666	0.25	1	2	30833
61.682	0.25	1	2	30841
61.7	0.25	1	2	30850
61.716	0.25	0	1	30858
61.732	0.25	0	1	30866
61.75	0.25	0	1	30875
61.766	0.25	0	1	30883
61.782	0.25	0	1	30891
61.8	0.25	0	1	30900
61.816	0.25	0	1	30908
61.832	0.25	0	1	30916
61.85	0.25	0	1	30925
61.866	0.25	0	1	30933
61.882	0.25	0	1	30941
61.9	0.25	0	1	30950
61.916	0.25	0	1	30958
61.932	0.25	0	1	30966
61.95	0.25	0	1	30975
61.966	0.25	0	1	30983
61.982	0.25	1	2	30991
62.0	0.25	1	2	31000
62.016	0.25	1	2	31008
62.032	0.25	1	2	31016
62.05	0.25	0	1	31025
62.066	0.25	0	1	31033
62.082	0.25	0	1	31041
62.1	0.25	0	1	31050
62.116	0.25	0	1	31058
62.132	0.25	0	1	31066
62.15	0.25	0	1	31075
62.166	0.25	0	1	31083
62.182	0.25	0	1	31091
62.2	0.25	0	1	31100
62.216	0.25	0	1	31108
62.232	0.25	0	1	31116
63.732	0.25	0	1	31866
63.75	0.25	0	1	31875
63.766	0.25	0	1	31883
63.782	0.25	0	1	31891
63.8	0.25	0	1	31900
63.816	0.25	0	1	31908
63.832	0.25	0	1	31916
63.85	0.25	0	1	31925
63.866	0.25	0	1	31933
63.882	0.25	0	1	31941
63.9	0.25	0	1	31950
63.916	0.25	0	1	31958
63.932	0.25	0	1	31966
63.95	0.25	0	1	31975
63.966	0.25	0	1	31983
63.982	0.25	0	1	31991
64.0	0.25	0	1	32000
64.016	0.25	0	1	32008
64.032	0.25	1	2	32016
64.05	0.25	1	2	32025
64.066	0.25	1	2	32033
64.082	0.25	1	2	32041
64.098	0.25	0	1	32049
64.116	0.25	0	1	32058
64.132	0.25	0	1	32066
64.15	0.25	0	1	32075
64.166	0.25	0	1	32083
64.182	0.25	0	1	32091
64.2	0.25	0	1	32100
64.216	0.25	0	1	32108
64.232	0.25	0	1	32116
64.25	0.25	0	1	32125
64.266	0.25	0	1	32133
64.282	0.25	0	1	32141
64.3	0.25	0	1	32150
64.316	0.25	0	1	32158
64.332	0.25	0	1	32166
64.348	0.25	0	1	32174
64.366	0.25	0	1	32183
64.382	0.25	0	1	32191
64.4	0.25	0	1	32200
64.416	0.25	0	1	32208
64.432	0.25	1	2	32216
64.45	0.25	1	2	32225
64.466	0.25	1	2	32233
64.482	0.25	1	2	32241
64.5	0.25	0	1	32250
64.516	0.25	0	1	32258
64.532	0.25	0	1	32266
64.55	0.25	0	1	32275
64.566	0.25	0	1	32283
64.582	0.25	0	1	32291
64.598	0.25	0	1	32299
64.616	0.25	0	1	32308
64.632	0.25	0	1	32316
64.65	0.25	0	1	32325
64.666	0.25	0	1	32333
64.682	0.25	0	1	32341
64.7	0.25	0	1	32350
64.716	0.25	1	2	32358
64.732	0.25	1	2	32366
64.75	0.25	1	2	32375
64.766	0.25	1	2	32383
64.782	0.25	0	1	32391
64.8	0.25	0	1	32400
64.816	0.25	0	1	32408
64.832	0.25	0	1	32416
64.848	0.25	0	1	32424
64.866	0.25	0	1	32433
64.882	0.25	0	1	32441
64.9	0.25	0	1	32450
64.916	0.25	0	1	32458
64.932	0.25	0	1	32466
64.95	0.25	0	1	32475
64.966	0.25	0	1	32483
64.982	0.25	0	1	32491
65.0	0.25	0	1	32500
65.016	0.25	0	1	32508
65.032	0.25	0	1	32516
65.05	0.25	0	1	32525
65.066	0.25	0	1	32533
65.082	0.25	1	2	32541
65.098	0.25	1	2	32549
65.116	0.25	1	2	32558
65.132	0.25	1	2	32566
65.15	0.25	0	1	32575
65.166	0.25	0	1	32583
65.182	0.25	0	1	32591
65.2	0.25	0	1	32600
65.216	0.25	0	1	32608
65.232	0.25	0	1	32616
65.25	0.25	0	1	32625
65.266	0.25	0	1	32633
65.282	0.25	0	1	32641
65.3	0.25	0	1	32650
65.316	0.25	0	1	32658
65.332	0.25	0	1	32666
65.348	0.25	0	1	32674
65.366	0.25	0	1	32683
65.382	0.25	0	1	32691
65.4	0.25	0	1	32700
65.416	0.25	0	1	32708
65.432	0.25	0	1	32716
65.45	0.25	0	1	32725
65.466	0.25	0	1	32733
65.482	0.25	0	1	32741
65.5	0.25	0	1	32750
65.516	0.25	0	1	32758
65.532	0.25	0	1	32766
65.55	0.25	1	2	32775
65.566	0.25	1	2	32783
65.582	0.25	1	2	32791
65.6	0.25	1	2	32800
65.616	0.25	0	1	32808
65.632	0.25	0	1	32816
65.65	0.25	0	1	32825
65.666	0.25	0	1	32833
67.8	0.25	0	1	33900
67.816	0.25	0	1	33908
67.832	0.25	0	1	33916
67.85	0.25	0	1	33925
67.866	0.25	0	1	33933
67.882	0.25	0	1	33941
67.9	0.25	0	1	33950
67.916	0.25	0	1	33958
67.932	0.25	0	1	33966
67.95	0.25	0	1	33975
67.966	0.25	0	1	33983
67.982	0.25	0	1	33991
68.0	0.25	0	1	34000
68.016	0.25	0	1	34008
68.032	0.25	0	1	34016
68.05	0.25	1	2	34025
68.066	0.25	1	2	34033
68.082	0.25	1	2	34041
68.1	0.25	1	2	34050
68.116	0.25	0	1	34058
68.132	0.25	0	1	34066
68.15	0.25	0	1	34075
68.166	0.25	0	1	34083
68.182	0.25	0	1	34091
68.2	0.25	0	1	34100
68.216	0.25	0	1	34108
68.232	0.25	0	1	34116
68.25	0.25	0	1	34125
68.266	0.25	0	1	34133
68.282	0.25	0	1	34141
68.3	0.25	0	1	34150
68.316	0.25	0	1	34158
68.332	0.25	0	1	34166
68.35	0.25	0	1	34175
68.366	0.25	0	1	34183
68.382	0.25	0	1	34191
68.4	0.25	0	1	34200
68.416	0.25	0	1	34208
68.432	0.25	0	1	34216
68.45	0.25	0	1	34225
68.466	0.25	0	1	34233
68.482	0.25	1	2	34241
68.5	0.25	1	2	34250
68.516	0.25	1	2	34258
68.532	0.25	1	2	34266
68.55	0.25	0	1	34275
68.566	0.25	0	1	34283
68.582	0.25	0	1	34291
68.6	0.25	0	1	34300
68.616	0.25	0	1	34308
68.632	0.25	0	1	34316
68.65	0.25	0	1	34325
68.666	0.25	0	1	34333
68.682	0.25	0	1	34341
68.7	0.25	0	1	34350
68.716	0.25	0	1	34358
68.732	0.25	0	1	34366
68.75	0.25	0	1	34375
68.766	0.25	0	1	34383
68.782	0.25	0	1	34391
68.8	0.25	0	1	34400
68.816	0.25	0	1	34408
68.832	0.25	0	1	34416
68.85	0.25	0	1	34425
68.866	0.25	0	1	34433
68.882	0.25	0	1	34441
68.9	0.25	0	1	34450
68.916	0.25	0	1	34458
68.932	0.25	0	1	34466
68.95	0.25	1	2	34475
68.966	0.25	1	2	34483
68.982	0.25	1	2	34491
69.0	0.25	1	2	34500
69.016	0.25	0	1	34508
69.032	0.25	0	1	34516
69.05	0.25	0	1	34525
69.066	0.25	0	1	34533
69.082	0.25	0	1	34541
69.1	0.25	0	1	34550
69.116	0.25	0	1	34558
69.132	0.25	0	1	34566
69.15	0.25	0	1	34575
69.166	0.25	0	1	34583
69.182	0.25	0	1	34591
69.2	0.25	0	1	34600
69.216	0.25	0	1	34608
69.232	0.25	0	1	34616
69.25	0.25	1	2	34625
69.266	0.25	1	2	34633
69.282	0.25	1	2	34641
69.3	0.25	1	2	34650
69.316	0.25	0	1	34658
69.332	0.25	0	1	34666
69.35	0.25	0	1	34675
69.366	0.25	0	1	34683
69.382	0.25	0	1	34691
69.4	0.25	0	1	34700
69.416	0.25	0	1	34708
69.432	0.25	0	1	34716
69.45	0.25	0	1	34725
69.466	0.25	0	1	34733
69.482	0.25	0	1	34741
69.5	0.25	0	1	34750
69.516	0.25	0	1	34758
69.532	0.25	0	1	34766
69.55	0.25	0	1	34775
69.566	0.25	0	1	34783
69.582	0.25	0	1	34791
69.6	0.25	0	1	34800
69.616	0.25	0	1	34808
69.632	0.25	0	1	34816
69.65	0.25	0	1	34825
69.666	0.25	0	1	34833
69.682	0.25	1	2	34841
69.7	0.25	1	2	34850
69.716	0.25	1	2	34858
69.732	0.25	1	2	34866
71.232	0.25	0	1	35616
71.25	0.25	0	1	35625
71.266	0.25	0	1	35633
71.282	0.25	0	1	35641
71.3	0.25	0	1	35650
71.316	0.25	0	1	35658
71.332	0.25	0	1	35666
71.35	0.25	0	1	35675
71.366	0.25	0	1	35683
71.382	0.25	0	1	35691
71.4	0.25	0	1	35700
71.416	0.25	0	1	35708
71.432	0.25	0	1	35716
71.45	0.25	0	1	35725
71.466	0.25	0	1	35733
71.482	0.25	0	1	35741
71.5	0.25	0	1	35750
71.516	0.25	0	1	35758
71.532	0.25	1	2	35766
71.55	0.25	1	2	35775
71.566	0.25	1	2	35783
71.582	0.25	1	2	35791
71.6	0.25	0	1	35800
71.616	0.25	0	1	35808
71.632	0.25	0	1	35816
71.65	0.25	0	1	35825
71.666	0.25	0	1	35833
71.682	0.25	0	1	35841
71.7	0.25	0	1	35850
71.716	0.25	0	1	35858
71.732	0.25	0	1	35866
71.75	0.25	0	1	35875
71.766	0.25	0	1	35883
71.782	0.25	0	1	35891
71.8	0.25	0	1	35900
71.816	0.25	0	1	35908
71.832	0.25	0	1	35916
71.85	0.25	0	1	35925
71.866	0.25	0	1	35933
71.882	0.25	0	1	35941
71.9	0.25	0	1	35950
71.916	0.25	0	1	35958
71.932	0.25	1	2	35966
71.95	0.25	1	2	35975
71.966	0.25	1	2	35983
71.982	0.25	1	2	35991
72.0	0.25	0	1	36000
72.016	0.25	0	1	36008
72.032	0.25	0	1	36016
72.05	0.25	0	1	36025
72.066	0.25	0	1	36033
72.082	0.25	0	1	36041
72.1	0.25	0	1	36050
72.116	0.25	0	1	36058
72.132	0.25	0	1	36066
72.15	0.25	0	1	36075
72.166	0.25	0	1	36083
72.182	0.25	0	1	36091
72.2	0.25	0	1	36100
72.216	0.25	1	2	36108
72.232	0.25	1	2	36116
72.25	0.25	1	2	36125
72.266	0.25	1	2	36133
72.282	0.25	0	1	36141
72.3	0.25	0	1	36150
72.316	0.25	0	1	36158
72.332	0.25	0	1	36166
72.35	0.25	0	1	36175
72.366	0.25	0	1	36183
72.382	0.25	0	1	36191
72.4	0.25	0	1	36200
72.416	0.25	0	1	36208
72.432	0.25	0	1	36216
72.45	0.25	0	1	36225
72.466	0.25	0	1	36233
72.482	0.25	0	1	36241
72.5	0.25	0	1	36250
72.516	0.25	0	1	36258
72.532	0.25	0	1	36266
72.55	0.25	0	1	36275
72.566	0.25	0	1	36283
72.582	0.25	1	2	36291
72.6	0.25	1	2	36300
72.616	0.25	1	2	36308
72.632	0.25	1	2	36316
72.65	0.25	0	1	36325
72.666	0.25	0	1	36333
72.682	0.25	0	1	36341
72.7	0.25	0	1	36350
72.716	0.25	0	1	36358
72.732	0.25	0	1	36366
72.75	0.25	0	1	36375
72.766	0.25	0	1	36383
72.782	0.25	0	1	36391
72.8	0.25	0	1	36400
72.816	0.25	0	1	36408
72.832	0.25	0	1	36416
72.85	0.25	0	1	36425
72.866	0.25	0	1	36433
72.882	0.25	0	1	36441
72.9	0.25	0	1	36450
72.916	0.25	0	1	36458
72.932	0.25	0	1	36466
72.95	0.25	0	1	36475
72.966	0.25	0	1	36483
72.982	0.25	0	1	36491
73.0	0.25	0	1	36500
73.016	0.25	0	1	36508
73.032	0.25	0	1	36516
73.05	0.25	1	2	36525
73.066	0.25	1	2	36533
73.082	0.25	1	2	36541
73.1	0.25	1	2	36550
73.116	0.25	0	1	36558
73.132	0.25	0	1	36566
73.15	0.25	0	1	36575
73.166	0.25	0	1	36583
74.65	0.25	0	1	37325
74.666	0.25	0	1	37333
74.682	0.25	0	1	37341
74.7	0.25	0	1	37350
74.716	0.25	0	1	37358
74.732	0.25	0	1	37366
74.75	0.25	0	1	37375
74.766	0.25	0	1	37383
74.782	0.25	0	1	37391
74.8	0.25	0	1	37400
74.816	0.25	0	1	37408
74.832	0.25	0	1	37416
74.85	0.25	0	1	37425
74.866	0.25	0	1	37433
74.882	0.25	0	1	37441
74.9	0.25	0	1	37450
74.916	0.25	0	1	37458
74.932	0.25	0	1	37466
74.95	0.25	0	1	37475
74.966	0.25	0	1	37483
74.982	0.25	0	1	37491
75.0	0.25	0	1	37500
75.016	0.25	0	1	37508
75.032	0.25	1	2	37516
75.05	0.25	1	2	37525
75.066	0.25	1	2	37533
75.082	0.25	1	2	37541
75.1	0.25	0	1	37550
75.116	0.25	0	1	37558
75.132	0.25	0	1	37566
75.15	0.25	0	1	37575
75.166	0.25	0	1	37583
75.182	0.25	0	1	37591
75.2	0.25	0	1	37600
75.216	0.25	0	1	37608
75.232	0.25	0	1	37616
75.25	0.25	0	1	37625
75.266	0.25	0	1	37633
75.282	0.25	0	1	37641
75.3	0.25	0	1	37650
75.316	0.25	0	1	37658
75.332	0.25	0	1	37666
75.35	0.25	0	1	37675
75.366	0.25	0	1	37683
75.382	0.25	0	1	37691
75.4	0.25	0	1	37700
75.416	0.25	1	2	37708
75.432	0.25	1	2	37716
75.45	0.25	1	2	37725
75.466	0.25	1	2	37733
75.482	0.25	0	1	37741
75.5	0.25	0	1	37750
75.516	0.25	0	1	37758
75.532	0.25	0	1	37766
75.55	0.25	0	1	37775
75.566	0.25	0	1	37783
75.582	0.25	0	1	37791
75.6	0.25	0	1	37800
75.616	0.25	0	1	37808
75.632	0.25	0	1	37816
75.65	0.25	0	1	37825
75.666	0.25	0	1	37833
75.682	0.25	0	1	37841
75.7	0.25	0	1	37850
75.716	0.25	1	2	37858
75.732	0.25	1	2	37866
75.75	0.25	1	2	37875
75.766	0.25	1	2	37883
75.782	0.25	0	1	37891
75.8	0.25	0	1	37900
75.816	0.25	0	1	37908
75.832	0.25	0	1	37916
75.85	0.25	0	1	37925
75.866	0.25	0	1	37933
75.882	0.25	0	1	37941
75.9	0.25	0	1	37950
75.916	0.25	0	1	37958
75.932	0.25	0	1	37966
75.95	0.25	0	1	37975
75.966	0.25	0	1	37983
75.982	0.25	0	1	37991
76.0	0.25	1	2	38000
76.016	0.25	1	2	38008
76.032	0.25	1	2	38016
76.05	0.25	1	2	38025
76.066	0.25	0	1	38033
76.082	0.25	0	1	38041
76.1	0.25	0	1	38050
76.116	0.25	0	1	38058
76.132	0.25	0	1	38066
76.15	0.25	0	1	38075
76.166	0.25	0	1	38083
76.182	0.25	0	1	38091
76.2	0.25	0	1	38100
76.216	0.25	0	1	38108
76.232	0.25	0	1	38116
76.25	0.25	0	1	38125
76.266	0.25	0	1	38133
76.282	0.25	0	1	38141
76.3	0.25	0	1	38150
76.316	0.25	0	1	38158
76.332	0.25	1	2	38166
76.35	0.25	1	2	38175
76.366	0.25	1	2	38183
76.382	0.25	1	2	38191
76.4	0.25	0	1	38200
76.416	0.25	0	1	38208
76.432	0.25	0	1	38216
76.45	0.25	0	1	38225
76.466	0.25	0	1	38233
76.482	0.25	0	1	38241
76.5	0.25	0	1	38250
76.516	0.25	0	1	38258
76.532	0.25	0	1	38266
76.55	0.25	0	1	38275
76.566	0.25	0	1	38283
76.582	0.25	0	1	38291
78.05	0.25	0	1	39025
78.066	0.25	1	2	39033
78.082	0.25	1	2	39041
78.1	0.25	1	2	39050
78.116	0.25	1	2	39058
78.132	0.25	0	1	39066
78.15	0.25	0	1	39075
78.166	0.25	0	1	39083
78.182	0.25	0	1	39091
78.2	0.25	0	1	39100
78.216	0.25	0	1	39108
78.232	0.25	0	1	39116
78.25	0.25	0	1	39125
78.266	0.25	0	1	39133
78.282	0.25	0	1	39141
78.3	0.25	0	1	39150
78.316	0.25	0	1	39158
78.332	0.25	0	1	39166
78.35	0.25	0	1	39175
78.366	0.25	0	1	39183
78.382	0.25	0	1	39191
78.4	0.25	0	1	39200
78.416	0.25	0	1	39208
78.432	0.25	0	1	39216
78.45	0.25	0	1	39225
78.466	0.25	0	1	39233
78.482	0.25	0	1	39241
78.5	0.25	0	1	39250
78.516	0.25	0	1	39258
78.532	0.25	0	1	39266
78.55	0.25	1	2	39275
78.566	0.25	1	2	39283
78.582	0.25	1	2	39291
78.6	0.25	1	2	39300
78.616	0.25	0	1	39308
78.632	0.25	0	1	39316
78.65	0.25	0	1	39325
78.666	0.25	0	1	39333
78.682	0.25	0	1	39341
78.7	0.25	0	1	39350
78.716	0.25	0	1	39358
78.732	0.25	0	1	39366
78.75	0.25	0	1	39375
78.766	0.25	0	1	39383
78.782	0.25	0	1	39391
78.8	0.25	0	1	39400
78.816	0.25	0	1	39408
78.832	0.25	0	1	39416
78.85	0.25	0	1	39425
78.866	0.25	0	1	39433
78.882	0.25	0	1	39441
78.9	0.25	0	1	39450
78.916	0.25	0	1	39458
78.932	0.25	0	1	39466
78.95	0.25	0	1	39475
78.966	0.25	0	1	39483
78.982	0.25	0	1	39491
79.0	0.25	0	1	39500
79.016	0.25	1	2	39508
79.032	0.25	1	2	39516
79.05	0.25	1	2	39525
79.066	0.25	1	2	39533
79.082	0.25	0	1	39541
79.1	0.25	0	1	39550
79.116	0.25	0	1	39558
79.132	0.25	0	1	39566
79.15	0.25	0	1	39575
79.166	0.25	0	1	39583
79.182	0.25	0	1	39591
79.2	0.25	0	1	39600
79.216	0.25	0	1	39608
79.232	0.25	0	1	39616
79.25	0.25	0	1	39625
79.266	0.25	0	1	39633
79.282	0.25	0	1	39641
79.3	0.25	0	1	39650
79.316	0.25	0	1	39658
79.332	0.25	0	1	39666
79.35	0.25	0	1	39675
79.366	0.25	0	1	39683
79.382	0.25	0	1	39691
79.4	0.25	0	1	39700
79.416	0.25	0	1	39708
79.432	0.25	1	2	39716
79.45	0.25	1	2	39725
79.466	0.25	1	2	39733
79.482	0.25	1	2	39741
79.5	0.25	0	1	39750
79.516	0.25	0	1	39758
79.532	0.25	0	1	39766
79.55	0.25	0	1	39775
79.566	0.25	0	1	39783
79.582	0.25	0	1	39791
79.6	0.25	0	1	39800
79.616	0.25	0	1	39808
79.632	0.25	0	1	39816
79.65	0.25	0	1	39825
79.666	0.25	0	1	39833
79.682	0.25	0	1	39841
79.7	0.25	0	1	39850
79.716	0.25	0	1	39858
79.732	0.25	0	1	39866
79.75	0.25	0	1	39875
79.766	0.25	0	1	39883
79.782	0.25	0	1	39891
79.8	0.25	0	1	39900
79.816	0.25	0	1	39908
79.832	0.25	0	1	39916
79.85	0.25	0	1	39925
79.866	0.25	1	2	39933
79.882	0.25	1	2	39941
79.9	0.25	1	2	39950
79.916	0.25	1	2	39958
79.932	0.25	0	1	39966
79.95	0.25	0	1	39975
79.966	0.25	0	1	39983
79.982	0.25	0	1	39991
83.6	0.25	0	1	41800
83.616	0.25	0	1	41808
83.632	0.25	0	1	41816
83.65	0.25	0	1	41825
83.666	0.25	0	1	41833
83.682	0.25	0	1	41841
83.7	0.25	0	1	41850
83.716	0.25	0	1	41858
83.732	0.25	0	1	41866
83.75	0.25	0	1	41875
83.766	0.25	0	1	41883
83.782	0.25	0	1	41891
83.8	0.25	0	1	41900
83.816	0.25	0	1	41908
83.832	0.25	0	1	41916
83.85	0.25	0	1	41925
83.866	0.25	0	1	41933
83.882	0.25	0	1	41941
83.9	0.25	1	2	41950
83.916	0.25	1	2	41958
83.932	0.25	1	2	41966
83.95	0.25	1	2	41975
83.966	0.25	0	1	41983
83.982	0.25	0	1	41991
84.0	0.25	0	1	42000
84.016	0.25	0	1	42008
84.032	0.25	0	1	42016
84.05	0.25	0	1	42025
84.066	0.25	0	1	42033
84.082	0.25	0	1	42041
84.1	0.25	0	1	42050
84.116	0.25	0	1	42058
84.132	0.25	0	1	42066
84.15	0.25	0	1	42075
84.166	0.25	0	1	42083
84.182	0.25	0	1	42091
84.2	0.25	0	1	42100
84.216	0.25	0	1	42108
84.232	0.25	0	1	42116
84.25	0.25	0	1	42125
84.266	0.25	0	1	42133
84.282	0.25	0	1	42141
84.3	0.25	1	2	42150
84.316	0.25	1	2	42158
84.332	0.25	1	2	42166
84.35	0.25	1	2	42175
84.366	0.25	0	1	42183
84.382	0.25	0	1	42191
84.4	0.25	0	1	42200
84.416	0.25	0	1	42208
84.432	0.25	0	1	42216
84.45	0.25	0	1	42225
84.466	0.25	0	1	42233
84.482	0.25	0	1	42241
84.5	0.25	0	1	42250
84.516	0.25	0	1	42258
84.532	0.25	0	1	42266
84.55	0.25	0	1	42275
84.566	0.25	0	1	42283
84.582	0.25	1	2	42291
84.6	0.25	1	2	42300
84.616	0.25	1	2	42308
84.632	0.25	1	2	42316
84.65	0.25	0	1	42325
84.666	0.25	0	1	42333
84.682	0.25	0	1	42341
84.7	0.25	0	1	42350
84.716	0.25	0	1	42358
84.732	0.25	0	1	42366
84.75	0.25	0	1	42375
84.766	0.25	0	1	42383
84.782	0.25	0	1	42391
84.8	0.25	0	1	42400
84.816	0.25	0	1	42408
84.832	0.25	0	1	42416
84.85	0.25	0	1	42425
84.866	0.25	0	1	42433
84.882	0.25	0	1	42441
84.9	0.25	0	1	42450
84.916	0.25	0	1	42458
84.932	0.25	0	1	42466
84.95	0.25	1	2	42475
84.966	0.25	1	2	42483
84.982	0.25	1	2	42491
85.0	0.25	1	2	42500
85.016	0.25	0	1	42508
85.032	0.25	0	1	42516
85.05	0.25	0	1	42525
85.066	0.25	0	1	42533
85.082	0.25	0	1	42541
85.1	0.25	0	1	42550
85.116	0.25	0	1	42558
85.132	0.25	0	1	42566
85.15	0.25	0	1	42575
85.166	0.25	0	1	42583
85.182	0.25	0	1	42591
85.2	0.25	0	1	42600
85.216	0.25	0	1	42608
85.232	0.25	0	1	42616
85.25	0.25	0	1	42625
85.266	0.25	0	1	42633
85.282	0.25	0	1	42641
85.3	0.25	0	1	42650
85.316	0.25	0	1	42658
85.332	0.25	0	1	42666
85.35	0.25	0	1	42675
85.366	0.25	0	1	42683
85.382	0.25	0	1	42691
85.4	0.25	0	1	42700
85.416	0.25	1	2	42708
85.432	0.25	1	2	42716
85.45	0.25	1	2	42725
85.466	0.25	1	2	42733
85.482	0.25	0	1	42741
85.5	0.25	0	1	42750
85.516	0.25	0	1	42758
85.532	0.25	0	1	42766
87.0	0.25	0	1	43500
87.016	0.25	1	2	43508
87.032	0.25	1	2	43516
87.05	0.25	1	2	43525
87.066	0.25	1	2	43533
87.082	0.25	0	1	43541
87.1	0.25	0	1	43550
87.116	0.25	0	1	43558
87.132	0.25	0	1	43566
87.15	0.25	0	1	43575
87.166	0.25	0	1	43583
87.182	0.25	0	1	43591
87.2	0.25	0	1	43600
87.216	0.25	0	1	43608
87.232	0.25	0	1	43616
87.25	0.25	0	1	43625
87.266	0.25	0	1	43633
87.282	0.25	0	1	43641
87.3	0.25	0	1	43650
87.316	0.25	0	1	43658
87.332	0.25	0	1	43666
87.35	0.25	0	1	43675
87.366	0.25	0	1	43683
87.382	0.25	0	1	43691
87.4	0.25	0	1	43700
87.416	0.25	0	1	43708
87.432	0.25	0	1	43716
87.45	0.25	0	1	43725
87.466	0.25	0	1	43733
87.482	0.25	0	1	43741
87.5	0.25	1	2	43750
87.516	0.25	1	2	43758
87.532	0.25	1	2	43766
87.55	0.25	1	2	43775
87.566	0.25	0	1	43783
87.582	0.25	0	1	43791
87.6	0.25	0	1	43800
87.616	0.25	0	1	43808
87.632	0.25	0	1	43816
87.65	0.25	0	1	43825
87.666	0.25	0	1	43833
87.682	0.25	0	1	43841
87.7	0.25	0	1	43850
87.716	0.25	0	1	43858
87.732	0.25	0	1	43866
87.75	0.25	0	1	43875
87.766	0.25	0	1	43883
87.782	0.25	0	1	43891
87.8	0.25	0	1	43900
87.816	0.25	0	1	43908
87.832	0.25	0	1	43916
87.85	0.25	0	1	43925
87.866	0.25	0	1	43933
87.882	0.25	0	1	43941
87.9	0.25	0	1	43950
87.916	0.25	0	1	43958
87.932	0.25	0	1	43966
87.95	0.25	0	1	43975
87.966	0.25	1	2	43983
87.982	0.25	1	2	43991
88.0	0.25	1	2	44000
88.016	0.25	1	2	44008
88.032	0.25	0	1	44016
88.05	0.25	0	1	44025
88.066	0.25	0	1	44033
88.082	0.25	0	1	44041
88.1	0.25	0	1	44050
88.116	0.25	0	1	44058
88.132	0.25	0	1	44066
88.15	0.25	0	1	44075
88.166	0.25	0	1	44083
88.182	0.25	0	1	44091
88.2	0.25	0	1	44100
88.216	0.25	0	1	44108
88.232	0.25	0	1	44116
88.25	0.25	0	1	44125
88.266	0.25	0	1	44133
88.282	0.25	0	1	44141
88.3	0.25	0	1	44150
88.316	0.25	0	1	44158
88.332	0.25	0	1	44166
88.35	0.25	0	1	44175
88.366	0.25	0	1	44183
88.382	0.25	1	2	44191
88.4	0.25	1	2	44200
88.416	0.25	1	2	44208
88.432	0.25	1	2	44216
88.45	0.25	0	1	44225
88.466	0.25	0	1	44233
88.482	0.25	0	1	44241
88.5	0.25	0	1	44250
88.516	0.25	0	1	44258
88.532	0.25	0	1	44266
88.55	0.25	0	1	44275
88.566	0.25	0	1	44283
88.582	0.25	0	1	44291
88.6	0.25	0	1	44300
88.616	0.25	0	1	44308
88.632	0.25	0	1	44316
88.65	0.25	0	1	44325
88.666	0.25	0	1	44333
88.682	0.25	0	1	44341
88.7	0.25	0	1	44350
88.716	0.25	0	1	44358
88.732	0.25	0	1	44366
88.75	0.25	0	1	44375
88.766	0.25	0	1	44383
88.782	0.25	0	1	44391
88.8	0.25	0	1	44400
88.816	0.25	1	2	44408
88.832	0.25	1	2	44416
88.85	0.25	1	2	44425
88.866	0.25	1	2	44433
88.882	0.25	0	1	44441
88.9	0.25	0	1	44450
88.916	0.25	0	1	44458
88.932	0.25	0	1	44466
90.432	0.25	0	1	45216
90.45	0.25	0	1	45225
90.466	0.25	0	1	45233
90.482	0.25	0	1	45241
90.5	0.25	0	1	45250
90.516	0.25	0	1	45258
90.532	0.25	0	1	45266
90.55	0.25	0	1	45275
90.566	0.25	0	1	45283
90.582	0.25	0	1	45291
90.6	0.25	0	1	45300
90.616	0.25	0	1	45308
90.632	0.25	0	1	45316
90.65	0.25	0	1	45325
90.666	0.25	0	1	45333
90.682	0.25	1	2	45341
90.7	0.25	1	2	45350
90.716	0.25	1	2	45358
90.732	0.25	1	2	45366
90.75	0.25	0	1	45375
90.766	0.25	0	1	45383
90.782	0.25	0	1	45391
90.8	0.25	0	1	45400
90.816	0.25	0	1	45408
90.832	0.25	0	1	45416
90.85	0.25	0	1	45425
90.866	0.25	0	1	45433
90.882	0.25	0	1	45441
90.9	0.25	0	1	45450
90.916	0.25	0	1	45458
90.932	0.25	0	1	45466
90.95	0.25	0	1	45475
90.966	0.25	0	1	45483
90.982	0.25	0	1	45491
91.0	0.25	0	1	45500
91.016	0.25	0	1	45508
91.032	0.25	0	1	45516
91.05	0.25	0	1	45525
91.066	0.25	0	1	45533
91.082	0.25	0	1	45541
91.1	0.25	0	1	45550
91.116	0.25	1	2	45558
91.132	0.25	1	2	45566
91.15	0.25	1	2	45575
91.166	0.25	1	2	45583
91.182	0.25	0	1	45591
91.2	0.25	0	1	45600
91.216	0.25	0	1	45608
91.232	0.25	0	1	45616
91.25	0.25	0	1	45625
91.266	0.25	0	1	45633
91.282	0.25	0	1	45641
91.3	0.25	0	1	45650
91.316	0.25	0	1	45658
91.332	0.25	0	1	45666
91.35	0.25	0	1	45675
91.366	0.25	0	1	45683
91.382	0.25	0	1	45691
91.4	0.25	0	1	45700
91.416	0.25	0	1	45708
91.432	0.25	0	1	45716
91.45	0.25	0	1	45725
91.466	0.25	0	1	45733
91.482	0.25	0	1	45741
91.5	0.25	0	1	45750
91.516	0.25	0	1	45758
91.532	0.25	0	1	45766
91.55	0.25	0	1	45775
91.566	0.25	0	1	45783
91.582	0.25	1	2	45791
91.6	0.25	1	2	45800
91.616	0.25	1	2	45808
91.632	0.25	1	2	45816
91.65	0.25	0	1	45825
91.666	0.25	0	1	45833
91.682	0.25	0	1	45841
91.7	0.25	0	1	45850
91.716	0.25	0	1	45858
91.732	0.25	0	1	45866
91.75	0.25	0	1	45875
91.766	0.25	0	1	45883
91.782	0.25	0	1	45891
91.8	0.25	0	1	45900
91.816	0.25	0	1	45908
91.832	0.25	0	1	45916
91.85	0.25	0	1	45925
91.866	0.25	0	1	45933
91.882	0.25	1	2	45941
91.9	0.25	1	2	45950
91.916	0.25	1	2	45958
91.932	0.25	1	2	45966
91.95	0.25	0	1	45975
91.966	0.25	0	1	45983
91.982	0.25	0	1	45991
92.0	0.25	0	1	46000
92.016	0.25	0	1	46008
92.032	0.25	0	1	46016
92.05	0.25	0	1	46025
92.066	0.25	0	1	46033
92.082	0.25	0	1	46041
92.1	0.25	0	1	46050
92.116	0.25	0	1	46058
92.132	0.25	0	1	46066
92.15	0.25	0	1	46075
92.166	0.25	0	1	46083
92.182	0.25	0	1	46091
92.2	0.25	0	1	46100
92.216	0.25	0	1	46108
92.232	0.25	0	1	46116
92.25	0.25	0	1	46125
92.266	0.25	0	1	46133
92.282	0.25	0	1	46141
92.3	0.25	0	1	46150
92.316	0.25	1	2	46158
92.332	0.25	1	2	46166
92.35	0.25	1	2	46175
92.366	0.25	1	2	46183
93.85	0.25	0	1	46925
93.866	0.25	0	1	46933
93.882	0.25	0	1	46941
93.9	0.25	0	1	46950
93.916	0.25	0	1	46958
93.932	0.25	0	1	46966
93.95	0.25	0	1	46975
93.966	0.25	0	1	46983
93.982	0.25	0	1	46991
94.0	0.25	0	1	47000
94.016	0.25	0	1	47008
94.032	0.25	0	1	47016
94.05	0.25	0	1	47025
94.066	0.25	0	1	47033
94.082	0.25	0	1	47041
94.1	0.25	0	1	47050
94.116	0.25	0	1	47058
94.132	0.25	0	1	47066
94.15	0.25	0	1	47075
94.166	0.25	0	1	47083
94.182	0.25	0	1	47091
94.2	0.25	0	1	47100
94.216	0.25	0	1	47108
94.232	0.25	1	2	47116
94.25	0.25	1	2	47125
94.266	0.25	1	2	47133
94.282	0.25	1	2	47141
94.3	0.25	0	1	47150
94.316	0.25	0	1	47158
94.332	0.25	0	1	47166
94.35	0.25	0	1	47175
94.366	0.25	0	1	47183
94.382	0.25	0	1	47191
94.4	0.25	0	1	47200
94.416	0.25	0	1	47208
94.432	0.25	0	1	47216
94.45	0.25	0	1	47225
94.466	0.25	0	1	47233
94.482	0.25	0	1	47241
94.5	0.25	0	1	47250
94.516	0.25	0	1	47258
94.532	0.25	0	1	47266
94.55	0.25	0	1	47275
94.566	0.25	0	1	47283
94.582	0.25	0	1	47291
94.6	0.25	0	1	47300
94.616	0.25	1	2	47308
94.632	0.25	1	2	47316
94.65	0.25	1	2	47325
94.666	0.25	1	2	47333
94.682	0.25	0	1	47341
94.7	0.25	0	1	47350
94.716	0.25	0	1	47358
94.732	0.25	0	1	47366
94.75	0.25	0	1	47375
94.766	0.25	0	1	47383
94.782	0.25	0	1	47391
94.8	0.25	0	1	47400
94.816	0.25	0	1	47408
94.832	0.25	0	1	47416
94.85	0.25	0	1	47425
94.866	0.25	0	1	47433
94.882	0.25	0	1	47441
94.9	0.25	0	1	47450
94.916	0.25	1	2	47458
94.932	0.25	1	2	47466
94.95	0.25	1	2	47475
94.966	0.25	1	2	47483
94.982	0.25	0	1	47491
95.0	0.25	0	1	47500
95.016	0.25	0	1	47508
95.032	0.25	0	1	47516
95.05	0.25	0	1	47525
95.066	0.25	0	1	47533
95.082	0.25	0	1	47541
95.1	0.25	0	1	47550
95.116	0.25	0	1	47558
95.132	0.25	0	1	47566
95.15	0.25	0	1	47575
95.166	0.25	0	1	47583
95.182	0.25	0	1	47591
95.2	0.25	1	2	47600
95.216	0.25	1	2	47608
95.232	0.25	1	2	47616
95.25	0.25	1	2	47625
95.266	0.25	0	1	47633
95.282	0.25	0	1	47641
95.3	0.25	0	1	47650
95.316	0.25	0	1	47658
95.332	0.25	0	1	47666
95.35	0.25	0	1	47675
95.366	0.25	0	1	47683
95.382	0.25	0	1	47691
95.4	0.25	0	1	47700
95.416	0.25	0	1	47708
95.432	0.25	0	1	47716
95.45	0.25	0	1	47725
95.466	0.25	0	1	47733
95.482	0.25	0	1	47741
95.5	0.25	0	1	47750
95.516	0.25	0	1	47758
95.532	0.25	1	2	47766
95.55	0.25	1	2	47775
95.566	0.25	1	2	47783
95.582	0.25	1	2	47791
95.6	0.25	0	1	47800
95.616	0.25	0	1	47808
95.632	0.25	0	1	47816
95.65	0.25	0	1	47825
95.666	0.25	0	1	47833
95.682	0.25	0	1	47841
95.7	0.25	0	1	47850
95.716	0.25	0	1	47858
95.732	0.25	0	1	47866
95.75	0.25	0	1	47875
95.766	0.25	0	1	47883
95.782	0.25	0	1	47891
98.05	0.25	0	1	49025
98.066	0.25	1	2	49033
98.082	0.25	1	2	49041
98.1	0.25	1	2	49050
98.116	0.25	1	2	49058
98.132	0.25	0	1	49066
98.15	0.25	0	1	49075
98.166	0.25	0	1	49083
98.182	0.25	0	1	49091
98.2	0.25	0	1	49100
98.216	0.25	0	1	49108
98.232	0.25	0	1	49116
98.25	0.25	0	1	49125
98.266	0.25	0	1	49133
98.282	0.25	0	1	49141
98.3	0.25	0	1	49150
98.316	0.25	0	1	49158
98.332	0.25	0	1	49166
98.35	0.25	0	1	49175
98.366	0.25	0	1	49183
98.382	0.25	0	1	49191
98.4	0.25	0	1	49200
98.416	0.25	0	1	49208
98.432	0.25	0	1	49216
98.45	0.25	0	1	49225
98.466	0.25	0	1	49233
98.482	0.25	0	1	49241
98.5	0.25	0	1	49250
98.516	0.25	0	1	49258
98.532	0.25	0	1	49266
98.55	0.25	1	2	49275
98.566	0.25	1	2	49283
98.582	0.25	1	2	49291
98.6	0.25	1	2	49300
98.616	0.25	0	1	49308
98.632	0.25	0	1	49316
98.65	0.25	0	1	49325
98.666	0.25	0	1	49333
98.682	0.25	0	1	49341
98.7	0.25	0	1	49350
98.716	0.25	0	1	49358
98.732	0.25	0	1	49366
98.75	0.25	0	1	49375
98.766	0.25	0	1	49383
98.782	0.25	0	1	49391
98.8	0.25	0	1	49400
98.816	0.25	0	1	49408
98.832	0.25	0	1	49416
98.85	0.25	0	1	49425
98.866	0.25	0	1	49433
98.882	0.25	0	1	49441
98.9	0.25	0	1	49450
98.916	0.25	0	1	49458
98.932	0.25	0	1	49466
98.95	0.25	0	1	49475
98.966	0.25	0	1	49483
98.982	0.25	0	1	49491
99.0	0.25	0	1	49500
99.016	0.25	1	2	49508
99.032	0.25	1	2	49516
99.05	0.25	1	2	49525
99.066	0.25	1	2	49533
99.082	0.25	0	1	49541
99.1	0.25	0	1	49550
99.116	0.25	0	1	49558
99.132	0.25	0	1	49566
99.15	0.25	0	1	49575
99.166	0.25	0	1	49583
99.182	0.25	0	1	49591
99.2	0.25	0	1	49600
99.216	0.25	0	1	49608
99.232	0.25	0	1	49616
99.25	0.25	0	1	49625
99.266	0.25	0	1	49633
99.282	0.25	0	1	49641
99.3	0.25	0	1	49650
99.316	0.25	0	1	49658
99.332	0.25	0	1	49666
99.35	0.25	0	1	49675
99.366	0.25	0	1	49683
99.382	0.25	0	1	49691
99.4	0.25	0	1	49700
99.416	0.25	0	1	49708
99.432	0.25	1	2	49716
99.45	0.25	1	2	49725
99.466	0.25	1	2	49733
99.482	0.25	1	2	49741
99.5	0.25	0	1	49750
99.516	0.25	0	1	49758
99.532	0.25	0	1	49766
99.55	0.25	0	1	49775
99.566	0.25	0	1	49783
99.582	0.25	0	1	49791
99.6	0.25	0	1	49800
99.616	0.25	0	1	49808
99.632	0.25	0	1	49816
99.65	0.25	0	1	49825
99.666	0.25	0	1	49833
99.682	0.25	0	1	49841
99.7	0.25	0	1	49850
99.716	0.25	0	1	49858
99.732	0.25	0	1	49866
99.75	0.25	0	1	49875
99.766	0.25	0	1	49883
99.782	0.25	0	1	49891
99.8	0.25	0	1	49900
99.816	0.25	0	1	49908
99.832	0.25	0	1	49916
99.85	0.25	0	1	49925
99.866	0.25	1	2	49933
99.882	0.25	1	2	49941
99.9	0.25	1	2	49950
99.916	0.25	1	2	49958
99.932	0.25	0	1	49966
99.95	0.25	0	1	49975
99.966	0.25	0	1	49983
99.982	0.25	0	1	49991
101.482	0.25	0	1	50741
101.5	0.25	0	1	50750
101.516	0.25	0	1	50758
101.532	0.25	0	1	50766
101.55	0.25	0	1	50775
101.566	0.25	0	1	50783
101.582	0.25	0	1	50791
101.6	0.25	0	1	50800
101.616	0.25	0	1	50808
101.632	0.25	0	1	50816
101.65	0.25	0	1	50825
101.666	0.25	0	1	50833
101.682	0.25	0	1	50841
101.7	0.25	0	1	50850
101.716	0.25	0	1	50858
101.732	0.25	0	1	50866
101.75	0.25	0	1	50875
101.766	0.25	0	1	50883
101.782	0.25	0	1	50891
101.8	0.25	0	1	50900
101.816	0.25	0	1	50908
101.832	0.25	0	1	50916
101.85	0.25	0	1	50925
101.866	0.25	1	2	50933
101.882	0.25	1	2	50941
101.9	0.25	1	2	50950
101.916	0.25	1	2	50958
101.932	0.25	0	1	50966
101.95	0.25	0	1	50975
101.966	0.25	0	1	50983
101.982	0.25	0	1	50991
102.0	0.25	0	1	51000
102.016	0.25	0	1	51008
102.032	0.25	0	1	51016
102.05	0.25	0	1	51025
102.066	0.25	0	1	51033
102.082	0.25	0	1	51041
102.1	0.25	0	1	51050
102.116	0.25	0	1	51058
102.132	0.25	0	1	51066
102.15	0.25	0	1	51075
102.166	0.25	0	1	51083
102.182	0.25	0	1	51091
102.2	0.25	0	1	51100
102.216	0.25	0	1	51108
102.232	0.25	0	1	51116
102.25	0.25	1	2	51125
102.266	0.25	1	2	51133
102.282	0.25	1	2	51141
102.3	0.25	1	2	51150
102.316	0.25	0	1	51158
102.332	0.25	0	1	51166
102.35	0.25	0	1	51175
102.366	0.25	0	1	51183
102.382	0.25	0	1	51191
102.4	0.25	0	1	51200
102.416	0.25	0	1	51208
102.432	0.25	0	1	51216
102.45	0.25	0	1	51225
102.466	0.25	0	1	51233
102.482	0.25	0	1	51241
102.5	0.25	0	1	51250
102.516	0.25	0	1	51258
102.532	0.25	0	1	51266
102.55	0.25	1	2	51275
102.566	0.25	1	2	51283
102.582	0.25	1	2	51291
102.6	0.25	1	2	51300
102.616	0.25	0	1	51308
102.632	0.25	0	1	51316
102.65	0.25	0	1	51325
102.666	0.25	0	1	51333
102.682	0.25	0	1	51341
102.7	0.25	0	1	51350
102.716	0.25	0	1	51358
102.732	0.25	0	1	51366
102.75	0.25	0	1	51375
102.766	0.25	0	1	51383
102.782	0.25	0	1	51391
102.8	0.25	0	1	51400
102.816	0.25	0	1	51408
102.832	0.25	1	2	51416
102.85	0.25	1	2	51425
102.866	0.25	1	2	51433
102.882	0.25	1	2	51441
102.9	0.25	0	1	51450
102.916	0.25	0	1	51458
102.932	0.25	0	1	51466
102.95	0.25	0	1	51475
102.966	0.25	0	1	51483
102.982	0.25	0	1	51491
103.0	0.25	0	1	51500
103.016	0.25	0	1	51508
103.032	0.25	0	1	51516
103.05	0.25	0	1	51525
103.066	0.25	0	1	51533
103.082	0.25	0	1	51541
103.1	0.25	0	1	51550
103.116	0.25	0	1	51558
103.132	0.25	0	1	51566
103.15	0.25	0	1	51575
103.166	0.25	1	2	51583
103.182	0.25	1	2	51591
103.2	0.25	1	2	51600
103.216	0.25	1	2	51608
103.232	0.25	0	1	51616
103.25	0.25	0	1	51625
103.266	0.25	0	1	51633
103.282	0.25	0	1	51641
103.3	0.25	0	1	51650
103.316	0.25	0	1	51658
103.332	0.25	0	1	51666
103.35	0.25	0	1	51675
103.366	0.25	0	1	51683
103.382	0.25	0	1	51691
103.4	0.25	0	1	51700
103.416	0.25	0	1	51708
104.9	0.25	0	1	52450
104.916	0.25	0	1	52458
104.932	0.25	0	1	52466
104.95	0.25	0	1	52475
104.966	0.25	0	1	52483
104.982	0.25	0	1	52491
105.0	0.25	0	1	52500
105.016	0.25	0	1	52508
105.032	0.25	0	1	52516
105.05	0.25	0	1	52525
105.066	0.25	0	1	52533
105.082	0.25	0	1	52541
105.1	0.25	0	1	52550
105.116	0.25	0	1	52558
105.132	0.25	0	1	52566
105.15	0.25	1	2	52575
105.166	0.25	1	2	52583
105.182	0.25	1	2	52591
105.2	0.25	1	2	52600
105.216	0.25	0	1	52608
105.232	0.25	0	1	52616
105.25	0.25	0	1	52625
105.266	0.25	0	1	52633
105.282	0.25	0	1	52641
105.3	0.25	0	1	52650
105.316	0.25	0	1	52658
105.332	0.25	0	1	52666
105.35	0.25	0	1	52675
105.366	0.25	0	1	52683
105.382	0.25	0	1	52691
105.4	0.25	0	1	52700
105.416	0.25	0	1	52708
105.432	0.25	0	1	52716
105.45	0.25	0	1	52725
105.466	0.25	0	1	52733
105.482	0.25	0	1	52741
105.5	0.25	0	1	52750
105.516	0.25	0	1	52758
105.532	0.25	0	1	52766
105.55	0.25	0	1	52775
105.566	0.25	0	1	52783
105.582	0.25	1	2	52791
105.6	0.25	1	2	52800
105.616	0.25	1	2	52808
105.632	0.25	1	2	52816
105.65	0.25	0	1	52825
105.666	0.25	0	1	52833
105.682	0.25	0	1	52841
105.7	0.25	0	1	52850
105.716	0.25	0	1	52858
105.732	0.25	0	1	52866
105.75	0.25	0	1	52875
105.766	0.25	0	1	52883
105.782	0.25	0	1	52891
105.8	0.25	0	1	52900
105.816	0.25	0	1	52908
105.832	0.25	0	1	52916
105.85	0.25	0	1	52925
105.866	0.25	0	1	52933
105.882	0.25	0	1	52941
105.9	0.25	0	1	52950
105.916	0.25	0	1	52958
105.932	0.25	0	1	52966
105.95	0.25	0	1	52975
105.966	0.25	0	1	52983
105.982	0.25	0	1	52991
106.0	0.25	0	1	53000
106.016	0.25	0	1	53008
106.032	0.25	0	1	53016
106.05	0.25	1	2	53025
106.066	0.25	1	2	53033
106.082	0.25	1	2	53041
106.1	0.25	1	2	53050
106.116	0.25	0	1	53058
106.132	0.25	0	1	53066
106.15	0.25	0	1	53075
106.166	0.25	0	1	53083
106.182	0.25	0	1	53091
106.2	0.25	0	1	53100
106.216	0.25	0	1	53108
106.232	0.25	0	1	53116
106.25	0.25	0	1	53125
106.266	0.25	0	1	53133
106.282	0.25	0	1	53141
106.3	0.25	0	1	53150
106.316	0.25	0	1	53158
106.332	0.25	0	1	53166
106.35	0.25	1	2	53175
106.366	0.25	1	2	53183
106.382	0.25	1	2	53191
106.4	0.25	1	2	53200
106.416	0.25	0	1	53208
106.432	0.25	0	1	53216
106.45	0.25	0	1	53225
106.466	0.25	0	1	53233
106.482	0.25	0	1	53241
106.5	0.25	0	1	53250
106.516	0.25	0	1	53258
106.532	0.25	0	1	53266
106.55	0.25	0	1	53275
106.566	0.25	0	1	53283
106.582	0.25	0	1	53291
106.6	0.25	0	1	53300
106.616	0.25	0	1	53308
106.632	0.25	0	1	53316
106.65	0.25	0	1	53325
106.666	0.25	0	1	53333
106.682	0.25	0	1	53341
106.7	0.25	0	1	53350
106.716	0.25	0	1	53358
106.732	0.25	0	1	53366
106.75	0.25	0	1	53375
106.766	0.25	0	1	53383
106.782	0.25	1	2	53391
106.8	0.25	1	2	53400
106.816	0.25	1	2	53408
106.832	0.25	1	2	53416
108.3	0.25	0	1	54150
108.316	0.25	0	1	54158
108.332	0.25	0	1	54166
108.35	0.25	0	1	54175
108.366	0.25	0	1	54183
108.382	0.25	0	1	54191
108.4	0.25	0	1	54200
108.416	0.25	0	1	54208
108.432	0.25	0	1	54216
108.45	0.25	0	1	54225
108.466	0.25	0	1	54233
108.482	0.25	0	1	54241
108.5	0.25	0	1	54250
108.516	0.25	0	1	54258
108.532	0.25	0	1	54266
108.55	0.25	0	1	54275
108.566	0.25	0	1	54283
108.582	0.25	0	1	54291
108.6	0.25	1	2	54300
108.616	0.25	1	2	54308
108.632	0.25	1	2	54316
108.65	0.25	1	2	54325
108.666	0.25	0	1	54333
108.682	0.25	0	1	54341
108.7	0.25	0	1	54350
108.716	0.25	0	1	54358
108.732	0.25	0	1	54366
108.75	0.25	0	1	54375
108.766	0.25	0	1	54383
108.782	0.25	0	1	54391
108.8	0.25	0	1	54400
108.816	0.25	0	1	54408
108.832	0.25	0	1	54416
108.85	0.25	0	1	54425
108.866	0.25	0	1	54433
108.882	0.25	0	1	54441
108.9	0.25	0	1	54450
108.916	0.25	0	1	54458
108.932	0.25	0	1	54466
108.95	0.25	0	1	54475
108.966	0.25	0	1	54483
108.982	0.25	0	1	54491
109.0	0.25	1	2	54500
109.016	0.25	1	2	54508
109.032	0.25	1	2	54516
109.05	0.25	1	2	54525
109.066	0.25	0	1	54533
109.082	0.25	0	1	54541
109.1	0.25	0	1	54550
109.116	0.25	0	1	54558
109.132	0.25	0	1	54566
109.15	0.25	0	1	54575
109.166	0.25	0	1	54583
109.182	0.25	0	1	54591
109.2	0.25	0	1	54600
109.216	0.25	0	1	54608
109.232	0.25	0	1	54616
109.25	0.25	0	1	54625
109.266	0.25	0	1	54633
109.282	0.25	1	2	54641
109.3	0.25	1	2	54650
109.316	0.25	1	2	54658
109.332	0.25	1	2	54666
109.35	0.25	0	1	54675
109.366	0.25	0	1	54683
109.382	0.25	0	1	54691
109.4	0.25	0	1	54700
109.416	0.25	0	1	54708
109.432	0.25	0	1	54716
109.45	0.25	0	1	54725
109.466	0.25	0	1	54733
109.482	0.25	0	1	54741
109.5	0.25	0	1	54750
109.516	0.25	0	1	54758
109.532	0.25	0	1	54766
109.55	0.25	0	1	54775
109.566	0.25	0	1	54783
109.582	0.25	0	1	54791
109.6	0.25	0	1	54800
109.616	0.25	0	1	54808
109.632	0.25	0	1	54816
109.65	0.25	1	2	54825
109.666	0.25	1	2	54833
109.682	0.25	1	2	54841
109.7	0.25	1	2	54850
109.716	0.25	0	1	54858
109.732	0.25	0	1	54866
109.75	0.25	0	1	54875
109.766	0.25	0	1	54883
109.782	0.25	0	1	54891
109.8	0.25	0	1	54900
109.816	0.25	0	1	54908
109.832	0.25	0	1	54916
109.85	0.25	0	1	54925
109.866	0.25	0	1	54933
109.882	0.25	0	1	54941
109.9	0.25	0	1	54950
109.916	0.25	0	1	54958
109.932	0.25	0	1	54966
109.95	0.25	0	1	54975
109.966	0.25	0	1	54983
109.982	0.25	0	1	54991
110.0	0.25	0	1	55000
110.016	0.25	0	1	55008
110.032	0.25	0	1	55016
110.05	0.25	0	1	55025
110.066	0.25	0	1	55033
110.082	0.25	0	1	55041
110.1	0.25	0	1	55050
110.116	0.25	1	2	55058
110.132	0.25	1	2	55066
110.15	0.25	1	2	55075
110.166	0.25	1	2	55083
110.182	0.25	0	1	55091
110.2	0.25	0	1	55100
110.216	0.25	0	1	55108
110.232	0.25	0	1	55116
112.45	0.25	0	1	56225
112.466	0.25	0	1	56233
112.482	0.25	0	1	56241
112.5	0.25	0	1	56250
112.516	0.25	0	1	56258
112.532	0.25	0	1	56266
112.55	0.25	0	1	56275
112.566	0.25	0	1	56283
112.582	0.25	0	1	56291
112.6	0.25	0	1	56300
112.616	0.25	0	1	56308
112.632	0.25	0	1	56316
112.65	0.25	0	1	56325
112.666	0.25	0	1	56333
112.682	0.25	0	1	56341
112.7	0.25	1	2	56350
112.716	0.25	1	2	56358
112.732	0.25	1	2	56366
112.75	0.25	1	2	56375
112.766	0.25	0	1	56383
112.782	0.25	0	1	56391
112.8	0.25	0	1	56400
112.816	0.25	0	1	56408
112.832	0.25	0	1	56416
112.85	0.25	0	1	56425
112.866	0.25	0	1	56433
112.882	0.25	0	1	56441
112.9	0.25	0	1	56450
112.916	0.25	0	1	56458
112.932	0.25	0	1	56466
112.95	0.25	0	1	56475
112.966	0.25	0	1	56483
112.982	0.25	0	1	56491
113.0	0.25	0	1	56500
113.016	0.25	0	1	56508
113.032	0.25	0	1	56516
113.05	0.25	0	1	56525
113.066	0.25	0	1	56533
113.082	0.25	0	1	56541
113.1	0.25	0	1	56550
113.116	0.25	0	1	56558
113.132	0.25	1	2	56566
113.15	0.25	1	2	56575
113.166	0.25	1	2	56583
113.182	0.25	1	2	56591
113.2	0.25	0	1	56600
113.216	0.25	0	1	56608
113.232	0.25	0	1	56616
113.25	0.25	0	1	56625
113.266	0.25	0	1	56633
113.282	0.25	0	1	56641
113.3	0.25	0	1	56650
113.316	0.25	0	1	56658
113.332	0.25	0	1	56666
113.35	0.25	0	1	56675
113.366	0.25	0	1	56683
113.382	0.25	0	1	56691
113.4	0.25	0	1	56700
113.416	0.25	0	1	56708
113.432	0.25	0	1	56716
113.45	0.25	0	1	56725
113.466	0.25	0	1	56733
113.482	0.25	0	1	56741
113.5	0.25	0	1	56750
113.516	0.25	0	1	56758
113.532	0.25	0	1	56766
113.55	0.25	0	1	56775
113.566	0.25	0	1	56783
113.582	0.25	0	1	56791
113.6	0.25	1	2	56800
113.616	0.25	1	2	56808
113.632	0.25	1	2	56816
113.65	0.25	1	2	56825
113.666	0.25	0	1	56833
113.682	0.25	0	1	56841
113.7	0.25	0	1	56850
113.716	0.25	0	1	56858
113.732	0.25	0	1	56866
113.75	0.25	0	1	56875
113.766	0.25	0	1	56883
113.782	0.25	0	1	56891
113.8	0.25	0	1	56900
113.816	0.25	0	1	56908
113.832	0.25	0	1	56916
113.85	0.25	0	1	56925
113.866	0.25	0	1	56933
113.882	0.25	0	1	56941
113.9	0.25	1	2	56950
113.916	0.25	1	2	56958
113.932	0.25	1	2	56966
113.95	0.25	1	2	56975
113.966	0.25	0	1	56983
113.982	0.25	0	1	56991
114.0	0.25	0	1	57000
114.016	0.25	0	1	57008
114.032	0.25	0	1	57016
114.05	0.25	0	1	57025
114.066	0.25	0	1	57033
114.082	0.25	0	1	57041
114.1	0.25	0	1	57050
114.116	0.25	0	1	57058
114.132	0.25	0	1	57066
114.15	0.25	0	1	57075
114.166	0.25	0	1	57083
114.182	0.25	0	1	57091
114.2	0.25	0	1	57100
114.216	0.25	0	1	57108
114.232	0.25	0	1	57116
114.25	0.25	0	1	57125
114.266	0.25	0	1	57133
114.282	0.25	0	1	57141
114.3	0.25	0	1	57150
114.316	0.25	0	1	57158
114.332	0.25	1	2	57166
114.35	0.25	1	2	57175
114.366	0.25	1	2	57183
114.382	0.25	1	2	57191
115.882	0.25	0	1	57941
115.9	0.25	1	2	57950
115.916	0.25	1	2	57958
115.932	0.25	1	2	57966
115.95	0.25	1	2	57975
115.966	0.25	0	1	57983
115.982	0.25	0	1	57991
116.0	0.25	0	1	58000
116.016	0.25	0	1	58008
116.032	0.25	0	1	58016
116.05	0.25	0	1	58025
116.066	0.25	0	1	58033
116.082	0.25	0	1	58041
116.1	0.25	0	1	58050
116.116	0.25	0	1	58058
116.132	0.25	0	1	58066
116.15	0.25	0	1	58075
116.166	0.25	0	1	58083
116.182	0.25	0	1	58091
116.2	0.25	0	1	58100
116.216	0.25	0	1	58108
116.232	0.25	0	1	58116
116.25	0.25	0	1	58125
116.266	0.25	0	1	58133
116.282	0.25	0	1	58141
116.3	0.25	0	1	58150
116.316	0.25	0	1	58158
116.332	0.25	0	1	58166
116.35	0.25	0	1	58175
116.366	0.25	0	1	58183
116.382	0.25	1	2	58191
116.4	0.25	1	2	58200
116.416	0.25	1	2	58208
116.432	0.25	1	2	58216
116.45	0.25	0	1	58225
116.466	0.25	0	1	58233
116.482	0.25	0	1	58241
116.5	0.25	0	1	58250
116.516	0.25	0	1	58258
116.532	0.25	0	1	58266
116.55	0.25	0	1	58275
116.566	0.25	0	1	58283
116.582	0.25	0	1	58291
116.6	0.25	0	1	58300
116.616	0.25	0	1	58308
116.632	0.25	0	1	58316
116.65	0.25	0	1	58325
116.666	0.25	0	1	58333
116.682	0.25	0	1	58341
116.7	0.25	0	1	58350
116.716	0.25	0	1	58358
116.732	0.25	0	1	58366
116.75	0.25	0	1	58375
116.766	0.25	0	1	58383
116.782	0.25	0	1	58391
116.8	0.25	0	1	58400
116.816	0.25	0	1	58408
116.832	0.25	0	1	58416
116.85	0.25	1	2	58425
116.866	0.25	1	2	58433
116.882	0.25	1	2	58441
116.9	0.25	1	2	58450
116.916	0.25	0	1	58458
116.932	0.25	0	1	58466
116.95	0.25	0	1	58475
116.966	0.25	0	1	58483
116.982	0.25	0	1	58491
117.0	0.25	0	1	58500
117.016	0.25	0	1	58508
117.032	0.25	0	1	58516
117.05	0.25	0	1	58525
117.066	0.25	0	1	58533
117.082	0.25	0	1	58541
117.1	0.25	0	1	58550
117.116	0.25	0	1	58558
117.132	0.25	0	1	58566
117.15	0.25	0	1	58575
117.166	0.25	0	1	58583
117.182	0.25	0	1	58591
117.2	0.25	0	1	58600
117.216	0.25	0	1	58608
117.232	0.25	0	1	58616
117.25	0.25	0	1	58625
117.266	0.25	1	2	58633
117.282	0.25	1	2	58641
117.3	0.25	1	2	58650
117.316	0.25	1	2	58658
117.332	0.25	0	1	58666
117.35	0.25	0	1	58675
117.366	0.25	0	1	58683
117.382	0.25	0	1	58691
117.4	0.25	0	1	58700
117.416	0.25	0	1	58708
117.432	0.25	0	1	58716
117.45	0.25	0	1	58725
117.466	0.25	0	1	58733
117.482	0.25	0	1	58741
117.5	0.25	0	1	58750
117.516	0.25	0	1	58758
117.532	0.25	0	1	58766
117.55	0.25	0	1	58775
117.566	0.25	0	1	58783
117.582	0.25	0	1	58791
117.6	0.25	0	1	58800
117.616	0.25	0	1	58808
117.632	0.25	0	1	58816
117.65	0.25	0	1	58825
117.666	0.25	0	1	58833
117.682	0.25	0	1	58841
117.7	0.25	1	2	58850
117.716	0.25	1	2	58858
117.732	0.25	1	2	58866
117.75	0.25	1	2	58875
117.766	0.25	0	1	58883
117.782	0.25	0	1	58891
117.8	0.25	0	1	58900
117.816	0.25	0	1	58908
119.3	0.25	0	1	59650
119.316	0.25	0	1	59658
119.332	0.25	0	1	59666
119.35	0.25	0	1	59675
119.366	0.25	0	1	59683
119.382	0.25	0	1	59691
119.4	0.25	0	1	59700
119.416	0.25	0	1	59708
119.432	0.25	0	1	59716
119.45	0.25	0	1	59725
119.466	0.25	0	1	59733
119.482	0.25	0	1	59741
119.5	0.25	0	1	59750
119.516	0.25	0	1	59758
119.532	0.25	0	1	59766
119.55	0.25	0	1	59775
119.566	0.25	0	1	59783
119.582	0.25	0	1	59791
119.6	0.25	1	2	59800
119.616	0.25	1	2	59808
119.632	0.25	1	2	59816
119.65	0.25	1	2	59825
119.666	0.25	0	1	59833
119.682	0.25	0	1	59841
119.7	0.25	0	1	59850
119.716	0.25	0	1	59858
119.732	0.25	0	1	59866
119.75	0.25	0	1	59875
119.766	0.25	0	1	59883
119.782	0.25	0	1	59891
119.8	0.25	0	1	59900
119.816	0.25	0	1	59908
119.832	0.25	0	1	59916
119.85	0.25	0	1	59925
119.866	0.25	0	1	59933
119.882	0.25	0	1	59941
119.9	0.25	0	1	59950
119.916	0.25	0	1	59958
119.932	0.25	0	1	59966
119.95	0.25	0	1	59975
119.966	0.25	0	1	59983
119.982	0.25	0	1	59991
120.0	0.25	1	2	60000
120.016	0.25	1	2	60008
120.032	0.25	1	2	60016
120.05	0.25	1	2	60025
120.066	0.25	0	1	60033
120.082	0.25	0	1	60041
120.1	0.25	0	1	60050
120.116	0.25	0	1	60058
120.132	0.25	0	1	60066
120.15	0.25	0	1	60075
120.166	0.25	0	1	60083
120.182	0.25	0	1	60091
120.2	0.25	0	1	60100
120.216	0.25	0	1	60108
120.232	0.25	0	1	60116
120.25	0.25	0	1	60125
120.266	0.25	0	1	60133
120.282	0.25	1	2	60141
120.3	0.25	1	2	60150
120.316	0.25	1	2	60158
120.332	0.25	1	2	60166
120.35	0.25	0	1	60175
120.366	0.25	0	1	60183
120.382	0.25	0	1	60191
120.4	0.25	0	1	60200
120.416	0.25	0	1	60208
120.432	0.25	0	1	60216
120.45	0.25	0	1	60225
120.466	0.25	0	1	60233
120.482	0.25	0	1	60241
120.5	0.25	0	1	60250
120.516	0.25	0	1	60258
120.532	0.25	0	1	60266
120.55	0.25	0	1	60275
120.566	0.25	0	1	60283
120.582	0.25	0	1	60291
120.6	0.25	0	1	60300
120.616	0.25	0	1	60308
120.632	0.25	0	1	60316
120.65	0.25	1	2	60325
120.666	0.25	1	2	60333
120.682	0.25	1	2	60341
120.7	0.25	1	2	60350
120.716	0.25	0	1	60358
120.732	0.25	0	1	60366
120.75	0.25	0	1	60375
120.766	0.25	0	1	60383
120.782	0.25	0	1	60391
120.8	0.25	0	1	60400
120.816	0.25	0	1	60408
120.832	0.25	0	1	60416
120.85	0.25	0	1	60425
120.866	0.25	0	1	60433
120.882	0.25	0	1	60441
120.9	0.25	0	1	60450
120.916	0.25	0	1	60458
120.932	0.25	0	1	60466
120.95	0.25	0	1	60475
120.966	0.25	0	1	60483
120.982	0.25	0	1	60491
121.0	0.25	0	1	60500
121.016	0.25	0	1	60508
121.032	0.25	0	1	60516
121.05	0.25	0	1	60525
121.066	0.25	0	1	60533
121.082	0.25	0	1	60541
121.1	0.25	0	1	60550
121.116	0.25	1	2	60558
121.132	0.25	1	2	60566
121.15	0.25	1	2	60575
121.166	0.25	1	2	60583
121.182	0.25	0	1	60591
121.2	0.25	0	1	60600
121.216	0.25	0	1	60608
121.232	0.25	0	1	60616
122.7	0.25	0	1	61350
122.716	0.25	0	1	61358
122.732	0.25	0	1	61366
122.75	0.25	0	1	61375
122.766	0.25	0	1	61383
122.782	0.25	0	1	61391
122.8	0.25	0	1	61400
122.816	0.25	0	1	61408
122.832	0.25	0	1	61416
122.85	0.25	0	1	61425
122.866	0.25	0	1	61433
122.882	0.25	0	1	61441
122.9	0.25	0	1	61450
122.916	0.25	0	1	61458
122.932	0.25	0	1	61466
122.95	0.25	0	1	61475
122.966	0.25	0	1	61483
122.982	0.25	0	1	61491
123.0	0.25	0	1	61500
123.016	0.25	0	1	61508
123.032	0.25	0	1	61516
123.05	0.25	0	1	61525
123.066	0.25	0	1	61533
123.082	0.25	1	2	61541
123.1	0.25	1	2	61550
123.116	0.25	1	2	61558
123.132	0.25	1	2	61566
123.15	0.25	0	1	61575
123.166	0.25	0	1	61583
123.182	0.25	0	1	61591
123.2	0.25	0	1	61600
123.216	0.25	0	1	61608
123.232	0.25	0	1	61616
123.25	0.25	0	1	61625
123.266	0.25	0	1	61633
123.282	0.25	0	1	61641
123.3	0.25	0	1	61650
123.316	0.25	0	1	61658
123.332	0.25	0	1	61666
123.35	0.25	0	1	61675
123.366	0.25	0	1	61683
123.382	0.25	0	1	61691
123.4	0.25	0	1	61700
123.416	0.25	0	1	61708
123.432	0.25	0	1	61716
123.45	0.25	0	1	61725
123.466	0.25	1	2	61733
123.482	0.25	1	2	61741
123.5	0.25	1	2	61750
123.516	0.25	1	2	61758
123.532	0.25	0	1	61766
123.55	0.25	0	1	61775
123.566	0.25	0	1	61783
123.582	0.25	0	1	61791
123.6	0.25	0	1	61800
123.616	0.25	0	1	61808
123.632	0.25	0	1	61816
123.65	0.25	0	1	61825
123.666	0.25	0	1	61833
123.682	0.25	0	1	61841
123.7	0.25	0	1	61850
123.716	0.25	0	1	61858
123.732	0.25	0	1	61866
123.75	0.25	0	1	61875
123.766	0.25	1	2	61883
123.782	0.25	1	2	61891
123.8	0.25	1	2	61900
123.816	0.25	1	2	61908
123.832	0.25	0	1	61916
123.85	0.25	0	1	61925
123.866	0.25	0	1	61933
123.882	0.25	0	1	61941
123.9	0.25	0	1	61950
123.916	0.25	0	1	61958
123.932	0.25	0	1	61966
123.95	0.25	0	1	61975
123.966	0.25	0	1	61983
123.982	0.25	0	1	61991
124.0	0.25	0	1	62000
124.016	0.25	0	1	62008
124.032	0.25	0	1	62016
124.05	0.25	1	2	62025
124.066	0.25	1	2	62033
124.082	0.25	1	2	62041
124.1	0.25	1	2	62050
124.116	0.25	0	1	62058
124.132	0.25	0	1	62066
124.15	0.25	0	1	62075
124.166	0.25	0	1	62083
124.182	0.25	0	1	62091
124.2	0.25	0	1	62100
124.216	0.25	0	1	62108
124.232	0.25	0	1	62116
124.25	0.25	0	1	62125
124.266	0.25	0	1	62133
124.282	0.25	0	1	62141
124.3	0.25	0	1	62150
124.316	0.25	0	1	62158
124.332	0.25	0	1	62166
124.35	0.25	0	1	62175
124.366	0.25	0	1	62183
124.382	0.25	1	2	62191
124.4	0.25	1	2	62200
124.416	0.25	1	2	62208
124.432	0.25	1	2	62216
124.45	0.25	0	1	62225
124.466	0.25	0	1	62233
124.482	0.25	0	1	62241
124.5	0.25	0	1	62250
124.516	0.25	0	1	62258
124.532	0.25	0	1	62266
124.55	0.25	0	1	62275
124.566	0.25	0	1	62283
124.582	0.25	0	1	62291
124.6	0.25	0	1	62300
124.616	0.25	0	1	62308
124.632	0.25	0	1	62316
126.8	0.25	0	1	63400
126.816	0.25	0	1	63408
126.832	0.25	0	1	63416
126.85	0.25	0	1	63425
126.866	0.25	0	1	63433
126.882	0.25	0	1	63441
126.9	0.25	0	1	63450
126.916	0.25	0	1	63458
126.932	0.25	0	1	63466
126.95	0.25	0	1	63475
126.966	0.25	0	1	63483
126.982	0.25	0	1	63491
127.0	0.25	0	1	63500
127.016	0.25	0	1	63508
127.032	0.25	0	1	63516
127.05	0.25	1	2	63525
127.066	0.25	1	2	63533
127.082	0.25	1	2	63541
127.1	0.25	1	2	63550
127.116	0.25	0	1	63558
127.132	0.25	0	1	63566
127.15	0.25	0	1	63575
127.166	0.25	0	1	63583
127.182	0.25	0	1	63591
127.2	0.25	0	1	63600
127.216	0.25	0	1	63608
127.232	0.25	0	1	63616
127.25	0.25	0	1	63625
127.266	0.25	0	1	63633
127.282	0.25	0	1	63641
127.3	0.25	0	1	63650
127.316	0.25	0	1	63658
127.332	0.25	0	1	63666
127.35	0.25	0	1	63675
127.366	0.25	0	1	63683
127.382	0.25	0	1	63691
127.4	0.25	0	1	63700
127.416	0.25	0	1	63708
127.432	0.25	0	1	63716
127.45	0.25	0	1	63725
127.466	0.25	0	1	63733
127.482	0.25	1	2	63741
127.5	0.25	1	2	63750
127.516	0.25	1	2	63758
127.532	0.25	1	2	63766
127.55	0.25	0	1	63775
127.566	0.25	0	1	63783
127.582	0.25	0	1	63791
127.6	0.25	0	1	63800
127.616	0.25	0	1	63808
127.632	0.25	0	1	63816
127.65	0.25	0	1	63825
127.666	0.25	0	1	63833
127.682	0.25	0	1	63841
127.7	0.25	0	1	63850
127.716	0.25	0	1	63858
127.732	0.25	0	1	63866
127.75	0.25	0	1	63875
127.766	0.25	0	1	63883
127.782	0.25	0	1	63891
127.8	0.25	0	1	63900
127.816	0.25	0	1	63908
127.832	0.25	0	1	63916
127.85	0.25	0	1	63925
127.866	0.25	0	1	63933
127.882	0.25	0	1	63941
127.9	0.25	0	1	63950
127.916	0.25	0	1	63958
127.932	0.25	0	1	63966
127.95	0.25	1	2	63975
127.966	0.25	1	2	63983
127.982	0.25	1	2	63991
128.0	0.25	1	2	64000
128.016	0.25	0	1	64008
128.032	0.25	0	1	64016
128.05	0.25	0	1	64025
128.066	0.25	0	1	64033
128.082	0.25	0	1	64041
128.1	0.25	0	1	64050
128.116	0.25	0	1	64058
128.132	0.25	0	1	64066
128.15	0.25	0	1	64075
128.166	0.25	0	1	64083
128.182	0.25	0	1	64091
128.198	0.25	0	1	64099
128.216	0.25	0	1	64108
128.232	0.25	0	1	64116
128.25	0.25	1	2	64125
128.266	0.25	1	2	64133
128.282	0.25	1	2	64141
128.3	0.25	1	2	64150
128.316	0.25	0	1	64158
128.332	0.25	0	1	64166
128.35	0.25	0	1	64175
128.366	0.25	0	1	64183
128.382	0.25	0	1	64191
128.4	0.25	0	1	64200
128.416	0.25	0	1	64208
128.432	0.25	0	1	64216
128.448	0.25	0	1	64224
128.466	0.25	0	1	64233
128.482	0.25	0	1	64241
128.5	0.25	0	1	64250
128.516	0.25	0	1	64258
128.532	0.25	0	1	64266
128.55	0.25	0	1	64275
128.566	0.25	0	1	64283
128.582	0.25	0	1	64291
128.6	0.25	0	1	64300
128.616	0.25	0	1	64308
128.632	0.25	0	1	64316
128.65	0.25	0	1	64325
128.666	0.25	0	1	64333
128.682	0.25	1	2	64341
128.698	0.25	1	2	64349
128.716	0.25	1	2	64358
128.732	0.25	1	2	64366
130.198	0.25	0	1	65099
130.216	0.25	1	2	65108
130.232	0.25	1	2	65116
130.25	0.25	1	2	65125
130.266	0.25	1	2	65133
130.282	0.25	0	1	65141
130.3	0.25	0	1	65150
130.316	0.25	0	1	65158
130.332	0.25	0	1	65166
130.35	0.25	0	1	65175
130.366	0.25	0	1	65183
130.382	0.25	0	1	65191
130.4	0.25	0	1	65200
130.416	0.25	0	1	65208
130.432	0.25	0	1	65216
130.448	0.25	0	1	65224
130.466	0.25	0	1	65233
130.482	0.25	0	1	65241
130.5	0.25	0	1	65250
130.516	0.25	0	1	65258
130.532	0.25	0	1	65266
130.55	0.25	0	1	65275
130.566	0.25	0	1	65283
130.582	0.25	0	1	65291
130.6	0.25	0	1	65300
130.616	0.25	0	1	65308
130.632	0.25	0	1	65316
130.65	0.25	0	1	65325
130.666	0.25	0	1	65333
130.682	0.25	0	1	65341
130.698	0.25	1	2	65349
130.716	0.25	1	2	65358
130.732	0.25	1	2	65366
130.75	0.25	1	2	65375
130.766	0.25	0	1	65383
130.782	0.25	0	1	65391
130.8	0.25	0	1	65400
130.816	0.25	0	1	65408
130.832	0.25	0	1	65416
130.85	0.25	0	1	65425
130.866	0.25	0	1	65433
130.882	0.25	0	1	65441
130.9	0.25	0	1	65450
130.916	0.25	0	1	65458
130.932	0.25	0	1	65466
130.948	0.25	0	1	65474
130.966	0.25	0	1	65483
130.982	0.25	0	1	65491
131.0	0.25	0	1	65500
131.016	0.25	0	1	65508
131.032	0.25	0	1	65516
131.05	0.25	0	1	65525
131.066	0.25	0	1	65533
131.082	0.25	0	1	65541
131.1	0.25	0	1	65550
131.116	0.25	0	1	65558
131.132	0.25	0	1	65566
131.15	0.25	0	1	65575
131.166	0.25	1	2	65583
131.182	0.25	1	2	65591
131.2	0.25	1	2	65600
131.216	0.25	1	2	65608
131.232	0.25	0	1	65616
131.25	0.25	0	1	65625
131.266	0.25	0	1	65633
131.282	0.25	0	1	65641
131.3	0.25	0	1	65650
131.316	0.25	0	1	65658
131.332	0.25	0	1	65666
131.35	0.25	0	1	65675
131.366	0.25	0	1	65683
131.382	0.25	0	1	65691
131.4	0.25	0	1	65700
131.416	0.25	0	1	65708
131.432	0.25	0	1	65716
131.45	0.25	0	1	65725
131.466	0.25	0	1	65733
131.482	0.25	0	1	65741
131.5	0.25	0	1	65750
131.516	0.25	0	1	65758
131.532	0.25	0	1	65766
131.55	0.25	0	1	65775
131.566	0.25	0	1	65783
131.582	0.25	1	2	65791
131.6	0.25	1	2	65800
131.616	0.25	1	2	65808
131.632	0.25	1	2	65816
131.65	0.25	0	1	65825
131.666	0.25	0	1	65833
131.682	0.25	0	1	65841
131.7	0.25	0	1	65850
131.716	0.25	0	1	65858
131.732	0.25	0	1	65866
131.75	0.25	0	1	65875
131.766	0.25	0	1	65883
131.782	0.25	0	1	65891
131.8	0.25	0	1	65900
131.816	0.25	0	1	65908
131.832	0.25	0	1	65916
131.85	0.25	0	1	65925
131.866	0.25	0	1	65933
131.882	0.25	0	1	65941
131.9	0.25	0	1	65950
131.916	0.25	0	1	65958
131.932	0.25	0	1	65966
131.95	0.25	0	1	65975
131.966	0.25	0	1	65983
131.982	0.25	0	1	65991
132.0	0.25	0	1	66000
132.016	0.25	1	2	66008
132.032	0.25	1	2	66016
132.05	0.25	1	2	66025
132.066	0.25	1	2	66033
132.082	0.25	0	1	66041
132.1	0.25	0	1	66050
132.116	0.25	0	1	66058
132.132	0.25	0	1	66066
133.616	0.25	0	1	66808
133.632	0.25	0	1	66816
133.65	0.25	0	1	66825
133.666	0.25	0	1	66833
133.682	0.25	0	1	66841
133.7	0.25	0	1	66850
133.716	0.25	0	1	66858
133.732	0.25	0	1	66866
133.75	0.25	0	1	66875
133.766	0.25	0	1	66883
133.782	0.25	0	1	66891
133.8	0.25	0	1	66900
133.816	0.25	0	1	66908
133.832	0.25	0	1	66916
133.85	0.25	0	1	66925
133.866	0.25	0	1	66933
133.882	0.25	0	1	66941
133.9	0.25	0	1	66950
133.916	0.25	1	2	66958
133.932	0.25	1	2	66966
133.95	0.25	1	2	66975
133.966	0.25	1	2	66983
133.982	0.25	0	1	66991
134.0	0.25	0	1	67000
134.016	0.25	0	1	67008
134.032	0.25	0	1	67016
134.05	0.25	0	1	67025
134.066	0.25	0	1	67033
134.082	0.25	0	1	67041
134.1	0.25	0	1	67050
134.116	0.25	0	1	67058
134.132	0.25	0	1	67066
134.15	0.25	0	1	67075
134.166	0.25	0	1	67083
134.182	0.25	0	1	67091
134.2	0.25	0	1	67100
134.216	0.25	0	1	67108
134.232	0.25	0	1	67116
134.25	0.25	0	1	67125
134.266	0.25	0	1	67133
134.282	0.25	0	1	67141
134.3	0.25	0	1	67150
134.316	0.25	1	2	67158
134.332	0.25	1	2	67166
134.35	0.25	1	2	67175
134.366	0.25	1	2	67183
134.382	0.25	0	1	67191
134.4	0.25	0	1	67200
134.416	0.25	0	1	67208
134.432	0.25	0	1	67216
134.45	0.25	0	1	67225
134.466	0.25	0	1	67233
134.482	0.25	0	1	67241
134.5	0.25	0	1	67250
134.516	0.25	0	1	67258
134.532	0.25	0	1	67266
134.55	0.25	0	1	67275
134.566	0.25	0	1	67283
134.582	0.25	0	1	67291
134.6	0.25	1	2	67300
134.616	0.25	1	2	67308
134.632	0.25	1	2	67316
134.65	0.25	1	2	67325
134.666	0.25	0	1	67333
134.682	0.25	0	1	67341
134.7	0.25	0	1	67350
134.716	0.25	0	1	67358
134.732	0.25	0	1	67366
134.75	0.25	0	1	67375
134.766	0.25	0	1	67383
134.782	0.25	0	1	67391
134.8	0.25	0	1	67400
134.816	0.25	0	1	67408
134.832	0.25	0	1	67416
134.85	0.25	0	1	67425
134.866	0.25	0	1	67433
134.882	0.25	0	1	67441
134.9	0.25	0	1	67450
134.916	0.25	0	1	67458
134.932	0.25	0	1	67466
134.95	0.25	0	1	67475
134.966	0.25	1	2	67483
134.982	0.25	1	2	67491
135.0	0.25	1	2	67500
135.016	0.25	1	2	67508
135.032	0.25	0	1	67516
135.05	0.25	0	1	67525
135.066	0.25	0	1	67533
135.082	0.25	0	1	67541
135.1	0.25	0	1	67550
135.116	0.25	0	1	67558
135.132	0.25	0	1	67566
135.15	0.25	0	1	67575
135.166	0.25	0	1	67583
135.182	0.25	0	1	67591
135.2	0.25	0	1	67600
135.216	0.25	0	1	67608
135.232	0.25	0	1	67616
135.25	0.25	0	1	67625
135.266	0.25	0	1	67633
135.282	0.25	0	1	67641
135.3	0.25	0	1	67650
135.316	0.25	0	1	67658
135.332	0.25	0	1	67666
135.35	0.25	0	1	67675
135.366	0.25	0	1	67683
135.382	0.25	0	1	67691
135.4	0.25	0	1	67700
135.416	0.25	0	1	67708
135.432	0.25	1	2	67716
135.45	0.25	1	2	67725
135.466	0.25	1	2	67733
135.482	0.25	1	2	67741
135.5	0.25	0	1	67750
135.516	0.25	0	1	67758
135.532	0.25	0	1	67766
135.55	0.25	0	1	67775
137.05	0.25	0	1	68525
137.066	0.25	0	1	68533
137.082	0.25	0	1	68541
137.1	0.25	0	1	68550
137.116	0.25	0	1	68558
137.132	0.25	0	1	68566
137.15	0.25	0	1	68575
137.166	0.25	0	1	68583
137.182	0.25	0	1	68591
137.2	0.25	0	1	68600
137.216	0.25	0	1	68608
137.232	0.25	0	1	68616
137.25	0.25	0	1	68625
137.266	0.25	0	1	68633
137.282	0.25	0	1	68641
137.3	0.25	0	1	68650
137.316	0.25	0	1	68658
137.332	0.25	0	1	68666
137.35	0.25	0	1	68675
137.366	0.25	0	1	68683
137.382	0.25	0	1	68691
137.4	0.25	0	1	68700
137.416	0.25	0	1	68708
137.432	0.25	1	2	68716
137.45	0.25	1	2	68725
137.466	0.25	1	2	68733
137.482	0.25	1	2	68741
137.5	0.25	0	1	68750
137.516	0.25	0	1	68758
137.532	0.25	0	1	68766
137.55	0.25	0	1	68775
137.566	0.25	0	1	68783
137.582	0.25	0	1	68791
137.6	0.25	0	1	68800
137.616	0.25	0	1	68808
137.632	0.25	0	1	68816
137.65	0.25	0	1	68825
137.666	0.25	0	1	68833
137.682	0.25	0	1	68841
137.7	0.25	0	1	68850
137.716	0.25	0	1	68858
137.732	0.25	0	1	68866
137.75	0.25	0	1	68875
137.766	0.25	0	1	68883
137.782	0.25	0	1	68891
137.8	0.25	0	1	68900
137.816	0.25	1	2	68908
137.832	0.25	1	2	68916
137.85	0.25	1	2	68925
137.866	0.25	1	2	68933
137.882	0.25	0	1	68941
137.9	0.25	0	1	68950
137.916	0.25	0	1	68958
137.932	0.25	0	1	68966
137.95	0.25	0	1	68975
137.966	0.25	0	1	68983
137.982	0.25	0	1	68991
138.0	0.25	0	1	69000
138.016	0.25	0	1	69008
138.032	0.25	0	1	69016
138.05	0.25	0	1	69025
138.066	0.25	0	1	69033
138.082	0.25	0	1	69041
138.1	0.25	0	1	69050
138.116	0.25	1	2	69058
138.132	0.25	1	2	69066
138.15	0.25	1	2	69075
138.166	0.25	1	2	69083
138.182	0.25	0	1	69091
138.2	0.25	0	1	69100
138.216	0.25	0	1	69108
138.232	0.25	0	1	69116
138.25	0.25	0	1	69125
138.266	0.25	0	1	69133
138.282	0.25	0	1	69141
138.3	0.25	0	1	69150
138.316	0.25	0	1	69158
138.332	0.25	0	1	69166
138.35	0.25	0	1	69175
138.366	0.25	0	1	69183
138.382	0.25	0	1	69191
138.4	0.25	1	2	69200
138.416	0.25	1	2	69208
138.432	0.25	1	2	69216
138.45	0.25	1	2	69225
138.466	0.25	0	1	69233
138.482	0.25	0	1	69241
138.5	0.25	0	1	69250
138.516	0.25	0	1	69258
138.532	0.25	0	1	69266
138.55	0.25	0	1	69275
138.566	0.25	0	1	69283
138.582	0.25	0	1	69291
138.6	0.25	0	1	69300
138.616	0.25	0	1	69308
138.632	0.25	0	1	69316
138.65	0.25	0	1	69325
138.666	0.25	0	1	69333
138.682	0.25	0	1	69341
138.7	0.25	0	1	69350
138.716	0.25	0	1	69358
138.732	0.25	1	2	69366
138.75	0.25	1	2	69375
138.766	0.25	1	2	69383
138.782	0.25	1	2	69391
138.8	0.25	0	1	69400
138.816	0.25	0	1	69408
138.832	0.25	0	1	69416
138.85	0.25	0	1	69425
138.866	0.25	0	1	69433
138.882	0.25	0	1	69441
138.9	0.25	0	1	69450
138.916	0.25	0	1	69458
138.932	0.25	0	1	69466
138.95	0.25	0	1	69475
138.966	0.25	0	1	69483
138.982	0.25	0	1	69491
141.1	0.25	0	1	70550
141.116	0.25	0	1	70558
141.132	0.25	0	1	70566
141.15	0.25	0	1	70575
141.166	0.25	0	1	70583
141.182	0.25	0	1	70591
141.2	0.25	0	1	70600
141.216	0.25	0	1	70608
141.232	0.25	0	1	70616
141.25	0.25	0	1	70625
141.266	0.25	0	1	70633
141.282	0.25	0	1	70641
141.3	0.25	0	1	70650
141.316	0.25	0	1	70658
141.332	0.25	0	1	70666
141.35	0.25	0	1	70675
141.366	0.25	0	1	70683
141.382	0.25	0	1	70691
141.4	0.25	1	2	70700
141.416	0.25	1	2	70708
141.432	0.25	1	2	70716
141.45	0.25	1	2	70725
141.466	0.25	0	1	70733
141.482	0.25	0	1	70741
141.5	0.25	0	1	70750
141.516	0.25	0	1	70758
141.532	0.25	0	1	70766
141.55	0.25	0	1	70775
141.566	0.25	0	1	70783
141.582	0.25	0	1	70791
141.6	0.25	0	1	70800
141.616	0.25	0	1	70808
141.632	0.25	0	1	70816
141.65	0.25	0	1	70825
141.666	0.25	0	1	70833
141.682	0.25	0	1	70841
141.7	0.25	0	1	70850
141.716	0.25	0	1	70858
141.732	0.25	0	1	70866
141.75	0.25	0	1	70875
141.766	0.25	0	1	70883
141.782	0.25	0	1	70891
141.8	0.25	1	2	70900
141.816	0.25	1	2	70908
141.832	0.25	1	2	70916
141.85	0.25	1	2	70925
141.866	0.25	0	1	70933
141.882	0.25	0	1	70941
141.9	0.25	0	1	70950
141.916	0.25	0	1	70958
141.932	0.25	0	1	70966
141.95	0.25	0	1	70975
141.966	0.25	0	1	70983
141.982	0.25	0	1	70991
142.0	0.25	0	1	71000
142.016	0.25	0	1	71008
142.032	0.25	0	1	71016
142.05	0.25	0	1	71025
142.066	0.25	0	1	71033
142.082	0.25	1	2	71041
142.1	0.25	1	2	71050
142.116	0.25	1	2	71058
142.132	0.25	1	2	71066
142.15	0.25	0	1	71075
142.166	0.25	0	1	71083
142.182	0.25	0	1	71091
142.2	0.25	0	1	71100
142.216	0.25	0	1	71108
142.232	0.25	0	1	71116
142.25	0.25	0	1	71125
142.266	0.25	0	1	71133
142.282	0.25	0	1	71141
142.3	0.25	0	1	71150
142.316	0.25	0	1	71158
142.332	0.25	0	1	71166
142.35	0.25	0	1	71175
142.366	0.25	0	1	71183
142.382	0.25	0	1	71191
142.4	0.25	0	1	71200
142.416	0.25	0	1	71208
142.432	0.25	0	1	71216
142.45	0.25	1	2	71225
142.466	0.25	1	2	71233
142.482	0.25	1	2	71241
142.5	0.25	1	2	71250
142.516	0.25	0	1	71258
142.532	0.25	0	1	71266
142.55	0.25	0	1	71275
142.566	0.25	0	1	71283
142.582	0.25	0	1	71291
142.6	0.25	0	1	71300
142.616	0.25	0	1	71308
142.632	0.25	0	1	71316
142.65	0.25	0	1	71325
142.666	0.25	0	1	71333
142.682	0.25	0	1	71341
142.7	0.25	0	1	71350
142.716	0.25	0	1	71358
142.732	0.25	0	1	71366
142.75	0.25	0	1	71375
142.766	0.25	0	1	71383
142.782	0.25	0	1	71391
142.8	0.25	0	1	71400
142.816	0.25	0	1	71408
142.832	0.25	0	1	71416
142.85	0.25	0	1	71425
142.866	0.25	0	1	71433
142.882	0.25	0	1	71441
142.9	0.25	0	1	71450
142.916	0.25	1	2	71458
142.932	0.25	1	2	71466
142.95	0.25	1	2	71475
142.966	0.25	1	2	71483
142.982	0.25	0	1	71491
143.0	0.25	0	1	71500
143.016	0.25	0	1	71508
143.032	0.25	0	1	71516
144.5	0.25	0	1	72250
144.516	0.25	0	1	72258
144.532	0.25	0	1	72266
144.55	0.25	0	1	72275
144.566	0.25	0	1	72283
144.582	0.25	0	1	72291
144.6	0.25	0	1	72300
144.616	0.25	0	1	72308
144.632	0.25	0	1	72316
144.65	0.25	0	1	72325
144.666	0.25	0	1	72333
144.682	0.25	0	1	72341
144.7	0.25	0	1	72350
144.716	0.25	0	1	72358
144.732	0.25	0	1	72366
144.75	0.25	0	1	72375
144.766	0.25	0	1	72383
144.782	0.25	0	1	72391
144.8	0.25	0	1	72400
144.816	0.25	0	1	72408
144.832	0.25	0	1	72416
144.85	0.25	0	1	72425
144.866	0.25	0	1	72433
144.882	0.25	1	2	72441
144.9	0.25	1	2	72450
144.916	0.25	1	2	72458
144.932	0.25	1	2	72466
144.95	0.25	0	1	72475
144.966	0.25	0	1	72483
144.982	0.25	0	1	72491
145.0	0.25	0	1	72500
145.016	0.25	0	1	72508
145.032	0.25	0	1	72516
145.05	0.25	0	1	72525
145.066	0.25	0	1	72533
145.082	0.25	0	1	72541
145.1	0.25	0	1	72550
145.116	0.25	0	1	72558
145.132	0.25	0	1	72566
145.15	0.25	0	1	72575
145.166	0.25	0	1	72583
145.182	0.25	0	1	72591
145.2	0.25	0	1	72600
145.216	0.25	0	1	72608
145.232	0.25	0	1	72616
145.25	0.25	0	1	72625
145.266	0.25	1	2	72633
145.282	0.25	1	2	72641
145.3	0.25	1	2	72650
145.316	0.25	1	2	72658
145.332	0.25	0	1	72666
145.35	0.25	0	1	72675
145.366	0.25	0	1	72683
145.382	0.25	0	1	72691
145.4	0.25	0	1	72700
145.416	0.25	0	1	72708
145.432	0.25	0	1	72716
145.45	0.25	0	1	72725
145.466	0.25	0	1	72733
145.482	0.25	0	1	72741
145.5	0.25	0	1	72750
145.516	0.25	0	1	72758
145.532	0.25	0	1	72766
145.55	0.25	0	1	72775
145.566	0.25	1	2	72783
145.582	0.25	1	2	72791
145.6	0.25	1	2	72800
145.616	0.25	1	2	72808
145.632	0.25	0	1	72816
145.65	0.25	0	1	72825
145.666	0.25	0	1	72833
145.682	0.25	0	1	72841
145.7	0.25	0	1	72850
145.716	0.25	0	1	72858
145.732	0.25	0	1	72866
145.75	0.25	0	1	72875
145.766	0.25	0	1	72883
145.782	0.25	0	1	72891
145.8	0.25	0	1	72900
145.816	0.25	0	1	72908
145.832	0.25	0	1	72916
145.85	0.25	1	2	72925
145.866	0.25	1	2	72933
145.882	0.25	1	2	72941
145.9	0.25	1	2	72950
145.916	0.25	0	1	72958
145.932	0.25	0	1	72966
145.95	0.25	0	1	72975
145.966	0.25	0	1	72983
145.982	0.25	0	1	72991
146.0	0.25	0	1	73000
146.016	0.25	0	1	73008
146.032	0.25	0	1	73016
146.05	0.25	0	1	73025
146.066	0.25	0	1	73033
146.082	0.25	0	1	73041
146.1	0.25	0	1	73050
146.116	0.25	0	1	73058
146.132	0.25	0	1	73066
146.15	0.25	0	1	73075
146.166	0.25	0	1	73083
146.182	0.25	1	2	73091
146.2	0.25	1	2	73100
146.216	0.25	1	2	73108
146.232	0.25	1	2	73116
146.25	0.25	0	1	73125
146.266	0.25	0	1	73133
146.282	0.25	0	1	73141
146.3	0.25	0	1	73150
146.316	0.25	0	1	73158
146.332	0.25	0	1	73166
146.35	0.25	0	1	73175
146.366	0.25	0	1	73183
146.382	0.25	0	1	73191
146.4	0.25	0	1	73200
146.416	0.25	0	1	73208
146.432	0.25	0	1	73216
147.916	0.25	0	1	73958
147.932	0.25	0	1	73966
147.95	0.25	0	1	73975
147.966	0.25	0	1	73983
147.982	0.25	0	1	73991
148.0	0.25	0	1	74000
148.016	0.25	0	1	74008
148.032	0.25	0	1	74016
148.05	0.25	0	1	74025
148.066	0.25	0	1	74033
148.082	0.25	0	1	74041
148.1	0.25	0	1	74050
148.116	0.25	0	1	74058
148.132	0.25	0	1	74066
148.15	0.25	0	1	74075
148.166	0.25	1	2	74083
148.182	0.25	1	2	74091
148.2	0.25	1	2	74100
148.216	0.25	1	2	74108
148.232	0.25	0	1	74116
148.25	0.25	0	1	74125
148.266	0.25	0	1	74133
148.282	0.25	0	1	74141
148.3	0.25	0	1	74150
148.316	0.25	0	1	74158
148.332	0.25	0	1	74166
148.35	0.25	0	1	74175
148.366	0.25	0	1	74183
148.382	0.25	0	1	74191
148.4	0.25	0	1	74200
148.416	0.25	0	1	74208
148.432	0.25	0	1	74216
148.45	0.25	0	1	74225
148.466	0.25	0	1	74233
148.482	0.25	0	1	74241
148.5	0.25	0	1	74250
148.516	0.25	0	1	74258
148.532	0.25	0	1	74266
148.55	0.25	0	1	74275
148.566	0.25	0	1	74283
148.582	0.25	0	1	74291
148.6	0.25	1	2	74300
148.616	0.25	1	2	74308
148.632	0.25	1	2	74316
148.65	0.25	1	2	74325
148.666	0.25	0	1	74333
148.682	0.25	0	1	74341
148.7	0.25	0	1	74350
148.716	0.25	0	1	74358
148.732	0.25	0	1	74366
148.75	0.25	0	1	74375
148.766	0.25	0	1	74383
148.782	0.25	0	1	74391
148.8	0.25	0	1	74400
148.816	0.25	0	1	74408
148.832	0.25	0	1	74416
148.85	0.25	0	1	74425
148.866	0.25	0	1	74433
148.882	0.25	0	1	74441
148.9	0.25	0	1	74450
148.916	0.25	0	1	74458
148.932	0.25	0	1	74466
148.95	0.25	0	1	74475
148.966	0.25	0	1	74483
148.982	0.25	0	1	74491
149.0	0.25	0	1	74500
149.016	0.25	0	1	74508
149.032	0.25	0	1	74516
149.05	0.25	0	1	74525
149.066	0.25	1	2	74533
149.082	0.25	1	2	74541
149.1	0.25	1	2	74550
149.116	0.25	1	2	74558
149.132	0.25	0	1	74566
149.15	0.25	0	1	74575
149.166	0.25	0	1	74583
149.182	0.25	0	1	74591
149.2	0.25	0	1	74600
149.216	0.25	0	1	74608
149.232	0.25	0	1	74616
149.25	0.25	0	1	74625
149.266	0.25	0	1	74633
149.282	0.25	0	1	74641
149.3	0.25	0	1	74650
149.316	0.25	0	1	74658
149.332	0.25	0	1	74666
149.35	0.25	0	1	74675
149.366	0.25	1	2	74683
149.382	0.25	1	2	74691
149.4	0.25	1	2	74700
149.416	0.25	1	2	74708
149.432	0.25	0	1	74716
149.45	0.25	0	1	74725
149.466	0.25	0	1	74733
149.482	0.25	0	1	74741
149.5	0.25	0	1	74750
149.516	0.25	0	1	74758
149.532	0.25	0	1	74766
149.55	0.25	0	1	74775
149.566	0.25	0	1	74783
149.582	0.25	0	1	74791
149.6	0.25	0	1	74800
149.616	0.25	0	1	74808
149.632	0.25	0	1	74816
149.65	0.25	0	1	74825
149.666	0.25	0	1	74833
149.682	0.25	0	1	74841
149.7	0.25	0	1	74850
149.716	0.25	0	1	74858
149.732	0.25	0	1	74866
149.75	0.25	0	1	74875
149.766	0.25	0	1	74883
149.782	0.25	0	1	74891
149.8	0.25	1	2	74900
149.816	0.25	1	2	74908
149.832	0.25	1	2	74916
149.85	0.25	1	2	74925
151.35	0.25	0	1	75675
151.366	0.25	1	2	75683
151.382	0.25	1	2	75691
151.4	0.25	1	2	75700
151.416	0.25	1	2	75708
151.432	0.25	0	1	75716
151.45	0.25	0	1	75725
151.466	0.25	0	1	75733
151.482	0.25	0	1	75741
151.5	0.25	0	1	75750
151.516	0.25	0	1	75758
151.532	0.25	0	1	75766
151.55	0.25	0	1	75775
151.566	0.25	0	1	75783
151.582	0.25	0	1	75791
151.6	0.25	0	1	75800
151.616	0.25	0	1	75808
151.632	0.25	0	1	75816
151.65	0.25	0	1	75825
151.666	0.25	0	1	75833
151.682	0.25	0	1	75841
151.7	0.25	0	1	75850
151.716	0.25	0	1	75858
151.732	0.25	0	1	75866
151.75	0.25	0	1	75875
151.766	0.25	0	1	75883
151.782	0.25	0	1	75891
151.8	0.25	0	1	75900
151.816	0.25	0	1	75908
151.832	0.25	0	1	75916
151.85	0.25	1	2	75925
151.866	0.25	1	2	75933
151.882	0.25	1	2	75941
151.9	0.25	1	2	75950
151.916	0.25	0	1	75958
151.932	0.25	0	1	75966
151.95	0.25	0	1	75975
151.966	0.25	0	1	75983
151.982	0.25	0	1	75991
152.0	0.25	0	1	76000
152.016	0.25	0	1	76008
152.032	0.25	0	1	76016
152.05	0.25	0	1	76025
152.066	0.25	0	1	76033
152.082	0.25	0	1	76041
152.1	0.25	0	1	76050
152.116	0.25	0	1	76058
152.132	0.25	0	1	76066
152.15	0.25	0	1	76075
152.166	0.25	0	1	76083
152.182	0.25	0	1	76091
152.2	0.25	0	1	76100
152.216	0.25	0	1	76108
152.232	0.25	0	1	76116
152.25	0.25	0	1	76125
152.266	0.25	0	1	76133
152.282	0.25	0	1	76141
152.3	0.25	0	1	76150
152.316	0.25	1	2	76158
152.332	0.25	1	2	76166
152.35	0.25	1	2	76175
152.366	0.25	1	2	76183
152.382	0.25	0	1	76191
152.4	0.25	0	1	76200
152.416	0.25	0	1	76208
152.432	0.25	0	1	76216
152.45	0.25	0	1	76225
152.466	0.25	0	1	76233
152.482	0.25	0	1	76241
152.5	0.25	0	1	76250
152.516	0.25	0	1	76258
152.532	0.25	0	1	76266
152.55	0.25	0	1	76275
152.566	0.25	0	1	76283
152.582	0.25	0	1	76291
152.6	0.25	0	1	76300
152.616	0.25	0	1	76308
152.632	0.25	0	1	76316
152.65	0.25	0	1	76325
152.666	0.25	0	1	76333
152.682	0.25	0	1	76341
152.7	0.25	0	1	76350
152.716	0.25	0	1	76358
152.732	0.25	1	2	76366
152.75	0.25	1	2	76375
152.766	0.25	1	2	76383
152.782	0.25	1	2	76391
152.8	0.25	0	1	76400
152.816	0.25	0	1	76408
152.832	0.25	0	1	76416
152.85	0.25	0	1	76425
152.866	0.25	0	1	76433
152.882	0.25	0	1	76441
152.9	0.25	0	1	76450
152.916	0.25	0	1	76458
152.932	0.25	0	1	76466
152.95	0.25	0	1	76475
152.966	0.25	0	1	76483
152.982	0.25	0	1	76491
153.0	0.25	0	1	76500
153.016	0.25	0	1	76508
153.032	0.25	0	1	76516
153.05	0.25	0	1	76525
153.066	0.25	0	1	76533
153.082	0.25	0	1	76541
153.1	0.25	0	1	76550
153.116	0.25	0	1	76558
153.132	0.25	0	1	76566
153.15	0.25	0	1	76575
153.166	0.25	1	2	76583
153.182	0.25	1	2	76591
153.2	0.25	1	2	76600
153.216	0.25	1	2	76608
153.232	0.25	0	1	76616
153.25	0.25	0	1	76625
153.266	0.25	0	1	76633
153.282	0.25	0	1	76641
155.366	0.25	0	1	77683
155.382	0.25	0	1	77691
155.4	0.25	0	1	77700
155.416	0.25	0	1	77708
155.432	0.25	0	1	77716
155.45	0.25	0	1	77725
155.466	0.25	0	1	77733
155.482	0.25	0	1	77741
155.5	0.25	0	1	77750
155.516	0.25	0	1	77758
155.532	0.25	0	1	77766
155.55	0.25	0	1	77775
155.566	0.25	0	1	77783
155.582	0.25	0	1	77791
155.6	0.25	0	1	77800
155.616	0.25	1	2	77808
155.632	0.25	1	2	77816
155.65	0.25	1	2	77825
155.666	0.25	1	2	77833
155.682	0.25	0	1	77841
155.7	0.25	0	1	77850
155.716	0.25	0	1	77858
155.732	0.25	0	1	77866
155.75	0.25	0	1	77875
155.766	0.25	0	1	77883
155.782	0.25	0	1	77891
155.8	0.25	0	1	77900
155.816	0.25	0	1	77908
155.832	0.25	0	1	77916
155.85	0.25	0	1	77925
155.866	0.25	0	1	77933
155.882	0.25	0	1	77941
155.9	0.25	0	1	77950
155.916	0.25	0	1	77958
155.932	0.25	0	1	77966
155.95	0.25	0	1	77975
155.966	0.25	0	1	77983
155.982	0.25	0	1	77991
156.0	0.25	0	1	78000
156.016	0.25	0	1	78008
156.032	0.25	0	1	78016
156.05	0.25	1	2	78025
156.066	0.25	1	2	78033
156.082	0.25	1	2	78041
156.1	0.25	1	2	78050
156.116	0.25	0	1	78058
156.132	0.25	0	1	78066
156.15	0.25	0	1	78075
156.166	0.25	0	1	78083
156.182	0.25	0	1	78091
156.2	0.25	0	1	78100
156.216	0.25	0	1	78108
156.232	0.25	0	1	78116
156.25	0.25	0	1	78125
156.266	0.25	0	1	78133
156.282	0.25	0	1	78141
156.3	0.25	0	1	78150
156.316	0.25	0	1	78158
156.332	0.25	0	1	78166
156.35	0.25	0	1	78175
156.366	0.25	0	1	78183
156.382	0.25	0	1	78191
156.4	0.25	0	1	78200
156.416	0.25	0	1	78208
156.432	0.25	0	1	78216
156.45	0.25	0	1	78225
156.466	0.25	0	1	78233
156.482	0.25	0	1	78241
156.5	0.25	0	1	78250
156.516	0.25	1	2	78258
156.532	0.25	1	2	78266
156.55	0.25	1	2	78275
156.566	0.25	1	2	78283
156.582	0.25	0	1	78291
156.6	0.25	0	1	78300
156.616	0.25	0	1	78308
156.632	0.25	0	1	78316
156.65	0.25	0	1	78325
156.666	0.25	0	1	78333
156.682	0.25	0	1	78341
156.7	0.25	0	1	78350
156.716	0.25	0	1	78358
156.732	0.25	0	1	78366
156.75	0.25	0	1	78375
156.766	0.25	0	1	78383
156.782	0.25	0	1	78391
156.8	0.25	0	1	78400
156.816	0.25	1	2	78408
156.832	0.25	1	2	78416
156.85	0.25	1	2	78425
156.866	0.25	1	2	78433
156.882	0.25	0	1	78441
156.9	0.25	0	1	78450
156.916	0.25	0	1	78458
156.932	0.25	0	1	78466
156.95	0.25	0	1	78475
156.966	0.25	0	1	78483
156.982	0.25	0	1	78491
157.0	0.25	0	1	78500
157.016	0.25	0	1	78508
157.032	0.25	0	1	78516
157.05	0.25	0	1	78525
157.066	0.25	0	1	78533
157.082	0.25	0	1	78541
157.1	0.25	0	1	78550
157.116	0.25	0	1	78558
157.132	0.25	0	1	78566
157.15	0.25	0	1	78575
157.166	0.25	0	1	78583
157.182	0.25	0	1	78591
157.2	0.25	0	1	78600
157.216	0.25	0	1	78608
157.232	0.25	0	1	78616
157.25	0.25	1	2	78625
157.266	0.25	1	2	78633
157.282	0.25	1	2	78641
157.3	0.25	1	2	78650
158.8	0.25	0	1	79400
158.816	0.25	1	2	79408
158.832	0.25	1	2	79416
158.85	0.25	1	2	79425
158.866	0.25	1	2	79433
158.882	0.25	0	1	79441
158.9	0.25	0	1	79450
158.916	0.25	0	1	79458
158.932	0.25	0	1	79466
158.95	0.25	0	1	79475
158.966	0.25	0	1	79483
158.982	0.25	0	1	79491
159.0	0.25	0	1	79500
159.016	0.25	0	1	79508
159.032	0.25	0	1	79516
159.05	0.25	0	1	79525
159.066	0.25	0	1	79533
159.082	0.25	0	1	79541
159.1	0.25	0	1	79550
159.116	0.25	0	1	79558
159.132	0.25	0	1	79566
159.15	0.25	0	1	79575
159.166	0.25	0	1	79583
159.182	0.25	0	1	79591
159.2	0.25	0	1	79600
159.216	0.25	0	1	79608
159.232	0.25	0	1	79616
159.25	0.25	0	1	79625
159.266	0.25	0	1	79633
159.282	0.25	0	1	79641
159.3	0.25	1	2	79650
159.316	0.25	1	2	79658
159.332	0.25	1	2	79666
159.35	0.25	1	2	79675
159.366	0.25	0	1	79683
159.382	0.25	0	1	79691
159.4	0.25	0	1	79700
159.416	0.25	0	1	79708
159.432	0.25	0	1	79716
159.45	0.25	0	1	79725
159.466	0.25	0	1	79733
159.482	0.25	0	1	79741
159.5	0.25	0	1	79750
159.516	0.25	0	1	79758
159.532	0.25	0	1	79766
159.55	0.25	0	1	79775
159.566	0.25	0	1	79783
159.582	0.25	0	1	79791
159.6	0.25	0	1	79800
159.616	0.25	0	1	79808
159.632	0.25	0	1	79816
159.65	0.25	0	1	79825
159.666	0.25	0	1	79833
159.682	0.25	0	1	79841
159.7	0.25	0	1	79850
159.716	0.25	0	1	79858
159.732	0.25	0	1	79866
159.75	0.25	0	1	79875
159.766	0.25	1	2	79883
159.782	0.25	1	2	79891
159.8	0.25	1	2	79900
159.816	0.25	1	2	79908
159.832	0.25	0	1	79916
159.85	0.25	0	1	79925
159.866	0.25	0	1	79933
159.882	0.25	0	1	79941
159.9	0.25	0	1	79950
159.916	0.25	0	1	79958
159.932	0.25	0	1	79966
159.95	0.25	0	1	79975
159.966	0.25	0	1	79983
159.982	0.25	0	1	79991
160.0	0.25	0	1	80000
160.016	0.25	0	1	80008
160.032	0.25	0	1	80016
160.05	0.25	0	1	80025
160.066	0.25	0	1	80033
160.082	0.25	0	1	80041
160.1	0.25	0	1	80050
160.116	0.25	0	1	80058
160.132	0.25	0	1	80066
160.15	0.25	0	1	80075
160.166	0.25	0	1	80083
160.182	0.25	1	2	80091
160.2	0.25	1	2	80100
160.216	0.25	1	2	80108
160.232	0.25	1	2	80116
160.25	0.25	0	1	80125
160.266	0.25	0	1	80133
160.282	0.25	0	1	80141
160.3	0.25	0	1	80150
160.316	0.25	0	1	80158
160.332	0.25	0	1	80166
160.35	0.25	0	1	80175
160.366	0.25	0	1	80183
160.382	0.25	0	1	80191
160.4	0.25	0	1	80200
160.416	0.25	0	1	80208
160.432	0.25	0	1	80216
160.45	0.25	0	1	80225
160.466	0.25	0	1	80233
160.482	0.25	0	1	80241
160.5	0.25	0	1	80250
160.516	0.25	0	1	80258
160.532	0.25	0	1	80266
160.55	0.25	0	1	80275
160.566	0.25	0	1	80283
160.582	0.25	0	1	80291
160.6	0.25	0	1	80300
160.616	0.25	1	2	80308
160.632	0.25	1	2	80316
160.65	0.25	1	2	80325
160.666	0.25	1	2	80333
160.682	0.25	0	1	80341
160.7	0.25	0	1	80350
160.716	0.25	0	1	80358
160.732	0.25	0	1	80366
162.2	0.25	0	1	81100
162.216	0.25	0	1	81108
162.232	0.25	0	1	81116
162.25	0.25	0	1	81125
162.266	0.25	0	1	81133
162.282	0.25	0	1	81141
162.3	0.25	0	1	81150
162.316	0.25	0	1	81158
162.332	0.25	0	1	81166
162.35	0.25	0	1	81175
162.366	0.25	0	1	81183
162.382	0.25	0	1	81191
162.4	0.25	0	1	81200
162.416	0.25	0	1	81208
162.432	0.25	0	1	81216
162.45	0.25	0	1	81225
162.466	0.25	0	1	81233
162.482	0.25	0	1	81241
162.5	0.25	0	1	81250
162.516	0.25	0	1	81258
162.532	0.25	0	1	81266
162.55	0.25	0	1	81275
162.566	0.25	0	1	81283
162.582	0.25	1	2	81291
162.6	0.25	1	2	81300
162.616	0.25	1	2	81308
162.632	0.25	1	2	81316
162.65	0.25	0	1	81325
162.666	0.25	0	1	81333
162.682	0.25	0	1	81341
162.7	0.25	0	1	81350
162.716	0.25	0	1	81358
162.732	0.25	0	1	81366
162.75	0.25	0	1	81375
162.766	0.25	0	1	81383
162.782	0.25	0	1	81391
162.8	0.25	0	1	81400
162.816	0.25	0	1	81408
162.832	0.25	0	1	81416
162.85	0.25	0	1	81425
162.866	0.25	0	1	81433
162.882	0.25	0	1	81441
162.9	0.25	0	1	81450
162.916	0.25	0	1	81458
162.932	0.25	0	1	81466
162.95	0.25	0	1	81475
162.966	0.25	1	2	81483
162.982	0.25	1	2	81491
163.0	0.25	1	2	81500
163.016	0.25	1	2	81508
163.032	0.25	0	1	81516
163.05	0.25	0	1	81525
163.066	0.25	0	1	81533
163.082	0.25	0	1	81541
163.1	0.25	0	1	81550
163.116	0.25	0	1	81558
163.132	0.25	0	1	81566
163.15	0.25	0	1	81575
163.166	0.25	0	1	81583
163.182	0.25	0	1	81591
163.2	0.25	0	1	81600
163.216	0.25	0	1	81608
163.232	0.25	0	1	81616
163.25	0.25	0	1	81625
163.266	0.25	1	2	81633
163.282	0.25	1	2	81641
163.3	0.25	1	2	81650
163.316	0.25	1	2	81658
163.332	0.25	0	1	81666
163.35	0.25	0	1	81675
163.366	0.25	0	1	81683
163.382	0.25	0	1	81691
163.4	0.25	0	1	81700
163.416	0.25	0	1	81708
163.432	0.25	0	1	81716
163.45	0.25	0	1	81725
163.466	0.25	0	1	81733
163.482	0.25	0	1	81741
163.5	0.25	0	1	81750
163.516	0.25	0	1	81758
163.532	0.25	0	1	81766
163.55	0.25	1	2	81775
163.566	0.25	1	2	81783
163.582	0.25	1	2	81791
163.6	0.25	1	2	81800
163.616	0.25	0	1	81808
163.632	0.25	0	1	81816
163.65	0.25	0	1	81825
163.666	0.25	0	1	81833
163.682	0.25	0	1	81841
163.7	0.25	0	1	81850
163.716	0.25	0	1	81858
163.732	0.25	0	1	81866
163.75	0.25	0	1	81875
163.766	0.25	0	1	81883
163.782	0.25	0	1	81891
163.8	0.25	0	1	81900
163.816	0.25	0	1	81908
163.832	0.25	0	1	81916
163.85	0.25	0	1	81925
163.866	0.25	0	1	81933
163.882	0.25	1	2	81941
163.9	0.25	1	2	81950
163.916	0.25	1	2	81958
163.932	0.25	1	2	81966
163.95	0.25	0	1	81975
163.966	0.25	0	1	81983
163.982	0.25	0	1	81991
164.0	0.25	0	1	82000
164.016	0.25	0	1	82008
164.032	0.25	0	1	82016
164.05	0.25	0	1	82025
164.066	0.25	0	1	82033
164.082	0.25	0	1	82041
164.1	0.25	0	1	82050
164.116	0.25	0	1	82058
164.132	0.25	0	1	82066
165.616	0.25	0	1	82808
165.632	0.25	0	1	82816
165.65	0.25	0	1	82825
165.666	0.25	0	1	82833
165.682	0.25	0	1	82841
165.7	0.25	0	1	82850
165.716	0.25	0	1	82858
165.732	0.25	0	1	82866
165.75	0.25	0	1	82875
165.766	0.25	0	1	82883
165.782	0.25	0	1	82891
165.8	0.25	0	1	82900
165.816	0.25	0	1	82908
165.832	0.25	0	1	82916
165.85	0.25	0	1	82925
165.866	0.25	0	1	82933
165.882	0.25	0	1	82941
165.9	0.25	0	1	82950
165.916	0.25	1	2	82958
165.932	0.25	1	2	82966
165.95	0.25	1	2	82975
165.966	0.25	1	2	82983
165.982	0.25	0	1	82991
166.0	0.25	0	1	83000
166.016	0.25	0	1	83008
166.032	0.25	0	1	83016
166.05	0.25	0	1	83025
166.066	0.25	0	1	83033
166.082	0.25	0	1	83041
166.1	0.25	0	1	83050
166.116	0.25	0	1	83058
166.132	0.25	0	1	83066
166.15	0.25	0	1	83075
166.166	0.25	0	1	83083
166.182	0.25	0	1	83091
166.2	0.25	0	1	83100
166.216	0.25	0	1	83108
166.232	0.25	0	1	83116
166.25	0.25	0	1	83125
166.266	0.25	0	1	83133
166.282	0.25	0	1	83141
166.3	0.25	0	1	83150
166.316	0.25	1	2	83158
166.332	0.25	1	2	83166
166.35	0.25	1	2	83175
166.366	0.25	1	2	83183
166.382	0.25	0	1	83191
166.4	0.25	0	1	83200
166.416	0.25	0	1	83208
166.432	0.25	0	1	83216
166.45	0.25	0	1	83225
166.466	0.25	0	1	83233
166.482	0.25	0	1	83241
166.5	0.25	0	1	83250
166.516	0.25	0	1	83258
166.532	0.25	0	1	83266
166.55	0.25	0	1	83275
166.566	0.25	0	1	83283
166.582	0.25	0	1	83291
166.6	0.25	1	2	83300
166.616	0.25	1	2	83308
166.632	0.25	1	2	83316
166.65	0.25	1	2	83325
166.666	0.25	0	1	83333
166.682	0.25	0	1	83341
166.7	0.25	0	1	83350
166.716	0.25	0	1	83358
166.732	0.25	0	1	83366
166.75	0.25	0	1	83375
166.766	0.25	0	1	83383
166.782	0.25	0	1	83391
166.8	0.25	0	1	83400
166.816	0.25	0	1	83408
166.832	0.25	0	1	83416
166.85	0.25	0	1	83425
166.866	0.25	0	1	83433
166.882	0.25	0	1	83441
166.9	0.25	0	1	83450
166.916	0.25	0	1	83458
166.932	0.25	0	1	83466
166.95	0.25	0	1	83475
166.966	0.25	1	2	83483
166.982	0.25	1	2	83491
167.0	0.25	1	2	83500
167.016	0.25	1	2	83508
167.032	0.25	0	1	83516
167.05	0.25	0	1	83525
167.066	0.25	0	1	83533
167.082	0.25	0	1	83541
167.1	0.25	0	1	83550
167.116	0.25	0	1	83558
167.132	0.25	0	1	83566
167.15	0.25	0	1	83575
167.166	0.25	0	1	83583
167.182	0.25	0	1	83591
167.2	0.25	0	1	83600
167.216	0.25	0	1	83608
167.232	0.25	0	1	83616
167.25	0.25	0	1	83625
167.266	0.25	0	1	83633
167.282	0.25	0	1	83641
167.3	0.25	0	1	83650
167.316	0.25	0	1	83658
167.332	0.25	0	1	83666
167.35	0.25	0	1	83675
167.366	0.25	0	1	83683
167.382	0.25	0	1	83691
167.4	0.25	0	1	83700
167.416	0.25	0	1	83708
167.432	0.25	1	2	83716
167.45	0.25	1	2	83725
167.466	0.25	1	2	83733
167.482	0.25	1	2	83741
167.5	0.25	0	1	83750
167.516	0.25	0	1	83758
167.532	0.25	0	1	83766
167.55	0.25	0	1	83775
169.95	0.25	0	1	84975
169.966	0.25	0	1	84983
169.982	0.25	0	1	84991
170.0	0.25	0	1	85000
170.016	0.25	0	1	85008
170.032	0.25	0	1	85016
170.05	0.25	0	1	85025
170.066	0.25	0	1	85033
170.082	0.25	0	1	85041
170.1	0.25	0	1	85050
170.116	0.25	0	1	85058
170.132	0.25	0	1	85066
170.15	0.25	0	1	85075
170.166	0.25	0	1	85083
170.182	0.25	0	1	85091
170.2	0.25	0	1	85100
170.216	0.25	0	1	85108
170.232	0.25	0	1	85116
170.25	0.25	1	2	85125
170.266	0.25	1	2	85133
170.282	0.25	1	2	85141
170.3	0.25	1	2	85150
170.316	0.25	0	1	85158
170.332	0.25	0	1	85166
170.35	0.25	0	1	85175
170.366	0.25	0	1	85183
170.382	0.25	0	1	85191
170.4	0.25	0	1	85200
170.416	0.25	0	1	85208
170.432	0.25	0	1	85216
170.45	0.25	0	1	85225
170.466	0.25	0	1	85233
170.482	0.25	0	1	85241
170.5	0.25	0	1	85250
170.516	0.25	0	1	85258
170.532	0.25	0	1	85266
170.55	0.25	0	1	85275
170.566	0.25	0	1	85283
170.582	0.25	0	1	85291
170.6	0.25	0	1	85300
170.616	0.25	0	1	85308
170.632	0.25	0	1	85316
170.65	0.25	1	2	85325
170.666	0.25	1	2	85333
170.682	0.25	1	2	85341
170.7	0.25	1	2	85350
170.716	0.25	0	1	85358
170.732	0.25	0	1	85366
170.75	0.25	0	1	85375
170.766	0.25	0	1	85383
170.782	0.25	0	1	85391
170.8	0.25	0	1	85400
170.816	0.25	0	1	85408
170.832	0.25	0	1	85416
170.85	0.25	0	1	85425
170.866	0.25	0	1	85433
170.882	0.25	0	1	85441
170.9	0.25	0	1	85450
170.916	0.25	0	1	85458
170.932	0.25	1	2	85466
170.95	0.25	1	2	85475
170.966	0.25	1	2	85483
170.982	0.25	1	2	85491
171.0	0.25	0	1	85500
171.016	0.25	0	1	85508
171.032	0.25	0	1	85516
171.05	0.25	0	1	85525
171.066	0.25	0	1	85533
171.082	0.25	0	1	85541
171.1	0.25	0	1	85550
171.116	0.25	0	1	85558
171.132	0.25	0	1	85566
171.15	0.25	0	1	85575
171.166	0.25	0	1	85583
171.182	0.25	0	1	85591
171.2	0.25	0	1	85600
171.216	0.25	0	1	85608
171.232	0.25	0	1	85616
171.25	0.25	0	1	85625
171.266	0.25	0	1	85633
171.282	0.25	0	1	85641
171.3	0.25	1	2	85650
171.316	0.25	1	2	85658
171.332	0.25	1	2	85666
171.35	0.25	1	2	85675
171.366	0.25	0	1	85683
171.382	0.25	0	1	85691
171.4	0.25	0	1	85700
171.416	0.25	0	1	85708
171.432	0.25	0	1	85716
171.45	0.25	0	1	85725
171.466	0.25	0	1	85733
171.482	0.25	0	1	85741
171.5	0.25	0	1	85750
171.516	0.25	0	1	85758
171.532	0.25	0	1	85766
171.55	0.25	0	1	85775
171.566	0.25	0	1	85783
171.582	0.25	0	1	85791
171.6	0.25	0	1	85800
171.616	0.25	0	1	85808
171.632	0.25	0	1	85816
171.65	0.25	0	1	85825
171.666	0.25	0	1	85833
171.682	0.25	0	1	85841
171.7	0.25	0	1	85850
171.716	0.25	0	1	85858
171.732	0.25	0	1	85866
171.75	0.25	0	1	85875
171.766	0.25	1	2	85883
171.782	0.25	1	2	85891
171.8	0.25	1	2	85900
171.816	0.25	1	2	85908
171.832	0.25	0	1	85916
171.85	0.25	0	1	85925
171.866	0.25	0	1	85933
171.882	0.25	0	1	85941
173.35	0.25	0	1	86675
173.366	0.25	1	2	86683
173.382	0.25	1	2	86691
173.4	0.25	1	2	86700
173.416	0.25	1	2	86708
173.432	0.25	0	1	86716
173.45	0.25	0	1	86725
173.466	0.25	0	1	86733
173.482	0.25	0	1	86741
173.5	0.25	0	1	86750
173.516	0.25	0	1	86758
173.532	0.25	0	1	86766
173.55	0.25	0	1	86775
173.566	0.25	0	1	86783
173.582	0.25	0	1	86791
173.6	0.25	0	1	86800
173.616	0.25	0	1	86808
173.632	0.25	0	1	86816
173.65	0.25	0	1	86825
173.666	0.25	0	1	86833
173.682	0.25	0	1	86841
173.7	0.25	0	1	86850
173.716	0.25	0	1	86858
173.732	0.25	0	1	86866
173.75	0.25	0	1	86875
173.766	0.25	0	1	86883
173.782	0.25	0	1	86891
173.8	0.25	0	1	86900
173.816	0.25	0	1	86908
173.832	0.25	0	1	86916
173.85	0.25	1	2	86925
173.866	0.25	1	2	86933
173.882	0.25	1	2	86941
173.9	0.25	1	2	86950
173.916	0.25	0	1	86958
173.932	0.25	0	1	86966
173.95	0.25	0	1	86975
173.966	0.25	0	1	86983
173.982	0.25	0	1	86991
174.0	0.25	0	1	87000
174.016	0.25	0	1	87008
174.032	0.25	0	1	87016
174.05	0.25	0	1	87025
174.066	0.25	0	1	87033
174.082	0.25	0	1	87041
174.1	0.25	0	1	87050
174.116	0.25	0	1	87058
174.132	0.25	0	1	87066
174.15	0.25	0	1	87075
174.166	0.25	0	1	87083
174.182	0.25	0	1	87091
174.2	0.25	0	1	87100
174.216	0.25	0	1	87108
174.232	0.25	0	1	87116
174.25	0.25	0	1	87125
174.266	0.25	0	1	87133
174.282	0.25	0	1	87141
174.3	0.25	0	1	87150
174.316	0.25	1	2	87158
174.332	0.25	1	2	87166
174.35	0.25	1	2	87175
174.366	0.25	1	2	87183
174.382	0.25	0	1	87191
174.4	0.25	0	1	87200
174.416	0.25	0	1	87208
174.432	0.25	0	1	87216
174.45	0.25	0	1	87225
174.466	0.25	0	1	87233
174.482	0.25	0	1	87241
174.5	0.25	0	1	87250
174.516	0.25	0	1	87258
174.532	0.25	0	1	87266
174.55	0.25	0	1	87275
174.566	0.25	0	1	87283
174.582	0.25	0	1	87291
174.6	0.25	0	1	87300
174.616	0.25	0	1	87308
174.632	0.25	0	1	87316
174.65	0.25	0	1	87325
174.666	0.25	0	1	87333
174.682	0.25	0	1	87341
174.7	0.25	0	1	87350
174.716	0.25	0	1	87358
174.732	0.25	1	2	87366
174.75	0.25	1	2	87375
174.766	0.25	1	2	87383
174.782	0.25	1	2	87391
174.8	0.25	0	1	87400
174.816	0.25	0	1	87408
174.832	0.25	0	1	87416
174.85	0.25	0	1	87425
174.866	0.25	0	1	87433
174.882	0.25	0	1	87441
174.9	0.25	0	1	87450
174.916	0.25	0	1	87458
174.932	0.25	0	1	87466
174.95	0.25	0	1	87475
174.966	0.25	0	1	87483
174.982	0.25	0	1	87491
175.0	0.25	0	1	87500
175.016	0.25	0	1	87508
175.032	0.25	0	1	87516
175.05	0.25	0	1	87525
175.066	0.25	0	1	87533
175.082	0.25	0	1	87541
175.1	0.25	0	1	87550
175.116	0.25	0	1	87558
175.132	0.25	0	1	87566
175.15	0.25	0	1	87575
175.166	0.25	1	2	87583
175.182	0.25	1	2	87591
175.2	0.25	1	2	87600
175.216	0.25	1	2	87608
175.232	0.25	0	1	87616
175.25	0.25	0	1	87625
175.266	0.25	0	1	87633
175.282	0.25	0	1	87641
176.766	0.25	0	1	88383
176.782	0.25	0	1	88391
176.8	0.25	0	1	88400
176.816	0.25	0	1	88408
176.832	0.25	0	1	88416
176.85	0.25	0	1	88425
176.866	0.25	0	1	88433
176.882	0.25	0	1	88441
176.9	0.25	0	1	88450
176.916	0.25	0	1	88458
176.932	0.25	0	1	88466
176.95	0.25	0	1	88475
176.966	0.25	0	1	88483
176.982	0.25	0	1	88491
177.0	0.25	0	1	88500
177.016	0.25	1	2	88508
177.032	0.25	1	2	88516
177.05	0.25	1	2	88525
177.066	0.25	1	2	88533
177.082	0.25	0	1	88541
177.1	0.25	0	1	88550
177.116	0.25	0	1	88558
177.132	0.25	0	1	88566
177.15	0.25	0	1	88575
177.166	0.25	0	1	88583
177.182	0.25	0	1	88591
177.2	0.25	0	1	88600
177.216	0.25	0	1	88608
177.232	0.25	0	1	88616
177.25	0.25	0	1	88625
177.266	0.25	0	1	88633
177.282	0.25	0	1	88641
177.3	0.25	0	1	88650
177.316	0.25	0	1	88658
177.332	0.25	0	1	88666
177.35	0.25	0	1	88675
177.366	0.25	0	1	88683
177.382	0.25	0	1	88691
177.4	0.25	0	1	88700
177.416	0.25	0	1	88708
177.432	0.25	0	1	88716
177.45	0.25	1	2	88725
177.466	0.25	1	2	88733
177.482	0.25	1	2	88741
177.5	0.25	1	2	88750
177.516	0.25	0	1	88758
177.532	0.25	0	1	88766
177.55	0.25	0	1	88775
177.566	0.25	0	1	88783
177.582	0.25	0	1	88791
177.6	0.25	0	1	88800
177.616	0.25	0	1	88808
177.632	0.25	0	1	88816
177.65	0.25	0	1	88825
177.666	0.25	0	1	88833
177.682	0.25	0	1	88841
177.7	0.25	0	1	88850
177.716	0.25	0	1	88858
177.732	0.25	0	1	88866
177.75	0.25	0	1	88875
177.766	0.25	0	1	88883
177.782	0.25	0	1	88891
177.8	0.25	0	1	88900
177.816	0.25	0	1	88908
177.832	0.25	0	1	88916
177.85	0.25	0	1	88925
177.866	0.25	0	1	88933
177.882	0.25	0	1	88941
177.9	0.25	0	1	88950
177.916	0.25	1	2	88958
177.932	0.25	1	2	88966
177.95	0.25	1	2	88975
177.966	0.25	1	2	88983
177.982	0.25	0	1	88991
178.0	0.25	0	1	89000
178.016	0.25	0	1	89008
178.032	0.25	0	1	89016
178.05	0.25	0	1	89025
178.066	0.25	0	1	89033
178.082	0.25	0	1	89041
178.1	0.25	0	1	89050
178.116	0.25	0	1	89058
178.132	0.25	0	1	89066
178.15	0.25	0	1	89075
178.166	0.25	0	1	89083
178.182	0.25	0	1	89091
178.2	0.25	0	1	89100
178.216	0.25	1	2	89108
178.232	0.25	1	2	89116
178.25	0.25	1	2	89125
178.266	0.25	1	2	89133
178.282	0.25	0	1	89141
178.3	0.25	0	1	89150
178.316	0.25	0	1	89158
178.332	0.25	0	1	89166
178.35	0.25	0	1	89175
178.366	0.25	0	1	89183
178.382	0.25	0	1	89191
178.4	0.25	0	1	89200
178.416	0.25	0	1	89208
178.432	0.25	0	1	89216
178.45	0.25	0	1	89225
178.466	0.25	0	1	89233
178.482	0.25	0	1	89241
178.5	0.25	0	1	89250
178.516	0.25	0	1	89258
178.532	0.25	0	1	89266
178.55	0.25	0	1	89275
178.566	0.25	0	1	89283
178.582	0.25	0	1	89291
178.6	0.25	0	1	89300
178.616	0.25	0	1	89308
178.632	0.25	0	1	89316
178.65	0.25	1	2	89325
178.666	0.25	1	2	89333
178.682	0.25	1	2	89341
178.7	0.25	1	2	89350
180.2	0.25	0	1	90100
180.216	0.25	0	1	90108
180.232	0.25	0	1	90116
180.25	0.25	0	1	90125
180.266	0.25	0	1	90133
180.282	0.25	0	1	90141
180.3	0.25	0	1	90150
180.316	0.25	0	1	90158
180.332	0.25	0	1	90166
180.35	0.25	0	1	90175
180.366	0.25	0	1	90183
180.382	0.25	0	1	90191
180.4	0.25	0	1	90200
180.416	0.25	0	1	90208
180.432	0.25	0	1	90216
180.45	0.25	0	1	90225
180.466	0.25	0	1	90233
180.482	0.25	0	1	90241
180.5	0.25	0	1	90250
180.516	0.25	0	1	90258
180.532	0.25	0	1	90266
180.55	0.25	0	1	90275
180.566	0.25	0	1	90283
180.582	0.25	1	2	90291
180.6	0.25	1	2	90300
180.616	0.25	1	2	90308
180.632	0.25	1	2	90316
180.65	0.25	0	1	90325
180.666	0.25	0	1	90333
180.682	0.25	0	1	90341
180.7	0.25	0	1	90350
180.716	0.25	0	1	90358
180.732	0.25	0	1	90366
180.75	0.25	0	1	90375
180.766	0.25	0	1	90383
180.782	0.25	0	1	90391
180.8	0.25	0	1	90400
180.816	0.25	0	1	90408
180.832	0.25	0	1	90416
180.85	0.25	0	1	90425
180.866	0.25	0	1	90433
180.882	0.25	0	1	90441
180.9	0.25	0	1	90450
180.916	0.25	0	1	90458
180.932	0.25	0	1	90466
180.95	0.25	0	1	90475
180.966	0.25	1	2	90483
180.982	0.25	1	2	90491
181.0	0.25	1	2	90500
181.016	0.25	1	2	90508
181.032	0.25	0	1	90516
181.05	0.25	0	1	90525
181.066	0.25	0	1	90533
181.082	0.25	0	1	90541
181.1	0.25	0	1	90550
181.116	0.25	0	1	90558
181.132	0.25	0	1	90566
181.15	0.25	0	1	90575
181.166	0.25	0	1	90583
181.182	0.25	0	1	90591
181.2	0.25	0	1	90600
181.216	0.25	0	1	90608
181.232	0.25	0	1	90616
181.25	0.25	0	1	90625
181.266	0.25	1	2	90633
181.282	0.25	1	2	90641
181.3	0.25	1	2	90650
181.316	0.25	1	2	90658
181.332	0.25	0	1	90666
181.35	0.25	0	1	90675
181.366	0.25	0	1	90683
181.382	0.25	0	1	90691
181.4	0.25	0	1	90700
181.416	0.25	0	1	90708
181.432	0.25	0	1	90716
181.45	0.25	0	1	90725
181.466	0.25	0	1	90733
181.482	0.25	0	1	90741
181.5	0.25	0	1	90750
181.516	0.25	0	1	90758
181.532	0.25	0	1	90766
181.55	0.25	1	2	90775
181.566	0.25	1	2	90783
181.582	0.25	1	2	90791
181.6	0.25	1	2	90800
181.616	0.25	0	1	90808
181.632	0.25	0	1	90816
181.65	0.25	0	1	90825
181.666	0.25	0	1	90833
181.682	0.25	0	1	90841
181.7	0.25	0	1	90850
181.716	0.25	0	1	90858
181.732	0.25	0	1	90866
181.75	0.25	0	1	90875
181.766	0.25	0	1	90883
181.782	0.25	0	1	90891
181.8	0.25	0	1	90900
181.816	0.25	0	1	90908
181.832	0.25	0	1	90916
181.85	0.25	0	1	90925
181.866	0.25	0	1	90933
181.882	0.25	1	2	90941
181.9	0.25	1	2	90950
181.916	0.25	1	2	90958
181.932	0.25	1	2	90966
181.95	0.25	0	1	90975
181.966	0.25	0	1	90983
181.982	0.25	0	1	90991
182.0	0.25	0	1	91000
182.016	0.25	0	1	91008
182.032	0.25	0	1	91016
182.05	0.25	0	1	91025
182.066	0.25	0	1	91033
182.082	0.25	0	1	91041
182.1	0.25	0	1	91050
182.116	0.25	0	1	91058
182.132	0.25	0	1	91066
184.316	0.25	0	1	92158
184.332	0.25	0	1	92166
184.35	0.25	0	1	92175
184.366	0.25	0	1	92183
184.382	0.25	0	1	92191
184.4	0.25	0	1	92200
184.416	0.25	0	1	92208
184.432	0.25	0	1	92216
184.45	0.25	0	1	92225
184.466	0.25	0	1	92233
184.482	0.25	0	1	92241
184.5	0.25	0	1	92250
184.516	0.25	0	1	92258
184.532	0.25	0	1	92266
184.55	0.25	0	1	92275
184.566	0.25	0	1	92283
184.582	0.25	0	1	92291
184.6	0.25	0	1	92300
184.616	0.25	1	2	92308
184.632	0.25	1	2	92316
184.65	0.25	1	2	92325
184.666	0.25	1	2	92333
184.682	0.25	0	1	92341
184.7	0.25	0	1	92350
184.716	0.25	0	1	92358
184.732	0.25	0	1	92366
184.75	0.25	0	1	92375
184.766	0.25	0	1	92383
184.782	0.25	0	1	92391
184.8	0.25	0	1	92400
184.816	0.25	0	1	92408
184.832	0.25	0	1	92416
184.85	0.25	0	1	92425
184.866	0.25	0	1	92433
184.882	0.25	0	1	92441
184.9	0.25	0	1	92450
184.916	0.25	0	1	92458
184.932	0.25	0	1	92466
184.95	0.25	0	1	92475
184.966	0.25	0	1	92483
184.982	0.25	0	1	92491
185.0	0.25	0	1	92500
185.016	0.25	1	2	92508
185.032	0.25	1	2	92516
185.05	0.25	1	2	92525
185.066	0.25	1	2	92533
185.082	0.25	0	1	92541
185.1	0.25	0	1	92550
185.116	0.25	0	1	92558
185.132	0.25	0	1	92566
185.15	0.25	0	1	92575
185.166	0.25	0	1	92583
185.182	0.25	0	1	92591
185.2	0.25	0	1	92600
185.216	0.25	0	1	92608
185.232	0.25	0	1	92616
185.25	0.25	0	1	92625
185.266	0.25	0	1	92633
185.282	0.25	0	1	92641
185.3	0.25	1	2	92650
185.316	0.25	1	2	92658
185.332	0.25	1	2	92666
185.35	0.25	1	2	92675
185.366	0.25	0	1	92683
185.382	0.25	0	1	92691
185.4	0.25	0	1	92700
185.416	0.25	0	1	92708
185.432	0.25	0	1	92716
185.45	0.25	0	1	92725
185.466	0.25	0	1	92733
185.482	0.25	0	1	92741
185.5	0.25	0	1	92750
185.516	0.25	0	1	92758
185.532	0.25	0	1	92766
185.55	0.25	0	1	92775
185.566	0.25	0	1	92783
185.582	0.25	0	1	92791
185.6	0.25	0	1	92800
185.616	0.25	0	1	92808
185.632	0.25	0	1	92816
185.65	0.25	0	1	92825
185.666	0.25	1	2	92833
185.682	0.25	1	2	92841
185.7	0.25	1	2	92850
185.716	0.25	1	2	92858
185.732	0.25	0	1	92866
185.75	0.25	0	1	92875
185.766	0.25	0	1	92883
185.782	0.25	0	1	92891
185.8	0.25	0	1	92900
185.816	0.25	0	1	92908
185.832	0.25	0	1	92916
185.85	0.25	0	1	92925
185.866	0.25	0	1	92933
185.882	0.25	0	1	92941
185.9	0.25	0	1	92950
185.916	0.25	0	1	92958
185.932	0.25	0	1	92966
185.95	0.25	0	1	92975
185.966	0.25	0	1	92983
185.982	0.25	0	1	92991
186.0	0.25	0	1	93000
186.016	0.25	0	1	93008
186.032	0.25	0	1	93016
186.05	0.25	0	1	93025
186.066	0.25	0	1	93033
186.082	0.25	0	1	93041
186.1	0.25	0	1	93050
186.116	0.25	0	1	93058
186.132	0.25	1	2	93066
186.15	0.25	1	2	93075
186.166	0.25	1	2	93083
186.182	0.25	1	2	93091
186.2	0.25	0	1	93100
186.216	0.25	0	1	93108
186.232	0.25	0	1	93116
186.25	0.25	0	1	93125
187.75	0.25	0	1	93875
187.766	0.25	1	2	93883
187.782	0.25	1	2	93891
187.8	0.25	1	2	93900
187.816	0.25	1	2	93908
187.832	0.25	0	1	93916
187.85	0.25	0	1	93925
187.866	0.25	0	1	93933
187.882	0.25	0	1	93941
187.9	0.25	0	1	93950
187.916	0.25	0	1	93958
187.932	0.25	0	1	93966
187.95	0.25	0	1	93975
187.966	0.25	0	1	93983
187.982	0.25	0	1	93991
188.0	0.25	0	1	94000
188.016	0.25	0	1	94008
188.032	0.25	0	1	94016
188.05	0.25	0	1	94025
188.066	0.25	0	1	94033
188.082	0.25	0	1	94041
188.1	0.25	0	1	94050
188.116	0.25	0	1	94058
188.132	0.25	0	1	94066
188.15	0.25	0	1	94075
188.166	0.25	0	1	94083
188.182	0.25	0	1	94091
188.2	0.25	0	1	94100
188.216	0.25	0	1	94108
188.232	0.25	0	1	94116
188.25	0.25	1	2	94125
188.266	0.25	1	2	94133
188.282	0.25	1	2	94141
188.3	0.25	1	2	94150
188.316	0.25	0	1	94158
188.332	0.25	0	1	94166
188.35	0.25	0	1	94175
188.366	0.25	0	1	94183
188.382	0.25	0	1	94191
188.4	0.25	0	1	94200
188.416	0.25	0	1	94208
188.432	0.25	0	1	94216
188.45	0.25	0	1	94225
188.466	0.25	0	1	94233
188.482	0.25	0	1	94241
188.5	0.25	0	1	94250
188.516	0.25	0	1	94258
188.532	0.25	0	1	94266
188.55	0.25	0	1	94275
188.566	0.25	0	1	94283
188.582	0.25	0	1	94291
188.6	0.25	0	1	94300
188.616	0.25	0	1	94308
188.632	0.25	0	1	94316
188.65	0.25	0	1	94325
188.666	0.25	0	1	94333
188.682	0.25	0	1	94341
188.7	0.25	0	1	94350
188.716	0.25	1	2	94358
188.732	0.25	1	2	94366
188.75	0.25	1	2	94375
188.766	0.25	1	2	94383
188.782	0.25	0	1	94391
188.8	0.25	0	1	94400
188.816	0.25	0	1	94408
188.832	0.25	0	1	94416
188.85	0.25	0	1	94425
188.866	0.25	0	1	94433
188.882	0.25	0	1	94441
188.9	0.25	0	1	94450
188.916	0.25	0	1	94458
188.932	0.25	0	1	94466
188.95	0.25	0	1	94475
188.966	0.25	0	1	94483
188.982	0.25	0	1	94491
189.0	0.25	0	1	94500
189.016	0.25	0	1	94508
189.032	0.25	0	1	94516
189.05	0.25	0	1	94525
189.066	0.25	0	1	94533
189.082	0.25	0	1	94541
189.1	0.25	0	1	94550
189.116	0.25	0	1	94558
189.132	0.25	1	2	94566
189.15	0.25	1	2	94575
189.166	0.25	1	2	94583
189.182	0.25	1	2	94591
189.2	0.25	0	1	94600
189.216	0.25	0	1	94608
189.232	0.25	0	1	94616
189.25	0.25	0	1	94625
189.266	0.25	0	1	94633
189.282	0.25	0	1	94641
189.3	0.25	0	1	94650
189.316	0.25	0	1	94658
189.332	0.25	0	1	94666
189.35	0.25	0	1	94675
189.366	0.25	0	1	94683
189.382	0.25	0	1	94691
189.4	0.25	0	1	94700
189.416	0.25	0	1	94708
189.432	0.25	0	1	94716
189.45	0.25	0	1	94725
189.466	0.25	0	1	94733
189.482	0.25	0	1	94741
189.5	0.25	0	1	94750
189.516	0.25	0	1	94758
189.532	0.25	0	1	94766
189.55	0.25	0	1	94775
189.566	0.25	1	2	94783
189.582	0.25	1	2	94791
189.6	0.25	1	2	94800
189.616	0.25	1	2	94808
189.632	0.25	0	1	94816
189.65	0.25	0	1	94825
189.666	0.25	0	1	94833
189.682	0.25	0	1	94841
191.15	0.25	0	1	95575
191.166	0.25	0	1	95583
191.182	0.25	0	1	95591
191.2	0.25	0	1	95600
191.216	0.25	0	1	95608
191.232	0.25	0	1	95616
191.25	0.25	0	1	95625
191.266	0.25	0	1	95633
191.282	0.25	0	1	95641
191.3	0.25	0	1	95650
191.316	0.25	0	1	95658
191.332	0.25	0	1	95666
191.35	0.25	0	1	95675
191.366	0.25	0	1	95683
191.382	0.25	0	1	95691
191.4	0.25	0	1	95700
191.416	0.25	0	1	95708
191.432	0.25	0	1	95716
191.45	0.25	0	1	95725
191.466	0.25	0	1	95733
191.482	0.25	0	1	95741
191.5	0.25	0	1	95750
191.516	0.25	0	1	95758
191.532	0.25	1	2	95766
191.55	0.25	1	2	95775
191.566	0.25	1	2	95783
191.582	0.25	1	2	95791
191.6	0.25	0	1	95800
191.616	0.25	0	1	95808
191.632	0.25	0	1	95816
191.65	0.25	0	1	95825
191.666	0.25	0	1	95833
191.682	0.25	0	1	95841
191.7	0.25	0	1	95850
191.716	0.25	0	1	95858
191.732	0.25	0	1	95866
191.75	0.25	0	1	95875
191.766	0.25	0	1	95883
191.782	0.25	0	1	95891
191.8	0.25	0	1	95900
191.816	0.25	0	1	95908
191.832	0.25	0	1	95916
191.85	0.25	0	1	95925
191.866	0.25	0	1	95933
191.882	0.25	0	1	95941
191.9	0.25	0	1	95950
191.916	0.25	1	2	95958
191.932	0.25	1	2	95966
191.95	0.25	1	2	95975
191.966	0.25	1	2	95983
191.982	0.25	0	1	95991
192.0	0.25	0	1	96000
192.016	0.25	0	1	96008
192.032	0.25	0	1	96016
192.05	0.25	0	1	96025
192.066	0.25	0	1	96033
192.082	0.25	0	1	96041
192.1	0.25	0	1	96050
192.116	0.25	0	1	96058
192.132	0.25	0	1	96066
192.15	0.25	0	1	96075
192.166	0.25	0	1	96083
192.182	0.25	0	1	96091
192.2	0.25	0	1	96100
192.216	0.25	1	2	96108
192.232	0.25	1	2	96116
192.25	0.25	1	2	96125
192.266	0.25	1	2	96133
192.282	0.25	0	1	96141
192.3	0.25	0	1	96150
192.316	0.25	0	1	96158
192.332	0.25	0	1	96166
192.35	0.25	0	1	96175
192.366	0.25	0	1	96183
192.382	0.25	0	1	96191
192.4	0.25	0	1	96200
192.416	0.25	0	1	96208
192.432	0.25	0	1	96216
192.45	0.25	0	1	96225
192.466	0.25	0	1	96233
192.482	0.25	0	1	96241
192.5	0.25	1	2	96250
192.516	0.25	1	2	96258
192.532	0.25	1	2	96266
192.55	0.25	1	2	96275
192.566	0.25	0	1	96283
192.582	0.25	0	1	96291
192.6	0.25	0	1	96300
192.616	0.25	0	1	96308
192.632	0.25	0	1	96316
192.65	0.25	0	1	96325
192.666	0.25	0	1	96333
192.682	0.25	0	1	96341
192.7	0.25	0	1	96350
192.716	0.25	0	1	96358
192.732	0.25	0	1	96366
192.75	0.25	0	1	96375
192.766	0.25	0	1	96383
192.782	0.25	0	1	96391
192.8	0.25	0	1	96400
192.816	0.25	0	1	96408
192.832	0.25	1	2	96416
192.85	0.25	1	2	96425
192.866	0.25	1	2	96433
192.882	0.25	1	2	96441
192.9	0.25	0	1	96450
192.916	0.25	0	1	96458
192.932	0.25	0	1	96466
192.95	0.25	0	1	96475
192.966	0.25	0	1	96483
192.982	0.25	0	1	96491
193.0	0.25	0	1	96500
193.016	0.25	0	1	96508
193.032	0.25	0	1	96516
193.05	0.25	0	1	96525
193.066	0.25	0	1	96533
193.082	0.25	0	1	96541
194.566	0.25	0	1	97283
194.582	0.25	0	1	97291
194.6	0.25	0	1	97300
194.616	0.25	0	1	97308
194.632	0.25	0	1	97316
194.65	0.25	0	1	97325
194.666	0.25	0	1	97333
194.682	0.25	0	1	97341
194.7	0.25	0	1	97350
194.716	0.25	0	1	97358
194.732	0.25	0	1	97366
194.75	0.25	0	1	97375
194.766	0.25	0	1	97383
194.782	0.25	0	1	97391
194.8	0.25	0	1	97400
194.816	0.25	1	2	97408
194.832	0.25	1	2	97416
194.85	0.25	1	2	97425
194.866	0.25	1	2	97433
194.882	0.25	0	1	97441
194.9	0.25	0	1	97450
194.916	0.25	0	1	97458
194.932	0.25	0	1	97466
194.95	0.25	0	1	97475
194.966	0.25	0	1	97483
194.982	0.25	0	1	97491
195.0	0.25	0	1	97500
195.016	0.25	0	1	97508
195.032	0.25	0	1	97516
195.05	0.25	0	1	97525
195.066	0.25	0	1	97533
195.082	0.25	0	1	97541
195.1	0.25	0	1	97550
195.116	0.25	0	1	97558
195.132	0.25	0	1	97566
195.15	0.25	0	1	97575
195.166	0.25	0	1	97583
195.182	0.25	0	1	97591
195.2	0.25	0	1	97600
195.216	0.25	0	1	97608
195.232	0.25	0	1	97616
195.25	0.25	1	2	97625
195.266	0.25	1	2	97633
195.282	0.25	1	2	97641
195.3	0.25	1	2	97650
195.316	0.25	0	1	97658
195.332	0.25	0	1	97666
195.35	0.25	0	1	97675
195.366	0.25	0	1	97683
195.382	0.25	0	1	97691
195.4	0.25	0	1	97700
195.416	0.25	0	1	97708
195.432	0.25	0	1	97716
195.45	0.25	0	1	97725
195.466	0.25	0	1	97733
195.482	0.25	0	1	97741
195.5	0.25	0	1	97750
195.516	0.25	0	1	97758
195.532	0.25	0	1	97766
195.55	0.25	0	1	97775
195.566	0.25	0	1	97783
195.582	0.25	0	1	97791
195.6	0.25	0	1	97800
195.616	0.25	0	1	97808
195.632	0.25	0	1	97816
195.65	0.25	0	1	97825
195.666	0.25	0	1	97833
195.682	0.25	0	1	97841
195.7	0.25	0	1	97850
195.716	0.25	1	2	97858
195.732	0.25	1	2	97866
195.75	0.25	1	2	97875
195.766	0.25	1	2	97883
195.782	0.25	0	1	97891
195.8	0.25	0	1	97900
195.816	0.25	0	1	97908
195.832	0.25	0	1	97916
195.85	0.25	0	1	97925
195.866	0.25	0	1	97933
195.882	0.25	0	1	97941
195.9	0.25	0	1	97950
195.916	0.25	0	1	97958
195.932	0.25	0	1	97966
195.95	0.25	0	1	97975
195.966	0.25	0	1	97983
195.982	0.25	0	1	97991
196.0	0.25	0	1	98000
196.016	0.25	1	2	98008
196.032	0.25	1	2	98016
196.05	0.25	1	2	98025
196.066	0.25	1	2	98033
196.082	0.25	0	1	98041
196.1	0.25	0	1	98050
196.116	0.25	0	1	98058
196.132	0.25	0	1	98066
196.15	0.25	0	1	98075
196.166	0.25	0	1	98083
196.182	0.25	0	1	98091
196.2	0.25	0	1	98100
196.216	0.25	0	1	98108
196.232	0.25	0	1	98116
196.25	0.25	0	1	98125
196.266	0.25	0	1	98133
196.282	0.25	0	1	98141
196.3	0.25	0	1	98150
196.316	0.25	0	1	98158
196.332	0.25	0	1	98166
196.35	0.25	0	1	98175
196.366	0.25	0	1	98183
196.382	0.25	0	1	98191
196.4	0.25	0	1	98200
196.416	0.25	0	1	98208
196.432	0.25	0	1	98216
196.45	0.25	1	2	98225
196.466	0.25	1	2	98233
196.482	0.25	1	2	98241
196.5	0.25	1	2	98250
201.116	0.25	0	1	100558
201.132	0.25	0	1	100566
201.15	0.25	0	1	100575
201.166	0.25	0	1	100583
201.182	0.25	0	1	100591
201.2	0.25	0	1	100600
201.216	0.25	0	1	100608
201.232	0.25	0	1	100616
201.25	0.25	0	1	100625
201.266	0.25	0	1	100633
201.282	0.25	0	1	100641
201.3	0.25	0	1	100650
201.316	0.25	0	1	100658
201.332	0.25	0	1	100666
201.35	0.25	0	1	100675
201.366	0.25	0	1	100683
201.382	0.25	0	1	100691
201.4	0.25	0	1	100700
201.416	0.25	0	1	100708
201.432	0.25	0	1	100716
201.45	0.25	0	1	100725
201.466	0.25	0	1	100733
201.482	0.25	0	1	100741
201.5	0.25	1	2	100750
201.516	0.25	1	2	100758
201.532	0.25	1	2	100766
201.55	0.25	1	2	100775
201.566	0.25	0	1	100783
201.582	0.25	0	1	100791
201.6	0.25	0	1	100800
201.616	0.25	0	1	100808
201.632	0.25	0	1	100816
201.65	0.25	0	1	100825
201.666	0.25	0	1	100833
201.682	0.25	0	1	100841
201.7	0.25	0	1	100850
201.716	0.25	0	1	100858
201.732	0.25	0	1	100866
201.75	0.25	0	1	100875
201.766	0.25	0	1	100883
201.782	0.25	0	1	100891
201.8	0.25	0	1	100900
201.816	0.25	0	1	100908
201.832	0.25	0	1	100916
201.85	0.25	0	1	100925
201.866	0.25	0	1	100933
201.882	0.25	1	2	100941
201.9	0.25	1	2	100950
201.916	0.25	1	2	100958
201.932	0.25	1	2	100966
201.95	0.25	0	1	100975
201.966	0.25	0	1	100983
201.982	0.25	0	1	100991
202.0	0.25	0	1	101000
202.016	0.25	0	1	101008
202.032	0.25	0	1	101016
202.05	0.25	0	1	101025
202.066	0.25	0	1	101033
202.082	0.25	0	1	101041
202.1	0.25	0	1	101050
202.116	0.25	0	1	101058
202.132	0.25	0	1	101066
202.15	0.25	0	1	101075
202.166	0.25	0	1	101083
202.182	0.25	1	2	101091
202.2	0.25	1	2	101100
202.216	0.25	1	2	101108
202.232	0.25	1	2	101116
202.25	0.25	0	1	101125
202.266	0.25	0	1	101133
202.282	0.25	0	1	101141
202.3	0.25	0	1	101150
202.316	0.25	0	1	101158
202.332	0.25	0	1	101166
202.35	0.25	0	1	101175
202.366	0.25	0	1	101183
202.382	0.25	0	1	101191
202.4	0.25	0	1	101200
202.416	0.25	0	1	101208
202.432	0.25	0	1	101216
202.45	0.25	0	1	101225
202.466	0.25	1	2	101233
202.482	0.25	1	2	101241
202.5	0.25	1	2	101250
202.516	0.25	1	2	101258
202.532	0.25	0	1	101266
202.55	0.25	0	1	101275
202.566	0.25	0	1	101283
202.582	0.25	0	1	101291
202.6	0.25	0	1	101300
202.616	0.25	0	1	101308
202.632	0.25	0	1	101316
202.65	0.25	0	1	101325
202.666	0.25	0	1	101333
202.682	0.25	0	1	101341
202.7	0.25	0	1	101350
202.716	0.25	0	1	101358
202.732	0.25	0	1	101366
202.75	0.25	0	1	101375
202.766	0.25	0	1	101383
202.782	0.25	0	1	101391
202.8	0.25	1	2	101400
202.816	0.25	1	2	101408
202.832	0.25	1	2	101416
202.85	0.25	1	2	101425
202.866	0.25	0	1	101433
202.882	0.25	0	1	101441
202.9	0.25	0	1	101450
202.916	0.25	0	1	101458
202.932	0.25	0	1	101466
202.95	0.25	0	1	101475
202.966	0.25	0	1	101483
202.982	0.25	0	1	101491
203.0	0.25	0	1	101500
203.016	0.25	0	1	101508
203.032	0.25	0	1	101516
203.05	0.25	0	1	101525
204.55	0.25	0	1	102275
204.566	0.25	1	2	102283
204.582	0.25	1	2	102291
204.6	0.25	1	2	102300
204.616	0.25	1	2	102308
204.632	0.25	0	1	102316
204.65	0.25	0	1	102325
204.666	0.25	0	1	102333
204.682	0.25	0	1	102341
204.7	0.25	0	1	102350
204.716	0.25	0	1	102358
204.732	0.25	0	1	102366
204.75	0.25	0	1	102375
204.766	0.25	0	1	102383
204.782	0.25	0	1	102391
204.8	0.25	0	1	102400
204.816	0.25	0	1	102408
204.832	0.25	0	1	102416
204.85	0.25	0	1	102425
204.866	0.25	0	1	102433
204.882	0.25	0	1	102441
204.9	0.25	0	1	102450
204.916	0.25	0	1	102458
204.932	0.25	0	1	102466
204.95	0.25	0	1	102475
204.966	0.25	0	1	102483
204.982	0.25	0	1	102491
205.0	0.25	0	1	102500
205.016	0.25	0	1	102508
205.032	0.25	0	1	102516
205.05	0.25	1	2	102525
205.066	0.25	1	2	102533
205.082	0.25	1	2	102541
205.1	0.25	1	2	102550
205.116	0.25	0	1	102558
205.132	0.25	0	1	102566
205.15	0.25	0	1	102575
205.166	0.25	0	1	102583
205.182	0.25	0	1	102591
205.2	0.25	0	1	102600
205.216	0.25	0	1	102608
205.232	0.25	0	1	102616
205.25	0.25	0	1	102625
205.266	0.25	0	1	102633
205.282	0.25	0	1	102641
205.3	0.25	0	1	102650
205.316	0.25	0	1	102658
205.332	0.25	0	1	102666
205.35	0.25	0	1	102675
205.366	0.25	0	1	102683
205.382	0.25	0	1	102691
205.4	0.25	0	1	102700
205.416	0.25	0	1	102708
205.432	0.25	0	1	102716
205.45	0.25	0	1	102725
205.466	0.25	0	1	102733
205.482	0.25	0	1	102741
205.5	0.25	0	1	102750
205.516	0.25	1	2	102758
205.532	0.25	1	2	102766
205.55	0.25	1	2	102775
205.566	0.25	1	2	102783
205.582	0.25	0	1	102791
205.6	0.25	0	1	102800
205.616	0.25	0	1	102808
205.632	0.25	0	1	102816
205.65	0.25	0	1	102825
205.666	0.25	0	1	102833
205.682	0.25	0	1	102841
205.7	0.25	0	1	102850
205.716	0.25	0	1	102858
205.732	0.25	0	1	102866
205.75	0.25	0	1	102875
205.766	0.25	0	1	102883
205.782	0.25	0	1	102891
205.8	0.25	0	1	102900
205.816	0.25	0	1	102908
205.832	0.25	0	1	102916
205.85	0.25	0	1	102925
205.866	0.25	0	1	102933
205.882	0.25	0	1	102941
205.9	0.25	0	1	102950
205.916	0.25	0	1	102958
205.932	0.25	1	2	102966
205.95	0.25	1	2	102975
205.966	0.25	1	2	102983
205.982	0.25	1	2	102991
206.0	0.25	0	1	103000
206.016	0.25	0	1	103008
206.032	0.25	0	1	103016
206.05	0.25	0	1	103025
206.066	0.25	0	1	103033
206.082	0.25	0	1	103041
206.1	0.25	0	1	103050
206.116	0.25	0	1	103058
206.132	0.25	0	1	103066
206.15	0.25	0	1	103075
206.166	0.25	0	1	103083
206.182	0.25	0	1	103091
206.2	0.25	0	1	103100
206.216	0.25	0	1	103108
206.232	0.25	0	1	103116
206.25	0.25	0	1	103125
206.266	0.25	0	1	103133
206.282	0.25	0	1	103141
206.3	0.25	0	1	103150
206.316	0.25	0	1	103158
206.332	0.25	0	1	103166
206.35	0.25	0	1	103175
206.366	0.25	1	2	103183
206.382	0.25	1	2	103191
206.4	0.25	1	2	103200
206.416	0.25	1	2	103208
206.432	0.25	0	1	103216
206.45	0.25	0	1	103225
206.466	0.25	0	1	103233
206.482	0.25	0	1	103241
207.95	0.25	0	1	103975
207.966	0.25	0	1	103983
207.982	0.25	0	1	103991
208.0	0.25	0	1	104000
208.016	0.25	0	1	104008
208.032	0.25	0	1	104016
208.05	0.25	0	1	104025
208.066	0.25	0	1	104033
208.082	0.25	0	1	104041
208.1	0.25	0	1	104050
208.116	0.25	0	1	104058
208.132	0.25	0	1	104066
208.15	0.25	0	1	104075
208.166	0.25	0	1	104083
208.182	0.25	0	1	104091
208.2	0.25	0	1	104100
208.216	0.25	0	1	104108
208.232	0.25	0	1	104116
208.25	0.25	1	2	104125
208.266	0.25	1	2	104133
208.282	0.25	1	2	104141
208.3	0.25	1	2	104150
208.316	0.25	0	1	104158
208.332	0.25	0	1	104166
208.35	0.25	0	1	104175
208.366	0.25	0	1	104183
208.382	0.25	0	1	104191
208.4	0.25	0	1	104200
208.416	0.25	0	1	104208
208.432	0.25	0	1	104216
208.45	0.25	0	1	104225
208.466	0.25	0	1	104233
208.482	0.25	0	1	104241
208.5	0.25	0	1	104250
208.516	0.25	0	1	104258
208.532	0.25	0	1	104266
208.55	0.25	0	1	104275
208.566	0.25	0	1	104283
208.582	0.25	0	1	104291
208.6	0.25	0	1	104300
208.616	0.25	0	1	104308
208.632	0.25	0	1	104316
208.65	0.25	1	2	104325
208.666	0.25	1	2	104333
208.682	0.25	1	2	104341
208.7	0.25	1	2	104350
208.716	0.25	0	1	104358
208.732	0.25	0	1	104366
208.75	0.25	0	1	104375
208.766	0.25	0	1	104383
208.782	0.25	0	1	104391
208.8	0.25	0	1	104400
208.816	0.25	0	1	104408
208.832	0.25	0	1	104416
208.85	0.25	0	1	104425
208.866	0.25	0	1	104433
208.882	0.25	0	1	104441
208.9	0.25	0	1	104450
208.916	0.25	0	1	104458
208.932	0.25	1	2	104466
208.95	0.25	1	2	104475
208.966	0.25	1	2	104483
208.982	0.25	1	2	104491
209.0	0.25	0	1	104500
209.016	0.25	0	1	104508
209.032	0.25	0	1	104516
209.05	0.25	0	1	104525
209.066	0.25	0	1	104533
209.082	0.25	0	1	104541
209.1	0.25	0	1	104550
209.116	0.25	0	1	104558
209.132	0.25	0	1	104566
209.15	0.25	0	1	104575
209.166	0.25	0	1	104583
209.182	0.25	0	1	104591
209.2	0.25	0	1	104600
209.216	0.25	0	1	104608
209.232	0.25	0	1	104616
209.25	0.25	0	1	104625
209.266	0.25	0	1	104633
209.282	0.25	0	1	104641
209.3	0.25	1	2	104650
209.316	0.25	1	2	104658
209.332	0.25	1	2	104666
209.35	0.25	1	2	104675
209.366	0.25	0	1	104683
209.382	0.25	0	1	104691
209.4	0.25	0	1	104700
209.416	0.25	0	1	104708
209.432	0.25	0	1	104716
209.45	0.25	0	1	104725
209.466	0.25	0	1	104733
209.482	0.25	0	1	104741
209.5	0.25	0	1	104750
209.516	0.25	0	1	104758
209.532	0.25	0	1	104766
209.55	0.25	0	1	104775
209.566	0.25	0	1	104783
209.582	0.25	0	1	104791
209.6	0.25	0	1	104800
209.616	0.25	0	1	104808
209.632	0.25	0	1	104816
209.65	0.25	0	1	104825
209.666	0.25	0	1	104833
209.682	0.25	0	1	104841
209.7	0.25	0	1	104850
209.716	0.25	0	1	104858
209.732	0.25	0	1	104866
209.75	0.25	0	1	104875
209.766	0.25	1	2	104883
209.782	0.25	1	2	104891
209.8	0.25	1	2	104900
209.816	0.25	1	2	104908
209.832	0.25	0	1	104916
209.85	0.25	0	1	104925
209.866	0.25	0	1	104933
209.882	0.25	0	1	104941
211.366	0.25	0	1	105683
211.382	0.25	0	1	105691
211.4	0.25	0	1	105700
211.416	0.25	0	1	105708
211.432	0.25	0	1	105716
211.45	0.25	0	1	105725
211.466	0.25	0	1	105733
211.482	0.25	0	1	105741
211.5	0.25	0	1	105750
211.516	0.25	0	1	105758
211.532	0.25	0	1	105766
211.55	0.25	0	1	105775
211.566	0.25	0	1	105783
211.582	0.25	0	1	105791
211.6	0.25	0	1	105800
211.616	0.25	1	2	105808
211.632	0.25	1	2	105816
211.65	0.25	1	2	105825
211.666	0.25	1	2	105833
211.682	0.25	0	1	105841
211.7	0.25	0	1	105850
211.716	0.25	0	1	105858
211.732	0.25	0	1	105866
211.75	0.25	0	1	105875
211.766	0.25	0	1	105883
211.782	0.25	0	1	105891
211.8	0.25	0	1	105900
211.816	0.25	0	1	105908
211.832	0.25	0	1	105916
211.85	0.25	0	1	105925
211.866	0.25	0	1	105933
211.882	0.25	0	1	105941
211.9	0.25	0	1	105950
211.916	0.25	0	1	105958
211.932	0.25	0	1	105966
211.95	0.25	0	1	105975
211.966	0.25	0	1	105983
211.982	0.25	0	1	105991
212.0	0.25	0	1	106000
212.016	0.25	0	1	106008
212.032	0.25	0	1	106016
212.05	0.25	1	2	106025
212.066	0.25	1	2	106033
212.082	0.25	1	2	106041
212.1	0.25	1	2	106050
212.116	0.25	0	1	106058
212.132	0.25	0	1	106066
212.15	0.25	0	1	106075
212.166	0.25	0	1	106083
212.182	0.25	0	1	106091
212.2	0.25	0	1	106100
212.216	0.25	0	1	106108
212.232	0.25	0	1	106116
212.25	0.25	0	1	106125
212.266	0.25	0	1	106133
212.282	0.25	0	1	106141
212.3	0.25	0	1	106150
212.316	0.25	0	1	106158
212.332	0.25	0	1	106166
212.35	0.25	0	1	106175
212.366	0.25	0	1	106183
212.382	0.25	0	1	106191
212.4	0.25	0	1	106200
212.416	0.25	0	1	106208
212.432	0.25	0	1	106216
212.45	0.25	0	1	106225
212.466	0.25	0	1	106233
212.482	0.25	0	1	106241
212.5	0.25	0	1	106250
212.516	0.25	1	2	106258
212.532	0.25	1	2	106266
212.55	0.25	1	2	106275
212.566	0.25	1	2	106283
212.582	0.25	0	1	106291
212.6	0.25	0	1	106300
212.616	0.25	0	1	106308
212.632	0.25	0	1	106316
212.65	0.25	0	1	106325
212.666	0.25	0	1	106333
212.682	0.25	0	1	106341
212.7	0.25	0	1	106350
212.716	0.25	0	1	106358
212.732	0.25	0	1	106366
212.75	0.25	0	1	106375
212.766	0.25	0	1	106383
212.782	0.25	0	1	106391
212.8	0.25	0	1	106400
212.816	0.25	1	2	106408
212.832	0.25	1	2	106416
212.85	0.25	1	2	106425
212.866	0.25	1	2	106433
212.882	0.25	0	1	106441
212.9	0.25	0	1	106450
212.916	0.25	0	1	106458
212.932	0.25	0	1	106466
212.95	0.25	0	1	106475
212.966	0.25	0	1	106483
212.982	0.25	0	1	106491
213.0	0.25	0	1	106500
213.016	0.25	0	1	106508
213.032	0.25	0	1	106516
213.05	0.25	0	1	106525
213.066	0.25	0	1	106533
213.082	0.25	0	1	106541
213.1	0.25	0	1	106550
213.116	0.25	0	1	106558
213.132	0.25	0	1	106566
213.15	0.25	0	1	106575
213.166	0.25	0	1	106583
213.182	0.25	0	1	106591
213.2	0.25	0	1	106600
213.216	0.25	0	1	106608
213.232	0.25	0	1	106616
213.25	0.25	1	2	106625
213.266	0.25	1	2	106633
213.282	0.25	1	2	106641
213.3	0.25	1	2	106650
215.516	0.25	0	1	107758
215.532	0.25	0	1	107766
215.55	0.25	0	1	107775
215.566	0.25	0	1	107783
215.582	0.25	0	1	107791
215.6	0.25	0	1	107800
215.616	0.25	0	1	107808
215.632	0.25	0	1	107816
215.65	0.25	0	1	107825
215.666	0.25	0	1	107833
215.682	0.25	0	1	107841
215.7	0.25	0	1	107850
215.716	0.25	0	1	107858
215.732	0.25	0	1	107866
215.75	0.25	0	1	107875
215.766	0.25	0	1	107883
215.782	0.25	0	1	107891
215.8	0.25	0	1	107900
215.816	0.25	1	2	107908
215.832	0.25	1	2	107916
215.85	0.25	1	2	107925
215.866	0.25	1	2	107933
215.882	0.25	0	1	107941
215.9	0.25	0	1	107950
215.916	0.25	0	1	107958
215.932	0.25	0	1	107966
215.95	0.25	0	1	107975
215.966	0.25	0	1	107983
215.982	0.25	0	1	107991
216.0	0.25	0	1	108000
216.016	0.25	0	1	108008
216.032	0.25	0	1	108016
216.05	0.25	0	1	108025
216.066	0.25	0	1	108033
216.082	0.25	0	1	108041
216.1	0.25	0	1	108050
216.116	0.25	0	1	108058
216.132	0.25	0	1	108066
216.15	0.25	0	1	108075
216.166	0.25	0	1	108083
216.182	0.25	0	1	108091
216.2	0.25	0	1	108100
216.216	0.25	1	2	108108
216.232	0.25	1	2	108116
216.25	0.25	1	2	108125
216.266	0.25	1	2	108133
216.282	0.25	0	1	108141
216.3	0.25	0	1	108150
216.316	0.25	0	1	108158
216.332	0.25	0	1	108166
216.35	0.25	0	1	108175
216.366	0.25	0	1	108183
216.382	0.25	0	1	108191
216.4	0.25	0	1	108200
216.416	0.25	0	1	108208
216.432	0.25	0	1	108216
216.45	0.25	0	1	108225
216.466	0.25	0	1	108233
216.482	0.25	0	1	108241
216.5	0.25	1	2	108250
216.516	0.25	1	2	108258
216.532	0.25	1	2	108266
216.55	0.25	1	2	108275
216.566	0.25	0	1	108283
216.582	0.25	0	1	108291
216.6	0.25	0	1	108300
216.616	0.25	0	1	108308
216.632	0.25	0	1	108316
216.65	0.25	0	1	108325
216.666	0.25	0	1	108333
216.682	0.25	0	1	108341
216.7	0.25	0	1	108350
216.716	0.25	0	1	108358
216.732	0.25	0	1	108366
216.75	0.25	0	1	108375
216.766	0.25	0	1	108383
216.782	0.25	0	1	108391
216.8	0.25	0	1	108400
216.816	0.25	0	1	108408
216.832	0.25	0	1	108416
216.85	0.25	0	1	108425
216.866	0.25	1	2	108433
216.882	0.25	1	2	108441
216.9	0.25	1	2	108450
216.916	0.25	1	2	108458
216.932	0.25	0	1	108466
216.95	0.25	0	1	108475
216.966	0.25	0	1	108483
216.982	0.25	0	1	108491
217.0	0.25	0	1	108500
217.016	0.25	0	1	108508
217.032	0.25	0	1	108516
217.05	0.25	0	1	108525
217.066	0.25	0	1	108533
217.082	0.25	0	1	108541
217.1	0.25	0	1	108550
217.116	0.25	0	1	108558
217.132	0.25	0	1	108566
217.15	0.25	0	1	108575
217.166	0.25	0	1	108583
217.182	0.25	0	1	108591
217.2	0.25	0	1	108600
217.216	0.25	0	1	108608
217.232	0.25	0	1	108616
217.25	0.25	0	1	108625
217.266	0.25	0	1	108633
217.282	0.25	0	1	108641
217.3	0.25	0	1	108650
217.316	0.25	0	1	108658
217.332	0.25	1	2	108666
217.35	0.25	1	2	108675
217.366	0.25	1	2	108683
217.382	0.25	1	2	108691
217.4	0.25	0	1	108700
217.416	0.25	0	1	108708
217.432	0.25	0	1	108716
217.45	0.25	0	1	108725
218.95	0.25	0	1	109475
218.966	0.25	0	1	109483
218.982	0.25	0	1	109491
219.0	0.25	0	1	109500
219.016	0.25	0	1	109508
219.032	0.25	0	1	109516
219.05	0.25	0	1	109525
219.066	0.25	0	1	109533
219.082	0.25	0	1	109541
219.1	0.25	0	1	109550
219.116	0.25	0	1	109558
219.132	0.25	0	1	109566
219.15	0.25	0	1	109575
219.166	0.25	0	1	109583
219.182	0.25	0	1	109591
219.2	0.25	1	2	109600
219.216	0.25	1	2	109608
219.232	0.25	1	2	109616
219.25	0.25	1	2	109625
219.266	0.25	0	1	109633
219.282	0.25	0	1	109641
219.3	0.25	0	1	109650
219.316	0.25	0	1	109658
219.332	0.25	0	1	109666
219.35	0.25	0	1	109675
219.366	0.25	0	1	109683
219.382	0.25	0	1	109691
219.4	0.25	0	1	109700
219.416	0.25	0	1	109708
219.432	0.25	0	1	109716
219.45	0.25	0	1	109725
219.466	0.25	0	1	109733
219.482	0.25	0	1	109741
219.5	0.25	0	1	109750
219.516	0.25	0	1	109758
219.532	0.25	0	1	109766
219.55	0.25	0	1	109775
219.566	0.25	0	1	109783
219.582	0.25	0	1	109791
219.6	0.25	0	1	109800
219.616	0.25	0	1	109808
219.632	0.25	1	2	109816
219.65	0.25	1	2	109825
219.666	0.25	1	2	109833
219.682	0.25	1	2	109841
219.7	0.25	0	1	109850
219.716	0.25	0	1	109858
219.732	0.25	0	1	109866
219.75	0.25	0	1	109875
219.766	0.25	0	1	109883
219.782	0.25	0	1	109891
219.8	0.25	0	1	109900
219.816	0.25	0	1	109908
219.832	0.25	0	1	109916
219.85	0.25	0	1	109925
219.866	0.25	0	1	109933
219.882	0.25	0	1	109941
219.9	0.25	0	1	109950
219.916	0.25	0	1	109958
219.932	0.25	0	1	109966
219.95	0.25	0	1	109975
219.966	0.25	0	1	109983
219.982	0.25	0	1	109991
220.0	0.25	0	1	110000
220.016	0.25	0	1	110008
220.032	0.25	0	1	110016
220.05	0.25	0	1	110025
220.066	0.25	0	1	110033
220.082	0.25	0	1	110041
220.1	0.25	1	2	110050
220.116	0.25	1	2	110058
220.132	0.25	1	2	110066
220.15	0.25	1	2	110075
220.166	0.25	0	1	110083
220.182	0.25	0	1	110091
220.2	0.25	0	1	110100
220.216	0.25	0	1	110108
220.232	0.25	0	1	110116
220.25	0.25	0	1	110125
220.266	0.25	0	1	110133
220.282	0.25	0	1	110141
220.3	0.25	0	1	110150
220.316	0.25	0	1	110158
220.332	0.25	0	1	110166
220.35	0.25	0	1	110175
220.366	0.25	0	1	110183
220.382	0.25	0	1	110191
220.4	0.25	1	2	110200
220.416	0.25	1	2	110208
220.432	0.25	1	2	110216
220.45	0.25	1	2	110225
220.466	0.25	0	1	110233
220.482	0.25	0	1	110241
220.5	0.25	0	1	110250
220.516	0.25	0	1	110258
220.532	0.25	0	1	110266
220.55	0.25	0	1	110275
220.566	0.25	0	1	110283
220.582	0.25	0	1	110291
220.6	0.25	0	1	110300
220.616	0.25	0	1	110308
220.632	0.25	0	1	110316
220.65	0.25	0	1	110325
220.666	0.25	0	1	110333
220.682	0.25	0	1	110341
220.7	0.25	0	1	110350
220.716	0.25	0	1	110358
220.732	0.25	0	1	110366
220.75	0.25	0	1	110375
220.766	0.25	0	1	110383
220.782	0.25	0	1	110391
220.8	0.25	0	1	110400
220.816	0.25	0	1	110408
220.832	0.25	1	2	110416
220.85	0.25	1	2	110425
220.866	0.25	1	2	110433
220.882	0.25	1	2	110441
222.35	0.25	0	1	111175
222.366	0.25	0	1	111183
222.382	0.25	0	1	111191
222.4	0.25	0	1	111200
222.416	0.25	0	1	111208
222.432	0.25	0	1	111216
222.45	0.25	0	1	111225
222.466	0.25	0	1	111233
222.482	0.25	0	1	111241
222.5	0.25	0	1	111250
222.516	0.25	0	1	111258
222.532	0.25	0	1	111266
222.55	0.25	0	1	111275
222.566	0.25	0	1	111283
222.582	0.25	0	1	111291
222.6	0.25	0	1	111300
222.616	0.25	0	1	111308
222.632	0.25	0	1	111316
222.65	0.25	0	1	111325
222.666	0.25	0	1	111333
222.682	0.25	0	1	111341
222.7	0.25	0	1	111350
222.716	0.25	0	1	111358
222.732	0.25	1	2	111366
222.75	0.25	1	2	111375
222.766	0.25	1	2	111383
222.782	0.25	1	2	111391
222.8	0.25	0	1	111400
222.816	0.25	0	1	111408
222.832	0.25	0	1	111416
222.85	0.25	0	1	111425
222.866	0.25	0	1	111433
222.882	0.25	0	1	111441
222.9	0.25	0	1	111450
222.916	0.25	0	1	111458
222.932	0.25	0	1	111466
222.95	0.25	0	1	111475
222.966	0.25	0	1	111483
222.982	0.25	0	1	111491
223.0	0.25	0	1	111500
223.016	0.25	0	1	111508
223.032	0.25	0	1	111516
223.05	0.25	0	1	111525
223.066	0.25	0	1	111533
223.082	0.25	0	1	111541
223.1	0.25	0	1	111550
223.116	0.25	1	2	111558
223.132	0.25	1	2	111566
223.15	0.25	1	2	111575
223.166	0.25	1	2	111583
223.182	0.25	0	1	111591
223.2	0.25	0	1	111600
223.216	0.25	0	1	111608
223.232	0.25	0	1	111616
223.25	0.25	0	1	111625
223.266	0.25	0	1	111633
223.282	0.25	0	1	111641
223.3	0.25	0	1	111650
223.316	0.25	0	1	111658
223.332	0.25	0	1	111666
223.35	0.25	0	1	111675
223.366	0.25	0	1	111683
223.382	0.25	0	1	111691
223.4	0.25	0	1	111700
223.416	0.25	1	2	111708
223.432	0.25	1	2	111716
223.45	0.25	1	2	111725
223.466	0.25	1	2	111733
223.482	0.25	0	1	111741
223.5	0.25	0	1	111750
223.516	0.25	0	1	111758
223.532	0.25	0	1	111766
223.55	0.25	0	1	111775
223.566	0.25	0	1	111783
223.582	0.25	0	1	111791
223.6	0.25	0	1	111800
223.616	0.25	0	1	111808
223.632	0.25	0	1	111816
223.65	0.25	0	1	111825
223.666	0.25	0	1	111833
223.682	0.25	0	1	111841
223.7	0.25	1	2	111850
223.716	0.25	1	2	111858
223.732	0.25	1	2	111866
223.75	0.25	1	2	111875
223.766	0.25	0	1	111883
223.782	0.25	0	1	111891
223.8	0.25	0	1	111900
223.816	0.25	0	1	111908
223.832	0.25	0	1	111916
223.85	0.25	0	1	111925
223.866	0.25	0	1	111933
223.882	0.25	0	1	111941
223.9	0.25	0	1	111950
223.916	0.25	0	1	111958
223.932	0.25	0	1	111966
223.95	0.25	0	1	111975
223.966	0.25	0	1	111983
223.982	0.25	0	1	111991
224.0	0.25	0	1	112000
224.016	0.25	0	1	112008
224.032	0.25	1	2	112016
224.05	0.25	1	2	112025
224.066	0.25	1	2	112033
224.082	0.25	1	2	112041
224.1	0.25	0	1	112050
224.116	0.25	0	1	112058
224.132	0.25	0	1	112066
224.15	0.25	0	1	112075
224.166	0.25	0	1	112083
224.182	0.25	0	1	112091
224.2	0.25	0	1	112100
224.216	0.25	0	1	112108
224.232	0.25	0	1	112116
224.25	0.25	0	1	112125
224.266	0.25	0	1	112133
224.282	0.25	0	1	112141
225.766	0.25	0	1	112883
225.782	0.25	1	2	112891
225.8	0.25	1	2	112900
225.816	0.25	1	2	112908
225.832	0.25	1	2	112916
225.85	0.25	0	1	112925
225.866	0.25	0	1	112933
225.882	0.25	0	1	112941
225.9	0.25	0	1	112950
225.916	0.25	0	1	112958
225.932	0.25	0	1	112966
225.95	0.25	0	1	112975
225.966	0.25	0	1	112983
225.982	0.25	0	1	112991
226.0	0.25	0	1	113000
226.016	0.25	0	1	113008
226.032	0.25	0	1	113016
226.05	0.25	0	1	113025
226.066	0.25	0	1	113033
226.082	0.25	0	1	113041
226.1	0.25	0	1	113050
226.116	0.25	0	1	113058
226.132	0.25	0	1	113066
226.15	0.25	0	1	113075
226.166	0.25	0	1	113083
226.182	0.25	0	1	113091
226.2	0.25	0	1	113100
226.216	0.25	0	1	113108
226.232	0.25	0	1	113116
226.25	0.25	0	1	113125
226.266	0.25	1	2	113133
226.282	0.25	1	2	113141
226.3	0.25	1	2	113150
226.316	0.25	1	2	113158
226.332	0.25	0	1	113166
226.35	0.25	0	1	113175
226.366	0.25	0	1	113183
226.382	0.25	0	1	113191
226.4	0.25	0	1	113200
226.416	0.25	0	1	113208
226.432	0.25	0	1	113216
226.45	0.25	0	1	113225
226.466	0.25	0	1	113233
226.482	0.25	0	1	113241
226.5	0.25	0	1	113250
226.516	0.25	0	1	113258
226.532	0.25	0	1	113266
226.55	0.25	0	1	113275
226.566	0.25	0	1	113283
226.582	0.25	0	1	113291
226.6	0.25	0	1	113300
226.616	0.25	0	1	113308
226.632	0.25	0	1	113316
226.65	0.25	0	1	113325
226.666	0.25	0	1	113333
226.682	0.25	0	1	113341
226.7	0.25	0	1	113350
226.716	0.25	0	1	113358
226.732	0.25	1	2	113366
226.75	0.25	1	2	113375
226.766	0.25	1	2	113383
226.782	0.25	1	2	113391
226.8	0.25	0	1	113400
226.816	0.25	0	1	113408
226.832	0.25	0	1	113416
226.85	0.25	0	1	113425
226.866	0.25	0	1	113433
226.882	0.25	0	1	113441
226.9	0.25	0	1	113450
226.916	0.25	0	1	113458
226.932	0.25	0	1	113466
226.95	0.25	0	1	113475
226.966	0.25	0	1	113483
226.982	0.25	0	1	113491
227.0	0.25	0	1	113500
227.016	0.25	0	1	113508
227.032	0.25	0	1	113516
227.05	0.25	0	1	113525
227.066	0.25	0	1	113533
227.082	0.25	0	1	113541
227.1	0.25	0	1	113550
227.116	0.25	0	1	113558
227.132	0.25	0	1	113566
227.15	0.25	1	2	113575
227.166	0.25	1	2	113583
227.182	0.25	1	2	113591
227.2	0.25	1	2	113600
227.216	0.25	0	1	113608
227.232	0.25	0	1	113616
227.25	0.25	0	1	113625
227.266	0.25	0	1	113633
227.282	0.25	0	1	113641
227.3	0.25	0	1	113650
227.316	0.25	0	1	113658
227.332	0.25	0	1	113666
227.35	0.25	0	1	113675
227.366	0.25	0	1	113683
227.382	0.25	0	1	113691
227.4	0.25	0	1	113700
227.416	0.25	0	1	113708
227.432	0.25	0	1	113716
227.45	0.25	0	1	113725
227.466	0.25	0	1	113733
227.482	0.25	0	1	113741
227.5	0.25	0	1	113750
227.516	0.25	0	1	113758
227.532	0.25	0	1	113766
227.55	0.25	0	1	113775
227.566	0.25	0	1	113783
227.582	0.25	1	2	113791
227.6	0.25	1	2	113800
227.616	0.25	1	2	113808
227.632	0.25	1	2	113816
227.65	0.25	0	1	113825
227.666	0.25	0	1	113833
227.682	0.25	0	1	113841
227.7	0.25	0	1	113850
