onset	duration	trial_type	value	sample
6.466	n/a	0	1	3233
6.482	n/a	0	1	3241
6.5	n/a	0	1	3250
6.516	n/a	0	1	3258
6.532	n/a	0	1	3266
6.55	n/a	0	1	3275
6.566	n/a	0	1	3283
6.582	n/a	0	1	3291
6.6	n/a	0	1	3300
6.616	n/a	0	1	3308
6.632	n/a	0	1	3316
6.65	n/a	0	1	3325
6.666	n/a	0	1	3333
6.682	n/a	0	1	3341
6.7	n/a	0	1	3350
6.716	n/a	1	2	3358
6.732	n/a	1	2	3366
6.75	n/a	1	2	3375
6.766	n/a	1	2	3383
6.782	n/a	0	1	3391
6.8	n/a	0	1	3400
6.816	n/a	0	1	3408
6.832	n/a	0	1	3416
6.85	n/a	0	1	3425
6.866	n/a	0	1	3433
6.882	n/a	0	1	3441
6.9	n/a	0	1	3450
6.916	n/a	0	1	3458
6.932	n/a	0	1	3466
6.95	n/a	0	1	3475
6.966	n/a	0	1	3483
6.982	n/a	0	1	3491
7.0	n/a	0	1	3500
7.016	n/a	0	1	3508
7.032	n/a	0	1	3516
7.05	n/a	0	1	3525
7.066	n/a	0	1	3533
7.082	n/a	0	1	3541
7.1	n/a	0	1	3550
7.116	n/a	0	1	3558
7.132	n/a	0	1	3566
7.15	n/a	1	2	3575
7.166	n/a	1	2	3583
7.182	n/a	1	2	3591
7.2	n/a	1	2	3600
7.216	n/a	0	1	3608
7.232	n/a	0	1	3616
7.25	n/a	0	1	3625
7.266	n/a	0	1	3633
7.282	n/a	0	1	3641
7.3	n/a	0	1	3650
7.316	n/a	0	1	3658
7.332	n/a	0	1	3666
7.35	n/a	0	1	3675
7.366	n/a	0	1	3683
7.382	n/a	0	1	3691
7.4	n/a	0	1	3700
7.416	n/a	0	1	3708
7.432	n/a	0	1	3716
7.45	n/a	0	1	3725
7.466	n/a	0	1	3733
7.482	n/a	0	1	3741
7.5	n/a	0	1	3750
7.516	n/a	0	1	3758
7.532	n/a	0	1	3766
7.55	n/a	0	1	3775
7.566	n/a	0	1	3783
7.582	n/a	0	1	3791
7.6	n/a	0	1	3800
7.616	n/a	1	2	3808
7.632	n/a	1	2	3816
7.65	n/a	1	2	3825
7.666	n/a	1	2	3833
7.682	n/a	0	1	3841
7.7	n/a	0	1	3850
7.716	n/a	0	1	3858
7.732	n/a	0	1	3866
7.75	n/a	0	1	3875
7.766	n/a	0	1	3883
7.782	n/a	0	1	3891
7.8	n/a	0	1	3900
7.816	n/a	0	1	3908
7.832	n/a	0	1	3916
7.85	n/a	0	1	3925
7.866	n/a	0	1	3933
7.882	n/a	0	1	3941
7.9	n/a	0	1	3950
7.916	n/a	1	2	3958
7.932	n/a	1	2	3966
7.95	n/a	1	2	3975
7.966	n/a	1	2	3983
7.982	n/a	0	1	3991
8.0	n/a	0	1	4000
8.016	n/a	0	1	4008
8.032	n/a	0	1	4016
8.05	n/a	0	1	4025
8.066	n/a	0	1	4033
8.082	n/a	0	1	4041
8.1	n/a	0	1	4050
8.116	n/a	0	1	4058
8.132	n/a	0	1	4066
8.15	n/a	0	1	4075
8.166	n/a	0	1	4083
8.182	n/a	0	1	4091
8.2	n/a	0	1	4100
8.216	n/a	0	1	4108
8.232	n/a	0	1	4116
8.25	n/a	0	1	4125
8.266	n/a	0	1	4133
8.282	n/a	0	1	4141
8.3	n/a	0	1	4150
8.316	n/a	0	1	4158
8.332	n/a	0	1	4166
8.35	n/a	1	2	4175
8.366	n/a	1	2	4183
8.382	n/a	1	2	4191
8.4	n/a	1	2	4200
9.882	n/a	0	1	4941
9.9	n/a	0	1	4950
9.916	n/a	0	1	4958
9.932	n/a	0	1	4966
9.95	n/a	0	1	4975
9.966	n/a	0	1	4983
9.982	n/a	0	1	4991
10.0	n/a	0	1	5000
10.016	n/a	0	1	5008
10.032	n/a	0	1	5016
10.05	n/a	0	1	5025
10.066	n/a	0	1	5033
10.082	n/a	0	1	5041
10.1	n/a	0	1	5050
10.116	n/a	0	1	5058
10.132	n/a	0	1	5066
10.15	n/a	0	1	5075
10.166	n/a	0	1	5083
10.182	n/a	1	2	5091
10.2	n/a	1	2	5100
10.216	n/a	1	2	5108
10.232	n/a	1	2	5116
10.25	n/a	0	1	5125
10.266	n/a	0	1	5133
10.282	n/a	0	1	5141
10.3	n/a	0	1	5150
10.316	n/a	0	1	5158
10.332	n/a	0	1	5166
10.35	n/a	0	1	5175
10.366	n/a	0	1	5183
10.382	n/a	0	1	5191
10.4	n/a	0	1	5200
10.416	n/a	0	1	5208
10.432	n/a	0	1	5216
10.45	n/a	0	1	5225
10.466	n/a	0	1	5233
10.482	n/a	0	1	5241
10.5	n/a	0	1	5250
10.516	n/a	0	1	5258
10.532	n/a	0	1	5266
10.55	n/a	0	1	5275
10.566	n/a	0	1	5283
10.582	n/a	1	2	5291
10.6	n/a	1	2	5300
10.616	n/a	1	2	5308
10.632	n/a	1	2	5316
10.65	n/a	0	1	5325
10.666	n/a	0	1	5333
10.682	n/a	0	1	5341
10.7	n/a	0	1	5350
10.716	n/a	0	1	5358
10.732	n/a	0	1	5366
10.75	n/a	0	1	5375
10.766	n/a	0	1	5383
10.782	n/a	0	1	5391
10.8	n/a	0	1	5400
10.816	n/a	0	1	5408
10.832	n/a	0	1	5416
10.85	n/a	0	1	5425
10.866	n/a	1	2	5433
10.882	n/a	1	2	5441
10.9	n/a	1	2	5450
10.916	n/a	1	2	5458
10.932	n/a	0	1	5466
10.95	n/a	0	1	5475
10.966	n/a	0	1	5483
10.982	n/a	0	1	5491
11.0	n/a	0	1	5500
11.016	n/a	0	1	5508
11.032	n/a	0	1	5516
11.05	n/a	0	1	5525
11.066	n/a	0	1	5533
11.082	n/a	0	1	5541
11.1	n/a	0	1	5550
11.116	n/a	0	1	5558
11.132	n/a	0	1	5566
11.15	n/a	0	1	5575
11.166	n/a	0	1	5583
11.182	n/a	0	1	5591
11.2	n/a	0	1	5600
11.216	n/a	0	1	5608
11.232	n/a	1	2	5616
11.25	n/a	1	2	5625
11.266	n/a	1	2	5633
11.282	n/a	1	2	5641
11.3	n/a	0	1	5650
11.316	n/a	0	1	5658
11.332	n/a	0	1	5666
11.35	n/a	0	1	5675
11.366	n/a	0	1	5683
11.382	n/a	0	1	5691
11.4	n/a	0	1	5700
11.416	n/a	0	1	5708
11.432	n/a	0	1	5716
11.45	n/a	0	1	5725
11.466	n/a	0	1	5733
11.482	n/a	0	1	5741
11.5	n/a	0	1	5750
11.516	n/a	0	1	5758
11.532	n/a	0	1	5766
11.55	n/a	0	1	5775
11.566	n/a	0	1	5783
11.582	n/a	0	1	5791
11.6	n/a	0	1	5800
11.616	n/a	0	1	5808
11.632	n/a	0	1	5816
11.65	n/a	0	1	5825
11.666	n/a	0	1	5833
11.682	n/a	0	1	5841
11.7	n/a	1	2	5850
11.716	n/a	1	2	5858
11.732	n/a	1	2	5866
11.75	n/a	1	2	5875
11.766	n/a	0	1	5883
11.782	n/a	0	1	5891
11.8	n/a	0	1	5900
11.816	n/a	0	1	5908
13.3	n/a	0	1	6650
13.316	n/a	0	1	6658
13.332	n/a	0	1	6666
13.35	n/a	0	1	6675
13.366	n/a	0	1	6683
13.382	n/a	0	1	6691
13.4	n/a	0	1	6700
13.416	n/a	0	1	6708
13.432	n/a	0	1	6716
13.45	n/a	0	1	6725
13.466	n/a	0	1	6733
13.482	n/a	0	1	6741
13.5	n/a	0	1	6750
13.516	n/a	0	1	6758
13.532	n/a	0	1	6766
13.55	n/a	0	1	6775
13.566	n/a	0	1	6783
13.582	n/a	0	1	6791
13.6	n/a	0	1	6800
13.616	n/a	0	1	6808
13.632	n/a	0	1	6816
13.65	n/a	0	1	6825
13.666	n/a	0	1	6833
13.682	n/a	1	2	6841
13.7	n/a	1	2	6850
13.716	n/a	1	2	6858
13.732	n/a	1	2	6866
13.75	n/a	0	1	6875
13.766	n/a	0	1	6883
13.782	n/a	0	1	6891
13.8	n/a	0	1	6900
13.816	n/a	0	1	6908
13.832	n/a	0	1	6916
13.85	n/a	0	1	6925
13.866	n/a	0	1	6933
13.882	n/a	0	1	6941
13.9	n/a	0	1	6950
13.916	n/a	0	1	6958
13.932	n/a	0	1	6966
13.95	n/a	0	1	6975
13.966	n/a	0	1	6983
13.982	n/a	0	1	6991
14.0	n/a	0	1	7000
14.016	n/a	0	1	7008
14.032	n/a	0	1	7016
14.05	n/a	0	1	7025
14.066	n/a	1	2	7033
14.082	n/a	1	2	7041
14.1	n/a	1	2	7050
14.116	n/a	1	2	7058
14.132	n/a	0	1	7066
14.15	n/a	0	1	7075
14.166	n/a	0	1	7083
14.182	n/a	0	1	7091
14.2	n/a	0	1	7100
14.216	n/a	0	1	7108
14.232	n/a	0	1	7116
14.25	n/a	0	1	7125
14.266	n/a	0	1	7133
14.282	n/a	0	1	7141
14.3	n/a	0	1	7150
14.316	n/a	0	1	7158
14.332	n/a	0	1	7166
14.35	n/a	0	1	7175
14.366	n/a	1	2	7183
14.382	n/a	1	2	7191
14.4	n/a	1	2	7200
14.416	n/a	1	2	7208
14.432	n/a	0	1	7216
14.45	n/a	0	1	7225
14.466	n/a	0	1	7233
14.482	n/a	0	1	7241
14.5	n/a	0	1	7250
14.516	n/a	0	1	7258
14.532	n/a	0	1	7266
14.55	n/a	0	1	7275
14.566	n/a	0	1	7283
14.582	n/a	0	1	7291
14.6	n/a	0	1	7300
14.616	n/a	0	1	7308
14.632	n/a	0	1	7316
14.65	n/a	1	2	7325
14.666	n/a	1	2	7333
14.682	n/a	1	2	7341
14.7	n/a	1	2	7350
14.716	n/a	0	1	7358
14.732	n/a	0	1	7366
14.75	n/a	0	1	7375
14.766	n/a	0	1	7383
14.782	n/a	0	1	7391
14.8	n/a	0	1	7400
14.816	n/a	0	1	7408
14.832	n/a	0	1	7416
14.85	n/a	0	1	7425
14.866	n/a	0	1	7433
14.882	n/a	0	1	7441
14.9	n/a	0	1	7450
14.916	n/a	0	1	7458
14.932	n/a	0	1	7466
14.95	n/a	0	1	7475
14.966	n/a	0	1	7483
14.982	n/a	1	2	7491
15.0	n/a	1	2	7500
15.016	n/a	1	2	7508
15.032	n/a	1	2	7516
15.05	n/a	0	1	7525
15.066	n/a	0	1	7533
15.082	n/a	0	1	7541
15.1	n/a	0	1	7550
15.116	n/a	0	1	7558
15.132	n/a	0	1	7566
15.15	n/a	0	1	7575
15.166	n/a	0	1	7583
15.182	n/a	0	1	7591
15.2	n/a	0	1	7600
15.216	n/a	0	1	7608
15.232	n/a	0	1	7616
16.716	n/a	0	1	8358
16.732	n/a	1	2	8366
16.75	n/a	1	2	8375
16.766	n/a	1	2	8383
16.782	n/a	1	2	8391
16.8	n/a	0	1	8400
16.816	n/a	0	1	8408
16.832	n/a	0	1	8416
16.85	n/a	0	1	8425
16.866	n/a	0	1	8433
16.882	n/a	0	1	8441
16.9	n/a	0	1	8450
16.916	n/a	0	1	8458
16.932	n/a	0	1	8466
16.95	n/a	0	1	8475
16.966	n/a	0	1	8483
16.982	n/a	0	1	8491
17.0	n/a	0	1	8500
17.016	n/a	0	1	8508
17.032	n/a	0	1	8516
17.05	n/a	0	1	8525
17.066	n/a	0	1	8533
17.082	n/a	0	1	8541
17.1	n/a	0	1	8550
17.116	n/a	0	1	8558
17.132	n/a	0	1	8566
17.15	n/a	0	1	8575
17.166	n/a	0	1	8583
17.182	n/a	0	1	8591
17.2	n/a	0	1	8600
17.216	n/a	1	2	8608
17.232	n/a	1	2	8616
17.25	n/a	1	2	8625
17.266	n/a	1	2	8633
17.282	n/a	0	1	8641
17.3	n/a	0	1	8650
17.316	n/a	0	1	8658
17.332	n/a	0	1	8666
17.35	n/a	0	1	8675
17.366	n/a	0	1	8683
17.382	n/a	0	1	8691
17.4	n/a	0	1	8700
17.416	n/a	0	1	8708
17.432	n/a	0	1	8716
17.45	n/a	0	1	8725
17.466	n/a	0	1	8733
17.482	n/a	0	1	8741
17.5	n/a	0	1	8750
17.516	n/a	0	1	8758
17.532	n/a	0	1	8766
17.55	n/a	0	1	8775
17.566	n/a	0	1	8783
17.582	n/a	0	1	8791
17.6	n/a	0	1	8800
17.616	n/a	0	1	8808
17.632	n/a	0	1	8816
17.65	n/a	0	1	8825
17.666	n/a	0	1	8833
17.682	n/a	1	2	8841
17.7	n/a	1	2	8850
17.716	n/a	1	2	8858
17.732	n/a	1	2	8866
17.75	n/a	0	1	8875
17.766	n/a	0	1	8883
17.782	n/a	0	1	8891
17.8	n/a	0	1	8900
17.816	n/a	0	1	8908
17.832	n/a	0	1	8916
17.85	n/a	0	1	8925
17.866	n/a	0	1	8933
17.882	n/a	0	1	8941
17.9	n/a	0	1	8950
17.916	n/a	0	1	8958
17.932	n/a	0	1	8966
17.95	n/a	0	1	8975
17.966	n/a	0	1	8983
17.982	n/a	0	1	8991
18.0	n/a	0	1	9000
18.016	n/a	0	1	9008
18.032	n/a	0	1	9016
18.05	n/a	0	1	9025
18.066	n/a	0	1	9033
18.082	n/a	0	1	9041
18.1	n/a	1	2	9050
18.116	n/a	1	2	9058
18.132	n/a	1	2	9066
18.15	n/a	1	2	9075
18.166	n/a	0	1	9083
18.182	n/a	0	1	9091
18.2	n/a	0	1	9100
18.216	n/a	0	1	9108
18.232	n/a	0	1	9116
18.25	n/a	0	1	9125
18.266	n/a	0	1	9133
18.282	n/a	0	1	9141
18.3	n/a	0	1	9150
18.316	n/a	0	1	9158
18.332	n/a	0	1	9166
18.35	n/a	0	1	9175
18.366	n/a	0	1	9183
18.382	n/a	0	1	9191
18.4	n/a	0	1	9200
18.416	n/a	0	1	9208
18.432	n/a	0	1	9216
18.45	n/a	0	1	9225
18.466	n/a	0	1	9233
18.482	n/a	0	1	9241
18.5	n/a	0	1	9250
18.516	n/a	0	1	9258
18.532	n/a	1	2	9266
18.55	n/a	1	2	9275
18.566	n/a	1	2	9283
18.582	n/a	1	2	9291
18.6	n/a	0	1	9300
18.616	n/a	0	1	9308
18.632	n/a	0	1	9316
18.65	n/a	0	1	9325
22.7	n/a	0	1	11350
22.716	n/a	1	2	11358
22.732	n/a	1	2	11366
22.75	n/a	1	2	11375
22.766	n/a	1	2	11383
22.782	n/a	0	1	11391
22.8	n/a	0	1	11400
22.816	n/a	0	1	11408
22.832	n/a	0	1	11416
22.85	n/a	0	1	11425
22.866	n/a	0	1	11433
22.882	n/a	0	1	11441
22.9	n/a	0	1	11450
22.916	n/a	0	1	11458
22.932	n/a	0	1	11466
22.95	n/a	0	1	11475
22.966	n/a	0	1	11483
22.982	n/a	0	1	11491
23.0	n/a	0	1	11500
23.016	n/a	0	1	11508
23.032	n/a	0	1	11516
23.05	n/a	0	1	11525
23.066	n/a	0	1	11533
23.082	n/a	0	1	11541
23.1	n/a	0	1	11550
23.116	n/a	0	1	11558
23.132	n/a	0	1	11566
23.15	n/a	0	1	11575
23.166	n/a	0	1	11583
23.182	n/a	0	1	11591
23.2	n/a	1	2	11600
23.216	n/a	1	2	11608
23.232	n/a	1	2	11616
23.25	n/a	1	2	11625
23.266	n/a	0	1	11633
23.282	n/a	0	1	11641
23.3	n/a	0	1	11650
23.316	n/a	0	1	11658
23.332	n/a	0	1	11666
23.35	n/a	0	1	11675
23.366	n/a	0	1	11683
23.382	n/a	0	1	11691
23.4	n/a	0	1	11700
23.416	n/a	0	1	11708
23.432	n/a	0	1	11716
23.45	n/a	0	1	11725
23.466	n/a	0	1	11733
23.482	n/a	0	1	11741
23.5	n/a	0	1	11750
23.516	n/a	0	1	11758
23.532	n/a	0	1	11766
23.55	n/a	0	1	11775
23.566	n/a	0	1	11783
23.582	n/a	0	1	11791
23.6	n/a	0	1	11800
23.616	n/a	0	1	11808
23.632	n/a	0	1	11816
23.65	n/a	0	1	11825
23.666	n/a	1	2	11833
23.682	n/a	1	2	11841
23.7	n/a	1	2	11850
23.716	n/a	1	2	11858
23.732	n/a	0	1	11866
23.75	n/a	0	1	11875
23.766	n/a	0	1	11883
23.782	n/a	0	1	11891
23.8	n/a	0	1	11900
23.816	n/a	0	1	11908
23.832	n/a	0	1	11916
23.85	n/a	0	1	11925
23.866	n/a	0	1	11933
23.882	n/a	0	1	11941
23.9	n/a	0	1	11950
23.916	n/a	0	1	11958
23.932	n/a	0	1	11966
23.95	n/a	0	1	11975
23.966	n/a	0	1	11983
23.982	n/a	0	1	11991
24.0	n/a	0	1	12000
24.016	n/a	0	1	12008
24.032	n/a	0	1	12016
24.05	n/a	0	1	12025
24.066	n/a	0	1	12033
24.082	n/a	1	2	12041
24.1	n/a	1	2	12050
24.116	n/a	1	2	12058
24.132	n/a	1	2	12066
24.15	n/a	0	1	12075
24.166	n/a	0	1	12083
24.182	n/a	0	1	12091
24.2	n/a	0	1	12100
24.216	n/a	0	1	12108
24.232	n/a	0	1	12116
24.25	n/a	0	1	12125
24.266	n/a	0	1	12133
24.282	n/a	0	1	12141
24.3	n/a	0	1	12150
24.316	n/a	0	1	12158
24.332	n/a	0	1	12166
24.35	n/a	0	1	12175
24.366	n/a	0	1	12183
24.382	n/a	0	1	12191
24.4	n/a	0	1	12200
24.416	n/a	0	1	12208
24.432	n/a	0	1	12216
24.45	n/a	0	1	12225
24.466	n/a	0	1	12233
24.482	n/a	0	1	12241
24.5	n/a	0	1	12250
24.516	n/a	1	2	12258
24.532	n/a	1	2	12266
24.55	n/a	1	2	12275
24.566	n/a	1	2	12283
24.582	n/a	0	1	12291
24.6	n/a	0	1	12300
24.616	n/a	0	1	12308
24.632	n/a	0	1	12316
26.116	n/a	0	1	13058
26.132	n/a	0	1	13066
26.15	n/a	0	1	13075
26.166	n/a	0	1	13083
26.182	n/a	0	1	13091
26.2	n/a	0	1	13100
26.216	n/a	0	1	13108
26.232	n/a	0	1	13116
26.25	n/a	0	1	13125
26.266	n/a	0	1	13133
26.282	n/a	0	1	13141
26.3	n/a	0	1	13150
26.316	n/a	0	1	13158
26.332	n/a	0	1	13166
26.35	n/a	0	1	13175
26.366	n/a	1	2	13183
26.382	n/a	1	2	13191
26.4	n/a	1	2	13200
26.416	n/a	1	2	13208
26.432	n/a	0	1	13216
26.45	n/a	0	1	13225
26.466	n/a	0	1	13233
26.482	n/a	0	1	13241
26.5	n/a	0	1	13250
26.516	n/a	0	1	13258
26.532	n/a	0	1	13266
26.55	n/a	0	1	13275
26.566	n/a	0	1	13283
26.582	n/a	0	1	13291
26.6	n/a	0	1	13300
26.616	n/a	0	1	13308
26.632	n/a	0	1	13316
26.65	n/a	0	1	13325
26.666	n/a	0	1	13333
26.682	n/a	0	1	13341
26.7	n/a	0	1	13350
26.716	n/a	0	1	13358
26.732	n/a	0	1	13366
26.75	n/a	0	1	13375
26.766	n/a	0	1	13383
26.782	n/a	0	1	13391
26.8	n/a	1	2	13400
26.816	n/a	1	2	13408
26.832	n/a	1	2	13416
26.85	n/a	1	2	13425
26.866	n/a	0	1	13433
26.882	n/a	0	1	13441
26.9	n/a	0	1	13450
26.916	n/a	0	1	13458
26.932	n/a	0	1	13466
26.95	n/a	0	1	13475
26.966	n/a	0	1	13483
26.982	n/a	0	1	13491
27.0	n/a	0	1	13500
27.016	n/a	0	1	13508
27.032	n/a	0	1	13516
27.05	n/a	0	1	13525
27.066	n/a	0	1	13533
27.082	n/a	0	1	13541
27.1	n/a	0	1	13550
27.116	n/a	0	1	13558
27.132	n/a	0	1	13566
27.15	n/a	0	1	13575
27.166	n/a	0	1	13583
27.182	n/a	0	1	13591
27.2	n/a	0	1	13600
27.216	n/a	0	1	13608
27.232	n/a	0	1	13616
27.25	n/a	0	1	13625
27.266	n/a	1	2	13633
27.282	n/a	1	2	13641
27.3	n/a	1	2	13650
27.316	n/a	1	2	13658
27.332	n/a	0	1	13666
27.35	n/a	0	1	13675
27.366	n/a	0	1	13683
27.382	n/a	0	1	13691
27.4	n/a	0	1	13700
27.416	n/a	0	1	13708
27.432	n/a	0	1	13716
27.45	n/a	0	1	13725
27.466	n/a	0	1	13733
27.482	n/a	0	1	13741
27.5	n/a	0	1	13750
27.516	n/a	0	1	13758
27.532	n/a	0	1	13766
27.55	n/a	0	1	13775
27.566	n/a	1	2	13783
27.582	n/a	1	2	13791
27.6	n/a	1	2	13800
27.616	n/a	1	2	13808
27.632	n/a	0	1	13816
27.65	n/a	0	1	13825
27.666	n/a	0	1	13833
27.682	n/a	0	1	13841
27.7	n/a	0	1	13850
27.716	n/a	0	1	13858
27.732	n/a	0	1	13866
27.75	n/a	0	1	13875
27.766	n/a	0	1	13883
27.782	n/a	0	1	13891
27.8	n/a	0	1	13900
27.816	n/a	0	1	13908
27.832	n/a	0	1	13916
27.85	n/a	0	1	13925
27.866	n/a	0	1	13933
27.882	n/a	0	1	13941
27.9	n/a	0	1	13950
27.916	n/a	0	1	13958
27.932	n/a	0	1	13966
27.95	n/a	0	1	13975
27.966	n/a	0	1	13983
27.982	n/a	0	1	13991
28.0	n/a	1	2	14000
28.016	n/a	1	2	14008
28.032	n/a	1	2	14016
28.05	n/a	1	2	14025
29.532	n/a	0	1	14766
29.55	n/a	0	1	14775
29.566	n/a	0	1	14783
29.582	n/a	0	1	14791
29.6	n/a	0	1	14800
29.616	n/a	0	1	14808
29.632	n/a	0	1	14816
29.65	n/a	0	1	14825
29.666	n/a	0	1	14833
29.682	n/a	0	1	14841
29.7	n/a	0	1	14850
29.716	n/a	0	1	14858
29.732	n/a	0	1	14866
29.75	n/a	0	1	14875
29.766	n/a	0	1	14883
29.782	n/a	0	1	14891
29.8	n/a	0	1	14900
29.816	n/a	0	1	14908
29.832	n/a	1	2	14916
29.85	n/a	1	2	14925
29.866	n/a	1	2	14933
29.882	n/a	1	2	14941
29.9	n/a	0	1	14950
29.916	n/a	0	1	14958
29.932	n/a	0	1	14966
29.95	n/a	0	1	14975
29.966	n/a	0	1	14983
29.982	n/a	0	1	14991
30.0	n/a	0	1	15000
30.016	n/a	0	1	15008
30.032	n/a	0	1	15016
30.05	n/a	0	1	15025
30.066	n/a	0	1	15033
30.082	n/a	0	1	15041
30.1	n/a	0	1	15050
30.116	n/a	0	1	15058
30.132	n/a	0	1	15066
30.15	n/a	0	1	15075
30.166	n/a	0	1	15083
30.182	n/a	0	1	15091
30.2	n/a	0	1	15100
30.216	n/a	0	1	15108
30.232	n/a	1	2	15116
30.25	n/a	1	2	15125
30.266	n/a	1	2	15133
30.282	n/a	1	2	15141
30.3	n/a	0	1	15150
30.316	n/a	0	1	15158
30.332	n/a	0	1	15166
30.35	n/a	0	1	15175
30.366	n/a	0	1	15183
30.382	n/a	0	1	15191
30.4	n/a	0	1	15200
30.416	n/a	0	1	15208
30.432	n/a	0	1	15216
30.45	n/a	0	1	15225
30.466	n/a	0	1	15233
30.482	n/a	0	1	15241
30.5	n/a	0	1	15250
30.516	n/a	1	2	15258
30.532	n/a	1	2	15266
30.55	n/a	1	2	15275
30.566	n/a	1	2	15283
30.582	n/a	0	1	15291
30.6	n/a	0	1	15300
30.616	n/a	0	1	15308
30.632	n/a	0	1	15316
30.65	n/a	0	1	15325
30.666	n/a	0	1	15333
30.682	n/a	0	1	15341
30.7	n/a	0	1	15350
30.716	n/a	0	1	15358
30.732	n/a	0	1	15366
30.75	n/a	0	1	15375
30.766	n/a	0	1	15383
30.782	n/a	0	1	15391
30.8	n/a	0	1	15400
30.816	n/a	0	1	15408
30.832	n/a	0	1	15416
30.85	n/a	0	1	15425
30.866	n/a	0	1	15433
30.882	n/a	1	2	15441
30.9	n/a	1	2	15450
30.916	n/a	1	2	15458
30.932	n/a	1	2	15466
30.95	n/a	0	1	15475
30.966	n/a	0	1	15483
30.982	n/a	0	1	15491
31.0	n/a	0	1	15500
31.016	n/a	0	1	15508
31.032	n/a	0	1	15516
31.05	n/a	0	1	15525
31.066	n/a	0	1	15533
31.082	n/a	0	1	15541
31.1	n/a	0	1	15550
31.116	n/a	0	1	15558
31.132	n/a	0	1	15566
31.15	n/a	0	1	15575
31.166	n/a	0	1	15583
31.182	n/a	0	1	15591
31.2	n/a	0	1	15600
31.216	n/a	0	1	15608
31.232	n/a	0	1	15616
31.25	n/a	0	1	15625
31.266	n/a	0	1	15633
31.282	n/a	0	1	15641
31.3	n/a	0	1	15650
31.316	n/a	0	1	15658
31.332	n/a	0	1	15666
31.35	n/a	1	2	15675
31.366	n/a	1	2	15683
31.382	n/a	1	2	15691
31.4	n/a	1	2	15700
31.416	n/a	0	1	15708
31.432	n/a	0	1	15716
31.45	n/a	0	1	15725
31.466	n/a	0	1	15733
32.95	n/a	0	1	16475
32.966	n/a	0	1	16483
32.982	n/a	0	1	16491
33.0	n/a	0	1	16500
33.016	n/a	0	1	16508
33.032	n/a	0	1	16516
33.05	n/a	0	1	16525
33.066	n/a	0	1	16533
33.082	n/a	0	1	16541
33.1	n/a	0	1	16550
33.116	n/a	0	1	16558
33.132	n/a	0	1	16566
33.15	n/a	0	1	16575
33.166	n/a	0	1	16583
33.182	n/a	0	1	16591
33.2	n/a	0	1	16600
33.216	n/a	0	1	16608
33.232	n/a	0	1	16616
33.25	n/a	0	1	16625
33.266	n/a	0	1	16633
33.282	n/a	0	1	16641
33.3	n/a	0	1	16650
33.316	n/a	0	1	16658
33.332	n/a	1	2	16666
33.35	n/a	1	2	16675
33.366	n/a	1	2	16683
33.382	n/a	1	2	16691
33.4	n/a	0	1	16700
33.416	n/a	0	1	16708
33.432	n/a	0	1	16716
33.45	n/a	0	1	16725
33.466	n/a	0	1	16733
33.482	n/a	0	1	16741
33.5	n/a	0	1	16750
33.516	n/a	0	1	16758
33.532	n/a	0	1	16766
33.55	n/a	0	1	16775
33.566	n/a	0	1	16783
33.582	n/a	0	1	16791
33.6	n/a	0	1	16800
33.616	n/a	0	1	16808
33.632	n/a	0	1	16816
33.65	n/a	0	1	16825
33.666	n/a	0	1	16833
33.682	n/a	0	1	16841
33.7	n/a	0	1	16850
33.716	n/a	1	2	16858
33.732	n/a	1	2	16866
33.75	n/a	1	2	16875
33.766	n/a	1	2	16883
33.782	n/a	0	1	16891
33.8	n/a	0	1	16900
33.816	n/a	0	1	16908
33.832	n/a	0	1	16916
33.85	n/a	0	1	16925
33.866	n/a	0	1	16933
33.882	n/a	0	1	16941
33.9	n/a	0	1	16950
33.916	n/a	0	1	16958
33.932	n/a	0	1	16966
33.95	n/a	0	1	16975
33.966	n/a	0	1	16983
33.982	n/a	0	1	16991
34.0	n/a	0	1	17000
34.016	n/a	1	2	17008
34.032	n/a	1	2	17016
34.05	n/a	1	2	17025
34.066	n/a	1	2	17033
34.082	n/a	0	1	17041
34.1	n/a	0	1	17050
34.116	n/a	0	1	17058
34.132	n/a	0	1	17066
34.15	n/a	0	1	17075
34.166	n/a	0	1	17083
34.182	n/a	0	1	17091
34.2	n/a	0	1	17100
34.216	n/a	0	1	17108
34.232	n/a	0	1	17116
34.25	n/a	0	1	17125
34.266	n/a	0	1	17133
34.282	n/a	0	1	17141
34.3	n/a	1	2	17150
34.316	n/a	1	2	17158
34.332	n/a	1	2	17166
34.35	n/a	1	2	17175
34.366	n/a	0	1	17183
34.382	n/a	0	1	17191
34.4	n/a	0	1	17200
34.416	n/a	0	1	17208
34.432	n/a	0	1	17216
34.45	n/a	0	1	17225
34.466	n/a	0	1	17233
34.482	n/a	0	1	17241
34.5	n/a	0	1	17250
34.516	n/a	0	1	17258
34.532	n/a	0	1	17266
34.55	n/a	0	1	17275
34.566	n/a	0	1	17283
34.582	n/a	0	1	17291
34.6	n/a	0	1	17300
34.616	n/a	0	1	17308
34.632	n/a	1	2	17316
34.65	n/a	1	2	17325
34.666	n/a	1	2	17333
34.682	n/a	1	2	17341
34.7	n/a	0	1	17350
34.716	n/a	0	1	17358
34.732	n/a	0	1	17366
34.75	n/a	0	1	17375
34.766	n/a	0	1	17383
34.782	n/a	0	1	17391
34.8	n/a	0	1	17400
34.816	n/a	0	1	17408
34.832	n/a	0	1	17416
34.85	n/a	0	1	17425
34.866	n/a	0	1	17433
34.882	n/a	0	1	17441
39.316	n/a	0	1	19658
39.332	n/a	0	1	19666
39.35	n/a	0	1	19675
39.366	n/a	0	1	19683
39.382	n/a	0	1	19691
39.4	n/a	0	1	19700
39.416	n/a	0	1	19708
39.432	n/a	0	1	19716
39.45	n/a	0	1	19725
39.466	n/a	0	1	19733
39.482	n/a	0	1	19741
39.5	n/a	0	1	19750
39.516	n/a	0	1	19758
39.532	n/a	0	1	19766
39.55	n/a	0	1	19775
39.566	n/a	0	1	19783
39.582	n/a	0	1	19791
39.6	n/a	0	1	19800
39.616	n/a	0	1	19808
39.632	n/a	0	1	19816
39.65	n/a	0	1	19825
39.666	n/a	0	1	19833
39.682	n/a	0	1	19841
39.7	n/a	1	2	19850
39.716	n/a	1	2	19858
39.732	n/a	1	2	19866
39.75	n/a	1	2	19875
39.766	n/a	0	1	19883
39.782	n/a	0	1	19891
39.8	n/a	0	1	19900
39.816	n/a	0	1	19908
39.832	n/a	0	1	19916
39.85	n/a	0	1	19925
39.866	n/a	0	1	19933
39.882	n/a	0	1	19941
39.9	n/a	0	1	19950
39.916	n/a	0	1	19958
39.932	n/a	0	1	19966
39.95	n/a	0	1	19975
39.966	n/a	0	1	19983
39.982	n/a	0	1	19991
40.0	n/a	0	1	20000
40.016	n/a	0	1	20008
40.032	n/a	0	1	20016
40.05	n/a	0	1	20025
40.066	n/a	0	1	20033
40.082	n/a	1	2	20041
40.1	n/a	1	2	20050
40.116	n/a	1	2	20058
40.132	n/a	1	2	20066
40.15	n/a	0	1	20075
40.166	n/a	0	1	20083
40.182	n/a	0	1	20091
40.2	n/a	0	1	20100
40.216	n/a	0	1	20108
40.232	n/a	0	1	20116
40.25	n/a	0	1	20125
40.266	n/a	0	1	20133
40.282	n/a	0	1	20141
40.3	n/a	0	1	20150
40.316	n/a	0	1	20158
40.332	n/a	0	1	20166
40.35	n/a	0	1	20175
40.366	n/a	0	1	20183
40.382	n/a	1	2	20191
40.4	n/a	1	2	20200
40.416	n/a	1	2	20208
40.432	n/a	1	2	20216
40.45	n/a	0	1	20225
40.466	n/a	0	1	20233
40.482	n/a	0	1	20241
40.5	n/a	0	1	20250
40.516	n/a	0	1	20258
40.532	n/a	0	1	20266
40.55	n/a	0	1	20275
40.566	n/a	0	1	20283
40.582	n/a	0	1	20291
40.6	n/a	0	1	20300
40.616	n/a	0	1	20308
40.632	n/a	0	1	20316
40.65	n/a	0	1	20325
40.666	n/a	1	2	20333
40.682	n/a	1	2	20341
40.7	n/a	1	2	20350
40.716	n/a	1	2	20358
40.732	n/a	0	1	20366
40.75	n/a	0	1	20375
40.766	n/a	0	1	20383
40.782	n/a	0	1	20391
40.8	n/a	0	1	20400
40.816	n/a	0	1	20408
40.832	n/a	0	1	20416
40.85	n/a	0	1	20425
40.866	n/a	0	1	20433
40.882	n/a	0	1	20441
40.9	n/a	0	1	20450
40.916	n/a	0	1	20458
40.932	n/a	0	1	20466
40.95	n/a	0	1	20475
40.966	n/a	0	1	20483
40.982	n/a	0	1	20491
41.0	n/a	1	2	20500
41.016	n/a	1	2	20508
41.032	n/a	1	2	20516
41.05	n/a	1	2	20525
41.066	n/a	0	1	20533
41.082	n/a	0	1	20541
41.1	n/a	0	1	20550
41.116	n/a	0	1	20558
41.132	n/a	0	1	20566
41.15	n/a	0	1	20575
41.166	n/a	0	1	20583
41.182	n/a	0	1	20591
41.2	n/a	0	1	20600
41.216	n/a	0	1	20608
41.232	n/a	0	1	20616
41.25	n/a	0	1	20625
42.732	n/a	0	1	21366
42.75	n/a	0	1	21375
42.766	n/a	0	1	21383
42.782	n/a	0	1	21391
42.8	n/a	0	1	21400
42.816	n/a	0	1	21408
42.832	n/a	0	1	21416
42.85	n/a	0	1	21425
42.866	n/a	0	1	21433
42.882	n/a	0	1	21441
42.9	n/a	0	1	21450
42.916	n/a	0	1	21458
42.932	n/a	0	1	21466
42.95	n/a	0	1	21475
42.966	n/a	0	1	21483
42.982	n/a	1	2	21491
43.0	n/a	1	2	21500
43.016	n/a	1	2	21508
43.032	n/a	1	2	21516
43.05	n/a	0	1	21525
43.066	n/a	0	1	21533
43.082	n/a	0	1	21541
43.1	n/a	0	1	21550
43.116	n/a	0	1	21558
43.132	n/a	0	1	21566
43.15	n/a	0	1	21575
43.166	n/a	0	1	21583
43.182	n/a	0	1	21591
43.2	n/a	0	1	21600
43.216	n/a	0	1	21608
43.232	n/a	0	1	21616
43.25	n/a	0	1	21625
43.266	n/a	0	1	21633
43.282	n/a	0	1	21641
43.3	n/a	0	1	21650
43.316	n/a	0	1	21658
43.332	n/a	0	1	21666
43.35	n/a	0	1	21675
43.366	n/a	0	1	21683
43.382	n/a	0	1	21691
43.4	n/a	0	1	21700
43.416	n/a	1	2	21708
43.432	n/a	1	2	21716
43.45	n/a	1	2	21725
43.466	n/a	1	2	21733
43.482	n/a	0	1	21741
43.5	n/a	0	1	21750
43.516	n/a	0	1	21758
43.532	n/a	0	1	21766
43.55	n/a	0	1	21775
43.566	n/a	0	1	21783
43.582	n/a	0	1	21791
43.6	n/a	0	1	21800
43.616	n/a	0	1	21808
43.632	n/a	0	1	21816
43.65	n/a	0	1	21825
43.666	n/a	0	1	21833
43.682	n/a	0	1	21841
43.7	n/a	0	1	21850
43.716	n/a	0	1	21858
43.732	n/a	0	1	21866
43.75	n/a	0	1	21875
43.766	n/a	0	1	21883
43.782	n/a	0	1	21891
43.8	n/a	0	1	21900
43.816	n/a	0	1	21908
43.832	n/a	0	1	21916
43.85	n/a	0	1	21925
43.866	n/a	0	1	21933
43.882	n/a	1	2	21941
43.9	n/a	1	2	21950
43.916	n/a	1	2	21958
43.932	n/a	1	2	21966
43.95	n/a	0	1	21975
43.966	n/a	0	1	21983
43.982	n/a	0	1	21991
44.0	n/a	0	1	22000
44.016	n/a	0	1	22008
44.032	n/a	0	1	22016
44.05	n/a	0	1	22025
44.066	n/a	0	1	22033
44.082	n/a	0	1	22041
44.1	n/a	0	1	22050
44.116	n/a	0	1	22058
44.132	n/a	0	1	22066
44.15	n/a	0	1	22075
44.166	n/a	0	1	22083
44.182	n/a	1	2	22091
44.2	n/a	1	2	22100
44.216	n/a	1	2	22108
44.232	n/a	1	2	22116
44.25	n/a	0	1	22125
44.266	n/a	0	1	22133
44.282	n/a	0	1	22141
44.3	n/a	0	1	22150
44.316	n/a	0	1	22158
44.332	n/a	0	1	22166
44.35	n/a	0	1	22175
44.366	n/a	0	1	22183
44.382	n/a	0	1	22191
44.4	n/a	0	1	22200
44.416	n/a	0	1	22208
44.432	n/a	0	1	22216
44.45	n/a	0	1	22225
44.466	n/a	0	1	22233
44.482	n/a	0	1	22241
44.5	n/a	0	1	22250
44.516	n/a	0	1	22258
44.532	n/a	0	1	22266
44.55	n/a	0	1	22275
44.566	n/a	0	1	22283
44.582	n/a	0	1	22291
44.6	n/a	0	1	22300
44.616	n/a	1	2	22308
44.632	n/a	1	2	22316
44.65	n/a	1	2	22325
44.666	n/a	1	2	22333
46.15	n/a	0	1	23075
46.166	n/a	0	1	23083
46.182	n/a	0	1	23091
46.2	n/a	0	1	23100
46.216	n/a	0	1	23108
46.232	n/a	0	1	23116
46.25	n/a	0	1	23125
46.266	n/a	0	1	23133
46.282	n/a	0	1	23141
46.3	n/a	0	1	23150
46.316	n/a	0	1	23158
46.332	n/a	0	1	23166
46.35	n/a	0	1	23175
46.366	n/a	0	1	23183
46.382	n/a	0	1	23191
46.4	n/a	0	1	23200
46.416	n/a	0	1	23208
46.432	n/a	0	1	23216
46.45	n/a	1	2	23225
46.466	n/a	1	2	23233
46.482	n/a	1	2	23241
46.5	n/a	1	2	23250
46.516	n/a	0	1	23258
46.532	n/a	0	1	23266
46.55	n/a	0	1	23275
46.566	n/a	0	1	23283
46.582	n/a	0	1	23291
46.6	n/a	0	1	23300
46.616	n/a	0	1	23308
46.632	n/a	0	1	23316
46.65	n/a	0	1	23325
46.666	n/a	0	1	23333
46.682	n/a	0	1	23341
46.7	n/a	0	1	23350
46.716	n/a	0	1	23358
46.732	n/a	0	1	23366
46.75	n/a	0	1	23375
46.766	n/a	0	1	23383
46.782	n/a	0	1	23391
46.8	n/a	0	1	23400
46.816	n/a	0	1	23408
46.832	n/a	0	1	23416
46.85	n/a	1	2	23425
46.866	n/a	1	2	23433
46.882	n/a	1	2	23441
46.9	n/a	1	2	23450
46.916	n/a	0	1	23458
46.932	n/a	0	1	23466
46.95	n/a	0	1	23475
46.966	n/a	0	1	23483
46.982	n/a	0	1	23491
47.0	n/a	0	1	23500
47.016	n/a	0	1	23508
47.032	n/a	0	1	23516
47.05	n/a	0	1	23525
47.066	n/a	0	1	23533
47.082	n/a	0	1	23541
47.1	n/a	0	1	23550
47.116	n/a	0	1	23558
47.132	n/a	1	2	23566
47.15	n/a	1	2	23575
47.166	n/a	1	2	23583
47.182	n/a	1	2	23591
47.2	n/a	0	1	23600
47.216	n/a	0	1	23608
47.232	n/a	0	1	23616
47.25	n/a	0	1	23625
47.266	n/a	0	1	23633
47.282	n/a	0	1	23641
47.3	n/a	0	1	23650
47.316	n/a	0	1	23658
47.332	n/a	0	1	23666
47.35	n/a	0	1	23675
47.366	n/a	0	1	23683
47.382	n/a	0	1	23691
47.4	n/a	0	1	23700
47.416	n/a	0	1	23708
47.432	n/a	0	1	23716
47.45	n/a	0	1	23725
47.466	n/a	0	1	23733
47.482	n/a	0	1	23741
47.5	n/a	1	2	23750
47.516	n/a	1	2	23758
47.532	n/a	1	2	23766
47.55	n/a	1	2	23775
47.566	n/a	0	1	23783
47.582	n/a	0	1	23791
47.6	n/a	0	1	23800
47.616	n/a	0	1	23808
47.632	n/a	0	1	23816
47.65	n/a	0	1	23825
47.666	n/a	0	1	23833
47.682	n/a	0	1	23841
47.7	n/a	0	1	23850
47.716	n/a	0	1	23858
47.732	n/a	0	1	23866
47.75	n/a	0	1	23875
47.766	n/a	0	1	23883
47.782	n/a	0	1	23891
47.8	n/a	0	1	23900
47.816	n/a	0	1	23908
47.832	n/a	0	1	23916
47.85	n/a	0	1	23925
47.866	n/a	0	1	23933
47.882	n/a	0	1	23941
47.9	n/a	0	1	23950
47.916	n/a	0	1	23958
47.932	n/a	0	1	23966
47.95	n/a	0	1	23975
47.966	n/a	1	2	23983
47.982	n/a	1	2	23991
48.0	n/a	1	2	24000
48.016	n/a	1	2	24008
48.032	n/a	0	1	24016
48.05	n/a	0	1	24025
48.066	n/a	0	1	24033
48.082	n/a	0	1	24041
49.566	n/a	0	1	24783
49.582	n/a	1	2	24791
49.6	n/a	1	2	24800
49.616	n/a	1	2	24808
49.632	n/a	1	2	24816
49.65	n/a	0	1	24825
49.666	n/a	0	1	24833
49.682	n/a	0	1	24841
49.7	n/a	0	1	24850
49.716	n/a	0	1	24858
49.732	n/a	0	1	24866
49.75	n/a	0	1	24875
49.766	n/a	0	1	24883
49.782	n/a	0	1	24891
49.8	n/a	0	1	24900
49.816	n/a	0	1	24908
49.832	n/a	0	1	24916
49.85	n/a	0	1	24925
49.866	n/a	0	1	24933
49.882	n/a	0	1	24941
49.9	n/a	0	1	24950
49.916	n/a	0	1	24958
49.932	n/a	0	1	24966
49.95	n/a	0	1	24975
49.966	n/a	0	1	24983
49.982	n/a	0	1	24991
50.0	n/a	0	1	25000
50.016	n/a	0	1	25008
50.032	n/a	0	1	25016
50.05	n/a	0	1	25025
50.066	n/a	1	2	25033
50.082	n/a	1	2	25041
50.1	n/a	1	2	25050
50.116	n/a	1	2	25058
50.132	n/a	0	1	25066
50.15	n/a	0	1	25075
50.166	n/a	0	1	25083
50.182	n/a	0	1	25091
50.2	n/a	0	1	25100
50.216	n/a	0	1	25108
50.232	n/a	0	1	25116
50.25	n/a	0	1	25125
50.266	n/a	0	1	25133
50.282	n/a	0	1	25141
50.3	n/a	0	1	25150
50.316	n/a	0	1	25158
50.332	n/a	0	1	25166
50.35	n/a	0	1	25175
50.366	n/a	0	1	25183
50.382	n/a	0	1	25191
50.4	n/a	0	1	25200
50.416	n/a	0	1	25208
50.432	n/a	0	1	25216
50.45	n/a	0	1	25225
50.466	n/a	0	1	25233
50.482	n/a	0	1	25241
50.5	n/a	0	1	25250
50.516	n/a	0	1	25258
50.532	n/a	1	2	25266
50.55	n/a	1	2	25275
50.566	n/a	1	2	25283
50.582	n/a	1	2	25291
50.6	n/a	0	1	25300
50.616	n/a	0	1	25308
50.632	n/a	0	1	25316
50.65	n/a	0	1	25325
50.666	n/a	0	1	25333
50.682	n/a	0	1	25341
50.7	n/a	0	1	25350
50.716	n/a	0	1	25358
50.732	n/a	0	1	25366
50.75	n/a	0	1	25375
50.766	n/a	0	1	25383
50.782	n/a	0	1	25391
50.8	n/a	0	1	25400
50.816	n/a	0	1	25408
50.832	n/a	0	1	25416
50.85	n/a	0	1	25425
50.866	n/a	0	1	25433
50.882	n/a	0	1	25441
50.9	n/a	0	1	25450
50.916	n/a	0	1	25458
50.932	n/a	0	1	25466
50.95	n/a	1	2	25475
50.966	n/a	1	2	25483
50.982	n/a	1	2	25491
51.0	n/a	1	2	25500
51.016	n/a	0	1	25508
51.032	n/a	0	1	25516
51.05	n/a	0	1	25525
51.066	n/a	0	1	25533
51.082	n/a	0	1	25541
51.1	n/a	0	1	25550
51.116	n/a	0	1	25558
51.132	n/a	0	1	25566
51.15	n/a	0	1	25575
51.166	n/a	0	1	25583
51.182	n/a	0	1	25591
51.2	n/a	0	1	25600
51.216	n/a	0	1	25608
51.232	n/a	0	1	25616
51.25	n/a	0	1	25625
51.266	n/a	0	1	25633
51.282	n/a	0	1	25641
51.3	n/a	0	1	25650
51.316	n/a	0	1	25658
51.332	n/a	0	1	25666
51.35	n/a	0	1	25675
51.366	n/a	0	1	25683
51.382	n/a	1	2	25691
51.4	n/a	1	2	25700
51.416	n/a	1	2	25708
51.432	n/a	1	2	25716
51.45	n/a	0	1	25725
51.466	n/a	0	1	25733
51.482	n/a	0	1	25741
51.5	n/a	0	1	25750
55.45	n/a	0	1	27725
55.466	n/a	0	1	27733
55.482	n/a	0	1	27741
55.5	n/a	0	1	27750
55.516	n/a	0	1	27758
55.532	n/a	0	1	27766
55.55	n/a	0	1	27775
55.566	n/a	0	1	27783
55.582	n/a	0	1	27791
55.6	n/a	0	1	27800
55.616	n/a	0	1	27808
55.632	n/a	0	1	27816
55.65	n/a	0	1	27825
55.666	n/a	0	1	27833
55.682	n/a	0	1	27841
55.7	n/a	1	2	27850
55.716	n/a	1	2	27858
55.732	n/a	1	2	27866
55.75	n/a	1	2	27875
55.766	n/a	0	1	27883
55.782	n/a	0	1	27891
55.8	n/a	0	1	27900
55.816	n/a	0	1	27908
55.832	n/a	0	1	27916
55.85	n/a	0	1	27925
55.866	n/a	0	1	27933
55.882	n/a	0	1	27941
55.9	n/a	0	1	27950
55.916	n/a	0	1	27958
55.932	n/a	0	1	27966
55.95	n/a	0	1	27975
55.966	n/a	0	1	27983
55.982	n/a	0	1	27991
56.0	n/a	0	1	28000
56.016	n/a	0	1	28008
56.032	n/a	0	1	28016
56.05	n/a	0	1	28025
56.066	n/a	0	1	28033
56.082	n/a	0	1	28041
56.1	n/a	0	1	28050
56.116	n/a	0	1	28058
56.132	n/a	1	2	28066
56.15	n/a	1	2	28075
56.166	n/a	1	2	28083
56.182	n/a	1	2	28091
56.2	n/a	0	1	28100
56.216	n/a	0	1	28108
56.232	n/a	0	1	28116
56.25	n/a	0	1	28125
56.266	n/a	0	1	28133
56.282	n/a	0	1	28141
56.3	n/a	0	1	28150
56.316	n/a	0	1	28158
56.332	n/a	0	1	28166
56.35	n/a	0	1	28175
56.366	n/a	0	1	28183
56.382	n/a	0	1	28191
56.4	n/a	0	1	28200
56.416	n/a	0	1	28208
56.432	n/a	0	1	28216
56.45	n/a	0	1	28225
56.466	n/a	0	1	28233
56.482	n/a	0	1	28241
56.5	n/a	0	1	28250
56.516	n/a	0	1	28258
56.532	n/a	0	1	28266
56.55	n/a	0	1	28275
56.566	n/a	0	1	28283
56.582	n/a	0	1	28291
56.6	n/a	1	2	28300
56.616	n/a	1	2	28308
56.632	n/a	1	2	28316
56.65	n/a	1	2	28325
56.666	n/a	0	1	28333
56.682	n/a	0	1	28341
56.7	n/a	0	1	28350
56.716	n/a	0	1	28358
56.732	n/a	0	1	28366
56.75	n/a	0	1	28375
56.766	n/a	0	1	28383
56.782	n/a	0	1	28391
56.8	n/a	0	1	28400
56.816	n/a	0	1	28408
56.832	n/a	0	1	28416
56.85	n/a	0	1	28425
56.866	n/a	0	1	28433
56.882	n/a	0	1	28441
56.9	n/a	1	2	28450
56.916	n/a	1	2	28458
56.932	n/a	1	2	28466
56.95	n/a	1	2	28475
56.966	n/a	0	1	28483
56.982	n/a	0	1	28491
57.0	n/a	0	1	28500
57.016	n/a	0	1	28508
57.032	n/a	0	1	28516
57.05	n/a	0	1	28525
57.066	n/a	0	1	28533
57.082	n/a	0	1	28541
57.1	n/a	0	1	28550
57.116	n/a	0	1	28558
57.132	n/a	0	1	28566
57.15	n/a	0	1	28575
57.166	n/a	0	1	28583
57.182	n/a	0	1	28591
57.2	n/a	0	1	28600
57.216	n/a	0	1	28608
57.232	n/a	0	1	28616
57.25	n/a	0	1	28625
57.266	n/a	0	1	28633
57.282	n/a	0	1	28641
57.3	n/a	0	1	28650
57.316	n/a	0	1	28658
57.332	n/a	1	2	28666
57.35	n/a	1	2	28675
57.366	n/a	1	2	28683
57.382	n/a	1	2	28691
58.866	n/a	0	1	29433
58.882	n/a	0	1	29441
58.9	n/a	0	1	29450
58.916	n/a	0	1	29458
58.932	n/a	0	1	29466
58.95	n/a	0	1	29475
58.966	n/a	0	1	29483
58.982	n/a	0	1	29491
59.0	n/a	0	1	29500
59.016	n/a	0	1	29508
59.032	n/a	0	1	29516
59.05	n/a	0	1	29525
59.066	n/a	0	1	29533
59.082	n/a	0	1	29541
59.1	n/a	0	1	29550
59.116	n/a	0	1	29558
59.132	n/a	0	1	29566
59.15	n/a	0	1	29575
59.166	n/a	0	1	29583
59.182	n/a	0	1	29591
59.2	n/a	0	1	29600
59.216	n/a	0	1	29608
59.232	n/a	0	1	29616
59.25	n/a	1	2	29625
59.266	n/a	1	2	29633
59.282	n/a	1	2	29641
59.3	n/a	1	2	29650
59.316	n/a	0	1	29658
59.332	n/a	0	1	29666
59.35	n/a	0	1	29675
59.366	n/a	0	1	29683
59.382	n/a	0	1	29691
59.4	n/a	0	1	29700
59.416	n/a	0	1	29708
59.432	n/a	0	1	29716
59.45	n/a	0	1	29725
59.466	n/a	0	1	29733
59.482	n/a	0	1	29741
59.5	n/a	0	1	29750
59.516	n/a	0	1	29758
59.532	n/a	0	1	29766
59.55	n/a	0	1	29775
59.566	n/a	0	1	29783
59.582	n/a	0	1	29791
59.6	n/a	0	1	29800
59.616	n/a	0	1	29808
59.632	n/a	1	2	29816
59.65	n/a	1	2	29825
59.666	n/a	1	2	29833
59.682	n/a	1	2	29841
59.7	n/a	0	1	29850
59.716	n/a	0	1	29858
59.732	n/a	0	1	29866
59.75	n/a	0	1	29875
59.766	n/a	0	1	29883
59.782	n/a	0	1	29891
59.8	n/a	0	1	29900
59.816	n/a	0	1	29908
59.832	n/a	0	1	29916
59.85	n/a	0	1	29925
59.866	n/a	0	1	29933
59.882	n/a	0	1	29941
59.9	n/a	0	1	29950
59.916	n/a	0	1	29958
59.932	n/a	1	2	29966
59.95	n/a	1	2	29975
59.966	n/a	1	2	29983
59.982	n/a	1	2	29991
60.0	n/a	0	1	30000
60.016	n/a	0	1	30008
60.032	n/a	0	1	30016
60.05	n/a	0	1	30025
60.066	n/a	0	1	30033
60.082	n/a	0	1	30041
60.1	n/a	0	1	30050
60.116	n/a	0	1	30058
60.132	n/a	0	1	30066
60.15	n/a	0	1	30075
60.166	n/a	0	1	30083
60.182	n/a	0	1	30091
60.2	n/a	0	1	30100
60.216	n/a	1	2	30108
60.232	n/a	1	2	30116
60.25	n/a	1	2	30125
60.266	n/a	1	2	30133
60.282	n/a	0	1	30141
60.3	n/a	0	1	30150
60.316	n/a	0	1	30158
60.332	n/a	0	1	30166
60.35	n/a	0	1	30175
60.366	n/a	0	1	30183
60.382	n/a	0	1	30191
60.4	n/a	0	1	30200
60.416	n/a	0	1	30208
60.432	n/a	0	1	30216
60.45	n/a	0	1	30225
60.466	n/a	0	1	30233
60.482	n/a	0	1	30241
60.5	n/a	0	1	30250
60.516	n/a	0	1	30258
60.532	n/a	0	1	30266
60.55	n/a	1	2	30275
60.566	n/a	1	2	30283
60.582	n/a	1	2	30291
60.6	n/a	1	2	30300
60.616	n/a	0	1	30308
60.632	n/a	0	1	30316
60.65	n/a	0	1	30325
60.666	n/a	0	1	30333
60.682	n/a	0	1	30341
60.7	n/a	0	1	30350
60.716	n/a	0	1	30358
60.732	n/a	0	1	30366
60.75	n/a	0	1	30375
60.766	n/a	0	1	30383
60.782	n/a	0	1	30391
60.8	n/a	0	1	30400
62.282	n/a	0	1	31141
62.3	n/a	0	1	31150
62.316	n/a	0	1	31158
62.332	n/a	0	1	31166
62.35	n/a	0	1	31175
62.366	n/a	0	1	31183
62.382	n/a	0	1	31191
62.4	n/a	0	1	31200
62.416	n/a	0	1	31208
62.432	n/a	0	1	31216
62.45	n/a	0	1	31225
62.466	n/a	0	1	31233
62.482	n/a	0	1	31241
62.5	n/a	0	1	31250
62.516	n/a	0	1	31258
62.532	n/a	0	1	31266
62.55	n/a	0	1	31275
62.566	n/a	0	1	31283
62.582	n/a	1	2	31291
62.6	n/a	1	2	31300
62.616	n/a	1	2	31308
62.632	n/a	1	2	31316
62.65	n/a	0	1	31325
62.666	n/a	0	1	31333
62.682	n/a	0	1	31341
62.7	n/a	0	1	31350
62.716	n/a	0	1	31358
62.732	n/a	0	1	31366
62.75	n/a	0	1	31375
62.766	n/a	0	1	31383
62.782	n/a	0	1	31391
62.8	n/a	0	1	31400
62.816	n/a	0	1	31408
62.832	n/a	0	1	31416
62.85	n/a	0	1	31425
62.866	n/a	0	1	31433
62.882	n/a	0	1	31441
62.9	n/a	0	1	31450
62.916	n/a	0	1	31458
62.932	n/a	0	1	31466
62.95	n/a	0	1	31475
62.966	n/a	0	1	31483
62.982	n/a	1	2	31491
63.0	n/a	1	2	31500
63.016	n/a	1	2	31508
63.032	n/a	1	2	31516
63.05	n/a	0	1	31525
63.066	n/a	0	1	31533
63.082	n/a	0	1	31541
63.1	n/a	0	1	31550
63.116	n/a	0	1	31558
63.132	n/a	0	1	31566
63.15	n/a	0	1	31575
63.166	n/a	0	1	31583
63.182	n/a	0	1	31591
63.2	n/a	0	1	31600
63.216	n/a	0	1	31608
63.232	n/a	0	1	31616
63.25	n/a	0	1	31625
63.266	n/a	1	2	31633
63.282	n/a	1	2	31641
63.3	n/a	1	2	31650
63.316	n/a	1	2	31658
63.332	n/a	0	1	31666
63.35	n/a	0	1	31675
63.366	n/a	0	1	31683
63.382	n/a	0	1	31691
63.4	n/a	0	1	31700
63.416	n/a	0	1	31708
63.432	n/a	0	1	31716
63.45	n/a	0	1	31725
63.466	n/a	0	1	31733
63.482	n/a	0	1	31741
63.5	n/a	0	1	31750
63.516	n/a	0	1	31758
63.532	n/a	0	1	31766
63.55	n/a	0	1	31775
63.566	n/a	0	1	31783
63.582	n/a	0	1	31791
63.6	n/a	0	1	31800
63.616	n/a	0	1	31808
63.632	n/a	1	2	31816
63.65	n/a	1	2	31825
63.666	n/a	1	2	31833
63.682	n/a	1	2	31841
63.7	n/a	0	1	31850
63.716	n/a	0	1	31858
63.732	n/a	0	1	31866
63.75	n/a	0	1	31875
63.766	n/a	0	1	31883
63.782	n/a	0	1	31891
63.8	n/a	0	1	31900
63.816	n/a	0	1	31908
63.832	n/a	0	1	31916
63.85	n/a	0	1	31925
63.866	n/a	0	1	31933
63.882	n/a	0	1	31941
63.9	n/a	0	1	31950
63.916	n/a	0	1	31958
63.932	n/a	0	1	31966
63.95	n/a	0	1	31975
63.966	n/a	0	1	31983
63.982	n/a	0	1	31991
64.0	n/a	0	1	32000
64.016	n/a	0	1	32008
64.032	n/a	0	1	32016
64.05	n/a	0	1	32025
64.066	n/a	0	1	32033
64.082	n/a	0	1	32041
64.098	n/a	1	2	32049
64.116	n/a	1	2	32058
64.132	n/a	1	2	32066
64.15	n/a	1	2	32075
64.166	n/a	0	1	32083
64.182	n/a	0	1	32091
64.2	n/a	0	1	32100
64.216	n/a	0	1	32108
65.7	n/a	0	1	32850
65.716	n/a	1	2	32858
65.732	n/a	1	2	32866
65.75	n/a	1	2	32875
65.766	n/a	1	2	32883
65.782	n/a	0	1	32891
65.8	n/a	0	1	32900
65.816	n/a	0	1	32908
65.832	n/a	0	1	32916
65.85	n/a	0	1	32925
65.866	n/a	0	1	32933
65.882	n/a	0	1	32941
65.9	n/a	0	1	32950
65.916	n/a	0	1	32958
65.932	n/a	0	1	32966
65.95	n/a	0	1	32975
65.966	n/a	0	1	32983
65.982	n/a	0	1	32991
66.0	n/a	0	1	33000
66.016	n/a	0	1	33008
66.032	n/a	0	1	33016
66.05	n/a	0	1	33025
66.066	n/a	0	1	33033
66.082	n/a	0	1	33041
66.1	n/a	0	1	33050
66.116	n/a	0	1	33058
66.132	n/a	0	1	33066
66.15	n/a	0	1	33075
66.166	n/a	0	1	33083
66.182	n/a	0	1	33091
66.2	n/a	1	2	33100
66.216	n/a	1	2	33108
66.232	n/a	1	2	33116
66.25	n/a	1	2	33125
66.266	n/a	0	1	33133
66.282	n/a	0	1	33141
66.3	n/a	0	1	33150
66.316	n/a	0	1	33158
66.332	n/a	0	1	33166
66.35	n/a	0	1	33175
66.366	n/a	0	1	33183
66.382	n/a	0	1	33191
66.4	n/a	0	1	33200
66.416	n/a	0	1	33208
66.432	n/a	0	1	33216
66.45	n/a	0	1	33225
66.466	n/a	0	1	33233
66.482	n/a	0	1	33241
66.5	n/a	0	1	33250
66.516	n/a	0	1	33258
66.532	n/a	0	1	33266
66.55	n/a	0	1	33275
66.566	n/a	0	1	33283
66.582	n/a	0	1	33291
66.6	n/a	0	1	33300
66.616	n/a	0	1	33308
66.632	n/a	0	1	33316
66.65	n/a	0	1	33325
66.666	n/a	1	2	33333
66.682	n/a	1	2	33341
66.7	n/a	1	2	33350
66.716	n/a	1	2	33358
66.732	n/a	0	1	33366
66.75	n/a	0	1	33375
66.766	n/a	0	1	33383
66.782	n/a	0	1	33391
66.8	n/a	0	1	33400
66.816	n/a	0	1	33408
66.832	n/a	0	1	33416
66.85	n/a	0	1	33425
66.866	n/a	0	1	33433
66.882	n/a	0	1	33441
66.9	n/a	0	1	33450
66.916	n/a	0	1	33458
66.932	n/a	0	1	33466
66.95	n/a	0	1	33475
66.966	n/a	0	1	33483
66.982	n/a	0	1	33491
67.0	n/a	0	1	33500
67.016	n/a	0	1	33508
67.032	n/a	0	1	33516
67.05	n/a	0	1	33525
67.066	n/a	0	1	33533
67.082	n/a	1	2	33541
67.1	n/a	1	2	33550
67.116	n/a	1	2	33558
67.132	n/a	1	2	33566
67.15	n/a	0	1	33575
67.166	n/a	0	1	33583
67.182	n/a	0	1	33591
67.2	n/a	0	1	33600
67.216	n/a	0	1	33608
67.232	n/a	0	1	33616
67.25	n/a	0	1	33625
67.266	n/a	0	1	33633
67.282	n/a	0	1	33641
67.3	n/a	0	1	33650
67.316	n/a	0	1	33658
67.332	n/a	0	1	33666
67.35	n/a	0	1	33675
67.366	n/a	0	1	33683
67.382	n/a	0	1	33691
67.4	n/a	0	1	33700
67.416	n/a	0	1	33708
67.432	n/a	0	1	33716
67.45	n/a	0	1	33725
67.466	n/a	0	1	33733
67.482	n/a	0	1	33741
67.5	n/a	0	1	33750
67.516	n/a	1	2	33758
67.532	n/a	1	2	33766
67.55	n/a	1	2	33775
67.566	n/a	1	2	33783
67.582	n/a	0	1	33791
67.6	n/a	0	1	33800
67.616	n/a	0	1	33808
67.632	n/a	0	1	33816
71.332	n/a	0	1	35666
71.35	n/a	0	1	35675
71.366	n/a	0	1	35683
71.382	n/a	0	1	35691
71.4	n/a	0	1	35700
71.416	n/a	0	1	35708
71.432	n/a	0	1	35716
71.45	n/a	0	1	35725
71.466	n/a	0	1	35733
71.482	n/a	0	1	35741
71.5	n/a	0	1	35750
71.516	n/a	0	1	35758
71.532	n/a	0	1	35766
71.55	n/a	0	1	35775
71.566	n/a	0	1	35783
71.582	n/a	1	2	35791
71.6	n/a	1	2	35800
71.616	n/a	1	2	35808
71.632	n/a	1	2	35816
71.65	n/a	0	1	35825
71.666	n/a	0	1	35833
71.682	n/a	0	1	35841
71.7	n/a	0	1	35850
71.716	n/a	0	1	35858
71.732	n/a	0	1	35866
71.75	n/a	0	1	35875
71.766	n/a	0	1	35883
71.782	n/a	0	1	35891
71.8	n/a	0	1	35900
71.816	n/a	0	1	35908
71.832	n/a	0	1	35916
71.85	n/a	0	1	35925
71.866	n/a	0	1	35933
71.882	n/a	0	1	35941
71.9	n/a	0	1	35950
71.916	n/a	0	1	35958
71.932	n/a	0	1	35966
71.95	n/a	0	1	35975
71.966	n/a	0	1	35983
71.982	n/a	0	1	35991
72.0	n/a	0	1	36000
72.016	n/a	1	2	36008
72.032	n/a	1	2	36016
72.05	n/a	1	2	36025
72.066	n/a	1	2	36033
72.082	n/a	0	1	36041
72.1	n/a	0	1	36050
72.116	n/a	0	1	36058
72.132	n/a	0	1	36066
72.15	n/a	0	1	36075
72.166	n/a	0	1	36083
72.182	n/a	0	1	36091
72.2	n/a	0	1	36100
72.216	n/a	0	1	36108
72.232	n/a	0	1	36116
72.25	n/a	0	1	36125
72.266	n/a	0	1	36133
72.282	n/a	0	1	36141
72.3	n/a	0	1	36150
72.316	n/a	0	1	36158
72.332	n/a	0	1	36166
72.35	n/a	0	1	36175
72.366	n/a	0	1	36183
72.382	n/a	0	1	36191
72.4	n/a	0	1	36200
72.416	n/a	0	1	36208
72.432	n/a	0	1	36216
72.45	n/a	0	1	36225
72.466	n/a	0	1	36233
72.482	n/a	1	2	36241
72.5	n/a	1	2	36250
72.516	n/a	1	2	36258
72.532	n/a	1	2	36266
72.55	n/a	0	1	36275
72.566	n/a	0	1	36283
72.582	n/a	0	1	36291
72.6	n/a	0	1	36300
72.616	n/a	0	1	36308
72.632	n/a	0	1	36316
72.65	n/a	0	1	36325
72.666	n/a	0	1	36333
72.682	n/a	0	1	36341
72.7	n/a	0	1	36350
72.716	n/a	0	1	36358
72.732	n/a	0	1	36366
72.75	n/a	0	1	36375
72.766	n/a	0	1	36383
72.782	n/a	1	2	36391
72.8	n/a	1	2	36400
72.816	n/a	1	2	36408
72.832	n/a	1	2	36416
72.85	n/a	0	1	36425
72.866	n/a	0	1	36433
72.882	n/a	0	1	36441
72.9	n/a	0	1	36450
72.916	n/a	0	1	36458
72.932	n/a	0	1	36466
72.95	n/a	0	1	36475
72.966	n/a	0	1	36483
72.982	n/a	0	1	36491
73.0	n/a	0	1	36500
73.016	n/a	0	1	36508
73.032	n/a	0	1	36516
73.05	n/a	0	1	36525
73.066	n/a	0	1	36533
73.082	n/a	0	1	36541
73.1	n/a	0	1	36550
73.116	n/a	0	1	36558
73.132	n/a	0	1	36566
73.15	n/a	0	1	36575
73.166	n/a	0	1	36583
73.182	n/a	0	1	36591
73.2	n/a	0	1	36600
73.216	n/a	1	2	36608
73.232	n/a	1	2	36616
73.25	n/a	1	2	36625
73.266	n/a	1	2	36633
74.75	n/a	0	1	37375
74.766	n/a	0	1	37383
74.782	n/a	0	1	37391
74.8	n/a	0	1	37400
74.816	n/a	0	1	37408
74.832	n/a	0	1	37416
74.85	n/a	0	1	37425
74.866	n/a	0	1	37433
74.882	n/a	0	1	37441
74.9	n/a	0	1	37450
74.916	n/a	0	1	37458
74.932	n/a	0	1	37466
74.95	n/a	0	1	37475
74.966	n/a	0	1	37483
74.982	n/a	0	1	37491
75.0	n/a	0	1	37500
75.016	n/a	0	1	37508
75.032	n/a	0	1	37516
75.05	n/a	0	1	37525
75.066	n/a	0	1	37533
75.082	n/a	0	1	37541
75.1	n/a	0	1	37550
75.116	n/a	0	1	37558
75.132	n/a	1	2	37566
75.15	n/a	1	2	37575
75.166	n/a	1	2	37583
75.182	n/a	1	2	37591
75.2	n/a	0	1	37600
75.216	n/a	0	1	37608
75.232	n/a	0	1	37616
75.25	n/a	0	1	37625
75.266	n/a	0	1	37633
75.282	n/a	0	1	37641
75.3	n/a	0	1	37650
75.316	n/a	0	1	37658
75.332	n/a	0	1	37666
75.35	n/a	0	1	37675
75.366	n/a	0	1	37683
75.382	n/a	0	1	37691
75.4	n/a	0	1	37700
75.416	n/a	0	1	37708
75.432	n/a	0	1	37716
75.45	n/a	0	1	37725
75.466	n/a	0	1	37733
75.482	n/a	0	1	37741
75.5	n/a	0	1	37750
75.516	n/a	1	2	37758
75.532	n/a	1	2	37766
75.55	n/a	1	2	37775
75.566	n/a	1	2	37783
75.582	n/a	0	1	37791
75.6	n/a	0	1	37800
75.616	n/a	0	1	37808
75.632	n/a	0	1	37816
75.65	n/a	0	1	37825
75.666	n/a	0	1	37833
75.682	n/a	0	1	37841
75.7	n/a	0	1	37850
75.716	n/a	0	1	37858
75.732	n/a	0	1	37866
75.75	n/a	0	1	37875
75.766	n/a	0	1	37883
75.782	n/a	0	1	37891
75.8	n/a	0	1	37900
75.816	n/a	1	2	37908
75.832	n/a	1	2	37916
75.85	n/a	1	2	37925
75.866	n/a	1	2	37933
75.882	n/a	0	1	37941
75.9	n/a	0	1	37950
75.916	n/a	0	1	37958
75.932	n/a	0	1	37966
75.95	n/a	0	1	37975
75.966	n/a	0	1	37983
75.982	n/a	0	1	37991
76.0	n/a	0	1	38000
76.016	n/a	0	1	38008
76.032	n/a	0	1	38016
76.05	n/a	0	1	38025
76.066	n/a	0	1	38033
76.082	n/a	0	1	38041
76.1	n/a	1	2	38050
76.116	n/a	1	2	38058
76.132	n/a	1	2	38066
76.15	n/a	1	2	38075
76.166	n/a	0	1	38083
76.182	n/a	0	1	38091
76.2	n/a	0	1	38100
76.216	n/a	0	1	38108
76.232	n/a	0	1	38116
76.25	n/a	0	1	38125
76.266	n/a	0	1	38133
76.282	n/a	0	1	38141
76.3	n/a	0	1	38150
76.316	n/a	0	1	38158
76.332	n/a	0	1	38166
76.35	n/a	0	1	38175
76.366	n/a	0	1	38183
76.382	n/a	0	1	38191
76.4	n/a	0	1	38200
76.416	n/a	0	1	38208
76.432	n/a	1	2	38216
76.45	n/a	1	2	38225
76.466	n/a	1	2	38233
76.482	n/a	1	2	38241
76.5	n/a	0	1	38250
76.516	n/a	0	1	38258
76.532	n/a	0	1	38266
76.55	n/a	0	1	38275
76.566	n/a	0	1	38283
76.582	n/a	0	1	38291
76.6	n/a	0	1	38300
76.616	n/a	0	1	38308
76.632	n/a	0	1	38316
76.65	n/a	0	1	38325
76.666	n/a	0	1	38333
76.682	n/a	0	1	38341
78.166	n/a	0	1	39083
78.182	n/a	0	1	39091
78.2	n/a	0	1	39100
78.216	n/a	0	1	39108
78.232	n/a	0	1	39116
78.25	n/a	0	1	39125
78.266	n/a	0	1	39133
78.282	n/a	0	1	39141
78.3	n/a	0	1	39150
78.316	n/a	0	1	39158
78.332	n/a	0	1	39166
78.35	n/a	0	1	39175
78.366	n/a	0	1	39183
78.382	n/a	0	1	39191
78.4	n/a	0	1	39200
78.416	n/a	0	1	39208
78.432	n/a	0	1	39216
78.45	n/a	0	1	39225
78.466	n/a	1	2	39233
78.482	n/a	1	2	39241
78.5	n/a	1	2	39250
78.516	n/a	1	2	39258
78.532	n/a	0	1	39266
78.55	n/a	0	1	39275
78.566	n/a	0	1	39283
78.582	n/a	0	1	39291
78.6	n/a	0	1	39300
78.616	n/a	0	1	39308
78.632	n/a	0	1	39316
78.65	n/a	0	1	39325
78.666	n/a	0	1	39333
78.682	n/a	0	1	39341
78.7	n/a	0	1	39350
78.716	n/a	0	1	39358
78.732	n/a	0	1	39366
78.75	n/a	0	1	39375
78.766	n/a	0	1	39383
78.782	n/a	0	1	39391
78.8	n/a	0	1	39400
78.816	n/a	0	1	39408
78.832	n/a	0	1	39416
78.85	n/a	0	1	39425
78.866	n/a	1	2	39433
78.882	n/a	1	2	39441
78.9	n/a	1	2	39450
78.916	n/a	1	2	39458
78.932	n/a	0	1	39466
78.95	n/a	0	1	39475
78.966	n/a	0	1	39483
78.982	n/a	0	1	39491
79.0	n/a	0	1	39500
79.016	n/a	0	1	39508
79.032	n/a	0	1	39516
79.05	n/a	0	1	39525
79.066	n/a	0	1	39533
79.082	n/a	0	1	39541
79.1	n/a	0	1	39550
79.116	n/a	0	1	39558
79.132	n/a	0	1	39566
79.15	n/a	1	2	39575
79.166	n/a	1	2	39583
79.182	n/a	1	2	39591
79.2	n/a	1	2	39600
79.216	n/a	0	1	39608
79.232	n/a	0	1	39616
79.25	n/a	0	1	39625
79.266	n/a	0	1	39633
79.282	n/a	0	1	39641
79.3	n/a	0	1	39650
79.316	n/a	0	1	39658
79.332	n/a	0	1	39666
79.35	n/a	0	1	39675
79.366	n/a	0	1	39683
79.382	n/a	0	1	39691
79.4	n/a	0	1	39700
79.416	n/a	0	1	39708
79.432	n/a	0	1	39716
79.45	n/a	0	1	39725
79.466	n/a	0	1	39733
79.482	n/a	0	1	39741
79.5	n/a	0	1	39750
79.516	n/a	1	2	39758
79.532	n/a	1	2	39766
79.55	n/a	1	2	39775
79.566	n/a	1	2	39783
79.582	n/a	0	1	39791
79.6	n/a	0	1	39800
79.616	n/a	0	1	39808
79.632	n/a	0	1	39816
79.65	n/a	0	1	39825
79.666	n/a	0	1	39833
79.682	n/a	0	1	39841
79.7	n/a	0	1	39850
79.716	n/a	0	1	39858
79.732	n/a	0	1	39866
79.75	n/a	0	1	39875
79.766	n/a	0	1	39883
79.782	n/a	0	1	39891
79.8	n/a	0	1	39900
79.816	n/a	0	1	39908
79.832	n/a	0	1	39916
79.85	n/a	0	1	39925
79.866	n/a	0	1	39933
79.882	n/a	0	1	39941
79.9	n/a	0	1	39950
79.916	n/a	0	1	39958
79.932	n/a	0	1	39966
79.95	n/a	0	1	39975
79.966	n/a	0	1	39983
79.982	n/a	1	2	39991
80.0	n/a	1	2	40000
80.016	n/a	1	2	40008
80.032	n/a	1	2	40016
80.05	n/a	0	1	40025
80.066	n/a	0	1	40033
80.082	n/a	0	1	40041
80.1	n/a	0	1	40050
81.582	n/a	0	1	40791
81.6	n/a	1	2	40800
81.616	n/a	1	2	40808
81.632	n/a	1	2	40816
81.65	n/a	1	2	40825
81.666	n/a	0	1	40833
81.682	n/a	0	1	40841
81.7	n/a	0	1	40850
81.716	n/a	0	1	40858
81.732	n/a	0	1	40866
81.75	n/a	0	1	40875
81.766	n/a	0	1	40883
81.782	n/a	0	1	40891
81.8	n/a	0	1	40900
81.816	n/a	0	1	40908
81.832	n/a	0	1	40916
81.85	n/a	0	1	40925
81.866	n/a	0	1	40933
81.882	n/a	0	1	40941
81.9	n/a	0	1	40950
81.916	n/a	0	1	40958
81.932	n/a	0	1	40966
81.95	n/a	0	1	40975
81.966	n/a	0	1	40983
81.982	n/a	0	1	40991
82.0	n/a	0	1	41000
82.016	n/a	0	1	41008
82.032	n/a	0	1	41016
82.05	n/a	0	1	41025
82.066	n/a	0	1	41033
82.082	n/a	1	2	41041
82.1	n/a	1	2	41050
82.116	n/a	1	2	41058
82.132	n/a	1	2	41066
82.15	n/a	0	1	41075
82.166	n/a	0	1	41083
82.182	n/a	0	1	41091
82.2	n/a	0	1	41100
82.216	n/a	0	1	41108
82.232	n/a	0	1	41116
82.25	n/a	0	1	41125
82.266	n/a	0	1	41133
82.282	n/a	0	1	41141
82.3	n/a	0	1	41150
82.316	n/a	0	1	41158
82.332	n/a	0	1	41166
82.35	n/a	0	1	41175
82.366	n/a	0	1	41183
82.382	n/a	0	1	41191
82.4	n/a	0	1	41200
82.416	n/a	0	1	41208
82.432	n/a	0	1	41216
82.45	n/a	0	1	41225
82.466	n/a	0	1	41233
82.482	n/a	0	1	41241
82.5	n/a	0	1	41250
82.516	n/a	0	1	41258
82.532	n/a	0	1	41266
82.55	n/a	1	2	41275
82.566	n/a	1	2	41283
82.582	n/a	1	2	41291
82.6	n/a	1	2	41300
82.616	n/a	0	1	41308
82.632	n/a	0	1	41316
82.65	n/a	0	1	41325
82.666	n/a	0	1	41333
82.682	n/a	0	1	41341
82.7	n/a	0	1	41350
82.716	n/a	0	1	41358
82.732	n/a	0	1	41366
82.75	n/a	0	1	41375
82.766	n/a	0	1	41383
82.782	n/a	0	1	41391
82.8	n/a	0	1	41400
82.816	n/a	0	1	41408
82.832	n/a	0	1	41416
82.85	n/a	0	1	41425
82.866	n/a	0	1	41433
82.882	n/a	0	1	41441
82.9	n/a	0	1	41450
82.916	n/a	0	1	41458
82.932	n/a	0	1	41466
82.95	n/a	0	1	41475
82.966	n/a	1	2	41483
82.982	n/a	1	2	41491
83.0	n/a	1	2	41500
83.016	n/a	1	2	41508
83.032	n/a	0	1	41516
83.05	n/a	0	1	41525
83.066	n/a	0	1	41533
83.082	n/a	0	1	41541
83.1	n/a	0	1	41550
83.116	n/a	0	1	41558
83.132	n/a	0	1	41566
83.15	n/a	0	1	41575
83.166	n/a	0	1	41583
83.182	n/a	0	1	41591
83.2	n/a	0	1	41600
83.216	n/a	0	1	41608
83.232	n/a	0	1	41616
83.25	n/a	0	1	41625
83.266	n/a	0	1	41633
83.282	n/a	0	1	41641
83.3	n/a	0	1	41650
83.316	n/a	0	1	41658
83.332	n/a	0	1	41666
83.35	n/a	0	1	41675
83.366	n/a	0	1	41683
83.382	n/a	0	1	41691
83.4	n/a	1	2	41700
83.416	n/a	1	2	41708
83.432	n/a	1	2	41716
83.45	n/a	1	2	41725
83.466	n/a	0	1	41733
83.482	n/a	0	1	41741
83.5	n/a	0	1	41750
83.516	n/a	0	1	41758
87.7	n/a	0	1	43850
87.716	n/a	0	1	43858
87.732	n/a	0	1	43866
87.75	n/a	0	1	43875
87.766	n/a	0	1	43883
87.782	n/a	0	1	43891
87.8	n/a	0	1	43900
87.816	n/a	0	1	43908
87.832	n/a	0	1	43916
87.85	n/a	0	1	43925
87.866	n/a	0	1	43933
87.882	n/a	0	1	43941
87.9	n/a	0	1	43950
87.916	n/a	0	1	43958
87.932	n/a	0	1	43966
87.95	n/a	0	1	43975
87.966	n/a	0	1	43983
87.982	n/a	0	1	43991
88.0	n/a	1	2	44000
88.016	n/a	1	2	44008
88.032	n/a	1	2	44016
88.05	n/a	1	2	44025
88.066	n/a	0	1	44033
88.082	n/a	0	1	44041
88.1	n/a	0	1	44050
88.116	n/a	0	1	44058
88.132	n/a	0	1	44066
88.15	n/a	0	1	44075
88.166	n/a	0	1	44083
88.182	n/a	0	1	44091
88.2	n/a	0	1	44100
88.216	n/a	0	1	44108
88.232	n/a	0	1	44116
88.25	n/a	0	1	44125
88.266	n/a	0	1	44133
88.282	n/a	0	1	44141
88.3	n/a	0	1	44150
88.316	n/a	0	1	44158
88.332	n/a	0	1	44166
88.35	n/a	0	1	44175
88.366	n/a	0	1	44183
88.382	n/a	0	1	44191
88.4	n/a	1	2	44200
88.416	n/a	1	2	44208
88.432	n/a	1	2	44216
88.45	n/a	1	2	44225
88.466	n/a	0	1	44233
88.482	n/a	0	1	44241
88.5	n/a	0	1	44250
88.516	n/a	0	1	44258
88.532	n/a	0	1	44266
88.55	n/a	0	1	44275
88.566	n/a	0	1	44283
88.582	n/a	0	1	44291
88.6	n/a	0	1	44300
88.616	n/a	0	1	44308
88.632	n/a	0	1	44316
88.65	n/a	0	1	44325
88.666	n/a	0	1	44333
88.682	n/a	1	2	44341
88.7	n/a	1	2	44350
88.716	n/a	1	2	44358
88.732	n/a	1	2	44366
88.75	n/a	0	1	44375
88.766	n/a	0	1	44383
88.782	n/a	0	1	44391
88.8	n/a	0	1	44400
88.816	n/a	0	1	44408
88.832	n/a	0	1	44416
88.85	n/a	0	1	44425
88.866	n/a	0	1	44433
88.882	n/a	0	1	44441
88.9	n/a	0	1	44450
88.916	n/a	0	1	44458
88.932	n/a	0	1	44466
88.95	n/a	0	1	44475
88.966	n/a	0	1	44483
88.982	n/a	0	1	44491
89.0	n/a	0	1	44500
89.016	n/a	0	1	44508
89.032	n/a	0	1	44516
89.05	n/a	1	2	44525
89.066	n/a	1	2	44533
89.082	n/a	1	2	44541
89.1	n/a	1	2	44550
89.116	n/a	0	1	44558
89.132	n/a	0	1	44566
89.15	n/a	0	1	44575
89.166	n/a	0	1	44583
89.182	n/a	0	1	44591
89.2	n/a	0	1	44600
89.216	n/a	0	1	44608
89.232	n/a	0	1	44616
89.25	n/a	0	1	44625
89.266	n/a	0	1	44633
89.282	n/a	0	1	44641
89.3	n/a	0	1	44650
89.316	n/a	0	1	44658
89.332	n/a	0	1	44666
89.35	n/a	0	1	44675
89.366	n/a	0	1	44683
89.382	n/a	0	1	44691
89.4	n/a	0	1	44700
89.416	n/a	0	1	44708
89.432	n/a	0	1	44716
89.45	n/a	0	1	44725
89.466	n/a	0	1	44733
89.482	n/a	0	1	44741
89.5	n/a	0	1	44750
89.516	n/a	1	2	44758
89.532	n/a	1	2	44766
89.55	n/a	1	2	44775
89.566	n/a	1	2	44783
89.582	n/a	0	1	44791
89.6	n/a	0	1	44800
89.616	n/a	0	1	44808
89.632	n/a	0	1	44816
91.116	n/a	0	1	45558
91.132	n/a	1	2	45566
91.15	n/a	1	2	45575
91.166	n/a	1	2	45583
91.182	n/a	1	2	45591
91.2	n/a	0	1	45600
91.216	n/a	0	1	45608
91.232	n/a	0	1	45616
91.25	n/a	0	1	45625
91.266	n/a	0	1	45633
91.282	n/a	0	1	45641
91.3	n/a	0	1	45650
91.316	n/a	0	1	45658
91.332	n/a	0	1	45666
91.35	n/a	0	1	45675
91.366	n/a	0	1	45683
91.382	n/a	0	1	45691
91.4	n/a	0	1	45700
91.416	n/a	0	1	45708
91.432	n/a	0	1	45716
91.45	n/a	0	1	45725
91.466	n/a	0	1	45733
91.482	n/a	0	1	45741
91.5	n/a	0	1	45750
91.516	n/a	0	1	45758
91.532	n/a	0	1	45766
91.55	n/a	0	1	45775
91.566	n/a	0	1	45783
91.582	n/a	0	1	45791
91.6	n/a	0	1	45800
91.616	n/a	1	2	45808
91.632	n/a	1	2	45816
91.65	n/a	1	2	45825
91.666	n/a	1	2	45833
91.682	n/a	0	1	45841
91.7	n/a	0	1	45850
91.716	n/a	0	1	45858
91.732	n/a	0	1	45866
91.75	n/a	0	1	45875
91.766	n/a	0	1	45883
91.782	n/a	0	1	45891
91.8	n/a	0	1	45900
91.816	n/a	0	1	45908
91.832	n/a	0	1	45916
91.85	n/a	0	1	45925
91.866	n/a	0	1	45933
91.882	n/a	0	1	45941
91.9	n/a	0	1	45950
91.916	n/a	0	1	45958
91.932	n/a	0	1	45966
91.95	n/a	0	1	45975
91.966	n/a	0	1	45983
91.982	n/a	0	1	45991
92.0	n/a	0	1	46000
92.016	n/a	0	1	46008
92.032	n/a	0	1	46016
92.05	n/a	0	1	46025
92.066	n/a	0	1	46033
92.082	n/a	1	2	46041
92.1	n/a	1	2	46050
92.116	n/a	1	2	46058
92.132	n/a	1	2	46066
92.15	n/a	0	1	46075
92.166	n/a	0	1	46083
92.182	n/a	0	1	46091
92.2	n/a	0	1	46100
92.216	n/a	0	1	46108
92.232	n/a	0	1	46116
92.25	n/a	0	1	46125
92.266	n/a	0	1	46133
92.282	n/a	0	1	46141
92.3	n/a	0	1	46150
92.316	n/a	0	1	46158
92.332	n/a	0	1	46166
92.35	n/a	0	1	46175
92.366	n/a	0	1	46183
92.382	n/a	0	1	46191
92.4	n/a	0	1	46200
92.416	n/a	0	1	46208
92.432	n/a	0	1	46216
92.45	n/a	0	1	46225
92.466	n/a	0	1	46233
92.482	n/a	0	1	46241
92.5	n/a	1	2	46250
92.516	n/a	1	2	46258
92.532	n/a	1	2	46266
92.55	n/a	1	2	46275
92.566	n/a	0	1	46283
92.582	n/a	0	1	46291
92.6	n/a	0	1	46300
92.616	n/a	0	1	46308
92.632	n/a	0	1	46316
92.65	n/a	0	1	46325
92.666	n/a	0	1	46333
92.682	n/a	0	1	46341
92.7	n/a	0	1	46350
92.716	n/a	0	1	46358
92.732	n/a	0	1	46366
92.75	n/a	0	1	46375
92.766	n/a	0	1	46383
92.782	n/a	0	1	46391
92.8	n/a	0	1	46400
92.816	n/a	0	1	46408
92.832	n/a	0	1	46416
92.85	n/a	0	1	46425
92.866	n/a	0	1	46433
92.882	n/a	0	1	46441
92.9	n/a	0	1	46450
92.916	n/a	0	1	46458
92.932	n/a	1	2	46466
92.95	n/a	1	2	46475
92.966	n/a	1	2	46483
92.982	n/a	1	2	46491
93.0	n/a	0	1	46500
93.016	n/a	0	1	46508
93.032	n/a	0	1	46516
93.05	n/a	0	1	46525
94.532	n/a	0	1	47266
94.55	n/a	0	1	47275
94.566	n/a	0	1	47283
94.582	n/a	0	1	47291
94.6	n/a	0	1	47300
94.616	n/a	0	1	47308
94.632	n/a	0	1	47316
94.65	n/a	0	1	47325
94.666	n/a	0	1	47333
94.682	n/a	0	1	47341
94.7	n/a	0	1	47350
94.716	n/a	0	1	47358
94.732	n/a	0	1	47366
94.75	n/a	0	1	47375
94.766	n/a	0	1	47383
94.782	n/a	0	1	47391
94.8	n/a	0	1	47400
94.816	n/a	0	1	47408
94.832	n/a	0	1	47416
94.85	n/a	0	1	47425
94.866	n/a	0	1	47433
94.882	n/a	0	1	47441
94.9	n/a	0	1	47450
94.916	n/a	1	2	47458
94.932	n/a	1	2	47466
94.95	n/a	1	2	47475
94.966	n/a	1	2	47483
94.982	n/a	0	1	47491
95.0	n/a	0	1	47500
95.016	n/a	0	1	47508
95.032	n/a	0	1	47516
95.05	n/a	0	1	47525
95.066	n/a	0	1	47533
95.082	n/a	0	1	47541
95.1	n/a	0	1	47550
95.116	n/a	0	1	47558
95.132	n/a	0	1	47566
95.15	n/a	0	1	47575
95.166	n/a	0	1	47583
95.182	n/a	0	1	47591
95.2	n/a	0	1	47600
95.216	n/a	0	1	47608
95.232	n/a	0	1	47616
95.25	n/a	0	1	47625
95.266	n/a	0	1	47633
95.282	n/a	0	1	47641
95.3	n/a	1	2	47650
95.316	n/a	1	2	47658
95.332	n/a	1	2	47666
95.35	n/a	1	2	47675
95.366	n/a	0	1	47683
95.382	n/a	0	1	47691
95.4	n/a	0	1	47700
95.416	n/a	0	1	47708
95.432	n/a	0	1	47716
95.45	n/a	0	1	47725
95.466	n/a	0	1	47733
95.482	n/a	0	1	47741
95.5	n/a	0	1	47750
95.516	n/a	0	1	47758
95.532	n/a	0	1	47766
95.55	n/a	0	1	47775
95.566	n/a	0	1	47783
95.582	n/a	0	1	47791
95.6	n/a	1	2	47800
95.616	n/a	1	2	47808
95.632	n/a	1	2	47816
95.65	n/a	1	2	47825
95.666	n/a	0	1	47833
95.682	n/a	0	1	47841
95.7	n/a	0	1	47850
95.716	n/a	0	1	47858
95.732	n/a	0	1	47866
95.75	n/a	0	1	47875
95.766	n/a	0	1	47883
95.782	n/a	0	1	47891
95.8	n/a	0	1	47900
95.816	n/a	0	1	47908
95.832	n/a	0	1	47916
95.85	n/a	0	1	47925
95.866	n/a	0	1	47933
95.882	n/a	1	2	47941
95.9	n/a	1	2	47950
95.916	n/a	1	2	47958
95.932	n/a	1	2	47966
95.95	n/a	0	1	47975
95.966	n/a	0	1	47983
95.982	n/a	0	1	47991
96.0	n/a	0	1	48000
96.016	n/a	0	1	48008
96.032	n/a	0	1	48016
96.05	n/a	0	1	48025
96.066	n/a	0	1	48033
96.082	n/a	0	1	48041
96.1	n/a	0	1	48050
96.116	n/a	0	1	48058
96.132	n/a	0	1	48066
96.15	n/a	0	1	48075
96.166	n/a	0	1	48083
96.182	n/a	0	1	48091
96.2	n/a	0	1	48100
96.216	n/a	1	2	48108
96.232	n/a	1	2	48116
96.25	n/a	1	2	48125
96.266	n/a	1	2	48133
96.282	n/a	0	1	48141
96.3	n/a	0	1	48150
96.316	n/a	0	1	48158
96.332	n/a	0	1	48166
96.35	n/a	0	1	48175
96.366	n/a	0	1	48183
96.382	n/a	0	1	48191
96.4	n/a	0	1	48200
96.416	n/a	0	1	48208
96.432	n/a	0	1	48216
96.45	n/a	0	1	48225
96.466	n/a	0	1	48233
97.95	n/a	0	1	48975
97.966	n/a	0	1	48983
97.982	n/a	0	1	48991
98.0	n/a	0	1	49000
98.016	n/a	0	1	49008
98.032	n/a	0	1	49016
98.05	n/a	0	1	49025
98.066	n/a	0	1	49033
98.082	n/a	0	1	49041
98.1	n/a	0	1	49050
98.116	n/a	0	1	49058
98.132	n/a	0	1	49066
98.15	n/a	0	1	49075
98.166	n/a	0	1	49083
98.182	n/a	0	1	49091
98.2	n/a	1	2	49100
98.216	n/a	1	2	49108
98.232	n/a	1	2	49116
98.25	n/a	1	2	49125
98.266	n/a	0	1	49133
98.282	n/a	0	1	49141
98.3	n/a	0	1	49150
98.316	n/a	0	1	49158
98.332	n/a	0	1	49166
98.35	n/a	0	1	49175
98.366	n/a	0	1	49183
98.382	n/a	0	1	49191
98.4	n/a	0	1	49200
98.416	n/a	0	1	49208
98.432	n/a	0	1	49216
98.45	n/a	0	1	49225
98.466	n/a	0	1	49233
98.482	n/a	0	1	49241
98.5	n/a	0	1	49250
98.516	n/a	0	1	49258
98.532	n/a	0	1	49266
98.55	n/a	0	1	49275
98.566	n/a	0	1	49283
98.582	n/a	0	1	49291
98.6	n/a	0	1	49300
98.616	n/a	0	1	49308
98.632	n/a	1	2	49316
98.65	n/a	1	2	49325
98.666	n/a	1	2	49333
98.682	n/a	1	2	49341
98.7	n/a	0	1	49350
98.716	n/a	0	1	49358
98.732	n/a	0	1	49366
98.75	n/a	0	1	49375
98.766	n/a	0	1	49383
98.782	n/a	0	1	49391
98.8	n/a	0	1	49400
98.816	n/a	0	1	49408
98.832	n/a	0	1	49416
98.85	n/a	0	1	49425
98.866	n/a	0	1	49433
98.882	n/a	0	1	49441
98.9	n/a	0	1	49450
98.916	n/a	0	1	49458
98.932	n/a	0	1	49466
98.95	n/a	0	1	49475
98.966	n/a	0	1	49483
98.982	n/a	0	1	49491
99.0	n/a	0	1	49500
99.016	n/a	0	1	49508
99.032	n/a	0	1	49516
99.05	n/a	0	1	49525
99.066	n/a	0	1	49533
99.082	n/a	0	1	49541
99.1	n/a	1	2	49550
99.116	n/a	1	2	49558
99.132	n/a	1	2	49566
99.15	n/a	1	2	49575
99.166	n/a	0	1	49583
99.182	n/a	0	1	49591
99.2	n/a	0	1	49600
99.216	n/a	0	1	49608
99.232	n/a	0	1	49616
99.25	n/a	0	1	49625
99.266	n/a	0	1	49633
99.282	n/a	0	1	49641
99.3	n/a	0	1	49650
99.316	n/a	0	1	49658
99.332	n/a	0	1	49666
99.35	n/a	0	1	49675
99.366	n/a	0	1	49683
99.382	n/a	0	1	49691
99.4	n/a	1	2	49700
99.416	n/a	1	2	49708
99.432	n/a	1	2	49716
99.45	n/a	1	2	49725
99.466	n/a	0	1	49733
99.482	n/a	0	1	49741
99.5	n/a	0	1	49750
99.516	n/a	0	1	49758
99.532	n/a	0	1	49766
99.55	n/a	0	1	49775
99.566	n/a	0	1	49783
99.582	n/a	0	1	49791
99.6	n/a	0	1	49800
99.616	n/a	0	1	49808
99.632	n/a	0	1	49816
99.65	n/a	0	1	49825
99.666	n/a	0	1	49833
99.682	n/a	0	1	49841
99.7	n/a	0	1	49850
99.716	n/a	0	1	49858
99.732	n/a	0	1	49866
99.75	n/a	0	1	49875
99.766	n/a	0	1	49883
99.782	n/a	0	1	49891
99.8	n/a	0	1	49900
99.816	n/a	0	1	49908
99.832	n/a	1	2	49916
99.85	n/a	1	2	49925
99.866	n/a	1	2	49933
99.882	n/a	1	2	49941
105.132	n/a	0	1	52566
105.15	n/a	0	1	52575
105.166	n/a	0	1	52583
105.182	n/a	0	1	52591
105.2	n/a	0	1	52600
105.216	n/a	0	1	52608
105.232	n/a	0	1	52616
105.25	n/a	0	1	52625
105.266	n/a	0	1	52633
105.282	n/a	0	1	52641
105.3	n/a	0	1	52650
105.316	n/a	0	1	52658
105.332	n/a	0	1	52666
105.35	n/a	0	1	52675
105.366	n/a	0	1	52683
105.382	n/a	1	2	52691
105.4	n/a	1	2	52700
105.416	n/a	1	2	52708
105.432	n/a	1	2	52716
105.45	n/a	0	1	52725
105.466	n/a	0	1	52733
105.482	n/a	0	1	52741
105.5	n/a	0	1	52750
105.516	n/a	0	1	52758
105.532	n/a	0	1	52766
105.55	n/a	0	1	52775
105.566	n/a	0	1	52783
105.582	n/a	0	1	52791
105.6	n/a	0	1	52800
105.616	n/a	0	1	52808
105.632	n/a	0	1	52816
105.65	n/a	0	1	52825
105.666	n/a	0	1	52833
105.682	n/a	0	1	52841
105.7	n/a	0	1	52850
105.716	n/a	0	1	52858
105.732	n/a	0	1	52866
105.75	n/a	0	1	52875
105.766	n/a	0	1	52883
105.782	n/a	0	1	52891
105.8	n/a	0	1	52900
105.816	n/a	1	2	52908
105.832	n/a	1	2	52916
105.85	n/a	1	2	52925
105.866	n/a	1	2	52933
105.882	n/a	0	1	52941
105.9	n/a	0	1	52950
105.916	n/a	0	1	52958
105.932	n/a	0	1	52966
105.95	n/a	0	1	52975
105.966	n/a	0	1	52983
105.982	n/a	0	1	52991
106.0	n/a	0	1	53000
106.016	n/a	0	1	53008
106.032	n/a	0	1	53016
106.05	n/a	0	1	53025
106.066	n/a	0	1	53033
106.082	n/a	0	1	53041
106.1	n/a	0	1	53050
106.116	n/a	0	1	53058
106.132	n/a	0	1	53066
106.15	n/a	0	1	53075
106.166	n/a	0	1	53083
106.182	n/a	0	1	53091
106.2	n/a	0	1	53100
106.216	n/a	0	1	53108
106.232	n/a	0	1	53116
106.25	n/a	0	1	53125
106.266	n/a	0	1	53133
106.282	n/a	1	2	53141
106.3	n/a	1	2	53150
106.316	n/a	1	2	53158
106.332	n/a	1	2	53166
106.35	n/a	0	1	53175
106.366	n/a	0	1	53183
106.382	n/a	0	1	53191
106.4	n/a	0	1	53200
106.416	n/a	0	1	53208
106.432	n/a	0	1	53216
106.45	n/a	0	1	53225
106.466	n/a	0	1	53233
106.482	n/a	0	1	53241
106.5	n/a	0	1	53250
106.516	n/a	0	1	53258
106.532	n/a	0	1	53266
106.55	n/a	0	1	53275
106.566	n/a	0	1	53283
106.582	n/a	1	2	53291
106.6	n/a	1	2	53300
106.616	n/a	1	2	53308
106.632	n/a	1	2	53316
106.65	n/a	0	1	53325
106.666	n/a	0	1	53333
106.682	n/a	0	1	53341
106.7	n/a	0	1	53350
106.716	n/a	0	1	53358
106.732	n/a	0	1	53366
106.75	n/a	0	1	53375
106.766	n/a	0	1	53383
106.782	n/a	0	1	53391
106.8	n/a	0	1	53400
106.816	n/a	0	1	53408
106.832	n/a	0	1	53416
106.85	n/a	0	1	53425
106.866	n/a	0	1	53433
106.882	n/a	0	1	53441
106.9	n/a	0	1	53450
106.916	n/a	0	1	53458
106.932	n/a	0	1	53466
106.95	n/a	0	1	53475
106.966	n/a	0	1	53483
106.982	n/a	0	1	53491
107.0	n/a	0	1	53500
107.016	n/a	1	2	53508
107.032	n/a	1	2	53516
107.05	n/a	1	2	53525
107.066	n/a	1	2	53533
108.55	n/a	0	1	54275
108.566	n/a	0	1	54283
108.582	n/a	0	1	54291
108.6	n/a	0	1	54300
108.616	n/a	0	1	54308
108.632	n/a	0	1	54316
108.65	n/a	0	1	54325
108.666	n/a	0	1	54333
108.682	n/a	0	1	54341
108.7	n/a	0	1	54350
108.716	n/a	0	1	54358
108.732	n/a	0	1	54366
108.75	n/a	0	1	54375
108.766	n/a	0	1	54383
108.782	n/a	0	1	54391
108.8	n/a	0	1	54400
108.816	n/a	0	1	54408
108.832	n/a	0	1	54416
108.85	n/a	0	1	54425
108.866	n/a	0	1	54433
108.882	n/a	0	1	54441
108.9	n/a	0	1	54450
108.916	n/a	0	1	54458
108.932	n/a	1	2	54466
108.95	n/a	1	2	54475
108.966	n/a	1	2	54483
108.982	n/a	1	2	54491
109.0	n/a	0	1	54500
109.016	n/a	0	1	54508
109.032	n/a	0	1	54516
109.05	n/a	0	1	54525
109.066	n/a	0	1	54533
109.082	n/a	0	1	54541
109.1	n/a	0	1	54550
109.116	n/a	0	1	54558
109.132	n/a	0	1	54566
109.15	n/a	0	1	54575
109.166	n/a	0	1	54583
109.182	n/a	0	1	54591
109.2	n/a	0	1	54600
109.216	n/a	0	1	54608
109.232	n/a	0	1	54616
109.25	n/a	0	1	54625
109.266	n/a	0	1	54633
109.282	n/a	0	1	54641
109.3	n/a	0	1	54650
109.316	n/a	1	2	54658
109.332	n/a	1	2	54666
109.35	n/a	1	2	54675
109.366	n/a	1	2	54683
109.382	n/a	0	1	54691
109.4	n/a	0	1	54700
109.416	n/a	0	1	54708
109.432	n/a	0	1	54716
109.45	n/a	0	1	54725
109.466	n/a	0	1	54733
109.482	n/a	0	1	54741
109.5	n/a	0	1	54750
109.516	n/a	0	1	54758
109.532	n/a	0	1	54766
109.55	n/a	0	1	54775
109.566	n/a	0	1	54783
109.582	n/a	0	1	54791
109.6	n/a	0	1	54800
109.616	n/a	1	2	54808
109.632	n/a	1	2	54816
109.65	n/a	1	2	54825
109.666	n/a	1	2	54833
109.682	n/a	0	1	54841
109.7	n/a	0	1	54850
109.716	n/a	0	1	54858
109.732	n/a	0	1	54866
109.75	n/a	0	1	54875
109.766	n/a	0	1	54883
109.782	n/a	0	1	54891
109.8	n/a	0	1	54900
109.816	n/a	0	1	54908
109.832	n/a	0	1	54916
109.85	n/a	0	1	54925
109.866	n/a	0	1	54933
109.882	n/a	0	1	54941
109.9	n/a	1	2	54950
109.916	n/a	1	2	54958
109.932	n/a	1	2	54966
109.95	n/a	1	2	54975
109.966	n/a	0	1	54983
109.982	n/a	0	1	54991
110.0	n/a	0	1	55000
110.016	n/a	0	1	55008
110.032	n/a	0	1	55016
110.05	n/a	0	1	55025
110.066	n/a	0	1	55033
110.082	n/a	0	1	55041
110.1	n/a	0	1	55050
110.116	n/a	0	1	55058
110.132	n/a	0	1	55066
110.15	n/a	0	1	55075
110.166	n/a	0	1	55083
110.182	n/a	0	1	55091
110.2	n/a	0	1	55100
110.216	n/a	0	1	55108
110.232	n/a	1	2	55116
110.25	n/a	1	2	55125
110.266	n/a	1	2	55133
110.282	n/a	1	2	55141
110.3	n/a	0	1	55150
110.316	n/a	0	1	55158
110.332	n/a	0	1	55166
110.35	n/a	0	1	55175
110.366	n/a	0	1	55183
110.382	n/a	0	1	55191
110.4	n/a	0	1	55200
110.416	n/a	0	1	55208
110.432	n/a	0	1	55216
110.45	n/a	0	1	55225
110.466	n/a	0	1	55233
110.482	n/a	0	1	55241
111.966	n/a	0	1	55983
111.982	n/a	1	2	55991
112.0	n/a	1	2	56000
112.016	n/a	1	2	56008
112.032	n/a	1	2	56016
112.05	n/a	0	1	56025
112.066	n/a	0	1	56033
112.082	n/a	0	1	56041
112.1	n/a	0	1	56050
112.116	n/a	0	1	56058
112.132	n/a	0	1	56066
112.15	n/a	0	1	56075
112.166	n/a	0	1	56083
112.182	n/a	0	1	56091
112.2	n/a	0	1	56100
112.216	n/a	0	1	56108
112.232	n/a	0	1	56116
112.25	n/a	0	1	56125
112.266	n/a	0	1	56133
112.282	n/a	0	1	56141
112.3	n/a	0	1	56150
112.316	n/a	0	1	56158
112.332	n/a	0	1	56166
112.35	n/a	0	1	56175
112.366	n/a	0	1	56183
112.382	n/a	0	1	56191
112.4	n/a	0	1	56200
112.416	n/a	0	1	56208
112.432	n/a	0	1	56216
112.45	n/a	0	1	56225
112.466	n/a	1	2	56233
112.482	n/a	1	2	56241
112.5	n/a	1	2	56250
112.516	n/a	1	2	56258
112.532	n/a	0	1	56266
112.55	n/a	0	1	56275
112.566	n/a	0	1	56283
112.582	n/a	0	1	56291
112.6	n/a	0	1	56300
112.616	n/a	0	1	56308
112.632	n/a	0	1	56316
112.65	n/a	0	1	56325
112.666	n/a	0	1	56333
112.682	n/a	0	1	56341
112.7	n/a	0	1	56350
112.716	n/a	0	1	56358
112.732	n/a	0	1	56366
112.75	n/a	0	1	56375
112.766	n/a	0	1	56383
112.782	n/a	0	1	56391
112.8	n/a	0	1	56400
112.816	n/a	0	1	56408
112.832	n/a	0	1	56416
112.85	n/a	0	1	56425
112.866	n/a	0	1	56433
112.882	n/a	0	1	56441
112.9	n/a	0	1	56450
112.916	n/a	0	1	56458
112.932	n/a	1	2	56466
112.95	n/a	1	2	56475
112.966	n/a	1	2	56483
112.982	n/a	1	2	56491
113.0	n/a	0	1	56500
113.016	n/a	0	1	56508
113.032	n/a	0	1	56516
113.05	n/a	0	1	56525
113.066	n/a	0	1	56533
113.082	n/a	0	1	56541
113.1	n/a	0	1	56550
113.116	n/a	0	1	56558
113.132	n/a	0	1	56566
113.15	n/a	0	1	56575
113.166	n/a	0	1	56583
113.182	n/a	0	1	56591
113.2	n/a	0	1	56600
113.216	n/a	0	1	56608
113.232	n/a	0	1	56616
113.25	n/a	0	1	56625
113.266	n/a	0	1	56633
113.282	n/a	0	1	56641
113.3	n/a	0	1	56650
113.316	n/a	0	1	56658
113.332	n/a	0	1	56666
113.35	n/a	1	2	56675
113.366	n/a	1	2	56683
113.382	n/a	1	2	56691
113.4	n/a	1	2	56700
113.416	n/a	0	1	56708
113.432	n/a	0	1	56716
113.45	n/a	0	1	56725
113.466	n/a	0	1	56733
113.482	n/a	0	1	56741
113.5	n/a	0	1	56750
113.516	n/a	0	1	56758
113.532	n/a	0	1	56766
113.55	n/a	0	1	56775
113.566	n/a	0	1	56783
113.582	n/a	0	1	56791
113.6	n/a	0	1	56800
113.616	n/a	0	1	56808
113.632	n/a	0	1	56816
113.65	n/a	0	1	56825
113.666	n/a	0	1	56833
113.682	n/a	0	1	56841
113.7	n/a	0	1	56850
113.716	n/a	0	1	56858
113.732	n/a	0	1	56866
113.75	n/a	0	1	56875
113.766	n/a	0	1	56883
113.782	n/a	1	2	56891
113.8	n/a	1	2	56900
113.816	n/a	1	2	56908
113.832	n/a	1	2	56916
113.85	n/a	0	1	56925
113.866	n/a	0	1	56933
113.882	n/a	0	1	56941
113.9	n/a	0	1	56950
115.382	n/a	0	1	57691
115.4	n/a	0	1	57700
115.416	n/a	0	1	57708
115.432	n/a	0	1	57716
115.45	n/a	0	1	57725
115.466	n/a	0	1	57733
115.482	n/a	0	1	57741
115.5	n/a	0	1	57750
115.516	n/a	0	1	57758
115.532	n/a	0	1	57766
115.55	n/a	0	1	57775
115.566	n/a	0	1	57783
115.582	n/a	0	1	57791
115.6	n/a	0	1	57800
115.616	n/a	0	1	57808
115.632	n/a	0	1	57816
115.65	n/a	0	1	57825
115.666	n/a	0	1	57833
115.682	n/a	1	2	57841
115.7	n/a	1	2	57850
115.716	n/a	1	2	57858
115.732	n/a	1	2	57866
115.75	n/a	0	1	57875
115.766	n/a	0	1	57883
115.782	n/a	0	1	57891
115.8	n/a	0	1	57900
115.816	n/a	0	1	57908
115.832	n/a	0	1	57916
115.85	n/a	0	1	57925
115.866	n/a	0	1	57933
115.882	n/a	0	1	57941
115.9	n/a	0	1	57950
115.916	n/a	0	1	57958
115.932	n/a	0	1	57966
115.95	n/a	0	1	57975
115.966	n/a	0	1	57983
115.982	n/a	0	1	57991
116.0	n/a	0	1	58000
116.016	n/a	0	1	58008
116.032	n/a	0	1	58016
116.05	n/a	0	1	58025
116.066	n/a	0	1	58033
116.082	n/a	1	2	58041
116.1	n/a	1	2	58050
116.116	n/a	1	2	58058
116.132	n/a	1	2	58066
116.15	n/a	0	1	58075
116.166	n/a	0	1	58083
116.182	n/a	0	1	58091
116.2	n/a	0	1	58100
116.216	n/a	0	1	58108
116.232	n/a	0	1	58116
116.25	n/a	0	1	58125
116.266	n/a	0	1	58133
116.282	n/a	0	1	58141
116.3	n/a	0	1	58150
116.316	n/a	0	1	58158
116.332	n/a	0	1	58166
116.35	n/a	0	1	58175
116.366	n/a	1	2	58183
116.382	n/a	1	2	58191
116.4	n/a	1	2	58200
116.416	n/a	1	2	58208
116.432	n/a	0	1	58216
116.45	n/a	0	1	58225
116.466	n/a	0	1	58233
116.482	n/a	0	1	58241
116.5	n/a	0	1	58250
116.516	n/a	0	1	58258
116.532	n/a	0	1	58266
116.55	n/a	0	1	58275
116.566	n/a	0	1	58283
116.582	n/a	0	1	58291
116.6	n/a	0	1	58300
116.616	n/a	0	1	58308
116.632	n/a	0	1	58316
116.65	n/a	0	1	58325
116.666	n/a	0	1	58333
116.682	n/a	0	1	58341
116.7	n/a	0	1	58350
116.716	n/a	0	1	58358
116.732	n/a	1	2	58366
116.75	n/a	1	2	58375
116.766	n/a	1	2	58383
116.782	n/a	1	2	58391
116.8	n/a	0	1	58400
116.816	n/a	0	1	58408
116.832	n/a	0	1	58416
116.85	n/a	0	1	58425
116.866	n/a	0	1	58433
116.882	n/a	0	1	58441
116.9	n/a	0	1	58450
116.916	n/a	0	1	58458
116.932	n/a	0	1	58466
116.95	n/a	0	1	58475
116.966	n/a	0	1	58483
116.982	n/a	0	1	58491
117.0	n/a	0	1	58500
117.016	n/a	0	1	58508
117.032	n/a	0	1	58516
117.05	n/a	0	1	58525
117.066	n/a	0	1	58533
117.082	n/a	0	1	58541
117.1	n/a	0	1	58550
117.116	n/a	0	1	58558
117.132	n/a	0	1	58566
117.15	n/a	0	1	58575
117.166	n/a	0	1	58583
117.182	n/a	0	1	58591
117.2	n/a	1	2	58600
117.216	n/a	1	2	58608
117.232	n/a	1	2	58616
117.25	n/a	1	2	58625
117.266	n/a	0	1	58633
117.282	n/a	0	1	58641
117.3	n/a	0	1	58650
117.316	n/a	0	1	58658
121.3	n/a	0	1	60650
121.316	n/a	0	1	60658
121.332	n/a	0	1	60666
121.35	n/a	0	1	60675
121.366	n/a	0	1	60683
121.382	n/a	0	1	60691
121.4	n/a	0	1	60700
121.416	n/a	0	1	60708
121.432	n/a	0	1	60716
121.45	n/a	0	1	60725
121.466	n/a	0	1	60733
121.482	n/a	0	1	60741
121.5	n/a	0	1	60750
121.516	n/a	0	1	60758
121.532	n/a	0	1	60766
121.55	n/a	0	1	60775
121.566	n/a	0	1	60783
121.582	n/a	0	1	60791
121.6	n/a	0	1	60800
121.616	n/a	0	1	60808
121.632	n/a	0	1	60816
121.65	n/a	0	1	60825
121.666	n/a	0	1	60833
121.682	n/a	1	2	60841
121.7	n/a	1	2	60850
121.716	n/a	1	2	60858
121.732	n/a	1	2	60866
121.75	n/a	0	1	60875
121.766	n/a	0	1	60883
121.782	n/a	0	1	60891
121.8	n/a	0	1	60900
121.816	n/a	0	1	60908
121.832	n/a	0	1	60916
121.85	n/a	0	1	60925
121.866	n/a	0	1	60933
121.882	n/a	0	1	60941
121.9	n/a	0	1	60950
121.916	n/a	0	1	60958
121.932	n/a	0	1	60966
121.95	n/a	0	1	60975
121.966	n/a	0	1	60983
121.982	n/a	0	1	60991
122.0	n/a	0	1	61000
122.016	n/a	0	1	61008
122.032	n/a	0	1	61016
122.05	n/a	0	1	61025
122.066	n/a	1	2	61033
122.082	n/a	1	2	61041
122.1	n/a	1	2	61050
122.116	n/a	1	2	61058
122.132	n/a	0	1	61066
122.15	n/a	0	1	61075
122.166	n/a	0	1	61083
122.182	n/a	0	1	61091
122.2	n/a	0	1	61100
122.216	n/a	0	1	61108
122.232	n/a	0	1	61116
122.25	n/a	0	1	61125
122.266	n/a	0	1	61133
122.282	n/a	0	1	61141
122.3	n/a	0	1	61150
122.316	n/a	0	1	61158
122.332	n/a	0	1	61166
122.35	n/a	0	1	61175
122.366	n/a	1	2	61183
122.382	n/a	1	2	61191
122.4	n/a	1	2	61200
122.416	n/a	1	2	61208
122.432	n/a	0	1	61216
122.45	n/a	0	1	61225
122.466	n/a	0	1	61233
122.482	n/a	0	1	61241
122.5	n/a	0	1	61250
122.516	n/a	0	1	61258
122.532	n/a	0	1	61266
122.55	n/a	0	1	61275
122.566	n/a	0	1	61283
122.582	n/a	0	1	61291
122.6	n/a	0	1	61300
122.616	n/a	0	1	61308
122.632	n/a	0	1	61316
122.65	n/a	1	2	61325
122.666	n/a	1	2	61333
122.682	n/a	1	2	61341
122.7	n/a	1	2	61350
122.716	n/a	0	1	61358
122.732	n/a	0	1	61366
122.75	n/a	0	1	61375
122.766	n/a	0	1	61383
122.782	n/a	0	1	61391
122.8	n/a	0	1	61400
122.816	n/a	0	1	61408
122.832	n/a	0	1	61416
122.85	n/a	0	1	61425
122.866	n/a	0	1	61433
122.882	n/a	0	1	61441
122.9	n/a	0	1	61450
122.916	n/a	0	1	61458
122.932	n/a	0	1	61466
122.95	n/a	0	1	61475
122.966	n/a	0	1	61483
122.982	n/a	1	2	61491
123.0	n/a	1	2	61500
123.016	n/a	1	2	61508
123.032	n/a	1	2	61516
123.05	n/a	0	1	61525
123.066	n/a	0	1	61533
123.082	n/a	0	1	61541
123.1	n/a	0	1	61550
123.116	n/a	0	1	61558
123.132	n/a	0	1	61566
123.15	n/a	0	1	61575
123.166	n/a	0	1	61583
123.182	n/a	0	1	61591
123.2	n/a	0	1	61600
123.216	n/a	0	1	61608
123.232	n/a	0	1	61616
124.716	n/a	0	1	62358
124.732	n/a	0	1	62366
124.75	n/a	0	1	62375
124.766	n/a	0	1	62383
124.782	n/a	0	1	62391
124.8	n/a	0	1	62400
124.816	n/a	0	1	62408
124.832	n/a	0	1	62416
124.85	n/a	0	1	62425
124.866	n/a	0	1	62433
124.882	n/a	0	1	62441
124.9	n/a	0	1	62450
124.916	n/a	0	1	62458
124.932	n/a	0	1	62466
124.95	n/a	0	1	62475
124.966	n/a	0	1	62483
124.982	n/a	0	1	62491
125.0	n/a	0	1	62500
125.016	n/a	1	2	62508
125.032	n/a	1	2	62516
125.05	n/a	1	2	62525
125.066	n/a	1	2	62533
125.082	n/a	0	1	62541
125.1	n/a	0	1	62550
125.116	n/a	0	1	62558
125.132	n/a	0	1	62566
125.15	n/a	0	1	62575
125.166	n/a	0	1	62583
125.182	n/a	0	1	62591
125.2	n/a	0	1	62600
125.216	n/a	0	1	62608
125.232	n/a	0	1	62616
125.25	n/a	0	1	62625
125.266	n/a	0	1	62633
125.282	n/a	0	1	62641
125.3	n/a	0	1	62650
125.316	n/a	0	1	62658
125.332	n/a	0	1	62666
125.35	n/a	0	1	62675
125.366	n/a	0	1	62683
125.382	n/a	0	1	62691
125.4	n/a	0	1	62700
125.416	n/a	1	2	62708
125.432	n/a	1	2	62716
125.45	n/a	1	2	62725
125.466	n/a	1	2	62733
125.482	n/a	0	1	62741
125.5	n/a	0	1	62750
125.516	n/a	0	1	62758
125.532	n/a	0	1	62766
125.55	n/a	0	1	62775
125.566	n/a	0	1	62783
125.582	n/a	0	1	62791
125.6	n/a	0	1	62800
125.616	n/a	0	1	62808
125.632	n/a	0	1	62816
125.65	n/a	0	1	62825
125.666	n/a	0	1	62833
125.682	n/a	0	1	62841
125.7	n/a	1	2	62850
125.716	n/a	1	2	62858
125.732	n/a	1	2	62866
125.75	n/a	1	2	62875
125.766	n/a	0	1	62883
125.782	n/a	0	1	62891
125.8	n/a	0	1	62900
125.816	n/a	0	1	62908
125.832	n/a	0	1	62916
125.85	n/a	0	1	62925
125.866	n/a	0	1	62933
125.882	n/a	0	1	62941
125.9	n/a	0	1	62950
125.916	n/a	0	1	62958
125.932	n/a	0	1	62966
125.95	n/a	0	1	62975
125.966	n/a	0	1	62983
125.982	n/a	0	1	62991
126.0	n/a	0	1	63000
126.016	n/a	0	1	63008
126.032	n/a	0	1	63016
126.05	n/a	0	1	63025
126.066	n/a	1	2	63033
126.082	n/a	1	2	63041
126.1	n/a	1	2	63050
126.116	n/a	1	2	63058
126.132	n/a	0	1	63066
126.15	n/a	0	1	63075
126.166	n/a	0	1	63083
126.182	n/a	0	1	63091
126.2	n/a	0	1	63100
126.216	n/a	0	1	63108
126.232	n/a	0	1	63116
126.25	n/a	0	1	63125
126.266	n/a	0	1	63133
126.282	n/a	0	1	63141
126.3	n/a	0	1	63150
126.316	n/a	0	1	63158
126.332	n/a	0	1	63166
126.35	n/a	0	1	63175
126.366	n/a	0	1	63183
126.382	n/a	0	1	63191
126.4	n/a	0	1	63200
126.416	n/a	0	1	63208
126.432	n/a	0	1	63216
126.45	n/a	0	1	63225
126.466	n/a	0	1	63233
126.482	n/a	0	1	63241
126.5	n/a	0	1	63250
126.516	n/a	0	1	63258
126.532	n/a	1	2	63266
126.55	n/a	1	2	63275
126.566	n/a	1	2	63283
126.582	n/a	1	2	63291
126.6	n/a	0	1	63300
126.616	n/a	0	1	63308
126.632	n/a	0	1	63316
126.65	n/a	0	1	63325
128.132	n/a	0	1	64066
128.15	n/a	1	2	64075
128.166	n/a	1	2	64083
128.182	n/a	1	2	64091
128.198	n/a	1	2	64099
128.216	n/a	0	1	64108
128.232	n/a	0	1	64116
128.25	n/a	0	1	64125
128.266	n/a	0	1	64133
128.282	n/a	0	1	64141
128.3	n/a	0	1	64150
128.316	n/a	0	1	64158
128.332	n/a	0	1	64166
128.35	n/a	0	1	64175
128.366	n/a	0	1	64183
128.382	n/a	0	1	64191
128.4	n/a	0	1	64200
128.416	n/a	0	1	64208
128.432	n/a	0	1	64216
128.448	n/a	0	1	64224
128.466	n/a	0	1	64233
128.482	n/a	0	1	64241
128.5	n/a	0	1	64250
128.516	n/a	0	1	64258
128.532	n/a	0	1	64266
128.55	n/a	0	1	64275
128.566	n/a	0	1	64283
128.582	n/a	0	1	64291
128.6	n/a	0	1	64300
128.616	n/a	0	1	64308
128.632	n/a	1	2	64316
128.65	n/a	1	2	64325
128.666	n/a	1	2	64333
128.682	n/a	1	2	64341
128.698	n/a	0	1	64349
128.716	n/a	0	1	64358
128.732	n/a	0	1	64366
128.75	n/a	0	1	64375
128.766	n/a	0	1	64383
128.782	n/a	0	1	64391
128.8	n/a	0	1	64400
128.816	n/a	0	1	64408
128.832	n/a	0	1	64416
128.85	n/a	0	1	64425
128.866	n/a	0	1	64433
128.882	n/a	0	1	64441
128.9	n/a	0	1	64450
128.916	n/a	0	1	64458
128.932	n/a	0	1	64466
128.948	n/a	0	1	64474
128.966	n/a	0	1	64483
128.982	n/a	0	1	64491
129.0	n/a	0	1	64500
129.016	n/a	0	1	64508
129.032	n/a	0	1	64516
129.05	n/a	0	1	64525
129.066	n/a	0	1	64533
129.082	n/a	0	1	64541
129.1	n/a	1	2	64550
129.116	n/a	1	2	64558
129.132	n/a	1	2	64566
129.15	n/a	1	2	64575
129.166	n/a	0	1	64583
129.182	n/a	0	1	64591
129.198	n/a	0	1	64599
129.216	n/a	0	1	64608
129.232	n/a	0	1	64616
129.25	n/a	0	1	64625
129.266	n/a	0	1	64633
129.282	n/a	0	1	64641
129.3	n/a	0	1	64650
129.316	n/a	0	1	64658
129.332	n/a	0	1	64666
129.35	n/a	0	1	64675
129.366	n/a	0	1	64683
129.382	n/a	0	1	64691
129.4	n/a	0	1	64700
129.416	n/a	0	1	64708
129.432	n/a	0	1	64716
129.448	n/a	0	1	64724
129.466	n/a	0	1	64733
129.482	n/a	0	1	64741
129.5	n/a	0	1	64750
129.516	n/a	1	2	64758
129.532	n/a	1	2	64766
129.55	n/a	1	2	64775
129.566	n/a	1	2	64783
129.582	n/a	0	1	64791
129.6	n/a	0	1	64800
129.616	n/a	0	1	64808
129.632	n/a	0	1	64816
129.65	n/a	0	1	64825
129.666	n/a	0	1	64833
129.682	n/a	0	1	64841
129.698	n/a	0	1	64849
129.716	n/a	0	1	64858
129.732	n/a	0	1	64866
129.75	n/a	0	1	64875
129.766	n/a	0	1	64883
129.782	n/a	0	1	64891
129.8	n/a	0	1	64900
129.816	n/a	0	1	64908
129.832	n/a	0	1	64916
129.85	n/a	0	1	64925
129.866	n/a	0	1	64933
129.882	n/a	0	1	64941
129.9	n/a	0	1	64950
129.916	n/a	0	1	64958
129.932	n/a	0	1	64966
129.948	n/a	1	2	64974
129.966	n/a	1	2	64983
129.982	n/a	1	2	64991
130.0	n/a	1	2	65000
130.016	n/a	0	1	65008
130.032	n/a	0	1	65016
130.05	n/a	0	1	65025
130.066	n/a	0	1	65033
131.55	n/a	0	1	65775
131.566	n/a	0	1	65783
131.582	n/a	0	1	65791
131.6	n/a	0	1	65800
131.616	n/a	0	1	65808
131.632	n/a	0	1	65816
131.65	n/a	0	1	65825
131.666	n/a	0	1	65833
131.682	n/a	0	1	65841
131.7	n/a	0	1	65850
131.716	n/a	0	1	65858
131.732	n/a	0	1	65866
131.75	n/a	0	1	65875
131.766	n/a	0	1	65883
131.782	n/a	0	1	65891
131.8	n/a	1	2	65900
131.816	n/a	1	2	65908
131.832	n/a	1	2	65916
131.85	n/a	1	2	65925
131.866	n/a	0	1	65933
131.882	n/a	0	1	65941
131.9	n/a	0	1	65950
131.916	n/a	0	1	65958
131.932	n/a	0	1	65966
131.95	n/a	0	1	65975
131.966	n/a	0	1	65983
131.982	n/a	0	1	65991
132.0	n/a	0	1	66000
132.016	n/a	0	1	66008
132.032	n/a	0	1	66016
132.05	n/a	0	1	66025
132.066	n/a	0	1	66033
132.082	n/a	0	1	66041
132.1	n/a	0	1	66050
132.116	n/a	0	1	66058
132.132	n/a	0	1	66066
132.15	n/a	0	1	66075
132.166	n/a	0	1	66083
132.182	n/a	0	1	66091
132.2	n/a	0	1	66100
132.216	n/a	0	1	66108
132.232	n/a	1	2	66116
132.25	n/a	1	2	66125
132.266	n/a	1	2	66133
132.282	n/a	1	2	66141
132.3	n/a	0	1	66150
132.316	n/a	0	1	66158
132.332	n/a	0	1	66166
132.35	n/a	0	1	66175
132.366	n/a	0	1	66183
132.382	n/a	0	1	66191
132.4	n/a	0	1	66200
132.416	n/a	0	1	66208
132.432	n/a	0	1	66216
132.45	n/a	0	1	66225
132.466	n/a	0	1	66233
132.482	n/a	0	1	66241
132.5	n/a	0	1	66250
132.516	n/a	0	1	66258
132.532	n/a	0	1	66266
132.55	n/a	0	1	66275
132.566	n/a	0	1	66283
132.582	n/a	0	1	66291
132.6	n/a	0	1	66300
132.616	n/a	0	1	66308
132.632	n/a	0	1	66316
132.65	n/a	0	1	66325
132.666	n/a	0	1	66333
132.682	n/a	0	1	66341
132.7	n/a	1	2	66350
132.716	n/a	1	2	66358
132.732	n/a	1	2	66366
132.75	n/a	1	2	66375
132.766	n/a	0	1	66383
132.782	n/a	0	1	66391
132.8	n/a	0	1	66400
132.816	n/a	0	1	66408
132.832	n/a	0	1	66416
132.85	n/a	0	1	66425
132.866	n/a	0	1	66433
132.882	n/a	0	1	66441
132.9	n/a	0	1	66450
132.916	n/a	0	1	66458
132.932	n/a	0	1	66466
132.95	n/a	0	1	66475
132.966	n/a	0	1	66483
132.982	n/a	0	1	66491
133.0	n/a	1	2	66500
133.016	n/a	1	2	66508
133.032	n/a	1	2	66516
133.05	n/a	1	2	66525
133.066	n/a	0	1	66533
133.082	n/a	0	1	66541
133.1	n/a	0	1	66550
133.116	n/a	0	1	66558
133.132	n/a	0	1	66566
133.15	n/a	0	1	66575
133.166	n/a	0	1	66583
133.182	n/a	0	1	66591
133.2	n/a	0	1	66600
133.216	n/a	0	1	66608
133.232	n/a	0	1	66616
133.25	n/a	0	1	66625
133.266	n/a	0	1	66633
133.282	n/a	0	1	66641
133.3	n/a	0	1	66650
133.316	n/a	0	1	66658
133.332	n/a	0	1	66666
133.35	n/a	0	1	66675
133.366	n/a	0	1	66683
133.382	n/a	0	1	66691
133.4	n/a	0	1	66700
133.416	n/a	0	1	66708
133.432	n/a	1	2	66716
133.45	n/a	1	2	66725
133.466	n/a	1	2	66733
133.482	n/a	1	2	66741
137.35	n/a	0	1	68675
137.366	n/a	0	1	68683
137.382	n/a	0	1	68691
137.4	n/a	0	1	68700
137.416	n/a	0	1	68708
137.432	n/a	0	1	68716
137.45	n/a	0	1	68725
137.466	n/a	0	1	68733
137.482	n/a	0	1	68741
137.5	n/a	0	1	68750
137.516	n/a	0	1	68758
137.532	n/a	0	1	68766
137.55	n/a	0	1	68775
137.566	n/a	0	1	68783
137.582	n/a	0	1	68791
137.6	n/a	0	1	68800
137.616	n/a	0	1	68808
137.632	n/a	0	1	68816
137.65	n/a	1	2	68825
137.666	n/a	1	2	68833
137.682	n/a	1	2	68841
137.7	n/a	1	2	68850
137.716	n/a	0	1	68858
137.732	n/a	0	1	68866
137.75	n/a	0	1	68875
137.766	n/a	0	1	68883
137.782	n/a	0	1	68891
137.8	n/a	0	1	68900
137.816	n/a	0	1	68908
137.832	n/a	0	1	68916
137.85	n/a	0	1	68925
137.866	n/a	0	1	68933
137.882	n/a	0	1	68941
137.9	n/a	0	1	68950
137.916	n/a	0	1	68958
137.932	n/a	0	1	68966
137.95	n/a	0	1	68975
137.966	n/a	0	1	68983
137.982	n/a	0	1	68991
138.0	n/a	0	1	69000
138.016	n/a	0	1	69008
138.032	n/a	0	1	69016
138.05	n/a	1	2	69025
138.066	n/a	1	2	69033
138.082	n/a	1	2	69041
138.1	n/a	1	2	69050
138.116	n/a	0	1	69058
138.132	n/a	0	1	69066
138.15	n/a	0	1	69075
138.166	n/a	0	1	69083
138.182	n/a	0	1	69091
138.2	n/a	0	1	69100
138.216	n/a	0	1	69108
138.232	n/a	0	1	69116
138.25	n/a	0	1	69125
138.266	n/a	0	1	69133
138.282	n/a	0	1	69141
138.3	n/a	0	1	69150
138.316	n/a	0	1	69158
138.332	n/a	1	2	69166
138.35	n/a	1	2	69175
138.366	n/a	1	2	69183
138.382	n/a	1	2	69191
138.4	n/a	0	1	69200
138.416	n/a	0	1	69208
138.432	n/a	0	1	69216
138.45	n/a	0	1	69225
138.466	n/a	0	1	69233
138.482	n/a	0	1	69241
138.5	n/a	0	1	69250
138.516	n/a	0	1	69258
138.532	n/a	0	1	69266
138.55	n/a	0	1	69275
138.566	n/a	0	1	69283
138.582	n/a	0	1	69291
138.6	n/a	0	1	69300
138.616	n/a	0	1	69308
138.632	n/a	0	1	69316
138.65	n/a	0	1	69325
138.666	n/a	0	1	69333
138.682	n/a	0	1	69341
138.7	n/a	1	2	69350
138.716	n/a	1	2	69358
138.732	n/a	1	2	69366
138.75	n/a	1	2	69375
138.766	n/a	0	1	69383
138.782	n/a	0	1	69391
138.8	n/a	0	1	69400
138.816	n/a	0	1	69408
138.832	n/a	0	1	69416
138.85	n/a	0	1	69425
138.866	n/a	0	1	69433
138.882	n/a	0	1	69441
138.9	n/a	0	1	69450
138.916	n/a	0	1	69458
138.932	n/a	0	1	69466
138.95	n/a	0	1	69475
138.966	n/a	0	1	69483
138.982	n/a	0	1	69491
139.0	n/a	0	1	69500
139.016	n/a	0	1	69508
139.032	n/a	0	1	69516
139.05	n/a	0	1	69525
139.066	n/a	0	1	69533
139.082	n/a	0	1	69541
139.1	n/a	0	1	69550
139.116	n/a	0	1	69558
139.132	n/a	0	1	69566
139.15	n/a	0	1	69575
139.166	n/a	1	2	69583
139.182	n/a	1	2	69591
139.2	n/a	1	2	69600
139.216	n/a	1	2	69608
139.232	n/a	0	1	69616
139.25	n/a	0	1	69625
139.266	n/a	0	1	69633
139.282	n/a	0	1	69641
140.766	n/a	0	1	70383
140.782	n/a	0	1	70391
140.8	n/a	0	1	70400
140.816	n/a	0	1	70408
140.832	n/a	0	1	70416
140.85	n/a	0	1	70425
140.866	n/a	0	1	70433
140.882	n/a	0	1	70441
140.9	n/a	0	1	70450
140.916	n/a	0	1	70458
140.932	n/a	0	1	70466
140.95	n/a	0	1	70475
140.966	n/a	0	1	70483
140.982	n/a	0	1	70491
141.0	n/a	0	1	70500
141.016	n/a	1	2	70508
141.032	n/a	1	2	70516
141.05	n/a	1	2	70525
141.066	n/a	1	2	70533
141.082	n/a	0	1	70541
141.1	n/a	0	1	70550
141.116	n/a	0	1	70558
141.132	n/a	0	1	70566
141.15	n/a	0	1	70575
141.166	n/a	0	1	70583
141.182	n/a	0	1	70591
141.2	n/a	0	1	70600
141.216	n/a	0	1	70608
141.232	n/a	0	1	70616
141.25	n/a	0	1	70625
141.266	n/a	0	1	70633
141.282	n/a	0	1	70641
141.3	n/a	0	1	70650
141.316	n/a	0	1	70658
141.332	n/a	0	1	70666
141.35	n/a	0	1	70675
141.366	n/a	0	1	70683
141.382	n/a	0	1	70691
141.4	n/a	0	1	70700
141.416	n/a	0	1	70708
141.432	n/a	0	1	70716
141.45	n/a	1	2	70725
141.466	n/a	1	2	70733
141.482	n/a	1	2	70741
141.5	n/a	1	2	70750
141.516	n/a	0	1	70758
141.532	n/a	0	1	70766
141.55	n/a	0	1	70775
141.566	n/a	0	1	70783
141.582	n/a	0	1	70791
141.6	n/a	0	1	70800
141.616	n/a	0	1	70808
141.632	n/a	0	1	70816
141.65	n/a	0	1	70825
141.666	n/a	0	1	70833
141.682	n/a	0	1	70841
141.7	n/a	0	1	70850
141.716	n/a	0	1	70858
141.732	n/a	0	1	70866
141.75	n/a	0	1	70875
141.766	n/a	0	1	70883
141.782	n/a	0	1	70891
141.8	n/a	0	1	70900
141.816	n/a	0	1	70908
141.832	n/a	0	1	70916
141.85	n/a	0	1	70925
141.866	n/a	0	1	70933
141.882	n/a	0	1	70941
141.9	n/a	0	1	70950
141.916	n/a	1	2	70958
141.932	n/a	1	2	70966
141.95	n/a	1	2	70975
141.966	n/a	1	2	70983
141.982	n/a	0	1	70991
142.0	n/a	0	1	71000
142.016	n/a	0	1	71008
142.032	n/a	0	1	71016
142.05	n/a	0	1	71025
142.066	n/a	0	1	71033
142.082	n/a	0	1	71041
142.1	n/a	0	1	71050
142.116	n/a	0	1	71058
142.132	n/a	0	1	71066
142.15	n/a	0	1	71075
142.166	n/a	0	1	71083
142.182	n/a	0	1	71091
142.2	n/a	0	1	71100
142.216	n/a	1	2	71108
142.232	n/a	1	2	71116
142.25	n/a	1	2	71125
142.266	n/a	1	2	71133
142.282	n/a	0	1	71141
142.3	n/a	0	1	71150
142.316	n/a	0	1	71158
142.332	n/a	0	1	71166
142.35	n/a	0	1	71175
142.366	n/a	0	1	71183
142.382	n/a	0	1	71191
142.4	n/a	0	1	71200
142.416	n/a	0	1	71208
142.432	n/a	0	1	71216
142.45	n/a	0	1	71225
142.466	n/a	0	1	71233
142.482	n/a	0	1	71241
142.5	n/a	0	1	71250
142.516	n/a	0	1	71258
142.532	n/a	0	1	71266
142.55	n/a	0	1	71275
142.566	n/a	0	1	71283
142.582	n/a	0	1	71291
142.6	n/a	0	1	71300
142.616	n/a	0	1	71308
142.632	n/a	0	1	71316
142.65	n/a	1	2	71325
142.666	n/a	1	2	71333
142.682	n/a	1	2	71341
142.7	n/a	1	2	71350
144.182	n/a	0	1	72091
144.2	n/a	0	1	72100
144.216	n/a	0	1	72108
144.232	n/a	0	1	72116
144.25	n/a	0	1	72125
144.266	n/a	0	1	72133
144.282	n/a	0	1	72141
144.3	n/a	0	1	72150
144.316	n/a	0	1	72158
144.332	n/a	0	1	72166
144.35	n/a	0	1	72175
144.366	n/a	0	1	72183
144.382	n/a	0	1	72191
144.4	n/a	0	1	72200
144.416	n/a	0	1	72208
144.432	n/a	0	1	72216
144.45	n/a	0	1	72225
144.466	n/a	0	1	72233
144.482	n/a	0	1	72241
144.5	n/a	0	1	72250
144.516	n/a	0	1	72258
144.532	n/a	0	1	72266
144.55	n/a	0	1	72275
144.566	n/a	1	2	72283
144.582	n/a	1	2	72291
144.6	n/a	1	2	72300
144.616	n/a	1	2	72308
144.632	n/a	0	1	72316
144.65	n/a	0	1	72325
144.666	n/a	0	1	72333
144.682	n/a	0	1	72341
144.7	n/a	0	1	72350
144.716	n/a	0	1	72358
144.732	n/a	0	1	72366
144.75	n/a	0	1	72375
144.766	n/a	0	1	72383
144.782	n/a	0	1	72391
144.8	n/a	0	1	72400
144.816	n/a	0	1	72408
144.832	n/a	0	1	72416
144.85	n/a	0	1	72425
144.866	n/a	0	1	72433
144.882	n/a	0	1	72441
144.9	n/a	0	1	72450
144.916	n/a	0	1	72458
144.932	n/a	0	1	72466
144.95	n/a	1	2	72475
144.966	n/a	1	2	72483
144.982	n/a	1	2	72491
145.0	n/a	1	2	72500
145.016	n/a	0	1	72508
145.032	n/a	0	1	72516
145.05	n/a	0	1	72525
145.066	n/a	0	1	72533
145.082	n/a	0	1	72541
145.1	n/a	0	1	72550
145.116	n/a	0	1	72558
145.132	n/a	0	1	72566
145.15	n/a	0	1	72575
145.166	n/a	0	1	72583
145.182	n/a	0	1	72591
145.2	n/a	0	1	72600
145.216	n/a	0	1	72608
145.232	n/a	0	1	72616
145.25	n/a	1	2	72625
145.266	n/a	1	2	72633
145.282	n/a	1	2	72641
145.3	n/a	1	2	72650
145.316	n/a	0	1	72658
145.332	n/a	0	1	72666
145.35	n/a	0	1	72675
145.366	n/a	0	1	72683
145.382	n/a	0	1	72691
145.4	n/a	0	1	72700
145.416	n/a	0	1	72708
145.432	n/a	0	1	72716
145.45	n/a	0	1	72725
145.466	n/a	0	1	72733
145.482	n/a	0	1	72741
145.5	n/a	0	1	72750
145.516	n/a	0	1	72758
145.532	n/a	1	2	72766
145.55	n/a	1	2	72775
145.566	n/a	1	2	72783
145.582	n/a	1	2	72791
145.6	n/a	0	1	72800
145.616	n/a	0	1	72808
145.632	n/a	0	1	72816
145.65	n/a	0	1	72825
145.666	n/a	0	1	72833
145.682	n/a	0	1	72841
145.7	n/a	0	1	72850
145.716	n/a	0	1	72858
145.732	n/a	0	1	72866
145.75	n/a	0	1	72875
145.766	n/a	0	1	72883
145.782	n/a	0	1	72891
145.8	n/a	0	1	72900
145.816	n/a	0	1	72908
145.832	n/a	0	1	72916
145.85	n/a	0	1	72925
145.866	n/a	1	2	72933
145.882	n/a	1	2	72941
145.9	n/a	1	2	72950
145.916	n/a	1	2	72958
145.932	n/a	0	1	72966
145.95	n/a	0	1	72975
145.966	n/a	0	1	72983
145.982	n/a	0	1	72991
146.0	n/a	0	1	73000
146.016	n/a	0	1	73008
146.032	n/a	0	1	73016
146.05	n/a	0	1	73025
146.066	n/a	0	1	73033
146.082	n/a	0	1	73041
146.1	n/a	0	1	73050
146.116	n/a	0	1	73058
147.6	n/a	0	1	73800
147.616	n/a	1	2	73808
147.632	n/a	1	2	73816
147.65	n/a	1	2	73825
147.666	n/a	1	2	73833
147.682	n/a	0	1	73841
147.7	n/a	0	1	73850
147.716	n/a	0	1	73858
147.732	n/a	0	1	73866
147.75	n/a	0	1	73875
147.766	n/a	0	1	73883
147.782	n/a	0	1	73891
147.8	n/a	0	1	73900
147.816	n/a	0	1	73908
147.832	n/a	0	1	73916
147.85	n/a	0	1	73925
147.866	n/a	0	1	73933
147.882	n/a	0	1	73941
147.9	n/a	0	1	73950
147.916	n/a	0	1	73958
147.932	n/a	0	1	73966
147.95	n/a	0	1	73975
147.966	n/a	0	1	73983
147.982	n/a	0	1	73991
148.0	n/a	0	1	74000
148.016	n/a	0	1	74008
148.032	n/a	0	1	74016
148.05	n/a	0	1	74025
148.066	n/a	0	1	74033
148.082	n/a	0	1	74041
148.1	n/a	1	2	74050
148.116	n/a	1	2	74058
148.132	n/a	1	2	74066
148.15	n/a	1	2	74075
148.166	n/a	0	1	74083
148.182	n/a	0	1	74091
148.2	n/a	0	1	74100
148.216	n/a	0	1	74108
148.232	n/a	0	1	74116
148.25	n/a	0	1	74125
148.266	n/a	0	1	74133
148.282	n/a	0	1	74141
148.3	n/a	0	1	74150
148.316	n/a	0	1	74158
148.332	n/a	0	1	74166
148.35	n/a	0	1	74175
148.366	n/a	0	1	74183
148.382	n/a	0	1	74191
148.4	n/a	0	1	74200
148.416	n/a	0	1	74208
148.432	n/a	0	1	74216
148.45	n/a	0	1	74225
148.466	n/a	0	1	74233
148.482	n/a	0	1	74241
148.5	n/a	0	1	74250
148.516	n/a	0	1	74258
148.532	n/a	0	1	74266
148.55	n/a	0	1	74275
148.566	n/a	1	2	74283
148.582	n/a	1	2	74291
148.6	n/a	1	2	74300
148.616	n/a	1	2	74308
148.632	n/a	0	1	74316
148.65	n/a	0	1	74325
148.666	n/a	0	1	74333
148.682	n/a	0	1	74341
148.7	n/a	0	1	74350
148.716	n/a	0	1	74358
148.732	n/a	0	1	74366
148.75	n/a	0	1	74375
148.766	n/a	0	1	74383
148.782	n/a	0	1	74391
148.8	n/a	0	1	74400
148.816	n/a	0	1	74408
148.832	n/a	0	1	74416
148.85	n/a	0	1	74425
148.866	n/a	0	1	74433
148.882	n/a	0	1	74441
148.9	n/a	0	1	74450
148.916	n/a	0	1	74458
148.932	n/a	0	1	74466
148.95	n/a	0	1	74475
148.966	n/a	0	1	74483
148.982	n/a	1	2	74491
149.0	n/a	1	2	74500
149.016	n/a	1	2	74508
149.032	n/a	1	2	74516
149.05	n/a	0	1	74525
149.066	n/a	0	1	74533
149.082	n/a	0	1	74541
149.1	n/a	0	1	74550
149.116	n/a	0	1	74558
149.132	n/a	0	1	74566
149.15	n/a	0	1	74575
149.166	n/a	0	1	74583
149.182	n/a	0	1	74591
149.2	n/a	0	1	74600
149.216	n/a	0	1	74608
149.232	n/a	0	1	74616
149.25	n/a	0	1	74625
149.266	n/a	0	1	74633
149.282	n/a	0	1	74641
149.3	n/a	0	1	74650
149.316	n/a	0	1	74658
149.332	n/a	0	1	74666
149.35	n/a	0	1	74675
149.366	n/a	0	1	74683
149.382	n/a	0	1	74691
149.4	n/a	0	1	74700
149.416	n/a	1	2	74708
149.432	n/a	1	2	74716
149.45	n/a	1	2	74725
149.466	n/a	1	2	74733
149.482	n/a	0	1	74741
149.5	n/a	0	1	74750
149.516	n/a	0	1	74758
149.532	n/a	0	1	74766
154.082	n/a	0	1	77041
154.1	n/a	0	1	77050
154.116	n/a	0	1	77058
154.132	n/a	0	1	77066
154.15	n/a	0	1	77075
154.166	n/a	0	1	77083
154.182	n/a	0	1	77091
154.2	n/a	0	1	77100
154.216	n/a	0	1	77108
154.232	n/a	0	1	77116
154.25	n/a	0	1	77125
154.266	n/a	0	1	77133
154.282	n/a	0	1	77141
154.3	n/a	0	1	77150
154.316	n/a	0	1	77158
154.332	n/a	1	2	77166
154.35	n/a	1	2	77175
154.366	n/a	1	2	77183
154.382	n/a	1	2	77191
154.4	n/a	0	1	77200
154.416	n/a	0	1	77208
154.432	n/a	0	1	77216
154.45	n/a	0	1	77225
154.466	n/a	0	1	77233
154.482	n/a	0	1	77241
154.5	n/a	0	1	77250
154.516	n/a	0	1	77258
154.532	n/a	0	1	77266
154.55	n/a	0	1	77275
154.566	n/a	0	1	77283
154.582	n/a	0	1	77291
154.6	n/a	0	1	77300
154.616	n/a	0	1	77308
154.632	n/a	0	1	77316
154.65	n/a	0	1	77325
154.666	n/a	0	1	77333
154.682	n/a	0	1	77341
154.7	n/a	0	1	77350
154.716	n/a	0	1	77358
154.732	n/a	0	1	77366
154.75	n/a	0	1	77375
154.766	n/a	1	2	77383
154.782	n/a	1	2	77391
154.8	n/a	1	2	77400
154.816	n/a	1	2	77408
154.832	n/a	0	1	77416
154.85	n/a	0	1	77425
154.866	n/a	0	1	77433
154.882	n/a	0	1	77441
154.9	n/a	0	1	77450
154.916	n/a	0	1	77458
154.932	n/a	0	1	77466
154.95	n/a	0	1	77475
154.966	n/a	0	1	77483
154.982	n/a	0	1	77491
155.0	n/a	0	1	77500
155.016	n/a	0	1	77508
155.032	n/a	0	1	77516
155.05	n/a	0	1	77525
155.066	n/a	0	1	77533
155.082	n/a	0	1	77541
155.1	n/a	0	1	77550
155.116	n/a	0	1	77558
155.132	n/a	0	1	77566
155.15	n/a	0	1	77575
155.166	n/a	0	1	77583
155.182	n/a	0	1	77591
155.2	n/a	0	1	77600
155.216	n/a	0	1	77608
155.232	n/a	1	2	77616
155.25	n/a	1	2	77625
155.266	n/a	1	2	77633
155.282	n/a	1	2	77641
155.3	n/a	0	1	77650
155.316	n/a	0	1	77658
155.332	n/a	0	1	77666
155.35	n/a	0	1	77675
155.366	n/a	0	1	77683
155.382	n/a	0	1	77691
155.4	n/a	0	1	77700
155.416	n/a	0	1	77708
155.432	n/a	0	1	77716
155.45	n/a	0	1	77725
155.466	n/a	0	1	77733
155.482	n/a	0	1	77741
155.5	n/a	0	1	77750
155.516	n/a	0	1	77758
155.532	n/a	1	2	77766
155.55	n/a	1	2	77775
155.566	n/a	1	2	77783
155.582	n/a	1	2	77791
155.6	n/a	0	1	77800
155.616	n/a	0	1	77808
155.632	n/a	0	1	77816
155.65	n/a	0	1	77825
155.666	n/a	0	1	77833
155.682	n/a	0	1	77841
155.7	n/a	0	1	77850
155.716	n/a	0	1	77858
155.732	n/a	0	1	77866
155.75	n/a	0	1	77875
155.766	n/a	0	1	77883
155.782	n/a	0	1	77891
155.8	n/a	0	1	77900
155.816	n/a	0	1	77908
155.832	n/a	0	1	77916
155.85	n/a	0	1	77925
155.866	n/a	0	1	77933
155.882	n/a	0	1	77941
155.9	n/a	0	1	77950
155.916	n/a	0	1	77958
155.932	n/a	0	1	77966
155.95	n/a	0	1	77975
155.966	n/a	1	2	77983
155.982	n/a	1	2	77991
156.0	n/a	1	2	78000
156.016	n/a	1	2	78008
157.5	n/a	0	1	78750
157.516	n/a	0	1	78758
157.532	n/a	0	1	78766
157.55	n/a	0	1	78775
157.566	n/a	0	1	78783
157.582	n/a	0	1	78791
157.6	n/a	0	1	78800
157.616	n/a	0	1	78808
157.632	n/a	0	1	78816
157.65	n/a	0	1	78825
157.666	n/a	0	1	78833
157.682	n/a	0	1	78841
157.7	n/a	0	1	78850
157.716	n/a	0	1	78858
157.732	n/a	0	1	78866
157.75	n/a	0	1	78875
157.766	n/a	0	1	78883
157.782	n/a	0	1	78891
157.8	n/a	1	2	78900
157.816	n/a	1	2	78908
157.832	n/a	1	2	78916
157.85	n/a	1	2	78925
157.866	n/a	0	1	78933
157.882	n/a	0	1	78941
157.9	n/a	0	1	78950
157.916	n/a	0	1	78958
157.932	n/a	0	1	78966
157.95	n/a	0	1	78975
157.966	n/a	0	1	78983
157.982	n/a	0	1	78991
158.0	n/a	0	1	79000
158.016	n/a	0	1	79008
158.032	n/a	0	1	79016
158.05	n/a	0	1	79025
158.066	n/a	0	1	79033
158.082	n/a	0	1	79041
158.1	n/a	0	1	79050
158.116	n/a	0	1	79058
158.132	n/a	0	1	79066
158.15	n/a	0	1	79075
158.166	n/a	0	1	79083
158.182	n/a	0	1	79091
158.2	n/a	1	2	79100
158.216	n/a	1	2	79108
158.232	n/a	1	2	79116
158.25	n/a	1	2	79125
158.266	n/a	0	1	79133
158.282	n/a	0	1	79141
158.3	n/a	0	1	79150
158.316	n/a	0	1	79158
158.332	n/a	0	1	79166
158.35	n/a	0	1	79175
158.366	n/a	0	1	79183
158.382	n/a	0	1	79191
158.4	n/a	0	1	79200
158.416	n/a	0	1	79208
158.432	n/a	0	1	79216
158.45	n/a	0	1	79225
158.466	n/a	0	1	79233
158.482	n/a	1	2	79241
158.5	n/a	1	2	79250
158.516	n/a	1	2	79258
158.532	n/a	1	2	79266
158.55	n/a	0	1	79275
158.566	n/a	0	1	79283
158.582	n/a	0	1	79291
158.6	n/a	0	1	79300
158.616	n/a	0	1	79308
158.632	n/a	0	1	79316
158.65	n/a	0	1	79325
158.666	n/a	0	1	79333
158.682	n/a	0	1	79341
158.7	n/a	0	1	79350
158.716	n/a	0	1	79358
158.732	n/a	0	1	79366
158.75	n/a	0	1	79375
158.766	n/a	0	1	79383
158.782	n/a	0	1	79391
158.8	n/a	0	1	79400
158.816	n/a	0	1	79408
158.832	n/a	0	1	79416
158.85	n/a	1	2	79425
158.866	n/a	1	2	79433
158.882	n/a	1	2	79441
158.9	n/a	1	2	79450
158.916	n/a	0	1	79458
158.932	n/a	0	1	79466
158.95	n/a	0	1	79475
158.966	n/a	0	1	79483
158.982	n/a	0	1	79491
159.0	n/a	0	1	79500
159.016	n/a	0	1	79508
159.032	n/a	0	1	79516
159.05	n/a	0	1	79525
159.066	n/a	0	1	79533
159.082	n/a	0	1	79541
159.1	n/a	0	1	79550
159.116	n/a	0	1	79558
159.132	n/a	0	1	79566
159.15	n/a	0	1	79575
159.166	n/a	0	1	79583
159.182	n/a	0	1	79591
159.2	n/a	0	1	79600
159.216	n/a	0	1	79608
159.232	n/a	0	1	79616
159.25	n/a	0	1	79625
159.266	n/a	0	1	79633
159.282	n/a	0	1	79641
159.3	n/a	0	1	79650
159.316	n/a	1	2	79658
159.332	n/a	1	2	79666
159.35	n/a	1	2	79675
159.366	n/a	1	2	79683
159.382	n/a	0	1	79691
159.4	n/a	0	1	79700
159.416	n/a	0	1	79708
159.432	n/a	0	1	79716
160.916	n/a	0	1	80458
160.932	n/a	0	1	80466
160.95	n/a	0	1	80475
160.966	n/a	0	1	80483
160.982	n/a	0	1	80491
161.0	n/a	0	1	80500
161.016	n/a	0	1	80508
161.032	n/a	0	1	80516
161.05	n/a	0	1	80525
161.066	n/a	0	1	80533
161.082	n/a	0	1	80541
161.1	n/a	0	1	80550
161.116	n/a	0	1	80558
161.132	n/a	0	1	80566
161.15	n/a	0	1	80575
161.166	n/a	0	1	80583
161.182	n/a	0	1	80591
161.2	n/a	0	1	80600
161.216	n/a	0	1	80608
161.232	n/a	0	1	80616
161.25	n/a	0	1	80625
161.266	n/a	0	1	80633
161.282	n/a	0	1	80641
161.3	n/a	1	2	80650
161.316	n/a	1	2	80658
161.332	n/a	1	2	80666
161.35	n/a	1	2	80675
161.366	n/a	0	1	80683
161.382	n/a	0	1	80691
161.4	n/a	0	1	80700
161.416	n/a	0	1	80708
161.432	n/a	0	1	80716
161.45	n/a	0	1	80725
161.466	n/a	0	1	80733
161.482	n/a	0	1	80741
161.5	n/a	0	1	80750
161.516	n/a	0	1	80758
161.532	n/a	0	1	80766
161.55	n/a	0	1	80775
161.566	n/a	0	1	80783
161.582	n/a	0	1	80791
161.6	n/a	0	1	80800
161.616	n/a	0	1	80808
161.632	n/a	0	1	80816
161.65	n/a	0	1	80825
161.666	n/a	0	1	80833
161.682	n/a	1	2	80841
161.7	n/a	1	2	80850
161.716	n/a	1	2	80858
161.732	n/a	1	2	80866
161.75	n/a	0	1	80875
161.766	n/a	0	1	80883
161.782	n/a	0	1	80891
161.8	n/a	0	1	80900
161.816	n/a	0	1	80908
161.832	n/a	0	1	80916
161.85	n/a	0	1	80925
161.866	n/a	0	1	80933
161.882	n/a	0	1	80941
161.9	n/a	0	1	80950
161.916	n/a	0	1	80958
161.932	n/a	0	1	80966
161.95	n/a	0	1	80975
161.966	n/a	0	1	80983
161.982	n/a	1	2	80991
162.0	n/a	1	2	81000
162.016	n/a	1	2	81008
162.032	n/a	1	2	81016
162.05	n/a	0	1	81025
162.066	n/a	0	1	81033
162.082	n/a	0	1	81041
162.1	n/a	0	1	81050
162.116	n/a	0	1	81058
162.132	n/a	0	1	81066
162.15	n/a	0	1	81075
162.166	n/a	0	1	81083
162.182	n/a	0	1	81091
162.2	n/a	0	1	81100
162.216	n/a	0	1	81108
162.232	n/a	0	1	81116
162.25	n/a	0	1	81125
162.266	n/a	1	2	81133
162.282	n/a	1	2	81141
162.3	n/a	1	2	81150
162.316	n/a	1	2	81158
162.332	n/a	0	1	81166
162.35	n/a	0	1	81175
162.366	n/a	0	1	81183
162.382	n/a	0	1	81191
162.4	n/a	0	1	81200
162.416	n/a	0	1	81208
162.432	n/a	0	1	81216
162.45	n/a	0	1	81225
162.466	n/a	0	1	81233
162.482	n/a	0	1	81241
162.5	n/a	0	1	81250
162.516	n/a	0	1	81258
162.532	n/a	0	1	81266
162.55	n/a	0	1	81275
162.566	n/a	0	1	81283
162.582	n/a	0	1	81291
162.6	n/a	1	2	81300
162.616	n/a	1	2	81308
162.632	n/a	1	2	81316
162.65	n/a	1	2	81325
162.666	n/a	0	1	81333
162.682	n/a	0	1	81341
162.7	n/a	0	1	81350
162.716	n/a	0	1	81358
162.732	n/a	0	1	81366
162.75	n/a	0	1	81375
162.766	n/a	0	1	81383
162.782	n/a	0	1	81391
162.8	n/a	0	1	81400
162.816	n/a	0	1	81408
162.832	n/a	0	1	81416
162.85	n/a	0	1	81425
164.332	n/a	0	1	82166
164.35	n/a	1	2	82175
164.366	n/a	1	2	82183
164.382	n/a	1	2	82191
164.4	n/a	1	2	82200
164.416	n/a	0	1	82208
164.432	n/a	0	1	82216
164.45	n/a	0	1	82225
164.466	n/a	0	1	82233
164.482	n/a	0	1	82241
164.5	n/a	0	1	82250
164.516	n/a	0	1	82258
164.532	n/a	0	1	82266
164.55	n/a	0	1	82275
164.566	n/a	0	1	82283
164.582	n/a	0	1	82291
164.6	n/a	0	1	82300
164.616	n/a	0	1	82308
164.632	n/a	0	1	82316
164.65	n/a	0	1	82325
164.666	n/a	0	1	82333
164.682	n/a	0	1	82341
164.7	n/a	0	1	82350
164.716	n/a	0	1	82358
164.732	n/a	0	1	82366
164.75	n/a	0	1	82375
164.766	n/a	0	1	82383
164.782	n/a	0	1	82391
164.8	n/a	0	1	82400
164.816	n/a	0	1	82408
164.832	n/a	1	2	82416
164.85	n/a	1	2	82425
164.866	n/a	1	2	82433
164.882	n/a	1	2	82441
164.9	n/a	0	1	82450
164.916	n/a	0	1	82458
164.932	n/a	0	1	82466
164.95	n/a	0	1	82475
164.966	n/a	0	1	82483
164.982	n/a	0	1	82491
165.0	n/a	0	1	82500
165.016	n/a	0	1	82508
165.032	n/a	0	1	82516
165.05	n/a	0	1	82525
165.066	n/a	0	1	82533
165.082	n/a	0	1	82541
165.1	n/a	0	1	82550
165.116	n/a	0	1	82558
165.132	n/a	0	1	82566
165.15	n/a	0	1	82575
165.166	n/a	0	1	82583
165.182	n/a	0	1	82591
165.2	n/a	0	1	82600
165.216	n/a	0	1	82608
165.232	n/a	0	1	82616
165.25	n/a	0	1	82625
165.266	n/a	0	1	82633
165.282	n/a	0	1	82641
165.3	n/a	1	2	82650
165.316	n/a	1	2	82658
165.332	n/a	1	2	82666
165.35	n/a	1	2	82675
165.366	n/a	0	1	82683
165.382	n/a	0	1	82691
165.4	n/a	0	1	82700
165.416	n/a	0	1	82708
165.432	n/a	0	1	82716
165.45	n/a	0	1	82725
165.466	n/a	0	1	82733
165.482	n/a	0	1	82741
165.5	n/a	0	1	82750
165.516	n/a	0	1	82758
165.532	n/a	0	1	82766
165.55	n/a	0	1	82775
165.566	n/a	0	1	82783
165.582	n/a	0	1	82791
165.6	n/a	0	1	82800
165.616	n/a	0	1	82808
165.632	n/a	0	1	82816
165.65	n/a	0	1	82825
165.666	n/a	0	1	82833
165.682	n/a	0	1	82841
165.7	n/a	0	1	82850
165.716	n/a	1	2	82858
165.732	n/a	1	2	82866
165.75	n/a	1	2	82875
165.766	n/a	1	2	82883
165.782	n/a	0	1	82891
165.8	n/a	0	1	82900
165.816	n/a	0	1	82908
165.832	n/a	0	1	82916
165.85	n/a	0	1	82925
165.866	n/a	0	1	82933
165.882	n/a	0	1	82941
165.9	n/a	0	1	82950
165.916	n/a	0	1	82958
165.932	n/a	0	1	82966
165.95	n/a	0	1	82975
165.966	n/a	0	1	82983
165.982	n/a	0	1	82991
166.0	n/a	0	1	83000
166.016	n/a	0	1	83008
166.032	n/a	0	1	83016
166.05	n/a	0	1	83025
166.066	n/a	0	1	83033
166.082	n/a	0	1	83041
166.1	n/a	0	1	83050
166.116	n/a	0	1	83058
166.132	n/a	0	1	83066
166.15	n/a	1	2	83075
166.166	n/a	1	2	83083
166.182	n/a	1	2	83091
166.2	n/a	1	2	83100
166.216	n/a	0	1	83108
166.232	n/a	0	1	83116
166.25	n/a	0	1	83125
166.266	n/a	0	1	83133
170.65	n/a	0	1	85325
170.666	n/a	0	1	85333
170.682	n/a	0	1	85341
170.7	n/a	0	1	85350
170.716	n/a	0	1	85358
170.732	n/a	0	1	85366
170.75	n/a	0	1	85375
170.766	n/a	0	1	85383
170.782	n/a	0	1	85391
170.8	n/a	0	1	85400
170.816	n/a	0	1	85408
170.832	n/a	0	1	85416
170.85	n/a	0	1	85425
170.866	n/a	0	1	85433
170.882	n/a	0	1	85441
170.9	n/a	0	1	85450
170.916	n/a	0	1	85458
170.932	n/a	0	1	85466
170.95	n/a	1	2	85475
170.966	n/a	1	2	85483
170.982	n/a	1	2	85491
171.0	n/a	1	2	85500
171.016	n/a	0	1	85508
171.032	n/a	0	1	85516
171.05	n/a	0	1	85525
171.066	n/a	0	1	85533
171.082	n/a	0	1	85541
171.1	n/a	0	1	85550
171.116	n/a	0	1	85558
171.132	n/a	0	1	85566
171.15	n/a	0	1	85575
171.166	n/a	0	1	85583
171.182	n/a	0	1	85591
171.2	n/a	0	1	85600
171.216	n/a	0	1	85608
171.232	n/a	0	1	85616
171.25	n/a	0	1	85625
171.266	n/a	0	1	85633
171.282	n/a	0	1	85641
171.3	n/a	0	1	85650
171.316	n/a	0	1	85658
171.332	n/a	0	1	85666
171.35	n/a	1	2	85675
171.366	n/a	1	2	85683
171.382	n/a	1	2	85691
171.4	n/a	1	2	85700
171.416	n/a	0	1	85708
171.432	n/a	0	1	85716
171.45	n/a	0	1	85725
171.466	n/a	0	1	85733
171.482	n/a	0	1	85741
171.5	n/a	0	1	85750
171.516	n/a	0	1	85758
171.532	n/a	0	1	85766
171.55	n/a	0	1	85775
171.566	n/a	0	1	85783
171.582	n/a	0	1	85791
171.6	n/a	0	1	85800
171.616	n/a	0	1	85808
171.632	n/a	1	2	85816
171.65	n/a	1	2	85825
171.666	n/a	1	2	85833
171.682	n/a	1	2	85841
171.7	n/a	0	1	85850
171.716	n/a	0	1	85858
171.732	n/a	0	1	85866
171.75	n/a	0	1	85875
171.766	n/a	0	1	85883
171.782	n/a	0	1	85891
171.8	n/a	0	1	85900
171.816	n/a	0	1	85908
171.832	n/a	0	1	85916
171.85	n/a	0	1	85925
171.866	n/a	0	1	85933
171.882	n/a	0	1	85941
171.9	n/a	0	1	85950
171.916	n/a	0	1	85958
171.932	n/a	0	1	85966
171.95	n/a	0	1	85975
171.966	n/a	0	1	85983
171.982	n/a	0	1	85991
172.0	n/a	1	2	86000
172.016	n/a	1	2	86008
172.032	n/a	1	2	86016
172.05	n/a	1	2	86025
172.066	n/a	0	1	86033
172.082	n/a	0	1	86041
172.1	n/a	0	1	86050
172.116	n/a	0	1	86058
172.132	n/a	0	1	86066
172.15	n/a	0	1	86075
172.166	n/a	0	1	86083
172.182	n/a	0	1	86091
172.2	n/a	0	1	86100
172.216	n/a	0	1	86108
172.232	n/a	0	1	86116
172.25	n/a	0	1	86125
172.266	n/a	0	1	86133
172.282	n/a	0	1	86141
172.3	n/a	0	1	86150
172.316	n/a	0	1	86158
172.332	n/a	0	1	86166
172.35	n/a	0	1	86175
172.366	n/a	0	1	86183
172.382	n/a	0	1	86191
172.4	n/a	0	1	86200
172.416	n/a	0	1	86208
172.432	n/a	0	1	86216
172.45	n/a	0	1	86225
172.466	n/a	1	2	86233
172.482	n/a	1	2	86241
172.5	n/a	1	2	86250
172.516	n/a	1	2	86258
172.532	n/a	0	1	86266
172.55	n/a	0	1	86275
172.566	n/a	0	1	86283
172.582	n/a	0	1	86291
174.066	n/a	0	1	87033
174.082	n/a	0	1	87041
174.1	n/a	0	1	87050
174.116	n/a	0	1	87058
174.132	n/a	0	1	87066
174.15	n/a	0	1	87075
174.166	n/a	0	1	87083
174.182	n/a	0	1	87091
174.2	n/a	0	1	87100
174.216	n/a	0	1	87108
174.232	n/a	0	1	87116
174.25	n/a	0	1	87125
174.266	n/a	0	1	87133
174.282	n/a	0	1	87141
174.3	n/a	0	1	87150
174.316	n/a	0	1	87158
174.332	n/a	0	1	87166
174.35	n/a	0	1	87175
174.366	n/a	0	1	87183
174.382	n/a	0	1	87191
174.4	n/a	0	1	87200
174.416	n/a	0	1	87208
174.432	n/a	0	1	87216
174.45	n/a	1	2	87225
174.466	n/a	1	2	87233
174.482	n/a	1	2	87241
174.5	n/a	1	2	87250
174.516	n/a	0	1	87258
174.532	n/a	0	1	87266
174.55	n/a	0	1	87275
174.566	n/a	0	1	87283
174.582	n/a	0	1	87291
174.6	n/a	0	1	87300
174.616	n/a	0	1	87308
174.632	n/a	0	1	87316
174.65	n/a	0	1	87325
174.666	n/a	0	1	87333
174.682	n/a	0	1	87341
174.7	n/a	0	1	87350
174.716	n/a	0	1	87358
174.732	n/a	0	1	87366
174.75	n/a	0	1	87375
174.766	n/a	0	1	87383
174.782	n/a	0	1	87391
174.8	n/a	0	1	87400
174.816	n/a	0	1	87408
174.832	n/a	1	2	87416
174.85	n/a	1	2	87425
174.866	n/a	1	2	87433
174.882	n/a	1	2	87441
174.9	n/a	0	1	87450
174.916	n/a	0	1	87458
174.932	n/a	0	1	87466
174.95	n/a	0	1	87475
174.966	n/a	0	1	87483
174.982	n/a	0	1	87491
175.0	n/a	0	1	87500
175.016	n/a	0	1	87508
175.032	n/a	0	1	87516
175.05	n/a	0	1	87525
175.066	n/a	0	1	87533
175.082	n/a	0	1	87541
175.1	n/a	0	1	87550
175.116	n/a	0	1	87558
175.132	n/a	1	2	87566
175.15	n/a	1	2	87575
175.166	n/a	1	2	87583
175.182	n/a	1	2	87591
175.2	n/a	0	1	87600
175.216	n/a	0	1	87608
175.232	n/a	0	1	87616
175.25	n/a	0	1	87625
175.266	n/a	0	1	87633
175.282	n/a	0	1	87641
175.3	n/a	0	1	87650
175.316	n/a	0	1	87658
175.332	n/a	0	1	87666
175.35	n/a	0	1	87675
175.366	n/a	0	1	87683
175.382	n/a	0	1	87691
175.4	n/a	0	1	87700
175.416	n/a	1	2	87708
175.432	n/a	1	2	87716
175.45	n/a	1	2	87725
175.466	n/a	1	2	87733
175.482	n/a	0	1	87741
175.5	n/a	0	1	87750
175.516	n/a	0	1	87758
175.532	n/a	0	1	87766
175.55	n/a	0	1	87775
175.566	n/a	0	1	87783
175.582	n/a	0	1	87791
175.6	n/a	0	1	87800
175.616	n/a	0	1	87808
175.632	n/a	0	1	87816
175.65	n/a	0	1	87825
175.666	n/a	0	1	87833
175.682	n/a	0	1	87841
175.7	n/a	0	1	87850
175.716	n/a	0	1	87858
175.732	n/a	0	1	87866
175.75	n/a	1	2	87875
175.766	n/a	1	2	87883
175.782	n/a	1	2	87891
175.8	n/a	1	2	87900
175.816	n/a	0	1	87908
175.832	n/a	0	1	87916
175.85	n/a	0	1	87925
175.866	n/a	0	1	87933
175.882	n/a	0	1	87941
175.9	n/a	0	1	87950
175.916	n/a	0	1	87958
175.932	n/a	0	1	87966
175.95	n/a	0	1	87975
175.966	n/a	0	1	87983
175.982	n/a	0	1	87991
176.0	n/a	0	1	88000
177.482	n/a	0	1	88741
177.5	n/a	0	1	88750
177.516	n/a	0	1	88758
177.532	n/a	0	1	88766
177.55	n/a	0	1	88775
177.566	n/a	0	1	88783
177.582	n/a	0	1	88791
177.6	n/a	0	1	88800
177.616	n/a	0	1	88808
177.632	n/a	0	1	88816
177.65	n/a	0	1	88825
177.666	n/a	0	1	88833
177.682	n/a	0	1	88841
177.7	n/a	0	1	88850
177.716	n/a	0	1	88858
177.732	n/a	1	2	88866
177.75	n/a	1	2	88875
177.766	n/a	1	2	88883
177.782	n/a	1	2	88891
177.8	n/a	0	1	88900
177.816	n/a	0	1	88908
177.832	n/a	0	1	88916
177.85	n/a	0	1	88925
177.866	n/a	0	1	88933
177.882	n/a	0	1	88941
177.9	n/a	0	1	88950
177.916	n/a	0	1	88958
177.932	n/a	0	1	88966
177.95	n/a	0	1	88975
177.966	n/a	0	1	88983
177.982	n/a	0	1	88991
178.0	n/a	0	1	89000
178.016	n/a	0	1	89008
178.032	n/a	0	1	89016
178.05	n/a	0	1	89025
178.066	n/a	0	1	89033
178.082	n/a	0	1	89041
178.1	n/a	0	1	89050
178.116	n/a	0	1	89058
178.132	n/a	0	1	89066
178.15	n/a	0	1	89075
178.166	n/a	1	2	89083
178.182	n/a	1	2	89091
178.2	n/a	1	2	89100
178.216	n/a	1	2	89108
178.232	n/a	0	1	89116
178.25	n/a	0	1	89125
178.266	n/a	0	1	89133
178.282	n/a	0	1	89141
178.3	n/a	0	1	89150
178.316	n/a	0	1	89158
178.332	n/a	0	1	89166
178.35	n/a	0	1	89175
178.366	n/a	0	1	89183
178.382	n/a	0	1	89191
178.4	n/a	0	1	89200
178.416	n/a	0	1	89208
178.432	n/a	0	1	89216
178.45	n/a	0	1	89225
178.466	n/a	0	1	89233
178.482	n/a	0	1	89241
178.5	n/a	0	1	89250
178.516	n/a	0	1	89258
178.532	n/a	0	1	89266
178.55	n/a	0	1	89275
178.566	n/a	0	1	89283
178.582	n/a	0	1	89291
178.6	n/a	0	1	89300
178.616	n/a	0	1	89308
178.632	n/a	1	2	89316
178.65	n/a	1	2	89325
178.666	n/a	1	2	89333
178.682	n/a	1	2	89341
178.7	n/a	0	1	89350
178.716	n/a	0	1	89358
178.732	n/a	0	1	89366
178.75	n/a	0	1	89375
178.766	n/a	0	1	89383
178.782	n/a	0	1	89391
178.8	n/a	0	1	89400
178.816	n/a	0	1	89408
178.832	n/a	0	1	89416
178.85	n/a	0	1	89425
178.866	n/a	0	1	89433
178.882	n/a	0	1	89441
178.9	n/a	0	1	89450
178.916	n/a	0	1	89458
178.932	n/a	1	2	89466
178.95	n/a	1	2	89475
178.966	n/a	1	2	89483
178.982	n/a	1	2	89491
179.0	n/a	0	1	89500
179.016	n/a	0	1	89508
179.032	n/a	0	1	89516
179.05	n/a	0	1	89525
179.066	n/a	0	1	89533
179.082	n/a	0	1	89541
179.1	n/a	0	1	89550
179.116	n/a	0	1	89558
179.132	n/a	0	1	89566
179.15	n/a	0	1	89575
179.166	n/a	0	1	89583
179.182	n/a	0	1	89591
179.2	n/a	0	1	89600
179.216	n/a	0	1	89608
179.232	n/a	0	1	89616
179.25	n/a	0	1	89625
179.266	n/a	0	1	89633
179.282	n/a	0	1	89641
179.3	n/a	0	1	89650
179.316	n/a	0	1	89658
179.332	n/a	0	1	89666
179.35	n/a	0	1	89675
179.366	n/a	1	2	89683
179.382	n/a	1	2	89691
179.4	n/a	1	2	89700
179.416	n/a	1	2	89708
180.9	n/a	0	1	90450
180.916	n/a	1	2	90458
180.932	n/a	1	2	90466
180.95	n/a	1	2	90475
180.966	n/a	1	2	90483
180.982	n/a	0	1	90491
181.0	n/a	0	1	90500
181.016	n/a	0	1	90508
181.032	n/a	0	1	90516
181.05	n/a	0	1	90525
181.066	n/a	0	1	90533
181.082	n/a	0	1	90541
181.1	n/a	0	1	90550
181.116	n/a	0	1	90558
181.132	n/a	0	1	90566
181.15	n/a	0	1	90575
181.166	n/a	0	1	90583
181.182	n/a	0	1	90591
181.2	n/a	0	1	90600
181.216	n/a	0	1	90608
181.232	n/a	0	1	90616
181.25	n/a	0	1	90625
181.266	n/a	0	1	90633
181.282	n/a	0	1	90641
181.3	n/a	0	1	90650
181.316	n/a	0	1	90658
181.332	n/a	0	1	90666
181.35	n/a	0	1	90675
181.366	n/a	0	1	90683
181.382	n/a	0	1	90691
181.4	n/a	1	2	90700
181.416	n/a	1	2	90708
181.432	n/a	1	2	90716
181.45	n/a	1	2	90725
181.466	n/a	0	1	90733
181.482	n/a	0	1	90741
181.5	n/a	0	1	90750
181.516	n/a	0	1	90758
181.532	n/a	0	1	90766
181.55	n/a	0	1	90775
181.566	n/a	0	1	90783
181.582	n/a	0	1	90791
181.6	n/a	0	1	90800
181.616	n/a	0	1	90808
181.632	n/a	0	1	90816
181.65	n/a	0	1	90825
181.666	n/a	0	1	90833
181.682	n/a	0	1	90841
181.7	n/a	0	1	90850
181.716	n/a	0	1	90858
181.732	n/a	0	1	90866
181.75	n/a	0	1	90875
181.766	n/a	0	1	90883
181.782	n/a	0	1	90891
181.8	n/a	0	1	90900
181.816	n/a	0	1	90908
181.832	n/a	0	1	90916
181.85	n/a	0	1	90925
181.866	n/a	1	2	90933
181.882	n/a	1	2	90941
181.9	n/a	1	2	90950
181.916	n/a	1	2	90958
181.932	n/a	0	1	90966
181.95	n/a	0	1	90975
181.966	n/a	0	1	90983
181.982	n/a	0	1	90991
182.0	n/a	0	1	91000
182.016	n/a	0	1	91008
182.032	n/a	0	1	91016
182.05	n/a	0	1	91025
182.066	n/a	0	1	91033
182.082	n/a	0	1	91041
182.1	n/a	0	1	91050
182.116	n/a	0	1	91058
182.132	n/a	0	1	91066
182.15	n/a	0	1	91075
182.166	n/a	0	1	91083
182.182	n/a	0	1	91091
182.2	n/a	0	1	91100
182.216	n/a	0	1	91108
182.232	n/a	0	1	91116
182.25	n/a	0	1	91125
182.266	n/a	0	1	91133
182.282	n/a	1	2	91141
182.3	n/a	1	2	91150
182.316	n/a	1	2	91158
182.332	n/a	1	2	91166
182.35	n/a	0	1	91175
182.366	n/a	0	1	91183
182.382	n/a	0	1	91191
182.4	n/a	0	1	91200
182.416	n/a	0	1	91208
182.432	n/a	0	1	91216
182.45	n/a	0	1	91225
182.466	n/a	0	1	91233
182.482	n/a	0	1	91241
182.5	n/a	0	1	91250
182.516	n/a	0	1	91258
182.532	n/a	0	1	91266
182.55	n/a	0	1	91275
182.566	n/a	0	1	91283
182.582	n/a	0	1	91291
182.6	n/a	0	1	91300
182.616	n/a	0	1	91308
182.632	n/a	0	1	91316
182.65	n/a	0	1	91325
182.666	n/a	0	1	91333
182.682	n/a	0	1	91341
182.7	n/a	0	1	91350
182.716	n/a	1	2	91358
182.732	n/a	1	2	91366
182.75	n/a	1	2	91375
182.766	n/a	1	2	91383
182.782	n/a	0	1	91391
182.8	n/a	0	1	91400
182.816	n/a	0	1	91408
182.832	n/a	0	1	91416
186.682	n/a	0	1	93341
186.7	n/a	0	1	93350
186.716	n/a	0	1	93358
186.732	n/a	0	1	93366
186.75	n/a	0	1	93375
186.766	n/a	0	1	93383
186.782	n/a	0	1	93391
186.8	n/a	0	1	93400
186.816	n/a	0	1	93408
186.832	n/a	0	1	93416
186.85	n/a	0	1	93425
186.866	n/a	0	1	93433
186.882	n/a	0	1	93441
186.9	n/a	0	1	93450
186.916	n/a	0	1	93458
186.932	n/a	0	1	93466
186.95	n/a	0	1	93475
186.966	n/a	0	1	93483
186.982	n/a	0	1	93491
187.0	n/a	0	1	93500
187.016	n/a	0	1	93508
187.032	n/a	0	1	93516
187.05	n/a	0	1	93525
187.066	n/a	1	2	93533
187.082	n/a	1	2	93541
187.1	n/a	1	2	93550
187.116	n/a	1	2	93558
187.132	n/a	0	1	93566
187.15	n/a	0	1	93575
187.166	n/a	0	1	93583
187.182	n/a	0	1	93591
187.2	n/a	0	1	93600
187.216	n/a	0	1	93608
187.232	n/a	0	1	93616
187.25	n/a	0	1	93625
187.266	n/a	0	1	93633
187.282	n/a	0	1	93641
187.3	n/a	0	1	93650
187.316	n/a	0	1	93658
187.332	n/a	0	1	93666
187.35	n/a	0	1	93675
187.366	n/a	0	1	93683
187.382	n/a	0	1	93691
187.4	n/a	0	1	93700
187.416	n/a	0	1	93708
187.432	n/a	0	1	93716
187.45	n/a	1	2	93725
187.466	n/a	1	2	93733
187.482	n/a	1	2	93741
187.5	n/a	1	2	93750
187.516	n/a	0	1	93758
187.532	n/a	0	1	93766
187.55	n/a	0	1	93775
187.566	n/a	0	1	93783
187.582	n/a	0	1	93791
187.6	n/a	0	1	93800
187.616	n/a	0	1	93808
187.632	n/a	0	1	93816
187.65	n/a	0	1	93825
187.666	n/a	0	1	93833
187.682	n/a	0	1	93841
187.7	n/a	0	1	93850
187.716	n/a	0	1	93858
187.732	n/a	0	1	93866
187.75	n/a	1	2	93875
187.766	n/a	1	2	93883
187.782	n/a	1	2	93891
187.8	n/a	1	2	93900
187.816	n/a	0	1	93908
187.832	n/a	0	1	93916
187.85	n/a	0	1	93925
187.866	n/a	0	1	93933
187.882	n/a	0	1	93941
187.9	n/a	0	1	93950
187.916	n/a	0	1	93958
187.932	n/a	0	1	93966
187.95	n/a	0	1	93975
187.966	n/a	0	1	93983
187.982	n/a	0	1	93991
188.0	n/a	0	1	94000
188.016	n/a	0	1	94008
188.032	n/a	1	2	94016
188.05	n/a	1	2	94025
188.066	n/a	1	2	94033
188.082	n/a	1	2	94041
188.1	n/a	0	1	94050
188.116	n/a	0	1	94058
188.132	n/a	0	1	94066
188.15	n/a	0	1	94075
188.166	n/a	0	1	94083
188.182	n/a	0	1	94091
188.2	n/a	0	1	94100
188.216	n/a	0	1	94108
188.232	n/a	0	1	94116
188.25	n/a	0	1	94125
188.266	n/a	0	1	94133
188.282	n/a	0	1	94141
188.3	n/a	0	1	94150
188.316	n/a	0	1	94158
188.332	n/a	0	1	94166
188.35	n/a	0	1	94175
188.366	n/a	1	2	94183
188.382	n/a	1	2	94191
188.4	n/a	1	2	94200
188.416	n/a	1	2	94208
188.432	n/a	0	1	94216
188.45	n/a	0	1	94225
188.466	n/a	0	1	94233
188.482	n/a	0	1	94241
188.5	n/a	0	1	94250
188.516	n/a	0	1	94258
188.532	n/a	0	1	94266
188.55	n/a	0	1	94275
188.566	n/a	0	1	94283
188.582	n/a	0	1	94291
188.6	n/a	0	1	94300
188.616	n/a	0	1	94308
190.1	n/a	0	1	95050
190.116	n/a	1	2	95058
190.132	n/a	1	2	95066
190.15	n/a	1	2	95075
190.166	n/a	1	2	95083
190.182	n/a	0	1	95091
190.2	n/a	0	1	95100
190.216	n/a	0	1	95108
190.232	n/a	0	1	95116
190.25	n/a	0	1	95125
190.266	n/a	0	1	95133
190.282	n/a	0	1	95141
190.3	n/a	0	1	95150
190.316	n/a	0	1	95158
190.332	n/a	0	1	95166
190.35	n/a	0	1	95175
190.366	n/a	0	1	95183
190.382	n/a	0	1	95191
190.4	n/a	0	1	95200
190.416	n/a	0	1	95208
190.432	n/a	0	1	95216
190.45	n/a	0	1	95225
190.466	n/a	0	1	95233
190.482	n/a	0	1	95241
190.5	n/a	0	1	95250
190.516	n/a	0	1	95258
190.532	n/a	0	1	95266
190.55	n/a	0	1	95275
190.566	n/a	0	1	95283
190.582	n/a	0	1	95291
190.6	n/a	1	2	95300
190.616	n/a	1	2	95308
190.632	n/a	1	2	95316
190.65	n/a	1	2	95325
190.666	n/a	0	1	95333
190.682	n/a	0	1	95341
190.7	n/a	0	1	95350
190.716	n/a	0	1	95358
190.732	n/a	0	1	95366
190.75	n/a	0	1	95375
190.766	n/a	0	1	95383
190.782	n/a	0	1	95391
190.8	n/a	0	1	95400
190.816	n/a	0	1	95408
190.832	n/a	0	1	95416
190.85	n/a	0	1	95425
190.866	n/a	0	1	95433
190.882	n/a	0	1	95441
190.9	n/a	0	1	95450
190.916	n/a	0	1	95458
190.932	n/a	0	1	95466
190.95	n/a	0	1	95475
190.966	n/a	0	1	95483
190.982	n/a	0	1	95491
191.0	n/a	0	1	95500
191.016	n/a	0	1	95508
191.032	n/a	0	1	95516
191.05	n/a	0	1	95525
191.066	n/a	1	2	95533
191.082	n/a	1	2	95541
191.1	n/a	1	2	95550
191.116	n/a	1	2	95558
191.132	n/a	0	1	95566
191.15	n/a	0	1	95575
191.166	n/a	0	1	95583
191.182	n/a	0	1	95591
191.2	n/a	0	1	95600
191.216	n/a	0	1	95608
191.232	n/a	0	1	95616
191.25	n/a	0	1	95625
191.266	n/a	0	1	95633
191.282	n/a	0	1	95641
191.3	n/a	0	1	95650
191.316	n/a	0	1	95658
191.332	n/a	0	1	95666
191.35	n/a	0	1	95675
191.366	n/a	0	1	95683
191.382	n/a	0	1	95691
191.4	n/a	0	1	95700
191.416	n/a	0	1	95708
191.432	n/a	0	1	95716
191.45	n/a	0	1	95725
191.466	n/a	0	1	95733
191.482	n/a	1	2	95741
191.5	n/a	1	2	95750
191.516	n/a	1	2	95758
191.532	n/a	1	2	95766
191.55	n/a	0	1	95775
191.566	n/a	0	1	95783
191.582	n/a	0	1	95791
191.6	n/a	0	1	95800
191.616	n/a	0	1	95808
191.632	n/a	0	1	95816
191.65	n/a	0	1	95825
191.666	n/a	0	1	95833
191.682	n/a	0	1	95841
191.7	n/a	0	1	95850
191.716	n/a	0	1	95858
191.732	n/a	0	1	95866
191.75	n/a	0	1	95875
191.766	n/a	0	1	95883
191.782	n/a	0	1	95891
191.8	n/a	0	1	95900
191.816	n/a	0	1	95908
191.832	n/a	0	1	95916
191.85	n/a	0	1	95925
191.866	n/a	0	1	95933
191.882	n/a	0	1	95941
191.9	n/a	0	1	95950
191.916	n/a	1	2	95958
191.932	n/a	1	2	95966
191.95	n/a	1	2	95975
191.966	n/a	1	2	95983
191.982	n/a	0	1	95991
192.0	n/a	0	1	96000
192.016	n/a	0	1	96008
192.032	n/a	0	1	96016
193.516	n/a	0	1	96758
193.532	n/a	0	1	96766
193.55	n/a	0	1	96775
193.566	n/a	0	1	96783
193.582	n/a	0	1	96791
193.6	n/a	0	1	96800
193.616	n/a	0	1	96808
193.632	n/a	0	1	96816
193.65	n/a	0	1	96825
193.666	n/a	0	1	96833
193.682	n/a	0	1	96841
193.7	n/a	0	1	96850
193.716	n/a	0	1	96858
193.732	n/a	0	1	96866
193.75	n/a	0	1	96875
193.766	n/a	0	1	96883
193.782	n/a	0	1	96891
193.8	n/a	0	1	96900
193.816	n/a	1	2	96908
193.832	n/a	1	2	96916
193.85	n/a	1	2	96925
193.866	n/a	1	2	96933
193.882	n/a	0	1	96941
193.9	n/a	0	1	96950
193.916	n/a	0	1	96958
193.932	n/a	0	1	96966
193.95	n/a	0	1	96975
193.966	n/a	0	1	96983
193.982	n/a	0	1	96991
194.0	n/a	0	1	97000
194.016	n/a	0	1	97008
194.032	n/a	0	1	97016
194.05	n/a	0	1	97025
194.066	n/a	0	1	97033
194.082	n/a	0	1	97041
194.1	n/a	0	1	97050
194.116	n/a	0	1	97058
194.132	n/a	0	1	97066
194.15	n/a	0	1	97075
194.166	n/a	0	1	97083
194.182	n/a	0	1	97091
194.2	n/a	0	1	97100
194.216	n/a	1	2	97108
194.232	n/a	1	2	97116
194.25	n/a	1	2	97125
194.266	n/a	1	2	97133
194.282	n/a	0	1	97141
194.3	n/a	0	1	97150
194.316	n/a	0	1	97158
194.332	n/a	0	1	97166
194.35	n/a	0	1	97175
194.366	n/a	0	1	97183
194.382	n/a	0	1	97191
194.4	n/a	0	1	97200
194.416	n/a	0	1	97208
194.432	n/a	0	1	97216
194.45	n/a	0	1	97225
194.466	n/a	0	1	97233
194.482	n/a	0	1	97241
194.5	n/a	1	2	97250
194.516	n/a	1	2	97258
194.532	n/a	1	2	97266
194.55	n/a	1	2	97275
194.566	n/a	0	1	97283
194.582	n/a	0	1	97291
194.6	n/a	0	1	97300
194.616	n/a	0	1	97308
194.632	n/a	0	1	97316
194.65	n/a	0	1	97325
194.666	n/a	0	1	97333
194.682	n/a	0	1	97341
194.7	n/a	0	1	97350
194.716	n/a	0	1	97358
194.732	n/a	0	1	97366
194.75	n/a	0	1	97375
194.766	n/a	0	1	97383
194.782	n/a	0	1	97391
194.8	n/a	0	1	97400
194.816	n/a	0	1	97408
194.832	n/a	0	1	97416
194.85	n/a	0	1	97425
194.866	n/a	1	2	97433
194.882	n/a	1	2	97441
194.9	n/a	1	2	97450
194.916	n/a	1	2	97458
194.932	n/a	0	1	97466
194.95	n/a	0	1	97475
194.966	n/a	0	1	97483
194.982	n/a	0	1	97491
195.0	n/a	0	1	97500
195.016	n/a	0	1	97508
195.032	n/a	0	1	97516
195.05	n/a	0	1	97525
195.066	n/a	0	1	97533
195.082	n/a	0	1	97541
195.1	n/a	0	1	97550
195.116	n/a	0	1	97558
195.132	n/a	0	1	97566
195.15	n/a	0	1	97575
195.166	n/a	0	1	97583
195.182	n/a	0	1	97591
195.2	n/a	0	1	97600
195.216	n/a	0	1	97608
195.232	n/a	0	1	97616
195.25	n/a	0	1	97625
195.266	n/a	0	1	97633
195.282	n/a	0	1	97641
195.3	n/a	0	1	97650
195.316	n/a	0	1	97658
195.332	n/a	1	2	97666
195.35	n/a	1	2	97675
195.366	n/a	1	2	97683
195.382	n/a	1	2	97691
195.4	n/a	0	1	97700
195.416	n/a	0	1	97708
195.432	n/a	0	1	97716
195.45	n/a	0	1	97725
196.932	n/a	0	1	98466
196.95	n/a	0	1	98475
196.966	n/a	0	1	98483
196.982	n/a	0	1	98491
197.0	n/a	0	1	98500
197.016	n/a	0	1	98508
197.032	n/a	0	1	98516
197.05	n/a	0	1	98525
197.066	n/a	0	1	98533
197.082	n/a	0	1	98541
197.1	n/a	0	1	98550
197.116	n/a	0	1	98558
197.132	n/a	0	1	98566
197.15	n/a	0	1	98575
197.166	n/a	0	1	98583
197.182	n/a	1	2	98591
197.2	n/a	1	2	98600
197.216	n/a	1	2	98608
197.232	n/a	1	2	98616
197.25	n/a	0	1	98625
197.266	n/a	0	1	98633
197.282	n/a	0	1	98641
197.3	n/a	0	1	98650
197.316	n/a	0	1	98658
197.332	n/a	0	1	98666
197.35	n/a	0	1	98675
197.366	n/a	0	1	98683
197.382	n/a	0	1	98691
197.4	n/a	0	1	98700
197.416	n/a	0	1	98708
197.432	n/a	0	1	98716
197.45	n/a	0	1	98725
197.466	n/a	0	1	98733
197.482	n/a	0	1	98741
197.5	n/a	0	1	98750
197.516	n/a	0	1	98758
197.532	n/a	0	1	98766
197.55	n/a	0	1	98775
197.566	n/a	0	1	98783
197.582	n/a	0	1	98791
197.6	n/a	0	1	98800
197.616	n/a	1	2	98808
197.632	n/a	1	2	98816
197.65	n/a	1	2	98825
197.666	n/a	1	2	98833
197.682	n/a	0	1	98841
197.7	n/a	0	1	98850
197.716	n/a	0	1	98858
197.732	n/a	0	1	98866
197.75	n/a	0	1	98875
197.766	n/a	0	1	98883
197.782	n/a	0	1	98891
197.8	n/a	0	1	98900
197.816	n/a	0	1	98908
197.832	n/a	0	1	98916
197.85	n/a	0	1	98925
197.866	n/a	0	1	98933
197.882	n/a	0	1	98941
197.9	n/a	0	1	98950
197.916	n/a	0	1	98958
197.932	n/a	0	1	98966
197.95	n/a	0	1	98975
197.966	n/a	0	1	98983
197.982	n/a	0	1	98991
198.0	n/a	0	1	99000
198.016	n/a	0	1	99008
198.032	n/a	0	1	99016
198.05	n/a	0	1	99025
198.066	n/a	0	1	99033
198.082	n/a	1	2	99041
198.1	n/a	1	2	99050
198.116	n/a	1	2	99058
198.132	n/a	1	2	99066
198.15	n/a	0	1	99075
198.166	n/a	0	1	99083
198.182	n/a	0	1	99091
198.2	n/a	0	1	99100
198.216	n/a	0	1	99108
198.232	n/a	0	1	99116
198.25	n/a	0	1	99125
198.266	n/a	0	1	99133
198.282	n/a	0	1	99141
198.3	n/a	0	1	99150
198.316	n/a	0	1	99158
198.332	n/a	0	1	99166
198.35	n/a	0	1	99175
198.366	n/a	0	1	99183
198.382	n/a	1	2	99191
198.4	n/a	1	2	99200
198.416	n/a	1	2	99208
198.432	n/a	1	2	99216
198.45	n/a	0	1	99225
198.466	n/a	0	1	99233
198.482	n/a	0	1	99241
198.5	n/a	0	1	99250
198.516	n/a	0	1	99258
198.532	n/a	0	1	99266
198.55	n/a	0	1	99275
198.566	n/a	0	1	99283
198.582	n/a	0	1	99291
198.6	n/a	0	1	99300
198.616	n/a	0	1	99308
198.632	n/a	0	1	99316
198.65	n/a	0	1	99325
198.666	n/a	0	1	99333
198.682	n/a	0	1	99341
198.7	n/a	0	1	99350
198.716	n/a	0	1	99358
198.732	n/a	0	1	99366
198.75	n/a	0	1	99375
198.766	n/a	0	1	99383
198.782	n/a	0	1	99391
198.8	n/a	0	1	99400
198.816	n/a	1	2	99408
198.832	n/a	1	2	99416
198.85	n/a	1	2	99425
198.866	n/a	1	2	99433
203.182	n/a	0	1	101591
203.2	n/a	0	1	101600
203.216	n/a	0	1	101608
203.232	n/a	0	1	101616
203.25	n/a	0	1	101625
203.266	n/a	0	1	101633
203.282	n/a	0	1	101641
203.3	n/a	0	1	101650
203.316	n/a	0	1	101658
203.332	n/a	0	1	101666
203.35	n/a	0	1	101675
203.366	n/a	0	1	101683
203.382	n/a	0	1	101691
203.4	n/a	0	1	101700
203.416	n/a	0	1	101708
203.432	n/a	1	2	101716
203.45	n/a	1	2	101725
203.466	n/a	1	2	101733
203.482	n/a	1	2	101741
203.5	n/a	0	1	101750
203.516	n/a	0	1	101758
203.532	n/a	0	1	101766
203.55	n/a	0	1	101775
203.566	n/a	0	1	101783
203.582	n/a	0	1	101791
203.6	n/a	0	1	101800
203.616	n/a	0	1	101808
203.632	n/a	0	1	101816
203.65	n/a	0	1	101825
203.666	n/a	0	1	101833
203.682	n/a	0	1	101841
203.7	n/a	0	1	101850
203.716	n/a	0	1	101858
203.732	n/a	0	1	101866
203.75	n/a	0	1	101875
203.766	n/a	0	1	101883
203.782	n/a	0	1	101891
203.8	n/a	0	1	101900
203.816	n/a	0	1	101908
203.832	n/a	0	1	101916
203.85	n/a	0	1	101925
203.866	n/a	1	2	101933
203.882	n/a	1	2	101941
203.9	n/a	1	2	101950
203.916	n/a	1	2	101958
203.932	n/a	0	1	101966
203.95	n/a	0	1	101975
203.966	n/a	0	1	101983
203.982	n/a	0	1	101991
204.0	n/a	0	1	102000
204.016	n/a	0	1	102008
204.032	n/a	0	1	102016
204.05	n/a	0	1	102025
204.066	n/a	0	1	102033
204.082	n/a	0	1	102041
204.1	n/a	0	1	102050
204.116	n/a	0	1	102058
204.132	n/a	0	1	102066
204.15	n/a	0	1	102075
204.166	n/a	0	1	102083
204.182	n/a	0	1	102091
204.2	n/a	0	1	102100
204.216	n/a	0	1	102108
204.232	n/a	0	1	102116
204.25	n/a	0	1	102125
204.266	n/a	0	1	102133
204.282	n/a	0	1	102141
204.3	n/a	0	1	102150
204.316	n/a	0	1	102158
204.332	n/a	1	2	102166
204.35	n/a	1	2	102175
204.366	n/a	1	2	102183
204.382	n/a	1	2	102191
204.4	n/a	0	1	102200
204.416	n/a	0	1	102208
204.432	n/a	0	1	102216
204.45	n/a	0	1	102225
204.466	n/a	0	1	102233
204.482	n/a	0	1	102241
204.5	n/a	0	1	102250
204.516	n/a	0	1	102258
204.532	n/a	0	1	102266
204.55	n/a	0	1	102275
204.566	n/a	0	1	102283
204.582	n/a	0	1	102291
204.6	n/a	0	1	102300
204.616	n/a	0	1	102308
204.632	n/a	1	2	102316
204.65	n/a	1	2	102325
204.666	n/a	1	2	102333
204.682	n/a	1	2	102341
204.7	n/a	0	1	102350
204.716	n/a	0	1	102358
204.732	n/a	0	1	102366
204.75	n/a	0	1	102375
204.766	n/a	0	1	102383
204.782	n/a	0	1	102391
204.8	n/a	0	1	102400
204.816	n/a	0	1	102408
204.832	n/a	0	1	102416
204.85	n/a	0	1	102425
204.866	n/a	0	1	102433
204.882	n/a	0	1	102441
204.9	n/a	0	1	102450
204.916	n/a	0	1	102458
204.932	n/a	0	1	102466
204.95	n/a	0	1	102475
204.966	n/a	0	1	102483
204.982	n/a	0	1	102491
205.0	n/a	0	1	102500
205.016	n/a	0	1	102508
205.032	n/a	0	1	102516
205.05	n/a	0	1	102525
205.066	n/a	1	2	102533
205.082	n/a	1	2	102541
205.1	n/a	1	2	102550
205.116	n/a	1	2	102558
206.6	n/a	0	1	103300
206.616	n/a	1	2	103308
206.632	n/a	1	2	103316
206.65	n/a	1	2	103325
206.666	n/a	1	2	103333
206.682	n/a	0	1	103341
206.7	n/a	0	1	103350
206.716	n/a	0	1	103358
206.732	n/a	0	1	103366
206.75	n/a	0	1	103375
206.766	n/a	0	1	103383
206.782	n/a	0	1	103391
206.8	n/a	0	1	103400
206.816	n/a	0	1	103408
206.832	n/a	0	1	103416
206.85	n/a	0	1	103425
206.866	n/a	0	1	103433
206.882	n/a	0	1	103441
206.9	n/a	0	1	103450
206.916	n/a	0	1	103458
206.932	n/a	0	1	103466
206.95	n/a	0	1	103475
206.966	n/a	0	1	103483
206.982	n/a	0	1	103491
207.0	n/a	0	1	103500
207.016	n/a	0	1	103508
207.032	n/a	0	1	103516
207.05	n/a	0	1	103525
207.066	n/a	0	1	103533
207.082	n/a	0	1	103541
207.1	n/a	1	2	103550
207.116	n/a	1	2	103558
207.132	n/a	1	2	103566
207.15	n/a	1	2	103575
207.166	n/a	0	1	103583
207.182	n/a	0	1	103591
207.2	n/a	0	1	103600
207.216	n/a	0	1	103608
207.232	n/a	0	1	103616
207.25	n/a	0	1	103625
207.266	n/a	0	1	103633
207.282	n/a	0	1	103641
207.3	n/a	0	1	103650
207.316	n/a	0	1	103658
207.332	n/a	0	1	103666
207.35	n/a	0	1	103675
207.366	n/a	0	1	103683
207.382	n/a	0	1	103691
207.4	n/a	0	1	103700
207.416	n/a	0	1	103708
207.432	n/a	0	1	103716
207.45	n/a	0	1	103725
207.466	n/a	0	1	103733
207.482	n/a	0	1	103741
207.5	n/a	0	1	103750
207.516	n/a	0	1	103758
207.532	n/a	0	1	103766
207.55	n/a	0	1	103775
207.566	n/a	1	2	103783
207.582	n/a	1	2	103791
207.6	n/a	1	2	103800
207.616	n/a	1	2	103808
207.632	n/a	0	1	103816
207.65	n/a	0	1	103825
207.666	n/a	0	1	103833
207.682	n/a	0	1	103841
207.7	n/a	0	1	103850
207.716	n/a	0	1	103858
207.732	n/a	0	1	103866
207.75	n/a	0	1	103875
207.766	n/a	0	1	103883
207.782	n/a	0	1	103891
207.8	n/a	0	1	103900
207.816	n/a	0	1	103908
207.832	n/a	0	1	103916
207.85	n/a	0	1	103925
207.866	n/a	0	1	103933
207.882	n/a	0	1	103941
207.9	n/a	0	1	103950
207.916	n/a	0	1	103958
207.932	n/a	0	1	103966
207.95	n/a	0	1	103975
207.966	n/a	0	1	103983
207.982	n/a	1	2	103991
208.0	n/a	1	2	104000
208.016	n/a	1	2	104008
208.032	n/a	1	2	104016
208.05	n/a	0	1	104025
208.066	n/a	0	1	104033
208.082	n/a	0	1	104041
208.1	n/a	0	1	104050
208.116	n/a	0	1	104058
208.132	n/a	0	1	104066
208.15	n/a	0	1	104075
208.166	n/a	0	1	104083
208.182	n/a	0	1	104091
208.2	n/a	0	1	104100
208.216	n/a	0	1	104108
208.232	n/a	0	1	104116
208.25	n/a	0	1	104125
208.266	n/a	0	1	104133
208.282	n/a	0	1	104141
208.3	n/a	0	1	104150
208.316	n/a	0	1	104158
208.332	n/a	0	1	104166
208.35	n/a	0	1	104175
208.366	n/a	0	1	104183
208.382	n/a	0	1	104191
208.4	n/a	0	1	104200
208.416	n/a	1	2	104208
208.432	n/a	1	2	104216
208.45	n/a	1	2	104225
208.466	n/a	1	2	104233
208.482	n/a	0	1	104241
208.5	n/a	0	1	104250
208.516	n/a	0	1	104258
208.532	n/a	0	1	104266
210.016	n/a	0	1	105008
210.032	n/a	0	1	105016
210.05	n/a	0	1	105025
210.066	n/a	0	1	105033
210.082	n/a	0	1	105041
210.1	n/a	0	1	105050
210.116	n/a	0	1	105058
210.132	n/a	0	1	105066
210.15	n/a	0	1	105075
210.166	n/a	0	1	105083
210.182	n/a	0	1	105091
210.2	n/a	0	1	105100
210.216	n/a	0	1	105108
210.232	n/a	0	1	105116
210.25	n/a	0	1	105125
210.266	n/a	0	1	105133
210.282	n/a	0	1	105141
210.3	n/a	0	1	105150
210.316	n/a	0	1	105158
210.332	n/a	0	1	105166
210.35	n/a	0	1	105175
210.366	n/a	0	1	105183
210.382	n/a	0	1	105191
210.4	n/a	1	2	105200
210.416	n/a	1	2	105208
210.432	n/a	1	2	105216
210.45	n/a	1	2	105225
210.466	n/a	0	1	105233
210.482	n/a	0	1	105241
210.5	n/a	0	1	105250
210.516	n/a	0	1	105258
210.532	n/a	0	1	105266
210.55	n/a	0	1	105275
210.566	n/a	0	1	105283
210.582	n/a	0	1	105291
210.6	n/a	0	1	105300
210.616	n/a	0	1	105308
210.632	n/a	0	1	105316
210.65	n/a	0	1	105325
210.666	n/a	0	1	105333
210.682	n/a	0	1	105341
210.7	n/a	0	1	105350
210.716	n/a	0	1	105358
210.732	n/a	0	1	105366
210.75	n/a	0	1	105375
210.766	n/a	0	1	105383
210.782	n/a	1	2	105391
210.8	n/a	1	2	105400
210.816	n/a	1	2	105408
210.832	n/a	1	2	105416
210.85	n/a	0	1	105425
210.866	n/a	0	1	105433
210.882	n/a	0	1	105441
210.9	n/a	0	1	105450
210.916	n/a	0	1	105458
210.932	n/a	0	1	105466
210.95	n/a	0	1	105475
210.966	n/a	0	1	105483
210.982	n/a	0	1	105491
211.0	n/a	0	1	105500
211.016	n/a	0	1	105508
211.032	n/a	0	1	105516
211.05	n/a	0	1	105525
211.066	n/a	0	1	105533
211.082	n/a	1	2	105541
211.1	n/a	1	2	105550
211.116	n/a	1	2	105558
211.132	n/a	1	2	105566
211.15	n/a	0	1	105575
211.166	n/a	0	1	105583
211.182	n/a	0	1	105591
211.2	n/a	0	1	105600
211.216	n/a	0	1	105608
211.232	n/a	0	1	105616
211.25	n/a	0	1	105625
211.266	n/a	0	1	105633
211.282	n/a	0	1	105641
211.3	n/a	0	1	105650
211.316	n/a	0	1	105658
211.332	n/a	0	1	105666
211.35	n/a	0	1	105675
211.366	n/a	1	2	105683
211.382	n/a	1	2	105691
211.4	n/a	1	2	105700
211.416	n/a	1	2	105708
211.432	n/a	0	1	105716
211.45	n/a	0	1	105725
211.466	n/a	0	1	105733
211.482	n/a	0	1	105741
211.5	n/a	0	1	105750
211.516	n/a	0	1	105758
211.532	n/a	0	1	105766
211.55	n/a	0	1	105775
211.566	n/a	0	1	105783
211.582	n/a	0	1	105791
211.6	n/a	0	1	105800
211.616	n/a	0	1	105808
211.632	n/a	0	1	105816
211.65	n/a	0	1	105825
211.666	n/a	0	1	105833
211.682	n/a	0	1	105841
211.7	n/a	1	2	105850
211.716	n/a	1	2	105858
211.732	n/a	1	2	105866
211.75	n/a	1	2	105875
211.766	n/a	0	1	105883
211.782	n/a	0	1	105891
211.8	n/a	0	1	105900
211.816	n/a	0	1	105908
211.832	n/a	0	1	105916
211.85	n/a	0	1	105925
211.866	n/a	0	1	105933
211.882	n/a	0	1	105941
211.9	n/a	0	1	105950
211.916	n/a	0	1	105958
211.932	n/a	0	1	105966
211.95	n/a	0	1	105975
213.432	n/a	0	1	106716
213.45	n/a	0	1	106725
213.466	n/a	0	1	106733
213.482	n/a	0	1	106741
213.5	n/a	0	1	106750
213.516	n/a	0	1	106758
213.532	n/a	0	1	106766
213.55	n/a	0	1	106775
213.566	n/a	0	1	106783
213.582	n/a	0	1	106791
213.6	n/a	0	1	106800
213.616	n/a	0	1	106808
213.632	n/a	0	1	106816
213.65	n/a	0	1	106825
213.666	n/a	0	1	106833
213.682	n/a	0	1	106841
213.7	n/a	0	1	106850
213.716	n/a	0	1	106858
213.732	n/a	1	2	106866
213.75	n/a	1	2	106875
213.766	n/a	1	2	106883
213.782	n/a	1	2	106891
213.8	n/a	0	1	106900
213.816	n/a	0	1	106908
213.832	n/a	0	1	106916
213.85	n/a	0	1	106925
213.866	n/a	0	1	106933
213.882	n/a	0	1	106941
213.9	n/a	0	1	106950
213.916	n/a	0	1	106958
213.932	n/a	0	1	106966
213.95	n/a	0	1	106975
213.966	n/a	0	1	106983
213.982	n/a	0	1	106991
214.0	n/a	0	1	107000
214.016	n/a	0	1	107008
214.032	n/a	0	1	107016
214.05	n/a	0	1	107025
214.066	n/a	0	1	107033
214.082	n/a	0	1	107041
214.1	n/a	0	1	107050
214.116	n/a	0	1	107058
214.132	n/a	1	2	107066
214.15	n/a	1	2	107075
214.166	n/a	1	2	107083
214.182	n/a	1	2	107091
214.2	n/a	0	1	107100
214.216	n/a	0	1	107108
214.232	n/a	0	1	107116
214.25	n/a	0	1	107125
214.266	n/a	0	1	107133
214.282	n/a	0	1	107141
214.3	n/a	0	1	107150
214.316	n/a	0	1	107158
214.332	n/a	0	1	107166
214.35	n/a	0	1	107175
214.366	n/a	0	1	107183
214.382	n/a	0	1	107191
214.4	n/a	0	1	107200
214.416	n/a	1	2	107208
214.432	n/a	1	2	107216
214.45	n/a	1	2	107225
214.466	n/a	1	2	107233
214.482	n/a	0	1	107241
214.5	n/a	0	1	107250
214.516	n/a	0	1	107258
214.532	n/a	0	1	107266
214.55	n/a	0	1	107275
214.566	n/a	0	1	107283
214.582	n/a	0	1	107291
214.6	n/a	0	1	107300
214.616	n/a	0	1	107308
214.632	n/a	0	1	107316
214.65	n/a	0	1	107325
214.666	n/a	0	1	107333
214.682	n/a	0	1	107341
214.7	n/a	0	1	107350
214.716	n/a	0	1	107358
214.732	n/a	0	1	107366
214.75	n/a	0	1	107375
214.766	n/a	0	1	107383
214.782	n/a	1	2	107391
214.8	n/a	1	2	107400
214.816	n/a	1	2	107408
214.832	n/a	1	2	107416
214.85	n/a	0	1	107425
214.866	n/a	0	1	107433
214.882	n/a	0	1	107441
214.9	n/a	0	1	107450
214.916	n/a	0	1	107458
214.932	n/a	0	1	107466
214.95	n/a	0	1	107475
214.966	n/a	0	1	107483
214.982	n/a	0	1	107491
215.0	n/a	0	1	107500
215.016	n/a	0	1	107508
215.032	n/a	0	1	107516
215.05	n/a	0	1	107525
215.066	n/a	0	1	107533
215.082	n/a	0	1	107541
215.1	n/a	0	1	107550
215.116	n/a	0	1	107558
215.132	n/a	0	1	107566
215.15	n/a	0	1	107575
215.166	n/a	0	1	107583
215.182	n/a	0	1	107591
215.2	n/a	0	1	107600
215.216	n/a	0	1	107608
215.232	n/a	0	1	107616
215.25	n/a	1	2	107625
215.266	n/a	1	2	107633
215.282	n/a	1	2	107641
215.3	n/a	1	2	107650
215.316	n/a	0	1	107658
215.332	n/a	0	1	107666
215.35	n/a	0	1	107675
215.366	n/a	0	1	107683
219.1	n/a	0	1	109550
219.116	n/a	1	2	109558
219.132	n/a	1	2	109566
219.15	n/a	1	2	109575
219.166	n/a	1	2	109583
219.182	n/a	0	1	109591
219.2	n/a	0	1	109600
219.216	n/a	0	1	109608
219.232	n/a	0	1	109616
219.25	n/a	0	1	109625
219.266	n/a	0	1	109633
219.282	n/a	0	1	109641
219.3	n/a	0	1	109650
219.316	n/a	0	1	109658
219.332	n/a	0	1	109666
219.35	n/a	0	1	109675
219.366	n/a	0	1	109683
219.382	n/a	0	1	109691
219.4	n/a	0	1	109700
219.416	n/a	0	1	109708
219.432	n/a	0	1	109716
219.45	n/a	0	1	109725
219.466	n/a	0	1	109733
219.482	n/a	0	1	109741
219.5	n/a	0	1	109750
219.516	n/a	0	1	109758
219.532	n/a	0	1	109766
219.55	n/a	0	1	109775
219.566	n/a	0	1	109783
219.582	n/a	0	1	109791
219.6	n/a	1	2	109800
219.616	n/a	1	2	109808
219.632	n/a	1	2	109816
219.65	n/a	1	2	109825
219.666	n/a	0	1	109833
219.682	n/a	0	1	109841
219.7	n/a	0	1	109850
219.716	n/a	0	1	109858
219.732	n/a	0	1	109866
219.75	n/a	0	1	109875
219.766	n/a	0	1	109883
219.782	n/a	0	1	109891
219.8	n/a	0	1	109900
219.816	n/a	0	1	109908
219.832	n/a	0	1	109916
219.85	n/a	0	1	109925
219.866	n/a	0	1	109933
219.882	n/a	0	1	109941
219.9	n/a	0	1	109950
219.916	n/a	0	1	109958
219.932	n/a	0	1	109966
219.95	n/a	0	1	109975
219.966	n/a	0	1	109983
219.982	n/a	0	1	109991
220.0	n/a	0	1	110000
220.016	n/a	0	1	110008
220.032	n/a	0	1	110016
220.05	n/a	0	1	110025
220.066	n/a	1	2	110033
220.082	n/a	1	2	110041
220.1	n/a	1	2	110050
220.116	n/a	1	2	110058
220.132	n/a	0	1	110066
220.15	n/a	0	1	110075
220.166	n/a	0	1	110083
220.182	n/a	0	1	110091
220.2	n/a	0	1	110100
220.216	n/a	0	1	110108
220.232	n/a	0	1	110116
220.25	n/a	0	1	110125
220.266	n/a	0	1	110133
220.282	n/a	0	1	110141
220.3	n/a	0	1	110150
220.316	n/a	0	1	110158
220.332	n/a	0	1	110166
220.35	n/a	0	1	110175
220.366	n/a	0	1	110183
220.382	n/a	0	1	110191
220.4	n/a	0	1	110200
220.416	n/a	0	1	110208
220.432	n/a	0	1	110216
220.45	n/a	0	1	110225
220.466	n/a	0	1	110233
220.482	n/a	1	2	110241
220.5	n/a	1	2	110250
220.516	n/a	1	2	110258
220.532	n/a	1	2	110266
220.55	n/a	0	1	110275
220.566	n/a	0	1	110283
220.582	n/a	0	1	110291
220.6	n/a	0	1	110300
220.616	n/a	0	1	110308
220.632	n/a	0	1	110316
220.65	n/a	0	1	110325
220.666	n/a	0	1	110333
220.682	n/a	0	1	110341
220.7	n/a	0	1	110350
220.716	n/a	0	1	110358
220.732	n/a	0	1	110366
220.75	n/a	0	1	110375
220.766	n/a	0	1	110383
220.782	n/a	0	1	110391
220.8	n/a	0	1	110400
220.816	n/a	0	1	110408
220.832	n/a	0	1	110416
220.85	n/a	0	1	110425
220.866	n/a	0	1	110433
220.882	n/a	0	1	110441
220.9	n/a	0	1	110450
220.916	n/a	1	2	110458
220.932	n/a	1	2	110466
220.95	n/a	1	2	110475
220.966	n/a	1	2	110483
220.982	n/a	0	1	110491
221.0	n/a	0	1	110500
221.016	n/a	0	1	110508
221.032	n/a	0	1	110516
222.516	n/a	0	1	111258
222.532	n/a	0	1	111266
222.55	n/a	0	1	111275
222.566	n/a	0	1	111283
222.582	n/a	0	1	111291
222.6	n/a	0	1	111300
222.616	n/a	0	1	111308
222.632	n/a	0	1	111316
222.65	n/a	0	1	111325
222.666	n/a	0	1	111333
222.682	n/a	0	1	111341
222.7	n/a	0	1	111350
222.716	n/a	0	1	111358
222.732	n/a	0	1	111366
222.75	n/a	0	1	111375
222.766	n/a	0	1	111383
222.782	n/a	0	1	111391
222.8	n/a	0	1	111400
222.816	n/a	0	1	111408
222.832	n/a	0	1	111416
222.85	n/a	0	1	111425
222.866	n/a	0	1	111433
222.882	n/a	0	1	111441
222.9	n/a	1	2	111450
222.916	n/a	1	2	111458
222.932	n/a	1	2	111466
222.95	n/a	1	2	111475
222.966	n/a	0	1	111483
222.982	n/a	0	1	111491
223.0	n/a	0	1	111500
223.016	n/a	0	1	111508
223.032	n/a	0	1	111516
223.05	n/a	0	1	111525
223.066	n/a	0	1	111533
223.082	n/a	0	1	111541
223.1	n/a	0	1	111550
223.116	n/a	0	1	111558
223.132	n/a	0	1	111566
223.15	n/a	0	1	111575
223.166	n/a	0	1	111583
223.182	n/a	0	1	111591
223.2	n/a	0	1	111600
223.216	n/a	0	1	111608
223.232	n/a	0	1	111616
223.25	n/a	0	1	111625
223.266	n/a	0	1	111633
223.282	n/a	1	2	111641
223.3	n/a	1	2	111650
223.316	n/a	1	2	111658
223.332	n/a	1	2	111666
223.35	n/a	0	1	111675
223.366	n/a	0	1	111683
223.382	n/a	0	1	111691
223.4	n/a	0	1	111700
223.416	n/a	0	1	111708
223.432	n/a	0	1	111716
223.45	n/a	0	1	111725
223.466	n/a	0	1	111733
223.482	n/a	0	1	111741
223.5	n/a	0	1	111750
223.516	n/a	0	1	111758
223.532	n/a	0	1	111766
223.55	n/a	0	1	111775
223.566	n/a	0	1	111783
223.582	n/a	1	2	111791
223.6	n/a	1	2	111800
223.616	n/a	1	2	111808
223.632	n/a	1	2	111816
223.65	n/a	0	1	111825
223.666	n/a	0	1	111833
223.682	n/a	0	1	111841
223.7	n/a	0	1	111850
223.716	n/a	0	1	111858
223.732	n/a	0	1	111866
223.75	n/a	0	1	111875
223.766	n/a	0	1	111883
223.782	n/a	0	1	111891
223.8	n/a	0	1	111900
223.816	n/a	0	1	111908
223.832	n/a	0	1	111916
223.85	n/a	0	1	111925
223.866	n/a	1	2	111933
223.882	n/a	1	2	111941
223.9	n/a	1	2	111950
223.916	n/a	1	2	111958
223.932	n/a	0	1	111966
223.95	n/a	0	1	111975
223.966	n/a	0	1	111983
223.982	n/a	0	1	111991
224.0	n/a	0	1	112000
224.016	n/a	0	1	112008
224.032	n/a	0	1	112016
224.05	n/a	0	1	112025
224.066	n/a	0	1	112033
224.082	n/a	0	1	112041
224.1	n/a	0	1	112050
224.116	n/a	0	1	112058
224.132	n/a	0	1	112066
224.15	n/a	0	1	112075
224.166	n/a	0	1	112083
224.182	n/a	0	1	112091
224.2	n/a	1	2	112100
224.216	n/a	1	2	112108
224.232	n/a	1	2	112116
224.25	n/a	1	2	112125
224.266	n/a	0	1	112133
224.282	n/a	0	1	112141
224.3	n/a	0	1	112150
224.316	n/a	0	1	112158
224.332	n/a	0	1	112166
224.35	n/a	0	1	112175
224.366	n/a	0	1	112183
224.382	n/a	0	1	112191
224.4	n/a	0	1	112200
224.416	n/a	0	1	112208
224.432	n/a	0	1	112216
224.45	n/a	0	1	112225
225.932	n/a	0	1	112966
225.95	n/a	0	1	112975
225.966	n/a	0	1	112983
225.982	n/a	0	1	112991
226.0	n/a	0	1	113000
226.016	n/a	0	1	113008
226.032	n/a	0	1	113016
226.05	n/a	0	1	113025
226.066	n/a	0	1	113033
226.082	n/a	0	1	113041
226.1	n/a	0	1	113050
226.116	n/a	0	1	113058
226.132	n/a	0	1	113066
226.15	n/a	0	1	113075
226.166	n/a	0	1	113083
226.182	n/a	1	2	113091
226.2	n/a	1	2	113100
226.216	n/a	1	2	113108
226.232	n/a	1	2	113116
226.25	n/a	0	1	113125
226.266	n/a	0	1	113133
226.282	n/a	0	1	113141
226.3	n/a	0	1	113150
226.316	n/a	0	1	113158
226.332	n/a	0	1	113166
226.35	n/a	0	1	113175
226.366	n/a	0	1	113183
226.382	n/a	0	1	113191
226.4	n/a	0	1	113200
226.416	n/a	0	1	113208
226.432	n/a	0	1	113216
226.45	n/a	0	1	113225
226.466	n/a	0	1	113233
226.482	n/a	0	1	113241
226.5	n/a	0	1	113250
226.516	n/a	0	1	113258
226.532	n/a	0	1	113266
226.55	n/a	0	1	113275
226.566	n/a	0	1	113283
226.582	n/a	0	1	113291
226.6	n/a	0	1	113300
226.616	n/a	1	2	113308
226.632	n/a	1	2	113316
226.65	n/a	1	2	113325
226.666	n/a	1	2	113333
226.682	n/a	0	1	113341
226.7	n/a	0	1	113350
226.716	n/a	0	1	113358
226.732	n/a	0	1	113366
226.75	n/a	0	1	113375
226.766	n/a	0	1	113383
226.782	n/a	0	1	113391
226.8	n/a	0	1	113400
226.816	n/a	0	1	113408
226.832	n/a	0	1	113416
226.85	n/a	0	1	113425
226.866	n/a	0	1	113433
226.882	n/a	0	1	113441
226.9	n/a	0	1	113450
226.916	n/a	0	1	113458
226.932	n/a	0	1	113466
226.95	n/a	0	1	113475
226.966	n/a	0	1	113483
226.982	n/a	0	1	113491
227.0	n/a	0	1	113500
227.016	n/a	0	1	113508
227.032	n/a	0	1	113516
227.05	n/a	0	1	113525
227.066	n/a	0	1	113533
227.082	n/a	1	2	113541
227.1	n/a	1	2	113550
227.116	n/a	1	2	113558
227.132	n/a	1	2	113566
227.15	n/a	0	1	113575
227.166	n/a	0	1	113583
227.182	n/a	0	1	113591
227.2	n/a	0	1	113600
227.216	n/a	0	1	113608
227.232	n/a	0	1	113616
227.25	n/a	0	1	113625
227.266	n/a	0	1	113633
227.282	n/a	0	1	113641
227.3	n/a	0	1	113650
227.316	n/a	0	1	113658
227.332	n/a	0	1	113666
227.35	n/a	0	1	113675
227.366	n/a	0	1	113683
227.382	n/a	1	2	113691
227.4	n/a	1	2	113700
227.416	n/a	1	2	113708
227.432	n/a	1	2	113716
227.45	n/a	0	1	113725
227.466	n/a	0	1	113733
227.482	n/a	0	1	113741
227.5	n/a	0	1	113750
227.516	n/a	0	1	113758
227.532	n/a	0	1	113766
227.55	n/a	0	1	113775
227.566	n/a	0	1	113783
227.582	n/a	0	1	113791
227.6	n/a	0	1	113800
227.616	n/a	0	1	113808
227.632	n/a	0	1	113816
227.65	n/a	0	1	113825
227.666	n/a	0	1	113833
227.682	n/a	0	1	113841
227.7	n/a	0	1	113850
227.716	n/a	0	1	113858
227.732	n/a	0	1	113866
227.75	n/a	0	1	113875
227.766	n/a	0	1	113883
227.782	n/a	0	1	113891
227.8	n/a	0	1	113900
227.816	n/a	1	2	113908
227.832	n/a	1	2	113916
227.85	n/a	1	2	113925
227.866	n/a	1	2	113933
229.35	n/a	0	1	114675
229.366	n/a	0	1	114683
229.382	n/a	0	1	114691
229.4	n/a	0	1	114700
229.416	n/a	0	1	114708
229.432	n/a	0	1	114716
229.45	n/a	0	1	114725
229.466	n/a	0	1	114733
229.482	n/a	0	1	114741
229.5	n/a	0	1	114750
229.516	n/a	0	1	114758
229.532	n/a	0	1	114766
229.55	n/a	0	1	114775
229.566	n/a	0	1	114783
229.582	n/a	0	1	114791
229.6	n/a	0	1	114800
229.616	n/a	0	1	114808
229.632	n/a	0	1	114816
229.65	n/a	1	2	114825
229.666	n/a	1	2	114833
229.682	n/a	1	2	114841
229.7	n/a	1	2	114850
229.716	n/a	0	1	114858
229.732	n/a	0	1	114866
229.75	n/a	0	1	114875
229.766	n/a	0	1	114883
229.782	n/a	0	1	114891
229.8	n/a	0	1	114900
229.816	n/a	0	1	114908
229.832	n/a	0	1	114916
229.85	n/a	0	1	114925
229.866	n/a	0	1	114933
229.882	n/a	0	1	114941
229.9	n/a	0	1	114950
229.916	n/a	0	1	114958
229.932	n/a	0	1	114966
229.95	n/a	0	1	114975
229.966	n/a	0	1	114983
229.982	n/a	0	1	114991
230.0	n/a	0	1	115000
230.016	n/a	0	1	115008
230.032	n/a	0	1	115016
230.05	n/a	1	2	115025
230.066	n/a	1	2	115033
230.082	n/a	1	2	115041
230.1	n/a	1	2	115050
230.116	n/a	0	1	115058
230.132	n/a	0	1	115066
230.15	n/a	0	1	115075
230.166	n/a	0	1	115083
230.182	n/a	0	1	115091
230.2	n/a	0	1	115100
230.216	n/a	0	1	115108
230.232	n/a	0	1	115116
230.25	n/a	0	1	115125
230.266	n/a	0	1	115133
230.282	n/a	0	1	115141
230.3	n/a	0	1	115150
230.316	n/a	0	1	115158
230.332	n/a	1	2	115166
230.35	n/a	1	2	115175
230.366	n/a	1	2	115183
230.382	n/a	1	2	115191
230.4	n/a	0	1	115200
230.416	n/a	0	1	115208
230.432	n/a	0	1	115216
230.45	n/a	0	1	115225
230.466	n/a	0	1	115233
230.482	n/a	0	1	115241
230.5	n/a	0	1	115250
230.516	n/a	0	1	115258
230.532	n/a	0	1	115266
230.55	n/a	0	1	115275
230.566	n/a	0	1	115283
230.582	n/a	0	1	115291
230.6	n/a	0	1	115300
230.616	n/a	0	1	115308
230.632	n/a	0	1	115316
230.65	n/a	0	1	115325
230.666	n/a	0	1	115333
230.682	n/a	0	1	115341
230.7	n/a	1	2	115350
230.716	n/a	1	2	115358
230.732	n/a	1	2	115366
230.75	n/a	1	2	115375
230.766	n/a	0	1	115383
230.782	n/a	0	1	115391
230.8	n/a	0	1	115400
230.816	n/a	0	1	115408
230.832	n/a	0	1	115416
230.85	n/a	0	1	115425
230.866	n/a	0	1	115433
230.882	n/a	0	1	115441
230.9	n/a	0	1	115450
230.916	n/a	0	1	115458
230.932	n/a	0	1	115466
230.95	n/a	0	1	115475
230.966	n/a	0	1	115483
230.982	n/a	0	1	115491
231.0	n/a	0	1	115500
231.016	n/a	0	1	115508
231.032	n/a	0	1	115516
231.05	n/a	0	1	115525
231.066	n/a	0	1	115533
231.082	n/a	0	1	115541
231.1	n/a	0	1	115550
231.116	n/a	0	1	115558
231.132	n/a	0	1	115566
231.15	n/a	0	1	115575
231.166	n/a	1	2	115583
231.182	n/a	1	2	115591
231.2	n/a	1	2	115600
231.216	n/a	1	2	115608
231.232	n/a	0	1	115616
231.25	n/a	0	1	115625
231.266	n/a	0	1	115633
231.282	n/a	0	1	115641
235.266	n/a	0	1	117633
235.282	n/a	0	1	117641
235.3	n/a	0	1	117650
235.316	n/a	0	1	117658
235.332	n/a	0	1	117666
235.35	n/a	0	1	117675
235.366	n/a	0	1	117683
235.382	n/a	0	1	117691
235.4	n/a	0	1	117700
235.416	n/a	0	1	117708
235.432	n/a	0	1	117716
235.45	n/a	0	1	117725
235.466	n/a	0	1	117733
235.482	n/a	0	1	117741
235.5	n/a	0	1	117750
235.516	n/a	0	1	117758
235.532	n/a	0	1	117766
235.55	n/a	0	1	117775
235.566	n/a	1	2	117783
235.582	n/a	1	2	117791
235.6	n/a	1	2	117800
235.616	n/a	1	2	117808
235.632	n/a	0	1	117816
235.65	n/a	0	1	117825
235.666	n/a	0	1	117833
235.682	n/a	0	1	117841
235.7	n/a	0	1	117850
235.716	n/a	0	1	117858
235.732	n/a	0	1	117866
235.75	n/a	0	1	117875
235.766	n/a	0	1	117883
235.782	n/a	0	1	117891
235.8	n/a	0	1	117900
235.816	n/a	0	1	117908
235.832	n/a	0	1	117916
235.85	n/a	0	1	117925
235.866	n/a	0	1	117933
235.882	n/a	0	1	117941
235.9	n/a	0	1	117950
235.916	n/a	0	1	117958
235.932	n/a	0	1	117966
235.95	n/a	0	1	117975
235.966	n/a	1	2	117983
235.982	n/a	1	2	117991
236.0	n/a	1	2	118000
236.016	n/a	1	2	118008
236.032	n/a	0	1	118016
236.05	n/a	0	1	118025
236.066	n/a	0	1	118033
236.082	n/a	0	1	118041
236.1	n/a	0	1	118050
236.116	n/a	0	1	118058
236.132	n/a	0	1	118066
236.15	n/a	0	1	118075
236.166	n/a	0	1	118083
236.182	n/a	0	1	118091
236.2	n/a	0	1	118100
236.216	n/a	0	1	118108
236.232	n/a	0	1	118116
236.25	n/a	1	2	118125
236.266	n/a	1	2	118133
236.282	n/a	1	2	118141
236.3	n/a	1	2	118150
236.316	n/a	0	1	118158
236.332	n/a	0	1	118166
236.35	n/a	0	1	118175
236.366	n/a	0	1	118183
236.382	n/a	0	1	118191
236.4	n/a	0	1	118200
236.416	n/a	0	1	118208
236.432	n/a	0	1	118216
236.45	n/a	0	1	118225
236.466	n/a	0	1	118233
236.482	n/a	0	1	118241
236.5	n/a	0	1	118250
236.516	n/a	0	1	118258
236.532	n/a	0	1	118266
236.55	n/a	0	1	118275
236.566	n/a	0	1	118283
236.582	n/a	0	1	118291
236.6	n/a	0	1	118300
236.616	n/a	1	2	118308
236.632	n/a	1	2	118316
236.65	n/a	1	2	118325
236.666	n/a	1	2	118333
236.682	n/a	0	1	118341
236.7	n/a	0	1	118350
236.716	n/a	0	1	118358
236.732	n/a	0	1	118366
236.75	n/a	0	1	118375
236.766	n/a	0	1	118383
236.782	n/a	0	1	118391
236.8	n/a	0	1	118400
236.816	n/a	0	1	118408
236.832	n/a	0	1	118416
236.85	n/a	0	1	118425
236.866	n/a	0	1	118433
236.882	n/a	0	1	118441
236.9	n/a	0	1	118450
236.916	n/a	0	1	118458
236.932	n/a	0	1	118466
236.95	n/a	0	1	118475
236.966	n/a	0	1	118483
236.982	n/a	0	1	118491
237.0	n/a	0	1	118500
237.016	n/a	0	1	118508
237.032	n/a	0	1	118516
237.05	n/a	0	1	118525
237.066	n/a	0	1	118533
237.082	n/a	1	2	118541
237.1	n/a	1	2	118550
237.116	n/a	1	2	118558
237.132	n/a	1	2	118566
237.15	n/a	0	1	118575
237.166	n/a	0	1	118583
237.182	n/a	0	1	118591
237.2	n/a	0	1	118600
238.682	n/a	0	1	119341
238.7	n/a	0	1	119350
238.716	n/a	0	1	119358
238.732	n/a	0	1	119366
238.75	n/a	0	1	119375
238.766	n/a	0	1	119383
238.782	n/a	0	1	119391
238.8	n/a	0	1	119400
238.816	n/a	0	1	119408
238.832	n/a	0	1	119416
238.85	n/a	0	1	119425
238.866	n/a	0	1	119433
238.882	n/a	0	1	119441
238.9	n/a	0	1	119450
238.916	n/a	0	1	119458
238.932	n/a	0	1	119466
238.95	n/a	0	1	119475
238.966	n/a	0	1	119483
238.982	n/a	0	1	119491
239.0	n/a	0	1	119500
239.016	n/a	0	1	119508
239.032	n/a	0	1	119516
239.05	n/a	0	1	119525
239.066	n/a	1	2	119533
239.082	n/a	1	2	119541
239.1	n/a	1	2	119550
239.116	n/a	1	2	119558
239.132	n/a	0	1	119566
239.15	n/a	0	1	119575
239.166	n/a	0	1	119583
239.182	n/a	0	1	119591
239.2	n/a	0	1	119600
239.216	n/a	0	1	119608
239.232	n/a	0	1	119616
239.25	n/a	0	1	119625
239.266	n/a	0	1	119633
239.282	n/a	0	1	119641
239.3	n/a	0	1	119650
239.316	n/a	0	1	119658
239.332	n/a	0	1	119666
239.35	n/a	0	1	119675
239.366	n/a	0	1	119683
239.382	n/a	0	1	119691
239.4	n/a	0	1	119700
239.416	n/a	0	1	119708
239.432	n/a	0	1	119716
239.45	n/a	1	2	119725
239.466	n/a	1	2	119733
239.482	n/a	1	2	119741
239.5	n/a	1	2	119750
239.516	n/a	0	1	119758
239.532	n/a	0	1	119766
239.55	n/a	0	1	119775
239.566	n/a	0	1	119783
239.582	n/a	0	1	119791
239.6	n/a	0	1	119800
239.616	n/a	0	1	119808
239.632	n/a	0	1	119816
239.65	n/a	0	1	119825
239.666	n/a	0	1	119833
239.682	n/a	0	1	119841
239.7	n/a	0	1	119850
239.716	n/a	0	1	119858
239.732	n/a	0	1	119866
239.75	n/a	1	2	119875
239.766	n/a	1	2	119883
239.782	n/a	1	2	119891
239.8	n/a	1	2	119900
239.816	n/a	0	1	119908
239.832	n/a	0	1	119916
239.85	n/a	0	1	119925
239.866	n/a	0	1	119933
239.882	n/a	0	1	119941
239.9	n/a	0	1	119950
239.916	n/a	0	1	119958
239.932	n/a	0	1	119966
239.95	n/a	0	1	119975
239.966	n/a	0	1	119983
239.982	n/a	0	1	119991
240.0	n/a	0	1	120000
240.016	n/a	0	1	120008
240.032	n/a	1	2	120016
240.05	n/a	1	2	120025
240.066	n/a	1	2	120033
240.082	n/a	1	2	120041
240.1	n/a	0	1	120050
240.116	n/a	0	1	120058
240.132	n/a	0	1	120066
240.15	n/a	0	1	120075
240.166	n/a	0	1	120083
240.182	n/a	0	1	120091
240.2	n/a	0	1	120100
240.216	n/a	0	1	120108
240.232	n/a	0	1	120116
240.25	n/a	0	1	120125
240.266	n/a	0	1	120133
240.282	n/a	0	1	120141
240.3	n/a	0	1	120150
240.316	n/a	0	1	120158
240.332	n/a	0	1	120166
240.35	n/a	0	1	120175
240.366	n/a	1	2	120183
240.382	n/a	1	2	120191
240.4	n/a	1	2	120200
240.416	n/a	1	2	120208
240.432	n/a	0	1	120216
240.45	n/a	0	1	120225
240.466	n/a	0	1	120233
240.482	n/a	0	1	120241
240.5	n/a	0	1	120250
240.516	n/a	0	1	120258
240.532	n/a	0	1	120266
240.55	n/a	0	1	120275
240.566	n/a	0	1	120283
240.582	n/a	0	1	120291
240.6	n/a	0	1	120300
240.616	n/a	0	1	120308
242.1	n/a	0	1	121050
242.116	n/a	1	2	121058
242.132	n/a	1	2	121066
242.15	n/a	1	2	121075
242.166	n/a	1	2	121083
242.182	n/a	0	1	121091
242.2	n/a	0	1	121100
242.216	n/a	0	1	121108
242.232	n/a	0	1	121116
242.25	n/a	0	1	121125
242.266	n/a	0	1	121133
242.282	n/a	0	1	121141
242.3	n/a	0	1	121150
242.316	n/a	0	1	121158
242.332	n/a	0	1	121166
242.35	n/a	0	1	121175
242.366	n/a	0	1	121183
242.382	n/a	0	1	121191
242.4	n/a	0	1	121200
242.416	n/a	0	1	121208
242.432	n/a	0	1	121216
242.45	n/a	0	1	121225
242.466	n/a	0	1	121233
242.482	n/a	0	1	121241
242.5	n/a	0	1	121250
242.516	n/a	0	1	121258
242.532	n/a	0	1	121266
242.55	n/a	0	1	121275
242.566	n/a	0	1	121283
242.582	n/a	0	1	121291
242.6	n/a	1	2	121300
242.616	n/a	1	2	121308
242.632	n/a	1	2	121316
242.65	n/a	1	2	121325
242.666	n/a	0	1	121333
242.682	n/a	0	1	121341
242.7	n/a	0	1	121350
242.716	n/a	0	1	121358
242.732	n/a	0	1	121366
242.75	n/a	0	1	121375
242.766	n/a	0	1	121383
242.782	n/a	0	1	121391
242.8	n/a	0	1	121400
242.816	n/a	0	1	121408
242.832	n/a	0	1	121416
242.85	n/a	0	1	121425
242.866	n/a	0	1	121433
242.882	n/a	0	1	121441
242.9	n/a	0	1	121450
242.916	n/a	0	1	121458
242.932	n/a	0	1	121466
242.95	n/a	0	1	121475
242.966	n/a	0	1	121483
242.982	n/a	0	1	121491
243.0	n/a	0	1	121500
243.016	n/a	0	1	121508
243.032	n/a	0	1	121516
243.05	n/a	0	1	121525
243.066	n/a	1	2	121533
243.082	n/a	1	2	121541
243.1	n/a	1	2	121550
243.116	n/a	1	2	121558
243.132	n/a	0	1	121566
243.15	n/a	0	1	121575
243.166	n/a	0	1	121583
243.182	n/a	0	1	121591
243.2	n/a	0	1	121600
243.216	n/a	0	1	121608
243.232	n/a	0	1	121616
243.25	n/a	0	1	121625
243.266	n/a	0	1	121633
243.282	n/a	0	1	121641
243.3	n/a	0	1	121650
243.316	n/a	0	1	121658
243.332	n/a	0	1	121666
243.35	n/a	0	1	121675
243.366	n/a	0	1	121683
243.382	n/a	0	1	121691
243.4	n/a	0	1	121700
243.416	n/a	0	1	121708
243.432	n/a	0	1	121716
243.45	n/a	0	1	121725
243.466	n/a	0	1	121733
243.482	n/a	1	2	121741
243.5	n/a	1	2	121750
243.516	n/a	1	2	121758
243.532	n/a	1	2	121766
243.55	n/a	0	1	121775
243.566	n/a	0	1	121783
243.582	n/a	0	1	121791
243.6	n/a	0	1	121800
243.616	n/a	0	1	121808
243.632	n/a	0	1	121816
243.65	n/a	0	1	121825
243.666	n/a	0	1	121833
243.682	n/a	0	1	121841
243.7	n/a	0	1	121850
243.716	n/a	0	1	121858
243.732	n/a	0	1	121866
243.75	n/a	0	1	121875
243.766	n/a	0	1	121883
243.782	n/a	0	1	121891
243.8	n/a	0	1	121900
243.816	n/a	0	1	121908
243.832	n/a	0	1	121916
243.85	n/a	0	1	121925
243.866	n/a	0	1	121933
243.882	n/a	0	1	121941
243.9	n/a	0	1	121950
243.916	n/a	1	2	121958
243.932	n/a	1	2	121966
243.95	n/a	1	2	121975
243.966	n/a	1	2	121983
243.982	n/a	0	1	121991
244.0	n/a	0	1	122000
244.016	n/a	0	1	122008
244.032	n/a	0	1	122016
245.516	n/a	0	1	122758
245.532	n/a	0	1	122766
245.55	n/a	0	1	122775
245.566	n/a	0	1	122783
245.582	n/a	0	1	122791
245.6	n/a	0	1	122800
245.616	n/a	0	1	122808
245.632	n/a	0	1	122816
245.65	n/a	0	1	122825
245.666	n/a	0	1	122833
245.682	n/a	0	1	122841
245.7	n/a	0	1	122850
245.716	n/a	0	1	122858
245.732	n/a	0	1	122866
245.75	n/a	0	1	122875
245.766	n/a	1	2	122883
245.782	n/a	1	2	122891
245.8	n/a	1	2	122900
245.816	n/a	1	2	122908
245.832	n/a	0	1	122916
245.85	n/a	0	1	122925
245.866	n/a	0	1	122933
245.882	n/a	0	1	122941
245.9	n/a	0	1	122950
245.916	n/a	0	1	122958
245.932	n/a	0	1	122966
245.95	n/a	0	1	122975
245.966	n/a	0	1	122983
245.982	n/a	0	1	122991
246.0	n/a	0	1	123000
246.016	n/a	0	1	123008
246.032	n/a	0	1	123016
246.05	n/a	0	1	123025
246.066	n/a	0	1	123033
246.082	n/a	0	1	123041
246.1	n/a	0	1	123050
246.116	n/a	0	1	123058
246.132	n/a	0	1	123066
246.15	n/a	0	1	123075
246.166	n/a	0	1	123083
246.182	n/a	0	1	123091
246.2	n/a	1	2	123100
246.216	n/a	1	2	123108
246.232	n/a	1	2	123116
246.25	n/a	1	2	123125
246.266	n/a	0	1	123133
246.282	n/a	0	1	123141
246.3	n/a	0	1	123150
246.316	n/a	0	1	123158
246.332	n/a	0	1	123166
246.35	n/a	0	1	123175
246.366	n/a	0	1	123183
246.382	n/a	0	1	123191
246.4	n/a	0	1	123200
246.416	n/a	0	1	123208
246.432	n/a	0	1	123216
246.45	n/a	0	1	123225
246.466	n/a	0	1	123233
246.482	n/a	0	1	123241
246.5	n/a	0	1	123250
246.516	n/a	0	1	123258
246.532	n/a	0	1	123266
246.55	n/a	0	1	123275
246.566	n/a	0	1	123283
246.582	n/a	0	1	123291
246.6	n/a	0	1	123300
246.616	n/a	0	1	123308
246.632	n/a	0	1	123316
246.65	n/a	0	1	123325
246.666	n/a	1	2	123333
246.682	n/a	1	2	123341
246.7	n/a	1	2	123350
246.716	n/a	1	2	123358
246.732	n/a	0	1	123366
246.75	n/a	0	1	123375
246.766	n/a	0	1	123383
246.782	n/a	0	1	123391
246.8	n/a	0	1	123400
246.816	n/a	0	1	123408
246.832	n/a	0	1	123416
246.85	n/a	0	1	123425
246.866	n/a	0	1	123433
246.882	n/a	0	1	123441
246.9	n/a	0	1	123450
246.916	n/a	0	1	123458
246.932	n/a	0	1	123466
246.95	n/a	0	1	123475
246.966	n/a	1	2	123483
246.982	n/a	1	2	123491
247.0	n/a	1	2	123500
247.016	n/a	1	2	123508
247.032	n/a	0	1	123516
247.05	n/a	0	1	123525
247.066	n/a	0	1	123533
247.082	n/a	0	1	123541
247.1	n/a	0	1	123550
247.116	n/a	0	1	123558
247.132	n/a	0	1	123566
247.15	n/a	0	1	123575
247.166	n/a	0	1	123583
247.182	n/a	0	1	123591
247.2	n/a	0	1	123600
247.216	n/a	0	1	123608
247.232	n/a	0	1	123616
247.25	n/a	0	1	123625
247.266	n/a	0	1	123633
247.282	n/a	0	1	123641
247.3	n/a	0	1	123650
247.316	n/a	0	1	123658
247.332	n/a	0	1	123666
247.35	n/a	0	1	123675
247.366	n/a	0	1	123683
247.382	n/a	0	1	123691
247.4	n/a	1	2	123700
247.416	n/a	1	2	123708
247.432	n/a	1	2	123716
247.45	n/a	1	2	123725
