onset	duration	trial_type	value	sample
7.066	n/a	0	1	3533
7.082	n/a	0	1	3541
7.1	n/a	0	1	3550
7.116	n/a	0	1	3558
7.132	n/a	0	1	3566
7.15	n/a	0	1	3575
7.166	n/a	0	1	3583
7.182	n/a	0	1	3591
7.2	n/a	0	1	3600
7.216	n/a	0	1	3608
7.232	n/a	0	1	3616
7.25	n/a	0	1	3625
7.266	n/a	0	1	3633
7.282	n/a	0	1	3641
7.3	n/a	0	1	3650
7.316	n/a	0	1	3658
7.332	n/a	0	1	3666
7.35	n/a	0	1	3675
7.366	n/a	0	1	3683
7.382	n/a	0	1	3691
7.4	n/a	0	1	3700
7.416	n/a	0	1	3708
7.432	n/a	0	1	3716
7.45	n/a	1	2	3725
7.466	n/a	1	2	3733
7.482	n/a	1	2	3741
7.5	n/a	1	2	3750
7.516	n/a	0	1	3758
7.532	n/a	0	1	3766
7.55	n/a	0	1	3775
7.566	n/a	0	1	3783
7.582	n/a	0	1	3791
7.6	n/a	0	1	3800
7.616	n/a	0	1	3808
7.632	n/a	0	1	3816
7.65	n/a	0	1	3825
7.666	n/a	0	1	3833
7.682	n/a	0	1	3841
7.7	n/a	0	1	3850
7.716	n/a	0	1	3858
7.732	n/a	0	1	3866
7.75	n/a	0	1	3875
7.766	n/a	0	1	3883
7.782	n/a	0	1	3891
7.8	n/a	0	1	3900
7.816	n/a	0	1	3908
7.832	n/a	1	2	3916
7.85	n/a	1	2	3925
7.866	n/a	1	2	3933
7.882	n/a	1	2	3941
7.9	n/a	0	1	3950
7.916	n/a	0	1	3958
7.932	n/a	0	1	3966
7.95	n/a	0	1	3975
7.966	n/a	0	1	3983
7.982	n/a	0	1	3991
8.0	n/a	0	1	4000
8.016	n/a	0	1	4008
8.032	n/a	0	1	4016
8.05	n/a	0	1	4025
8.066	n/a	0	1	4033
8.082	n/a	0	1	4041
8.1	n/a	0	1	4050
8.116	n/a	0	1	4058
8.132	n/a	1	2	4066
8.15	n/a	1	2	4075
8.166	n/a	1	2	4083
8.182	n/a	1	2	4091
8.2	n/a	0	1	4100
8.216	n/a	0	1	4108
8.232	n/a	0	1	4116
8.25	n/a	0	1	4125
8.266	n/a	0	1	4133
8.282	n/a	0	1	4141
8.3	n/a	0	1	4150
8.316	n/a	0	1	4158
8.332	n/a	0	1	4166
8.35	n/a	0	1	4175
8.366	n/a	0	1	4183
8.382	n/a	0	1	4191
8.4	n/a	0	1	4200
8.416	n/a	1	2	4208
8.432	n/a	1	2	4216
8.45	n/a	1	2	4225
8.466	n/a	1	2	4233
8.482	n/a	0	1	4241
8.5	n/a	0	1	4250
8.516	n/a	0	1	4258
8.532	n/a	0	1	4266
8.55	n/a	0	1	4275
8.566	n/a	0	1	4283
8.582	n/a	0	1	4291
8.6	n/a	0	1	4300
8.616	n/a	0	1	4308
8.632	n/a	0	1	4316
8.65	n/a	0	1	4325
8.666	n/a	0	1	4333
8.682	n/a	0	1	4341
8.7	n/a	0	1	4350
8.716	n/a	0	1	4358
8.732	n/a	0	1	4366
8.75	n/a	1	2	4375
8.766	n/a	1	2	4383
8.782	n/a	1	2	4391
8.8	n/a	1	2	4400
8.816	n/a	0	1	4408
8.832	n/a	0	1	4416
8.85	n/a	0	1	4425
8.866	n/a	0	1	4433
8.882	n/a	0	1	4441
8.9	n/a	0	1	4450
8.916	n/a	0	1	4458
8.932	n/a	0	1	4466
8.95	n/a	0	1	4475
8.966	n/a	0	1	4483
8.982	n/a	0	1	4491
9.0	n/a	0	1	4500
10.482	n/a	0	1	5241
10.5	n/a	0	1	5250
10.516	n/a	0	1	5258
10.532	n/a	0	1	5266
10.55	n/a	0	1	5275
10.566	n/a	0	1	5283
10.582	n/a	0	1	5291
10.6	n/a	0	1	5300
10.616	n/a	0	1	5308
10.632	n/a	0	1	5316
10.65	n/a	0	1	5325
10.666	n/a	0	1	5333
10.682	n/a	0	1	5341
10.7	n/a	0	1	5350
10.716	n/a	0	1	5358
10.732	n/a	0	1	5366
10.75	n/a	0	1	5375
10.766	n/a	0	1	5383
10.782	n/a	1	2	5391
10.8	n/a	1	2	5400
10.816	n/a	1	2	5408
10.832	n/a	1	2	5416
10.85	n/a	0	1	5425
10.866	n/a	0	1	5433
10.882	n/a	0	1	5441
10.9	n/a	0	1	5450
10.916	n/a	0	1	5458
10.932	n/a	0	1	5466
10.95	n/a	0	1	5475
10.966	n/a	0	1	5483
10.982	n/a	0	1	5491
11.0	n/a	0	1	5500
11.016	n/a	0	1	5508
11.032	n/a	0	1	5516
11.05	n/a	0	1	5525
11.066	n/a	0	1	5533
11.082	n/a	0	1	5541
11.1	n/a	0	1	5550
11.116	n/a	0	1	5558
11.132	n/a	0	1	5566
11.15	n/a	0	1	5575
11.166	n/a	0	1	5583
11.182	n/a	1	2	5591
11.2	n/a	1	2	5600
11.216	n/a	1	2	5608
11.232	n/a	1	2	5616
11.25	n/a	0	1	5625
11.266	n/a	0	1	5633
11.282	n/a	0	1	5641
11.3	n/a	0	1	5650
11.316	n/a	0	1	5658
11.332	n/a	0	1	5666
11.35	n/a	0	1	5675
11.366	n/a	0	1	5683
11.382	n/a	0	1	5691
11.4	n/a	0	1	5700
11.416	n/a	0	1	5708
11.432	n/a	0	1	5716
11.45	n/a	0	1	5725
11.466	n/a	1	2	5733
11.482	n/a	1	2	5741
11.5	n/a	1	2	5750
11.516	n/a	1	2	5758
11.532	n/a	0	1	5766
11.55	n/a	0	1	5775
11.566	n/a	0	1	5783
11.582	n/a	0	1	5791
11.6	n/a	0	1	5800
11.616	n/a	0	1	5808
11.632	n/a	0	1	5816
11.65	n/a	0	1	5825
11.666	n/a	0	1	5833
11.682	n/a	0	1	5841
11.7	n/a	0	1	5850
11.716	n/a	0	1	5858
11.732	n/a	0	1	5866
11.75	n/a	0	1	5875
11.766	n/a	0	1	5883
11.782	n/a	0	1	5891
11.8	n/a	0	1	5900
11.816	n/a	0	1	5908
11.832	n/a	1	2	5916
11.85	n/a	1	2	5925
11.866	n/a	1	2	5933
11.882	n/a	1	2	5941
11.9	n/a	0	1	5950
11.916	n/a	0	1	5958
11.932	n/a	0	1	5966
11.95	n/a	0	1	5975
11.966	n/a	0	1	5983
11.982	n/a	0	1	5991
12.0	n/a	0	1	6000
12.016	n/a	0	1	6008
12.032	n/a	0	1	6016
12.05	n/a	0	1	6025
12.066	n/a	0	1	6033
12.082	n/a	0	1	6041
12.1	n/a	0	1	6050
12.116	n/a	0	1	6058
12.132	n/a	0	1	6066
12.15	n/a	0	1	6075
12.166	n/a	0	1	6083
12.182	n/a	0	1	6091
12.2	n/a	0	1	6100
12.216	n/a	0	1	6108
12.232	n/a	0	1	6116
12.25	n/a	0	1	6125
12.266	n/a	0	1	6133
12.282	n/a	0	1	6141
12.3	n/a	1	2	6150
12.316	n/a	1	2	6158
12.332	n/a	1	2	6166
12.35	n/a	1	2	6175
12.366	n/a	0	1	6183
12.382	n/a	0	1	6191
12.4	n/a	0	1	6200
12.416	n/a	0	1	6208
13.9	n/a	0	1	6950
13.916	n/a	1	2	6958
13.932	n/a	1	2	6966
13.95	n/a	1	2	6975
13.966	n/a	1	2	6983
13.982	n/a	0	1	6991
14.0	n/a	0	1	7000
14.016	n/a	0	1	7008
14.032	n/a	0	1	7016
14.05	n/a	0	1	7025
14.066	n/a	0	1	7033
14.082	n/a	0	1	7041
14.1	n/a	0	1	7050
14.116	n/a	0	1	7058
14.132	n/a	0	1	7066
14.15	n/a	0	1	7075
14.166	n/a	0	1	7083
14.182	n/a	0	1	7091
14.2	n/a	0	1	7100
14.216	n/a	0	1	7108
14.232	n/a	0	1	7116
14.25	n/a	0	1	7125
14.266	n/a	0	1	7133
14.282	n/a	0	1	7141
14.3	n/a	0	1	7150
14.316	n/a	0	1	7158
14.332	n/a	0	1	7166
14.35	n/a	0	1	7175
14.366	n/a	0	1	7183
14.382	n/a	0	1	7191
14.4	n/a	1	2	7200
14.416	n/a	1	2	7208
14.432	n/a	1	2	7216
14.45	n/a	1	2	7225
14.466	n/a	0	1	7233
14.482	n/a	0	1	7241
14.5	n/a	0	1	7250
14.516	n/a	0	1	7258
14.532	n/a	0	1	7266
14.55	n/a	0	1	7275
14.566	n/a	0	1	7283
14.582	n/a	0	1	7291
14.6	n/a	0	1	7300
14.616	n/a	0	1	7308
14.632	n/a	0	1	7316
14.65	n/a	0	1	7325
14.666	n/a	0	1	7333
14.682	n/a	0	1	7341
14.7	n/a	0	1	7350
14.716	n/a	0	1	7358
14.732	n/a	0	1	7366
14.75	n/a	0	1	7375
14.766	n/a	0	1	7383
14.782	n/a	0	1	7391
14.8	n/a	0	1	7400
14.816	n/a	0	1	7408
14.832	n/a	0	1	7416
14.85	n/a	0	1	7425
14.866	n/a	1	2	7433
14.882	n/a	1	2	7441
14.9	n/a	1	2	7450
14.916	n/a	1	2	7458
14.932	n/a	0	1	7466
14.95	n/a	0	1	7475
14.966	n/a	0	1	7483
14.982	n/a	0	1	7491
15.0	n/a	0	1	7500
15.016	n/a	0	1	7508
15.032	n/a	0	1	7516
15.05	n/a	0	1	7525
15.066	n/a	0	1	7533
15.082	n/a	0	1	7541
15.1	n/a	0	1	7550
15.116	n/a	0	1	7558
15.132	n/a	0	1	7566
15.15	n/a	0	1	7575
15.166	n/a	0	1	7583
15.182	n/a	0	1	7591
15.2	n/a	0	1	7600
15.216	n/a	0	1	7608
15.232	n/a	0	1	7616
15.25	n/a	0	1	7625
15.266	n/a	0	1	7633
15.282	n/a	1	2	7641
15.3	n/a	1	2	7650
15.316	n/a	1	2	7658
15.332	n/a	1	2	7666
15.35	n/a	0	1	7675
15.366	n/a	0	1	7683
15.382	n/a	0	1	7691
15.4	n/a	0	1	7700
15.416	n/a	0	1	7708
15.432	n/a	0	1	7716
15.45	n/a	0	1	7725
15.466	n/a	0	1	7733
15.482	n/a	0	1	7741
15.5	n/a	0	1	7750
15.516	n/a	0	1	7758
15.532	n/a	0	1	7766
15.55	n/a	0	1	7775
15.566	n/a	0	1	7783
15.582	n/a	0	1	7791
15.6	n/a	0	1	7800
15.616	n/a	0	1	7808
15.632	n/a	0	1	7816
15.65	n/a	0	1	7825
15.666	n/a	0	1	7833
15.682	n/a	0	1	7841
15.7	n/a	0	1	7850
15.716	n/a	1	2	7858
15.732	n/a	1	2	7866
15.75	n/a	1	2	7875
15.766	n/a	1	2	7883
15.782	n/a	0	1	7891
15.8	n/a	0	1	7900
15.816	n/a	0	1	7908
15.832	n/a	0	1	7916
17.316	n/a	0	1	8658
17.332	n/a	0	1	8666
17.35	n/a	0	1	8675
17.366	n/a	0	1	8683
17.382	n/a	0	1	8691
17.4	n/a	0	1	8700
17.416	n/a	0	1	8708
17.432	n/a	0	1	8716
17.45	n/a	0	1	8725
17.466	n/a	0	1	8733
17.482	n/a	0	1	8741
17.5	n/a	0	1	8750
17.516	n/a	0	1	8758
17.532	n/a	0	1	8766
17.55	n/a	0	1	8775
17.566	n/a	1	2	8783
17.582	n/a	1	2	8791
17.6	n/a	1	2	8800
17.616	n/a	1	2	8808
17.632	n/a	0	1	8816
17.65	n/a	0	1	8825
17.666	n/a	0	1	8833
17.682	n/a	0	1	8841
17.7	n/a	0	1	8850
17.716	n/a	0	1	8858
17.732	n/a	0	1	8866
17.75	n/a	0	1	8875
17.766	n/a	0	1	8883
17.782	n/a	0	1	8891
17.8	n/a	0	1	8900
17.816	n/a	0	1	8908
17.832	n/a	0	1	8916
17.85	n/a	0	1	8925
17.866	n/a	0	1	8933
17.882	n/a	0	1	8941
17.9	n/a	0	1	8950
17.916	n/a	0	1	8958
17.932	n/a	0	1	8966
17.95	n/a	0	1	8975
17.966	n/a	0	1	8983
17.982	n/a	0	1	8991
18.0	n/a	1	2	9000
18.016	n/a	1	2	9008
18.032	n/a	1	2	9016
18.05	n/a	1	2	9025
18.066	n/a	0	1	9033
18.082	n/a	0	1	9041
18.1	n/a	0	1	9050
18.116	n/a	0	1	9058
18.132	n/a	0	1	9066
18.15	n/a	0	1	9075
18.166	n/a	0	1	9083
18.182	n/a	0	1	9091
18.2	n/a	0	1	9100
18.216	n/a	0	1	9108
18.232	n/a	0	1	9116
18.25	n/a	0	1	9125
18.266	n/a	0	1	9133
18.282	n/a	0	1	9141
18.3	n/a	0	1	9150
18.316	n/a	0	1	9158
18.332	n/a	0	1	9166
18.35	n/a	0	1	9175
18.366	n/a	0	1	9183
18.382	n/a	0	1	9191
18.4	n/a	0	1	9200
18.416	n/a	0	1	9208
18.432	n/a	0	1	9216
18.45	n/a	0	1	9225
18.466	n/a	1	2	9233
18.482	n/a	1	2	9241
18.5	n/a	1	2	9250
18.516	n/a	1	2	9258
18.532	n/a	0	1	9266
18.55	n/a	0	1	9275
18.566	n/a	0	1	9283
18.582	n/a	0	1	9291
18.6	n/a	0	1	9300
18.616	n/a	0	1	9308
18.632	n/a	0	1	9316
18.65	n/a	0	1	9325
18.666	n/a	0	1	9333
18.682	n/a	0	1	9341
18.7	n/a	0	1	9350
18.716	n/a	0	1	9358
18.732	n/a	0	1	9366
18.75	n/a	0	1	9375
18.766	n/a	1	2	9383
18.782	n/a	1	2	9391
18.8	n/a	1	2	9400
18.816	n/a	1	2	9408
18.832	n/a	0	1	9416
18.85	n/a	0	1	9425
18.866	n/a	0	1	9433
18.882	n/a	0	1	9441
18.9	n/a	0	1	9450
18.916	n/a	0	1	9458
18.932	n/a	0	1	9466
18.95	n/a	0	1	9475
18.966	n/a	0	1	9483
18.982	n/a	0	1	9491
19.0	n/a	0	1	9500
19.016	n/a	0	1	9508
19.032	n/a	0	1	9516
19.05	n/a	0	1	9525
19.066	n/a	0	1	9533
19.082	n/a	0	1	9541
19.1	n/a	0	1	9550
19.116	n/a	0	1	9558
19.132	n/a	0	1	9566
19.15	n/a	0	1	9575
19.166	n/a	0	1	9583
19.182	n/a	0	1	9591
19.2	n/a	1	2	9600
19.216	n/a	1	2	9608
19.232	n/a	1	2	9616
19.25	n/a	1	2	9625
21.832	n/a	0	1	10916
21.85	n/a	0	1	10925
21.866	n/a	0	1	10933
21.882	n/a	0	1	10941
21.9	n/a	0	1	10950
21.916	n/a	0	1	10958
21.932	n/a	0	1	10966
21.95	n/a	0	1	10975
21.966	n/a	0	1	10983
21.982	n/a	0	1	10991
22.0	n/a	0	1	11000
22.016	n/a	0	1	11008
22.032	n/a	0	1	11016
22.05	n/a	0	1	11025
22.066	n/a	0	1	11033
22.082	n/a	0	1	11041
22.1	n/a	0	1	11050
22.116	n/a	0	1	11058
22.132	n/a	1	2	11066
22.15	n/a	1	2	11075
22.166	n/a	1	2	11083
22.182	n/a	1	2	11091
22.2	n/a	0	1	11100
22.216	n/a	0	1	11108
22.232	n/a	0	1	11116
22.25	n/a	0	1	11125
22.266	n/a	0	1	11133
22.282	n/a	0	1	11141
22.3	n/a	0	1	11150
22.316	n/a	0	1	11158
22.332	n/a	0	1	11166
22.35	n/a	0	1	11175
22.366	n/a	0	1	11183
22.382	n/a	0	1	11191
22.4	n/a	0	1	11200
22.416	n/a	0	1	11208
22.432	n/a	0	1	11216
22.45	n/a	0	1	11225
22.466	n/a	0	1	11233
22.482	n/a	0	1	11241
22.5	n/a	0	1	11250
22.516	n/a	0	1	11258
22.532	n/a	1	2	11266
22.55	n/a	1	2	11275
22.566	n/a	1	2	11283
22.582	n/a	1	2	11291
22.6	n/a	0	1	11300
22.616	n/a	0	1	11308
22.632	n/a	0	1	11316
22.65	n/a	0	1	11325
22.666	n/a	0	1	11333
22.682	n/a	0	1	11341
22.7	n/a	0	1	11350
22.716	n/a	0	1	11358
22.732	n/a	0	1	11366
22.75	n/a	0	1	11375
22.766	n/a	0	1	11383
22.782	n/a	0	1	11391
22.8	n/a	0	1	11400
22.816	n/a	1	2	11408
22.832	n/a	1	2	11416
22.85	n/a	1	2	11425
22.866	n/a	1	2	11433
22.882	n/a	0	1	11441
22.9	n/a	0	1	11450
22.916	n/a	0	1	11458
22.932	n/a	0	1	11466
22.95	n/a	0	1	11475
22.966	n/a	0	1	11483
22.982	n/a	0	1	11491
23.0	n/a	0	1	11500
23.016	n/a	0	1	11508
23.032	n/a	0	1	11516
23.05	n/a	0	1	11525
23.066	n/a	0	1	11533
23.082	n/a	0	1	11541
23.1	n/a	0	1	11550
23.116	n/a	0	1	11558
23.132	n/a	0	1	11566
23.15	n/a	0	1	11575
23.166	n/a	0	1	11583
23.182	n/a	1	2	11591
23.2	n/a	1	2	11600
23.216	n/a	1	2	11608
23.232	n/a	1	2	11616
23.25	n/a	0	1	11625
23.266	n/a	0	1	11633
23.282	n/a	0	1	11641
23.3	n/a	0	1	11650
23.316	n/a	0	1	11658
23.332	n/a	0	1	11666
23.35	n/a	0	1	11675
23.366	n/a	0	1	11683
23.382	n/a	0	1	11691
23.4	n/a	0	1	11700
23.416	n/a	0	1	11708
23.432	n/a	0	1	11716
23.45	n/a	0	1	11725
23.466	n/a	0	1	11733
23.482	n/a	0	1	11741
23.5	n/a	0	1	11750
23.516	n/a	0	1	11758
23.532	n/a	0	1	11766
23.55	n/a	0	1	11775
23.566	n/a	0	1	11783
23.582	n/a	0	1	11791
23.6	n/a	0	1	11800
23.616	n/a	0	1	11808
23.632	n/a	0	1	11816
23.65	n/a	1	2	11825
23.666	n/a	1	2	11833
23.682	n/a	1	2	11841
23.7	n/a	1	2	11850
23.716	n/a	0	1	11858
23.732	n/a	0	1	11866
23.75	n/a	0	1	11875
23.766	n/a	0	1	11883
25.25	n/a	0	1	12625
25.266	n/a	1	2	12633
25.282	n/a	1	2	12641
25.3	n/a	1	2	12650
25.316	n/a	1	2	12658
25.332	n/a	0	1	12666
25.35	n/a	0	1	12675
25.366	n/a	0	1	12683
25.382	n/a	0	1	12691
25.4	n/a	0	1	12700
25.416	n/a	0	1	12708
25.432	n/a	0	1	12716
25.45	n/a	0	1	12725
25.466	n/a	0	1	12733
25.482	n/a	0	1	12741
25.5	n/a	0	1	12750
25.516	n/a	0	1	12758
25.532	n/a	0	1	12766
25.55	n/a	0	1	12775
25.566	n/a	0	1	12783
25.582	n/a	0	1	12791
25.6	n/a	0	1	12800
25.616	n/a	0	1	12808
25.632	n/a	0	1	12816
25.65	n/a	0	1	12825
25.666	n/a	0	1	12833
25.682	n/a	0	1	12841
25.7	n/a	0	1	12850
25.716	n/a	0	1	12858
25.732	n/a	0	1	12866
25.75	n/a	1	2	12875
25.766	n/a	1	2	12883
25.782	n/a	1	2	12891
25.8	n/a	1	2	12900
25.816	n/a	0	1	12908
25.832	n/a	0	1	12916
25.85	n/a	0	1	12925
25.866	n/a	0	1	12933
25.882	n/a	0	1	12941
25.9	n/a	0	1	12950
25.916	n/a	0	1	12958
25.932	n/a	0	1	12966
25.95	n/a	0	1	12975
25.966	n/a	0	1	12983
25.982	n/a	0	1	12991
26.0	n/a	0	1	13000
26.016	n/a	0	1	13008
26.032	n/a	0	1	13016
26.05	n/a	0	1	13025
26.066	n/a	0	1	13033
26.082	n/a	0	1	13041
26.1	n/a	0	1	13050
26.116	n/a	0	1	13058
26.132	n/a	0	1	13066
26.15	n/a	0	1	13075
26.166	n/a	0	1	13083
26.182	n/a	0	1	13091
26.2	n/a	0	1	13100
26.216	n/a	1	2	13108
26.232	n/a	1	2	13116
26.25	n/a	1	2	13125
26.266	n/a	1	2	13133
26.282	n/a	0	1	13141
26.3	n/a	0	1	13150
26.316	n/a	0	1	13158
26.332	n/a	0	1	13166
26.35	n/a	0	1	13175
26.366	n/a	0	1	13183
26.382	n/a	0	1	13191
26.4	n/a	0	1	13200
26.416	n/a	0	1	13208
26.432	n/a	0	1	13216
26.45	n/a	0	1	13225
26.466	n/a	0	1	13233
26.482	n/a	0	1	13241
26.5	n/a	0	1	13250
26.516	n/a	0	1	13258
26.532	n/a	0	1	13266
26.55	n/a	0	1	13275
26.566	n/a	0	1	13283
26.582	n/a	0	1	13291
26.6	n/a	0	1	13300
26.616	n/a	0	1	13308
26.632	n/a	1	2	13316
26.65	n/a	1	2	13325
26.666	n/a	1	2	13333
26.682	n/a	1	2	13341
26.7	n/a	0	1	13350
26.716	n/a	0	1	13358
26.732	n/a	0	1	13366
26.75	n/a	0	1	13375
26.766	n/a	0	1	13383
26.782	n/a	0	1	13391
26.8	n/a	0	1	13400
26.816	n/a	0	1	13408
26.832	n/a	0	1	13416
26.85	n/a	0	1	13425
26.866	n/a	0	1	13433
26.882	n/a	0	1	13441
26.9	n/a	0	1	13450
26.916	n/a	0	1	13458
26.932	n/a	0	1	13466
26.95	n/a	0	1	13475
26.966	n/a	0	1	13483
26.982	n/a	0	1	13491
27.0	n/a	0	1	13500
27.016	n/a	0	1	13508
27.032	n/a	0	1	13516
27.05	n/a	0	1	13525
27.066	n/a	1	2	13533
27.082	n/a	1	2	13541
27.1	n/a	1	2	13550
27.116	n/a	1	2	13558
27.132	n/a	0	1	13566
27.15	n/a	0	1	13575
27.166	n/a	0	1	13583
27.182	n/a	0	1	13591
28.666	n/a	0	1	14333
28.682	n/a	0	1	14341
28.7	n/a	0	1	14350
28.716	n/a	0	1	14358
28.732	n/a	0	1	14366
28.75	n/a	0	1	14375
28.766	n/a	0	1	14383
28.782	n/a	0	1	14391
28.8	n/a	0	1	14400
28.816	n/a	0	1	14408
28.832	n/a	0	1	14416
28.85	n/a	0	1	14425
28.866	n/a	0	1	14433
28.882	n/a	0	1	14441
28.9	n/a	0	1	14450
28.916	n/a	0	1	14458
28.932	n/a	0	1	14466
28.95	n/a	0	1	14475
28.966	n/a	0	1	14483
28.982	n/a	0	1	14491
29.0	n/a	0	1	14500
29.016	n/a	0	1	14508
29.032	n/a	0	1	14516
29.05	n/a	1	2	14525
29.066	n/a	1	2	14533
29.082	n/a	1	2	14541
29.1	n/a	1	2	14550
29.116	n/a	0	1	14558
29.132	n/a	0	1	14566
29.15	n/a	0	1	14575
29.166	n/a	0	1	14583
29.182	n/a	0	1	14591
29.2	n/a	0	1	14600
29.216	n/a	0	1	14608
29.232	n/a	0	1	14616
29.25	n/a	0	1	14625
29.266	n/a	0	1	14633
29.282	n/a	0	1	14641
29.3	n/a	0	1	14650
29.316	n/a	0	1	14658
29.332	n/a	0	1	14666
29.35	n/a	0	1	14675
29.366	n/a	0	1	14683
29.382	n/a	0	1	14691
29.4	n/a	0	1	14700
29.416	n/a	0	1	14708
29.432	n/a	1	2	14716
29.45	n/a	1	2	14725
29.466	n/a	1	2	14733
29.482	n/a	1	2	14741
29.5	n/a	0	1	14750
29.516	n/a	0	1	14758
29.532	n/a	0	1	14766
29.55	n/a	0	1	14775
29.566	n/a	0	1	14783
29.582	n/a	0	1	14791
29.6	n/a	0	1	14800
29.616	n/a	0	1	14808
29.632	n/a	0	1	14816
29.65	n/a	0	1	14825
29.666	n/a	0	1	14833
29.682	n/a	0	1	14841
29.7	n/a	0	1	14850
29.716	n/a	0	1	14858
29.732	n/a	1	2	14866
29.75	n/a	1	2	14875
29.766	n/a	1	2	14883
29.782	n/a	1	2	14891
29.8	n/a	0	1	14900
29.816	n/a	0	1	14908
29.832	n/a	0	1	14916
29.85	n/a	0	1	14925
29.866	n/a	0	1	14933
29.882	n/a	0	1	14941
29.9	n/a	0	1	14950
29.916	n/a	0	1	14958
29.932	n/a	0	1	14966
29.95	n/a	0	1	14975
29.966	n/a	0	1	14983
29.982	n/a	0	1	14991
30.0	n/a	0	1	15000
30.016	n/a	1	2	15008
30.032	n/a	1	2	15016
30.05	n/a	1	2	15025
30.066	n/a	1	2	15033
30.082	n/a	0	1	15041
30.1	n/a	0	1	15050
30.116	n/a	0	1	15058
30.132	n/a	0	1	15066
30.15	n/a	0	1	15075
30.166	n/a	0	1	15083
30.182	n/a	0	1	15091
30.2	n/a	0	1	15100
30.216	n/a	0	1	15108
30.232	n/a	0	1	15116
30.25	n/a	0	1	15125
30.266	n/a	0	1	15133
30.282	n/a	0	1	15141
30.3	n/a	0	1	15150
30.316	n/a	0	1	15158
30.332	n/a	0	1	15166
30.35	n/a	1	2	15175
30.366	n/a	1	2	15183
30.382	n/a	1	2	15191
30.4	n/a	1	2	15200
30.416	n/a	0	1	15208
30.432	n/a	0	1	15216
30.45	n/a	0	1	15225
30.466	n/a	0	1	15233
30.482	n/a	0	1	15241
30.5	n/a	0	1	15250
30.516	n/a	0	1	15258
30.532	n/a	0	1	15266
30.55	n/a	0	1	15275
30.566	n/a	0	1	15283
30.582	n/a	0	1	15291
30.6	n/a	0	1	15300
32.082	n/a	0	1	16041
32.1	n/a	0	1	16050
32.116	n/a	0	1	16058
32.132	n/a	0	1	16066
32.15	n/a	0	1	16075
32.166	n/a	0	1	16083
32.182	n/a	0	1	16091
32.2	n/a	0	1	16100
32.216	n/a	0	1	16108
32.232	n/a	0	1	16116
32.25	n/a	0	1	16125
32.266	n/a	0	1	16133
32.282	n/a	0	1	16141
32.298	n/a	0	1	16149
32.316	n/a	0	1	16158
32.332	n/a	1	2	16166
32.35	n/a	1	2	16175
32.366	n/a	1	2	16183
32.382	n/a	1	2	16191
32.4	n/a	0	1	16200
32.416	n/a	0	1	16208
32.432	n/a	0	1	16216
32.45	n/a	0	1	16225
32.466	n/a	0	1	16233
32.482	n/a	0	1	16241
32.5	n/a	0	1	16250
32.516	n/a	0	1	16258
32.532	n/a	0	1	16266
32.548	n/a	0	1	16274
32.566	n/a	0	1	16283
32.582	n/a	0	1	16291
32.6	n/a	0	1	16300
32.616	n/a	0	1	16308
32.632	n/a	0	1	16316
32.65	n/a	0	1	16325
32.666	n/a	0	1	16333
32.682	n/a	0	1	16341
32.7	n/a	0	1	16350
32.716	n/a	0	1	16358
32.732	n/a	0	1	16366
32.75	n/a	0	1	16375
32.766	n/a	1	2	16383
32.782	n/a	1	2	16391
32.8	n/a	1	2	16400
32.816	n/a	1	2	16408
32.832	n/a	0	1	16416
32.85	n/a	0	1	16425
32.866	n/a	0	1	16433
32.882	n/a	0	1	16441
32.9	n/a	0	1	16450
32.916	n/a	0	1	16458
32.932	n/a	0	1	16466
32.95	n/a	0	1	16475
32.966	n/a	0	1	16483
32.982	n/a	0	1	16491
33.0	n/a	0	1	16500
33.016	n/a	0	1	16508
33.032	n/a	0	1	16516
33.05	n/a	0	1	16525
33.066	n/a	0	1	16533
33.082	n/a	0	1	16541
33.1	n/a	0	1	16550
33.116	n/a	0	1	16558
33.132	n/a	0	1	16566
33.15	n/a	0	1	16575
33.166	n/a	0	1	16583
33.182	n/a	0	1	16591
33.2	n/a	0	1	16600
33.216	n/a	0	1	16608
33.232	n/a	1	2	16616
33.25	n/a	1	2	16625
33.266	n/a	1	2	16633
33.282	n/a	1	2	16641
33.3	n/a	0	1	16650
33.316	n/a	0	1	16658
33.332	n/a	0	1	16666
33.35	n/a	0	1	16675
33.366	n/a	0	1	16683
33.382	n/a	0	1	16691
33.4	n/a	0	1	16700
33.416	n/a	0	1	16708
33.432	n/a	0	1	16716
33.45	n/a	0	1	16725
33.466	n/a	0	1	16733
33.482	n/a	0	1	16741
33.5	n/a	0	1	16750
33.516	n/a	0	1	16758
33.532	n/a	1	2	16766
33.55	n/a	1	2	16775
33.566	n/a	1	2	16783
33.582	n/a	1	2	16791
33.6	n/a	0	1	16800
33.616	n/a	0	1	16808
33.632	n/a	0	1	16816
33.65	n/a	0	1	16825
33.666	n/a	0	1	16833
33.682	n/a	0	1	16841
33.7	n/a	0	1	16850
33.716	n/a	0	1	16858
33.732	n/a	0	1	16866
33.75	n/a	0	1	16875
33.766	n/a	0	1	16883
33.782	n/a	0	1	16891
33.8	n/a	0	1	16900
33.816	n/a	0	1	16908
33.832	n/a	0	1	16916
33.85	n/a	0	1	16925
33.866	n/a	0	1	16933
33.882	n/a	0	1	16941
33.9	n/a	0	1	16950
33.916	n/a	0	1	16958
33.932	n/a	0	1	16966
33.95	n/a	0	1	16975
33.966	n/a	1	2	16983
33.982	n/a	1	2	16991
34.0	n/a	1	2	17000
34.016	n/a	1	2	17008
36.732	n/a	0	1	18366
36.75	n/a	0	1	18375
36.766	n/a	0	1	18383
36.782	n/a	0	1	18391
36.8	n/a	0	1	18400
36.816	n/a	0	1	18408
36.832	n/a	0	1	18416
36.85	n/a	0	1	18425
36.866	n/a	0	1	18433
36.882	n/a	0	1	18441
36.9	n/a	0	1	18450
36.916	n/a	0	1	18458
36.932	n/a	0	1	18466
36.95	n/a	0	1	18475
36.966	n/a	0	1	18483
36.982	n/a	0	1	18491
37.0	n/a	0	1	18500
37.016	n/a	0	1	18508
37.032	n/a	0	1	18516
37.05	n/a	0	1	18525
37.066	n/a	0	1	18533
37.082	n/a	0	1	18541
37.1	n/a	0	1	18550
37.116	n/a	1	2	18558
37.132	n/a	1	2	18566
37.15	n/a	1	2	18575
37.166	n/a	1	2	18583
37.182	n/a	0	1	18591
37.2	n/a	0	1	18600
37.216	n/a	0	1	18608
37.232	n/a	0	1	18616
37.25	n/a	0	1	18625
37.266	n/a	0	1	18633
37.282	n/a	0	1	18641
37.3	n/a	0	1	18650
37.316	n/a	0	1	18658
37.332	n/a	0	1	18666
37.35	n/a	0	1	18675
37.366	n/a	0	1	18683
37.382	n/a	0	1	18691
37.4	n/a	0	1	18700
37.416	n/a	0	1	18708
37.432	n/a	0	1	18716
37.45	n/a	0	1	18725
37.466	n/a	0	1	18733
37.482	n/a	0	1	18741
37.5	n/a	1	2	18750
37.516	n/a	1	2	18758
37.532	n/a	1	2	18766
37.55	n/a	1	2	18775
37.566	n/a	0	1	18783
37.582	n/a	0	1	18791
37.6	n/a	0	1	18800
37.616	n/a	0	1	18808
37.632	n/a	0	1	18816
37.65	n/a	0	1	18825
37.666	n/a	0	1	18833
37.682	n/a	0	1	18841
37.7	n/a	0	1	18850
37.716	n/a	0	1	18858
37.732	n/a	0	1	18866
37.75	n/a	0	1	18875
37.766	n/a	0	1	18883
37.782	n/a	0	1	18891
37.8	n/a	1	2	18900
37.816	n/a	1	2	18908
37.832	n/a	1	2	18916
37.85	n/a	1	2	18925
37.866	n/a	0	1	18933
37.882	n/a	0	1	18941
37.9	n/a	0	1	18950
37.916	n/a	0	1	18958
37.932	n/a	0	1	18966
37.95	n/a	0	1	18975
37.966	n/a	0	1	18983
37.982	n/a	0	1	18991
38.0	n/a	0	1	19000
38.016	n/a	0	1	19008
38.032	n/a	0	1	19016
38.05	n/a	0	1	19025
38.066	n/a	0	1	19033
38.082	n/a	1	2	19041
38.1	n/a	1	2	19050
38.116	n/a	1	2	19058
38.132	n/a	1	2	19066
38.15	n/a	0	1	19075
38.166	n/a	0	1	19083
38.182	n/a	0	1	19091
38.2	n/a	0	1	19100
38.216	n/a	0	1	19108
38.232	n/a	0	1	19116
38.25	n/a	0	1	19125
38.266	n/a	0	1	19133
38.282	n/a	0	1	19141
38.3	n/a	0	1	19150
38.316	n/a	0	1	19158
38.332	n/a	0	1	19166
38.35	n/a	0	1	19175
38.366	n/a	0	1	19183
38.382	n/a	0	1	19191
38.4	n/a	0	1	19200
38.416	n/a	1	2	19208
38.432	n/a	1	2	19216
38.45	n/a	1	2	19225
38.466	n/a	1	2	19233
38.482	n/a	0	1	19241
38.5	n/a	0	1	19250
38.516	n/a	0	1	19258
38.532	n/a	0	1	19266
38.55	n/a	0	1	19275
38.566	n/a	0	1	19283
38.582	n/a	0	1	19291
38.6	n/a	0	1	19300
38.616	n/a	0	1	19308
38.632	n/a	0	1	19316
38.65	n/a	0	1	19325
38.666	n/a	0	1	19333
40.15	n/a	0	1	20075
40.166	n/a	0	1	20083
40.182	n/a	0	1	20091
40.2	n/a	0	1	20100
40.216	n/a	0	1	20108
40.232	n/a	0	1	20116
40.25	n/a	0	1	20125
40.266	n/a	0	1	20133
40.282	n/a	0	1	20141
40.3	n/a	0	1	20150
40.316	n/a	0	1	20158
40.332	n/a	0	1	20166
40.35	n/a	0	1	20175
40.366	n/a	0	1	20183
40.382	n/a	0	1	20191
40.4	n/a	0	1	20200
40.416	n/a	0	1	20208
40.432	n/a	0	1	20216
40.45	n/a	1	2	20225
40.466	n/a	1	2	20233
40.482	n/a	1	2	20241
40.5	n/a	1	2	20250
40.516	n/a	0	1	20258
40.532	n/a	0	1	20266
40.55	n/a	0	1	20275
40.566	n/a	0	1	20283
40.582	n/a	0	1	20291
40.6	n/a	0	1	20300
40.616	n/a	0	1	20308
40.632	n/a	0	1	20316
40.65	n/a	0	1	20325
40.666	n/a	0	1	20333
40.682	n/a	0	1	20341
40.7	n/a	0	1	20350
40.716	n/a	0	1	20358
40.732	n/a	0	1	20366
40.75	n/a	0	1	20375
40.766	n/a	0	1	20383
40.782	n/a	0	1	20391
40.8	n/a	0	1	20400
40.816	n/a	0	1	20408
40.832	n/a	0	1	20416
40.85	n/a	1	2	20425
40.866	n/a	1	2	20433
40.882	n/a	1	2	20441
40.9	n/a	1	2	20450
40.916	n/a	0	1	20458
40.932	n/a	0	1	20466
40.95	n/a	0	1	20475
40.966	n/a	0	1	20483
40.982	n/a	0	1	20491
41.0	n/a	0	1	20500
41.016	n/a	0	1	20508
41.032	n/a	0	1	20516
41.05	n/a	0	1	20525
41.066	n/a	0	1	20533
41.082	n/a	0	1	20541
41.1	n/a	0	1	20550
41.116	n/a	0	1	20558
41.132	n/a	1	2	20566
41.15	n/a	1	2	20575
41.166	n/a	1	2	20583
41.182	n/a	1	2	20591
41.2	n/a	0	1	20600
41.216	n/a	0	1	20608
41.232	n/a	0	1	20616
41.25	n/a	0	1	20625
41.266	n/a	0	1	20633
41.282	n/a	0	1	20641
41.3	n/a	0	1	20650
41.316	n/a	0	1	20658
41.332	n/a	0	1	20666
41.35	n/a	0	1	20675
41.366	n/a	0	1	20683
41.382	n/a	0	1	20691
41.4	n/a	0	1	20700
41.416	n/a	0	1	20708
41.432	n/a	0	1	20716
41.45	n/a	0	1	20725
41.466	n/a	0	1	20733
41.482	n/a	0	1	20741
41.5	n/a	1	2	20750
41.516	n/a	1	2	20758
41.532	n/a	1	2	20766
41.55	n/a	1	2	20775
41.566	n/a	0	1	20783
41.582	n/a	0	1	20791
41.6	n/a	0	1	20800
41.616	n/a	0	1	20808
41.632	n/a	0	1	20816
41.65	n/a	0	1	20825
41.666	n/a	0	1	20833
41.682	n/a	0	1	20841
41.7	n/a	0	1	20850
41.716	n/a	0	1	20858
41.732	n/a	0	1	20866
41.75	n/a	0	1	20875
41.766	n/a	0	1	20883
41.782	n/a	0	1	20891
41.8	n/a	0	1	20900
41.816	n/a	0	1	20908
41.832	n/a	0	1	20916
41.85	n/a	0	1	20925
41.866	n/a	0	1	20933
41.882	n/a	0	1	20941
41.9	n/a	0	1	20950
41.916	n/a	0	1	20958
41.932	n/a	0	1	20966
41.95	n/a	0	1	20975
41.966	n/a	1	2	20983
41.982	n/a	1	2	20991
42.0	n/a	1	2	21000
42.016	n/a	1	2	21008
42.032	n/a	0	1	21016
42.05	n/a	0	1	21025
42.066	n/a	0	1	21033
42.082	n/a	0	1	21041
43.566	n/a	0	1	21783
43.582	n/a	1	2	21791
43.6	n/a	1	2	21800
43.616	n/a	1	2	21808
43.632	n/a	1	2	21816
43.65	n/a	0	1	21825
43.666	n/a	0	1	21833
43.682	n/a	0	1	21841
43.7	n/a	0	1	21850
43.716	n/a	0	1	21858
43.732	n/a	0	1	21866
43.75	n/a	0	1	21875
43.766	n/a	0	1	21883
43.782	n/a	0	1	21891
43.8	n/a	0	1	21900
43.816	n/a	0	1	21908
43.832	n/a	0	1	21916
43.85	n/a	0	1	21925
43.866	n/a	0	1	21933
43.882	n/a	0	1	21941
43.9	n/a	0	1	21950
43.916	n/a	0	1	21958
43.932	n/a	0	1	21966
43.95	n/a	0	1	21975
43.966	n/a	0	1	21983
43.982	n/a	0	1	21991
44.0	n/a	0	1	22000
44.016	n/a	0	1	22008
44.032	n/a	0	1	22016
44.05	n/a	0	1	22025
44.066	n/a	1	2	22033
44.082	n/a	1	2	22041
44.1	n/a	1	2	22050
44.116	n/a	1	2	22058
44.132	n/a	0	1	22066
44.15	n/a	0	1	22075
44.166	n/a	0	1	22083
44.182	n/a	0	1	22091
44.2	n/a	0	1	22100
44.216	n/a	0	1	22108
44.232	n/a	0	1	22116
44.25	n/a	0	1	22125
44.266	n/a	0	1	22133
44.282	n/a	0	1	22141
44.3	n/a	0	1	22150
44.316	n/a	0	1	22158
44.332	n/a	0	1	22166
44.35	n/a	0	1	22175
44.366	n/a	0	1	22183
44.382	n/a	0	1	22191
44.4	n/a	0	1	22200
44.416	n/a	0	1	22208
44.432	n/a	0	1	22216
44.45	n/a	0	1	22225
44.466	n/a	0	1	22233
44.482	n/a	0	1	22241
44.5	n/a	0	1	22250
44.516	n/a	0	1	22258
44.532	n/a	1	2	22266
44.55	n/a	1	2	22275
44.566	n/a	1	2	22283
44.582	n/a	1	2	22291
44.6	n/a	0	1	22300
44.616	n/a	0	1	22308
44.632	n/a	0	1	22316
44.65	n/a	0	1	22325
44.666	n/a	0	1	22333
44.682	n/a	0	1	22341
44.7	n/a	0	1	22350
44.716	n/a	0	1	22358
44.732	n/a	0	1	22366
44.75	n/a	0	1	22375
44.766	n/a	0	1	22383
44.782	n/a	0	1	22391
44.8	n/a	0	1	22400
44.816	n/a	0	1	22408
44.832	n/a	0	1	22416
44.85	n/a	0	1	22425
44.866	n/a	0	1	22433
44.882	n/a	0	1	22441
44.9	n/a	0	1	22450
44.916	n/a	0	1	22458
44.932	n/a	0	1	22466
44.95	n/a	1	2	22475
44.966	n/a	1	2	22483
44.982	n/a	1	2	22491
45.0	n/a	1	2	22500
45.016	n/a	0	1	22508
45.032	n/a	0	1	22516
45.05	n/a	0	1	22525
45.066	n/a	0	1	22533
45.082	n/a	0	1	22541
45.1	n/a	0	1	22550
45.116	n/a	0	1	22558
45.132	n/a	0	1	22566
45.15	n/a	0	1	22575
45.166	n/a	0	1	22583
45.182	n/a	0	1	22591
45.2	n/a	0	1	22600
45.216	n/a	0	1	22608
45.232	n/a	0	1	22616
45.25	n/a	0	1	22625
45.266	n/a	0	1	22633
45.282	n/a	0	1	22641
45.3	n/a	0	1	22650
45.316	n/a	0	1	22658
45.332	n/a	0	1	22666
45.35	n/a	0	1	22675
45.366	n/a	0	1	22683
45.382	n/a	1	2	22691
45.4	n/a	1	2	22700
45.416	n/a	1	2	22708
45.432	n/a	1	2	22716
45.45	n/a	0	1	22725
45.466	n/a	0	1	22733
45.482	n/a	0	1	22741
45.5	n/a	0	1	22750
46.982	n/a	0	1	23491
47.0	n/a	0	1	23500
47.016	n/a	0	1	23508
47.032	n/a	0	1	23516
47.05	n/a	0	1	23525
47.066	n/a	0	1	23533
47.082	n/a	0	1	23541
47.1	n/a	0	1	23550
47.116	n/a	0	1	23558
47.132	n/a	0	1	23566
47.15	n/a	0	1	23575
47.166	n/a	0	1	23583
47.182	n/a	0	1	23591
47.2	n/a	0	1	23600
47.216	n/a	0	1	23608
47.232	n/a	1	2	23616
47.25	n/a	1	2	23625
47.266	n/a	1	2	23633
47.282	n/a	1	2	23641
47.3	n/a	0	1	23650
47.316	n/a	0	1	23658
47.332	n/a	0	1	23666
47.35	n/a	0	1	23675
47.366	n/a	0	1	23683
47.382	n/a	0	1	23691
47.4	n/a	0	1	23700
47.416	n/a	0	1	23708
47.432	n/a	0	1	23716
47.45	n/a	0	1	23725
47.466	n/a	0	1	23733
47.482	n/a	0	1	23741
47.5	n/a	0	1	23750
47.516	n/a	0	1	23758
47.532	n/a	0	1	23766
47.55	n/a	0	1	23775
47.566	n/a	0	1	23783
47.582	n/a	0	1	23791
47.6	n/a	0	1	23800
47.616	n/a	0	1	23808
47.632	n/a	0	1	23816
47.65	n/a	0	1	23825
47.666	n/a	1	2	23833
47.682	n/a	1	2	23841
47.7	n/a	1	2	23850
47.716	n/a	1	2	23858
47.732	n/a	0	1	23866
47.75	n/a	0	1	23875
47.766	n/a	0	1	23883
47.782	n/a	0	1	23891
47.8	n/a	0	1	23900
47.816	n/a	0	1	23908
47.832	n/a	0	1	23916
47.85	n/a	0	1	23925
47.866	n/a	0	1	23933
47.882	n/a	0	1	23941
47.9	n/a	0	1	23950
47.916	n/a	0	1	23958
47.932	n/a	0	1	23966
47.95	n/a	0	1	23975
47.966	n/a	0	1	23983
47.982	n/a	0	1	23991
48.0	n/a	0	1	24000
48.016	n/a	0	1	24008
48.032	n/a	0	1	24016
48.05	n/a	0	1	24025
48.066	n/a	0	1	24033
48.082	n/a	0	1	24041
48.1	n/a	0	1	24050
48.116	n/a	0	1	24058
48.132	n/a	1	2	24066
48.15	n/a	1	2	24075
48.166	n/a	1	2	24083
48.182	n/a	1	2	24091
48.2	n/a	0	1	24100
48.216	n/a	0	1	24108
48.232	n/a	0	1	24116
48.25	n/a	0	1	24125
48.266	n/a	0	1	24133
48.282	n/a	0	1	24141
48.3	n/a	0	1	24150
48.316	n/a	0	1	24158
48.332	n/a	0	1	24166
48.35	n/a	0	1	24175
48.366	n/a	0	1	24183
48.382	n/a	0	1	24191
48.4	n/a	0	1	24200
48.416	n/a	0	1	24208
48.432	n/a	1	2	24216
48.45	n/a	1	2	24225
48.466	n/a	1	2	24233
48.482	n/a	1	2	24241
48.5	n/a	0	1	24250
48.516	n/a	0	1	24258
48.532	n/a	0	1	24266
48.55	n/a	0	1	24275
48.566	n/a	0	1	24283
48.582	n/a	0	1	24291
48.6	n/a	0	1	24300
48.616	n/a	0	1	24308
48.632	n/a	0	1	24316
48.65	n/a	0	1	24325
48.666	n/a	0	1	24333
48.682	n/a	0	1	24341
48.7	n/a	0	1	24350
48.716	n/a	0	1	24358
48.732	n/a	0	1	24366
48.75	n/a	0	1	24375
48.766	n/a	0	1	24383
48.782	n/a	0	1	24391
48.8	n/a	0	1	24400
48.816	n/a	0	1	24408
48.832	n/a	0	1	24416
48.85	n/a	0	1	24425
48.866	n/a	1	2	24433
48.882	n/a	1	2	24441
48.9	n/a	1	2	24450
48.916	n/a	1	2	24458
51.466	n/a	0	1	25733
51.482	n/a	0	1	25741
51.5	n/a	0	1	25750
51.516	n/a	0	1	25758
51.532	n/a	0	1	25766
51.55	n/a	0	1	25775
51.566	n/a	0	1	25783
51.582	n/a	0	1	25791
51.6	n/a	0	1	25800
51.616	n/a	0	1	25808
51.632	n/a	0	1	25816
51.65	n/a	0	1	25825
51.666	n/a	0	1	25833
51.682	n/a	0	1	25841
51.7	n/a	0	1	25850
51.716	n/a	0	1	25858
51.732	n/a	0	1	25866
51.75	n/a	0	1	25875
51.766	n/a	0	1	25883
51.782	n/a	0	1	25891
51.8	n/a	0	1	25900
51.816	n/a	0	1	25908
51.832	n/a	0	1	25916
51.85	n/a	1	2	25925
51.866	n/a	1	2	25933
51.882	n/a	1	2	25941
51.9	n/a	1	2	25950
51.916	n/a	0	1	25958
51.932	n/a	0	1	25966
51.95	n/a	0	1	25975
51.966	n/a	0	1	25983
51.982	n/a	0	1	25991
52.0	n/a	0	1	26000
52.016	n/a	0	1	26008
52.032	n/a	0	1	26016
52.05	n/a	0	1	26025
52.066	n/a	0	1	26033
52.082	n/a	0	1	26041
52.1	n/a	0	1	26050
52.116	n/a	0	1	26058
52.132	n/a	0	1	26066
52.15	n/a	0	1	26075
52.166	n/a	0	1	26083
52.182	n/a	0	1	26091
52.2	n/a	0	1	26100
52.216	n/a	0	1	26108
52.232	n/a	1	2	26116
52.25	n/a	1	2	26125
52.266	n/a	1	2	26133
52.282	n/a	1	2	26141
52.3	n/a	0	1	26150
52.316	n/a	0	1	26158
52.332	n/a	0	1	26166
52.35	n/a	0	1	26175
52.366	n/a	0	1	26183
52.382	n/a	0	1	26191
52.4	n/a	0	1	26200
52.416	n/a	0	1	26208
52.432	n/a	0	1	26216
52.45	n/a	0	1	26225
52.466	n/a	0	1	26233
52.482	n/a	0	1	26241
52.5	n/a	0	1	26250
52.516	n/a	0	1	26258
52.532	n/a	1	2	26266
52.55	n/a	1	2	26275
52.566	n/a	1	2	26283
52.582	n/a	1	2	26291
52.6	n/a	0	1	26300
52.616	n/a	0	1	26308
52.632	n/a	0	1	26316
52.65	n/a	0	1	26325
52.666	n/a	0	1	26333
52.682	n/a	0	1	26341
52.7	n/a	0	1	26350
52.716	n/a	0	1	26358
52.732	n/a	0	1	26366
52.75	n/a	0	1	26375
52.766	n/a	0	1	26383
52.782	n/a	0	1	26391
52.8	n/a	0	1	26400
52.816	n/a	1	2	26408
52.832	n/a	1	2	26416
52.85	n/a	1	2	26425
52.866	n/a	1	2	26433
52.882	n/a	0	1	26441
52.9	n/a	0	1	26450
52.916	n/a	0	1	26458
52.932	n/a	0	1	26466
52.95	n/a	0	1	26475
52.966	n/a	0	1	26483
52.982	n/a	0	1	26491
53.0	n/a	0	1	26500
53.016	n/a	0	1	26508
53.032	n/a	0	1	26516
53.05	n/a	0	1	26525
53.066	n/a	0	1	26533
53.082	n/a	0	1	26541
53.1	n/a	0	1	26550
53.116	n/a	0	1	26558
53.132	n/a	0	1	26566
53.15	n/a	1	2	26575
53.166	n/a	1	2	26583
53.182	n/a	1	2	26591
53.2	n/a	1	2	26600
53.216	n/a	0	1	26608
53.232	n/a	0	1	26616
53.25	n/a	0	1	26625
53.266	n/a	0	1	26633
53.282	n/a	0	1	26641
53.3	n/a	0	1	26650
53.316	n/a	0	1	26658
53.332	n/a	0	1	26666
53.35	n/a	0	1	26675
53.366	n/a	0	1	26683
53.382	n/a	0	1	26691
53.4	n/a	0	1	26700
54.882	n/a	0	1	27441
54.9	n/a	0	1	27450
54.916	n/a	0	1	27458
54.932	n/a	0	1	27466
54.95	n/a	0	1	27475
54.966	n/a	0	1	27483
54.982	n/a	0	1	27491
55.0	n/a	0	1	27500
55.016	n/a	0	1	27508
55.032	n/a	0	1	27516
55.05	n/a	0	1	27525
55.066	n/a	0	1	27533
55.082	n/a	0	1	27541
55.1	n/a	0	1	27550
55.116	n/a	0	1	27558
55.132	n/a	1	2	27566
55.15	n/a	1	2	27575
55.166	n/a	1	2	27583
55.182	n/a	1	2	27591
55.2	n/a	0	1	27600
55.216	n/a	0	1	27608
55.232	n/a	0	1	27616
55.25	n/a	0	1	27625
55.266	n/a	0	1	27633
55.282	n/a	0	1	27641
55.3	n/a	0	1	27650
55.316	n/a	0	1	27658
55.332	n/a	0	1	27666
55.35	n/a	0	1	27675
55.366	n/a	0	1	27683
55.382	n/a	0	1	27691
55.4	n/a	0	1	27700
55.416	n/a	0	1	27708
55.432	n/a	0	1	27716
55.45	n/a	0	1	27725
55.466	n/a	0	1	27733
55.482	n/a	0	1	27741
55.5	n/a	0	1	27750
55.516	n/a	0	1	27758
55.532	n/a	0	1	27766
55.55	n/a	0	1	27775
55.566	n/a	1	2	27783
55.582	n/a	1	2	27791
55.6	n/a	1	2	27800
55.616	n/a	1	2	27808
55.632	n/a	0	1	27816
55.65	n/a	0	1	27825
55.666	n/a	0	1	27833
55.682	n/a	0	1	27841
55.7	n/a	0	1	27850
55.716	n/a	0	1	27858
55.732	n/a	0	1	27866
55.75	n/a	0	1	27875
55.766	n/a	0	1	27883
55.782	n/a	0	1	27891
55.8	n/a	0	1	27900
55.816	n/a	0	1	27908
55.832	n/a	0	1	27916
55.85	n/a	0	1	27925
55.866	n/a	0	1	27933
55.882	n/a	0	1	27941
55.9	n/a	0	1	27950
55.916	n/a	0	1	27958
55.932	n/a	0	1	27966
55.95	n/a	0	1	27975
55.966	n/a	0	1	27983
55.982	n/a	0	1	27991
56.0	n/a	0	1	28000
56.016	n/a	0	1	28008
56.032	n/a	1	2	28016
56.05	n/a	1	2	28025
56.066	n/a	1	2	28033
56.082	n/a	1	2	28041
56.1	n/a	0	1	28050
56.116	n/a	0	1	28058
56.132	n/a	0	1	28066
56.15	n/a	0	1	28075
56.166	n/a	0	1	28083
56.182	n/a	0	1	28091
56.2	n/a	0	1	28100
56.216	n/a	0	1	28108
56.232	n/a	0	1	28116
56.25	n/a	0	1	28125
56.266	n/a	0	1	28133
56.282	n/a	0	1	28141
56.3	n/a	0	1	28150
56.316	n/a	0	1	28158
56.332	n/a	1	2	28166
56.35	n/a	1	2	28175
56.366	n/a	1	2	28183
56.382	n/a	1	2	28191
56.4	n/a	0	1	28200
56.416	n/a	0	1	28208
56.432	n/a	0	1	28216
56.45	n/a	0	1	28225
56.466	n/a	0	1	28233
56.482	n/a	0	1	28241
56.5	n/a	0	1	28250
56.516	n/a	0	1	28258
56.532	n/a	0	1	28266
56.55	n/a	0	1	28275
56.566	n/a	0	1	28283
56.582	n/a	0	1	28291
56.6	n/a	0	1	28300
56.616	n/a	0	1	28308
56.632	n/a	0	1	28316
56.65	n/a	0	1	28325
56.666	n/a	0	1	28333
56.682	n/a	0	1	28341
56.7	n/a	0	1	28350
56.716	n/a	0	1	28358
56.732	n/a	0	1	28366
56.75	n/a	0	1	28375
56.766	n/a	1	2	28383
56.782	n/a	1	2	28391
56.8	n/a	1	2	28400
56.816	n/a	1	2	28408
58.3	n/a	0	1	29150
58.316	n/a	1	2	29158
58.332	n/a	1	2	29166
58.35	n/a	1	2	29175
58.366	n/a	1	2	29183
58.382	n/a	0	1	29191
58.4	n/a	0	1	29200
58.416	n/a	0	1	29208
58.432	n/a	0	1	29216
58.45	n/a	0	1	29225
58.466	n/a	0	1	29233
58.482	n/a	0	1	29241
58.5	n/a	0	1	29250
58.516	n/a	0	1	29258
58.532	n/a	0	1	29266
58.55	n/a	0	1	29275
58.566	n/a	0	1	29283
58.582	n/a	0	1	29291
58.6	n/a	0	1	29300
58.616	n/a	0	1	29308
58.632	n/a	0	1	29316
58.65	n/a	0	1	29325
58.666	n/a	0	1	29333
58.682	n/a	0	1	29341
58.7	n/a	0	1	29350
58.716	n/a	0	1	29358
58.732	n/a	0	1	29366
58.75	n/a	0	1	29375
58.766	n/a	0	1	29383
58.782	n/a	0	1	29391
58.8	n/a	1	2	29400
58.816	n/a	1	2	29408
58.832	n/a	1	2	29416
58.85	n/a	1	2	29425
58.866	n/a	0	1	29433
58.882	n/a	0	1	29441
58.9	n/a	0	1	29450
58.916	n/a	0	1	29458
58.932	n/a	0	1	29466
58.95	n/a	0	1	29475
58.966	n/a	0	1	29483
58.982	n/a	0	1	29491
59.0	n/a	0	1	29500
59.016	n/a	0	1	29508
59.032	n/a	0	1	29516
59.05	n/a	0	1	29525
59.066	n/a	0	1	29533
59.082	n/a	0	1	29541
59.1	n/a	0	1	29550
59.116	n/a	0	1	29558
59.132	n/a	0	1	29566
59.15	n/a	0	1	29575
59.166	n/a	0	1	29583
59.182	n/a	0	1	29591
59.2	n/a	0	1	29600
59.216	n/a	0	1	29608
59.232	n/a	0	1	29616
59.25	n/a	0	1	29625
59.266	n/a	1	2	29633
59.282	n/a	1	2	29641
59.3	n/a	1	2	29650
59.316	n/a	1	2	29658
59.332	n/a	0	1	29666
59.35	n/a	0	1	29675
59.366	n/a	0	1	29683
59.382	n/a	0	1	29691
59.4	n/a	0	1	29700
59.416	n/a	0	1	29708
59.432	n/a	0	1	29716
59.45	n/a	0	1	29725
59.466	n/a	0	1	29733
59.482	n/a	0	1	29741
59.5	n/a	0	1	29750
59.516	n/a	0	1	29758
59.532	n/a	0	1	29766
59.55	n/a	0	1	29775
59.566	n/a	0	1	29783
59.582	n/a	0	1	29791
59.6	n/a	0	1	29800
59.616	n/a	0	1	29808
59.632	n/a	0	1	29816
59.65	n/a	0	1	29825
59.666	n/a	0	1	29833
59.682	n/a	1	2	29841
59.7	n/a	1	2	29850
59.716	n/a	1	2	29858
59.732	n/a	1	2	29866
59.75	n/a	0	1	29875
59.766	n/a	0	1	29883
59.782	n/a	0	1	29891
59.8	n/a	0	1	29900
59.816	n/a	0	1	29908
59.832	n/a	0	1	29916
59.85	n/a	0	1	29925
59.866	n/a	0	1	29933
59.882	n/a	0	1	29941
59.9	n/a	0	1	29950
59.916	n/a	0	1	29958
59.932	n/a	0	1	29966
59.95	n/a	0	1	29975
59.966	n/a	0	1	29983
59.982	n/a	0	1	29991
60.0	n/a	0	1	30000
60.016	n/a	0	1	30008
60.032	n/a	0	1	30016
60.05	n/a	0	1	30025
60.066	n/a	0	1	30033
60.082	n/a	0	1	30041
60.1	n/a	0	1	30050
60.116	n/a	1	2	30058
60.132	n/a	1	2	30066
60.15	n/a	1	2	30075
60.166	n/a	1	2	30083
60.182	n/a	0	1	30091
60.2	n/a	0	1	30100
60.216	n/a	0	1	30108
60.232	n/a	0	1	30116
61.7	n/a	0	1	30850
61.716	n/a	0	1	30858
61.732	n/a	0	1	30866
61.75	n/a	0	1	30875
61.766	n/a	0	1	30883
61.782	n/a	0	1	30891
61.8	n/a	0	1	30900
61.816	n/a	0	1	30908
61.832	n/a	0	1	30916
61.85	n/a	0	1	30925
61.866	n/a	0	1	30933
61.882	n/a	0	1	30941
61.9	n/a	0	1	30950
61.916	n/a	0	1	30958
61.932	n/a	0	1	30966
61.95	n/a	0	1	30975
61.966	n/a	0	1	30983
61.982	n/a	0	1	30991
62.0	n/a	1	2	31000
62.016	n/a	1	2	31008
62.032	n/a	1	2	31016
62.05	n/a	1	2	31025
62.066	n/a	0	1	31033
62.082	n/a	0	1	31041
62.1	n/a	0	1	31050
62.116	n/a	0	1	31058
62.132	n/a	0	1	31066
62.15	n/a	0	1	31075
62.166	n/a	0	1	31083
62.182	n/a	0	1	31091
62.2	n/a	0	1	31100
62.216	n/a	0	1	31108
62.232	n/a	0	1	31116
62.25	n/a	0	1	31125
62.266	n/a	0	1	31133
62.282	n/a	0	1	31141
62.3	n/a	0	1	31150
62.316	n/a	0	1	31158
62.332	n/a	0	1	31166
62.35	n/a	0	1	31175
62.366	n/a	0	1	31183
62.382	n/a	0	1	31191
62.4	n/a	1	2	31200
62.416	n/a	1	2	31208
62.432	n/a	1	2	31216
62.45	n/a	1	2	31225
62.466	n/a	0	1	31233
62.482	n/a	0	1	31241
62.5	n/a	0	1	31250
62.516	n/a	0	1	31258
62.532	n/a	0	1	31266
62.55	n/a	0	1	31275
62.566	n/a	0	1	31283
62.582	n/a	0	1	31291
62.6	n/a	0	1	31300
62.616	n/a	0	1	31308
62.632	n/a	0	1	31316
62.65	n/a	0	1	31325
62.666	n/a	0	1	31333
62.682	n/a	1	2	31341
62.7	n/a	1	2	31350
62.716	n/a	1	2	31358
62.732	n/a	1	2	31366
62.75	n/a	0	1	31375
62.766	n/a	0	1	31383
62.782	n/a	0	1	31391
62.8	n/a	0	1	31400
62.816	n/a	0	1	31408
62.832	n/a	0	1	31416
62.85	n/a	0	1	31425
62.866	n/a	0	1	31433
62.882	n/a	0	1	31441
62.9	n/a	0	1	31450
62.916	n/a	0	1	31458
62.932	n/a	0	1	31466
62.95	n/a	0	1	31475
62.966	n/a	0	1	31483
62.982	n/a	0	1	31491
63.0	n/a	0	1	31500
63.016	n/a	0	1	31508
63.032	n/a	0	1	31516
63.05	n/a	1	2	31525
63.066	n/a	1	2	31533
63.082	n/a	1	2	31541
63.1	n/a	1	2	31550
63.116	n/a	0	1	31558
63.132	n/a	0	1	31566
63.15	n/a	0	1	31575
63.166	n/a	0	1	31583
63.182	n/a	0	1	31591
63.2	n/a	0	1	31600
63.216	n/a	0	1	31608
63.232	n/a	0	1	31616
63.25	n/a	0	1	31625
63.266	n/a	0	1	31633
63.282	n/a	0	1	31641
63.3	n/a	0	1	31650
63.316	n/a	0	1	31658
63.332	n/a	0	1	31666
63.35	n/a	0	1	31675
63.366	n/a	0	1	31683
63.382	n/a	0	1	31691
63.4	n/a	0	1	31700
63.416	n/a	0	1	31708
63.432	n/a	0	1	31716
63.45	n/a	0	1	31725
63.466	n/a	0	1	31733
63.482	n/a	0	1	31741
63.5	n/a	0	1	31750
63.516	n/a	1	2	31758
63.532	n/a	1	2	31766
63.55	n/a	1	2	31775
63.566	n/a	1	2	31783
63.582	n/a	0	1	31791
63.6	n/a	0	1	31800
63.616	n/a	0	1	31808
63.632	n/a	0	1	31816
66.3	n/a	0	1	33150
66.316	n/a	1	2	33158
66.332	n/a	1	2	33166
66.35	n/a	1	2	33175
66.366	n/a	1	2	33183
66.382	n/a	0	1	33191
66.4	n/a	0	1	33200
66.416	n/a	0	1	33208
66.432	n/a	0	1	33216
66.45	n/a	0	1	33225
66.466	n/a	0	1	33233
66.482	n/a	0	1	33241
66.5	n/a	0	1	33250
66.516	n/a	0	1	33258
66.532	n/a	0	1	33266
66.55	n/a	0	1	33275
66.566	n/a	0	1	33283
66.582	n/a	0	1	33291
66.6	n/a	0	1	33300
66.616	n/a	0	1	33308
66.632	n/a	0	1	33316
66.65	n/a	0	1	33325
66.666	n/a	0	1	33333
66.682	n/a	0	1	33341
66.7	n/a	0	1	33350
66.716	n/a	0	1	33358
66.732	n/a	0	1	33366
66.75	n/a	0	1	33375
66.766	n/a	0	1	33383
66.782	n/a	0	1	33391
66.8	n/a	1	2	33400
66.816	n/a	1	2	33408
66.832	n/a	1	2	33416
66.85	n/a	1	2	33425
66.866	n/a	0	1	33433
66.882	n/a	0	1	33441
66.9	n/a	0	1	33450
66.916	n/a	0	1	33458
66.932	n/a	0	1	33466
66.95	n/a	0	1	33475
66.966	n/a	0	1	33483
66.982	n/a	0	1	33491
67.0	n/a	0	1	33500
67.016	n/a	0	1	33508
67.032	n/a	0	1	33516
67.05	n/a	0	1	33525
67.066	n/a	0	1	33533
67.082	n/a	0	1	33541
67.1	n/a	0	1	33550
67.116	n/a	0	1	33558
67.132	n/a	0	1	33566
67.15	n/a	0	1	33575
67.166	n/a	0	1	33583
67.182	n/a	0	1	33591
67.2	n/a	0	1	33600
67.216	n/a	0	1	33608
67.232	n/a	0	1	33616
67.25	n/a	0	1	33625
67.266	n/a	1	2	33633
67.282	n/a	1	2	33641
67.3	n/a	1	2	33650
67.316	n/a	1	2	33658
67.332	n/a	0	1	33666
67.35	n/a	0	1	33675
67.366	n/a	0	1	33683
67.382	n/a	0	1	33691
67.4	n/a	0	1	33700
67.416	n/a	0	1	33708
67.432	n/a	0	1	33716
67.45	n/a	0	1	33725
67.466	n/a	0	1	33733
67.482	n/a	0	1	33741
67.5	n/a	0	1	33750
67.516	n/a	0	1	33758
67.532	n/a	0	1	33766
67.55	n/a	0	1	33775
67.566	n/a	0	1	33783
67.582	n/a	0	1	33791
67.6	n/a	0	1	33800
67.616	n/a	0	1	33808
67.632	n/a	0	1	33816
67.65	n/a	0	1	33825
67.666	n/a	0	1	33833
67.682	n/a	1	2	33841
67.7	n/a	1	2	33850
67.716	n/a	1	2	33858
67.732	n/a	1	2	33866
67.75	n/a	0	1	33875
67.766	n/a	0	1	33883
67.782	n/a	0	1	33891
67.8	n/a	0	1	33900
67.816	n/a	0	1	33908
67.832	n/a	0	1	33916
67.85	n/a	0	1	33925
67.866	n/a	0	1	33933
67.882	n/a	0	1	33941
67.9	n/a	0	1	33950
67.916	n/a	0	1	33958
67.932	n/a	0	1	33966
67.95	n/a	0	1	33975
67.966	n/a	0	1	33983
67.982	n/a	0	1	33991
68.0	n/a	0	1	34000
68.016	n/a	0	1	34008
68.032	n/a	0	1	34016
68.05	n/a	0	1	34025
68.066	n/a	0	1	34033
68.082	n/a	0	1	34041
68.1	n/a	0	1	34050
68.116	n/a	1	2	34058
68.132	n/a	1	2	34066
68.15	n/a	1	2	34075
68.166	n/a	1	2	34083
68.182	n/a	0	1	34091
68.2	n/a	0	1	34100
68.216	n/a	0	1	34108
68.232	n/a	0	1	34116
69.7	n/a	0	1	34850
69.716	n/a	0	1	34858
69.732	n/a	0	1	34866
69.75	n/a	0	1	34875
69.766	n/a	0	1	34883
69.782	n/a	0	1	34891
69.8	n/a	0	1	34900
69.816	n/a	0	1	34908
69.832	n/a	0	1	34916
69.85	n/a	0	1	34925
69.866	n/a	0	1	34933
69.882	n/a	0	1	34941
69.9	n/a	0	1	34950
69.916	n/a	0	1	34958
69.932	n/a	0	1	34966
69.95	n/a	1	2	34975
69.966	n/a	1	2	34983
69.982	n/a	1	2	34991
70.0	n/a	1	2	35000
70.016	n/a	0	1	35008
70.032	n/a	0	1	35016
70.05	n/a	0	1	35025
70.066	n/a	0	1	35033
70.082	n/a	0	1	35041
70.1	n/a	0	1	35050
70.116	n/a	0	1	35058
70.132	n/a	0	1	35066
70.15	n/a	0	1	35075
70.166	n/a	0	1	35083
70.182	n/a	0	1	35091
70.2	n/a	0	1	35100
70.216	n/a	0	1	35108
70.232	n/a	0	1	35116
70.25	n/a	0	1	35125
70.266	n/a	0	1	35133
70.282	n/a	0	1	35141
70.3	n/a	0	1	35150
70.316	n/a	0	1	35158
70.332	n/a	0	1	35166
70.35	n/a	0	1	35175
70.366	n/a	0	1	35183
70.382	n/a	1	2	35191
70.4	n/a	1	2	35200
70.416	n/a	1	2	35208
70.432	n/a	1	2	35216
70.45	n/a	0	1	35225
70.466	n/a	0	1	35233
70.482	n/a	0	1	35241
70.5	n/a	0	1	35250
70.516	n/a	0	1	35258
70.532	n/a	0	1	35266
70.55	n/a	0	1	35275
70.566	n/a	0	1	35283
70.582	n/a	0	1	35291
70.6	n/a	0	1	35300
70.616	n/a	0	1	35308
70.632	n/a	0	1	35316
70.65	n/a	0	1	35325
70.666	n/a	0	1	35333
70.682	n/a	0	1	35341
70.7	n/a	0	1	35350
70.716	n/a	0	1	35358
70.732	n/a	0	1	35366
70.75	n/a	0	1	35375
70.766	n/a	0	1	35383
70.782	n/a	0	1	35391
70.8	n/a	0	1	35400
70.816	n/a	0	1	35408
70.832	n/a	0	1	35416
70.85	n/a	1	2	35425
70.866	n/a	1	2	35433
70.882	n/a	1	2	35441
70.9	n/a	1	2	35450
70.916	n/a	0	1	35458
70.932	n/a	0	1	35466
70.95	n/a	0	1	35475
70.966	n/a	0	1	35483
70.982	n/a	0	1	35491
71.0	n/a	0	1	35500
71.016	n/a	0	1	35508
71.032	n/a	0	1	35516
71.05	n/a	0	1	35525
71.066	n/a	0	1	35533
71.082	n/a	0	1	35541
71.1	n/a	0	1	35550
71.116	n/a	0	1	35558
71.132	n/a	0	1	35566
71.15	n/a	1	2	35575
71.166	n/a	1	2	35583
71.182	n/a	1	2	35591
71.2	n/a	1	2	35600
71.216	n/a	0	1	35608
71.232	n/a	0	1	35616
71.25	n/a	0	1	35625
71.266	n/a	0	1	35633
71.282	n/a	0	1	35641
71.3	n/a	0	1	35650
71.316	n/a	0	1	35658
71.332	n/a	0	1	35666
71.35	n/a	0	1	35675
71.366	n/a	0	1	35683
71.382	n/a	0	1	35691
71.4	n/a	0	1	35700
71.416	n/a	0	1	35708
71.432	n/a	0	1	35716
71.45	n/a	0	1	35725
71.466	n/a	0	1	35733
71.482	n/a	0	1	35741
71.5	n/a	0	1	35750
71.516	n/a	0	1	35758
71.532	n/a	0	1	35766
71.55	n/a	0	1	35775
71.566	n/a	0	1	35783
71.582	n/a	1	2	35791
71.6	n/a	1	2	35800
71.616	n/a	1	2	35808
71.632	n/a	1	2	35816
73.132	n/a	0	1	36566
73.15	n/a	0	1	36575
73.166	n/a	0	1	36583
73.182	n/a	0	1	36591
73.2	n/a	0	1	36600
73.216	n/a	0	1	36608
73.232	n/a	0	1	36616
73.25	n/a	0	1	36625
73.266	n/a	0	1	36633
73.282	n/a	0	1	36641
73.3	n/a	0	1	36650
73.316	n/a	0	1	36658
73.332	n/a	0	1	36666
73.35	n/a	0	1	36675
73.366	n/a	0	1	36683
73.382	n/a	0	1	36691
73.4	n/a	0	1	36700
73.416	n/a	0	1	36708
73.432	n/a	1	2	36716
73.45	n/a	1	2	36725
73.466	n/a	1	2	36733
73.482	n/a	1	2	36741
73.5	n/a	0	1	36750
73.516	n/a	0	1	36758
73.532	n/a	0	1	36766
73.55	n/a	0	1	36775
73.566	n/a	0	1	36783
73.582	n/a	0	1	36791
73.6	n/a	0	1	36800
73.616	n/a	0	1	36808
73.632	n/a	0	1	36816
73.65	n/a	0	1	36825
73.666	n/a	0	1	36833
73.682	n/a	0	1	36841
73.7	n/a	0	1	36850
73.716	n/a	0	1	36858
73.732	n/a	0	1	36866
73.75	n/a	0	1	36875
73.766	n/a	0	1	36883
73.782	n/a	0	1	36891
73.8	n/a	0	1	36900
73.816	n/a	0	1	36908
73.832	n/a	1	2	36916
73.85	n/a	1	2	36925
73.866	n/a	1	2	36933
73.882	n/a	1	2	36941
73.9	n/a	0	1	36950
73.916	n/a	0	1	36958
73.932	n/a	0	1	36966
73.95	n/a	0	1	36975
73.966	n/a	0	1	36983
73.982	n/a	0	1	36991
74.0	n/a	0	1	37000
74.016	n/a	0	1	37008
74.032	n/a	0	1	37016
74.05	n/a	0	1	37025
74.066	n/a	0	1	37033
74.082	n/a	0	1	37041
74.1	n/a	0	1	37050
74.116	n/a	1	2	37058
74.132	n/a	1	2	37066
74.15	n/a	1	2	37075
74.166	n/a	1	2	37083
74.182	n/a	0	1	37091
74.2	n/a	0	1	37100
74.216	n/a	0	1	37108
74.232	n/a	0	1	37116
74.25	n/a	0	1	37125
74.266	n/a	0	1	37133
74.282	n/a	0	1	37141
74.3	n/a	0	1	37150
74.316	n/a	0	1	37158
74.332	n/a	0	1	37166
74.35	n/a	0	1	37175
74.366	n/a	0	1	37183
74.382	n/a	0	1	37191
74.4	n/a	0	1	37200
74.416	n/a	0	1	37208
74.432	n/a	0	1	37216
74.45	n/a	0	1	37225
74.466	n/a	0	1	37233
74.482	n/a	1	2	37241
74.5	n/a	1	2	37250
74.516	n/a	1	2	37258
74.532	n/a	1	2	37266
74.55	n/a	0	1	37275
74.566	n/a	0	1	37283
74.582	n/a	0	1	37291
74.6	n/a	0	1	37300
74.616	n/a	0	1	37308
74.632	n/a	0	1	37316
74.65	n/a	0	1	37325
74.666	n/a	0	1	37333
74.682	n/a	0	1	37341
74.7	n/a	0	1	37350
74.716	n/a	0	1	37358
74.732	n/a	0	1	37366
74.75	n/a	0	1	37375
74.766	n/a	0	1	37383
74.782	n/a	0	1	37391
74.8	n/a	0	1	37400
74.816	n/a	0	1	37408
74.832	n/a	0	1	37416
74.85	n/a	0	1	37425
74.866	n/a	0	1	37433
74.882	n/a	0	1	37441
74.9	n/a	0	1	37450
74.916	n/a	0	1	37458
74.932	n/a	0	1	37466
74.95	n/a	1	2	37475
74.966	n/a	1	2	37483
74.982	n/a	1	2	37491
75.0	n/a	1	2	37500
75.016	n/a	0	1	37508
75.032	n/a	0	1	37516
75.05	n/a	0	1	37525
75.066	n/a	0	1	37533
76.55	n/a	0	1	38275
76.566	n/a	0	1	38283
76.582	n/a	0	1	38291
76.6	n/a	0	1	38300
76.616	n/a	0	1	38308
76.632	n/a	0	1	38316
76.65	n/a	0	1	38325
76.666	n/a	0	1	38333
76.682	n/a	0	1	38341
76.7	n/a	0	1	38350
76.716	n/a	0	1	38358
76.732	n/a	0	1	38366
76.75	n/a	0	1	38375
76.766	n/a	0	1	38383
76.782	n/a	0	1	38391
76.8	n/a	0	1	38400
76.816	n/a	0	1	38408
76.832	n/a	0	1	38416
76.85	n/a	0	1	38425
76.866	n/a	0	1	38433
76.882	n/a	0	1	38441
76.9	n/a	0	1	38450
76.916	n/a	0	1	38458
76.932	n/a	1	2	38466
76.95	n/a	1	2	38475
76.966	n/a	1	2	38483
76.982	n/a	1	2	38491
77.0	n/a	0	1	38500
77.016	n/a	0	1	38508
77.032	n/a	0	1	38516
77.05	n/a	0	1	38525
77.066	n/a	0	1	38533
77.082	n/a	0	1	38541
77.1	n/a	0	1	38550
77.116	n/a	0	1	38558
77.132	n/a	0	1	38566
77.15	n/a	0	1	38575
77.166	n/a	0	1	38583
77.182	n/a	0	1	38591
77.2	n/a	0	1	38600
77.216	n/a	0	1	38608
77.232	n/a	0	1	38616
77.25	n/a	0	1	38625
77.266	n/a	0	1	38633
77.282	n/a	0	1	38641
77.3	n/a	0	1	38650
77.316	n/a	1	2	38658
77.332	n/a	1	2	38666
77.35	n/a	1	2	38675
77.366	n/a	1	2	38683
77.382	n/a	0	1	38691
77.4	n/a	0	1	38700
77.416	n/a	0	1	38708
77.432	n/a	0	1	38716
77.45	n/a	0	1	38725
77.466	n/a	0	1	38733
77.482	n/a	0	1	38741
77.5	n/a	0	1	38750
77.516	n/a	0	1	38758
77.532	n/a	0	1	38766
77.55	n/a	0	1	38775
77.566	n/a	0	1	38783
77.582	n/a	0	1	38791
77.6	n/a	0	1	38800
77.616	n/a	1	2	38808
77.632	n/a	1	2	38816
77.65	n/a	1	2	38825
77.666	n/a	1	2	38833
77.682	n/a	0	1	38841
77.7	n/a	0	1	38850
77.716	n/a	0	1	38858
77.732	n/a	0	1	38866
77.75	n/a	0	1	38875
77.766	n/a	0	1	38883
77.782	n/a	0	1	38891
77.8	n/a	0	1	38900
77.816	n/a	0	1	38908
77.832	n/a	0	1	38916
77.85	n/a	0	1	38925
77.866	n/a	0	1	38933
77.882	n/a	0	1	38941
77.9	n/a	1	2	38950
77.916	n/a	1	2	38958
77.932	n/a	1	2	38966
77.95	n/a	1	2	38975
77.966	n/a	0	1	38983
77.982	n/a	0	1	38991
78.0	n/a	0	1	39000
78.016	n/a	0	1	39008
78.032	n/a	0	1	39016
78.05	n/a	0	1	39025
78.066	n/a	0	1	39033
78.082	n/a	0	1	39041
78.1	n/a	0	1	39050
78.116	n/a	0	1	39058
78.132	n/a	0	1	39066
78.15	n/a	0	1	39075
78.166	n/a	0	1	39083
78.182	n/a	0	1	39091
78.2	n/a	0	1	39100
78.216	n/a	0	1	39108
78.232	n/a	1	2	39116
78.25	n/a	1	2	39125
78.266	n/a	1	2	39133
78.282	n/a	1	2	39141
78.3	n/a	0	1	39150
78.316	n/a	0	1	39158
78.332	n/a	0	1	39166
78.35	n/a	0	1	39175
78.366	n/a	0	1	39183
78.382	n/a	0	1	39191
78.4	n/a	0	1	39200
78.416	n/a	0	1	39208
78.432	n/a	0	1	39216
78.45	n/a	0	1	39225
78.466	n/a	0	1	39233
78.482	n/a	0	1	39241
80.9	n/a	0	1	40450
80.916	n/a	0	1	40458
80.932	n/a	0	1	40466
80.95	n/a	0	1	40475
80.966	n/a	0	1	40483
80.982	n/a	0	1	40491
81.0	n/a	0	1	40500
81.016	n/a	0	1	40508
81.032	n/a	0	1	40516
81.05	n/a	0	1	40525
81.066	n/a	0	1	40533
81.082	n/a	0	1	40541
81.1	n/a	0	1	40550
81.116	n/a	0	1	40558
81.132	n/a	0	1	40566
81.15	n/a	1	2	40575
81.166	n/a	1	2	40583
81.182	n/a	1	2	40591
81.2	n/a	1	2	40600
81.216	n/a	0	1	40608
81.232	n/a	0	1	40616
81.25	n/a	0	1	40625
81.266	n/a	0	1	40633
81.282	n/a	0	1	40641
81.3	n/a	0	1	40650
81.316	n/a	0	1	40658
81.332	n/a	0	1	40666
81.35	n/a	0	1	40675
81.366	n/a	0	1	40683
81.382	n/a	0	1	40691
81.4	n/a	0	1	40700
81.416	n/a	0	1	40708
81.432	n/a	0	1	40716
81.45	n/a	0	1	40725
81.466	n/a	0	1	40733
81.482	n/a	0	1	40741
81.5	n/a	0	1	40750
81.516	n/a	0	1	40758
81.532	n/a	0	1	40766
81.55	n/a	0	1	40775
81.566	n/a	0	1	40783
81.582	n/a	1	2	40791
81.6	n/a	1	2	40800
81.616	n/a	1	2	40808
81.632	n/a	1	2	40816
81.65	n/a	0	1	40825
81.666	n/a	0	1	40833
81.682	n/a	0	1	40841
81.7	n/a	0	1	40850
81.716	n/a	0	1	40858
81.732	n/a	0	1	40866
81.75	n/a	0	1	40875
81.766	n/a	0	1	40883
81.782	n/a	0	1	40891
81.8	n/a	0	1	40900
81.816	n/a	0	1	40908
81.832	n/a	0	1	40916
81.85	n/a	0	1	40925
81.866	n/a	0	1	40933
81.882	n/a	0	1	40941
81.9	n/a	0	1	40950
81.916	n/a	0	1	40958
81.932	n/a	0	1	40966
81.95	n/a	0	1	40975
81.966	n/a	0	1	40983
81.982	n/a	0	1	40991
82.0	n/a	0	1	41000
82.016	n/a	0	1	41008
82.032	n/a	0	1	41016
82.05	n/a	1	2	41025
82.066	n/a	1	2	41033
82.082	n/a	1	2	41041
82.1	n/a	1	2	41050
82.116	n/a	0	1	41058
82.132	n/a	0	1	41066
82.15	n/a	0	1	41075
82.166	n/a	0	1	41083
82.182	n/a	0	1	41091
82.2	n/a	0	1	41100
82.216	n/a	0	1	41108
82.232	n/a	0	1	41116
82.25	n/a	0	1	41125
82.266	n/a	0	1	41133
82.282	n/a	0	1	41141
82.3	n/a	0	1	41150
82.316	n/a	0	1	41158
82.332	n/a	0	1	41166
82.35	n/a	1	2	41175
82.366	n/a	1	2	41183
82.382	n/a	1	2	41191
82.4	n/a	1	2	41200
82.416	n/a	0	1	41208
82.432	n/a	0	1	41216
82.45	n/a	0	1	41225
82.466	n/a	0	1	41233
82.482	n/a	0	1	41241
82.5	n/a	0	1	41250
82.516	n/a	0	1	41258
82.532	n/a	0	1	41266
82.55	n/a	0	1	41275
82.566	n/a	0	1	41283
82.582	n/a	0	1	41291
82.6	n/a	0	1	41300
82.616	n/a	0	1	41308
82.632	n/a	0	1	41316
82.65	n/a	0	1	41325
82.666	n/a	0	1	41333
82.682	n/a	0	1	41341
82.7	n/a	0	1	41350
82.716	n/a	0	1	41358
82.732	n/a	0	1	41366
82.75	n/a	0	1	41375
82.766	n/a	0	1	41383
82.782	n/a	1	2	41391
82.8	n/a	1	2	41400
82.816	n/a	1	2	41408
82.832	n/a	1	2	41416
84.332	n/a	0	1	42166
84.35	n/a	1	2	42175
84.366	n/a	1	2	42183
84.382	n/a	1	2	42191
84.4	n/a	1	2	42200
84.416	n/a	0	1	42208
84.432	n/a	0	1	42216
84.45	n/a	0	1	42225
84.466	n/a	0	1	42233
84.482	n/a	0	1	42241
84.5	n/a	0	1	42250
84.516	n/a	0	1	42258
84.532	n/a	0	1	42266
84.55	n/a	0	1	42275
84.566	n/a	0	1	42283
84.582	n/a	0	1	42291
84.6	n/a	0	1	42300
84.616	n/a	0	1	42308
84.632	n/a	0	1	42316
84.65	n/a	0	1	42325
84.666	n/a	0	1	42333
84.682	n/a	0	1	42341
84.7	n/a	0	1	42350
84.716	n/a	0	1	42358
84.732	n/a	0	1	42366
84.75	n/a	0	1	42375
84.766	n/a	0	1	42383
84.782	n/a	0	1	42391
84.8	n/a	0	1	42400
84.816	n/a	0	1	42408
84.832	n/a	1	2	42416
84.85	n/a	1	2	42425
84.866	n/a	1	2	42433
84.882	n/a	1	2	42441
84.9	n/a	0	1	42450
84.916	n/a	0	1	42458
84.932	n/a	0	1	42466
84.95	n/a	0	1	42475
84.966	n/a	0	1	42483
84.982	n/a	0	1	42491
85.0	n/a	0	1	42500
85.016	n/a	0	1	42508
85.032	n/a	0	1	42516
85.05	n/a	0	1	42525
85.066	n/a	0	1	42533
85.082	n/a	0	1	42541
85.1	n/a	0	1	42550
85.116	n/a	0	1	42558
85.132	n/a	0	1	42566
85.15	n/a	0	1	42575
85.166	n/a	0	1	42583
85.182	n/a	0	1	42591
85.2	n/a	0	1	42600
85.216	n/a	0	1	42608
85.232	n/a	0	1	42616
85.25	n/a	0	1	42625
85.266	n/a	0	1	42633
85.282	n/a	0	1	42641
85.3	n/a	1	2	42650
85.316	n/a	1	2	42658
85.332	n/a	1	2	42666
85.35	n/a	1	2	42675
85.366	n/a	0	1	42683
85.382	n/a	0	1	42691
85.4	n/a	0	1	42700
85.416	n/a	0	1	42708
85.432	n/a	0	1	42716
85.45	n/a	0	1	42725
85.466	n/a	0	1	42733
85.482	n/a	0	1	42741
85.5	n/a	0	1	42750
85.516	n/a	0	1	42758
85.532	n/a	0	1	42766
85.55	n/a	0	1	42775
85.566	n/a	0	1	42783
85.582	n/a	0	1	42791
85.6	n/a	0	1	42800
85.616	n/a	0	1	42808
85.632	n/a	0	1	42816
85.65	n/a	0	1	42825
85.666	n/a	0	1	42833
85.682	n/a	0	1	42841
85.7	n/a	0	1	42850
85.716	n/a	1	2	42858
85.732	n/a	1	2	42866
85.75	n/a	1	2	42875
85.766	n/a	1	2	42883
85.782	n/a	0	1	42891
85.8	n/a	0	1	42900
85.816	n/a	0	1	42908
85.832	n/a	0	1	42916
85.85	n/a	0	1	42925
85.866	n/a	0	1	42933
85.882	n/a	0	1	42941
85.9	n/a	0	1	42950
85.916	n/a	0	1	42958
85.932	n/a	0	1	42966
85.95	n/a	0	1	42975
85.966	n/a	0	1	42983
85.982	n/a	0	1	42991
86.0	n/a	0	1	43000
86.016	n/a	0	1	43008
86.032	n/a	0	1	43016
86.05	n/a	0	1	43025
86.066	n/a	0	1	43033
86.082	n/a	0	1	43041
86.1	n/a	0	1	43050
86.116	n/a	0	1	43058
86.132	n/a	0	1	43066
86.15	n/a	1	2	43075
86.166	n/a	1	2	43083
86.182	n/a	1	2	43091
86.2	n/a	1	2	43100
86.216	n/a	0	1	43108
86.232	n/a	0	1	43116
86.25	n/a	0	1	43125
86.266	n/a	0	1	43133
87.75	n/a	0	1	43875
87.766	n/a	0	1	43883
87.782	n/a	0	1	43891
87.8	n/a	0	1	43900
87.816	n/a	0	1	43908
87.832	n/a	0	1	43916
87.85	n/a	0	1	43925
87.866	n/a	0	1	43933
87.882	n/a	0	1	43941
87.9	n/a	0	1	43950
87.916	n/a	0	1	43958
87.932	n/a	0	1	43966
87.95	n/a	0	1	43975
87.966	n/a	0	1	43983
87.982	n/a	0	1	43991
88.0	n/a	0	1	44000
88.016	n/a	0	1	44008
88.032	n/a	0	1	44016
88.05	n/a	0	1	44025
88.066	n/a	0	1	44033
88.082	n/a	0	1	44041
88.1	n/a	0	1	44050
88.116	n/a	0	1	44058
88.132	n/a	1	2	44066
88.15	n/a	1	2	44075
88.166	n/a	1	2	44083
88.182	n/a	1	2	44091
88.2	n/a	0	1	44100
88.216	n/a	0	1	44108
88.232	n/a	0	1	44116
88.25	n/a	0	1	44125
88.266	n/a	0	1	44133
88.282	n/a	0	1	44141
88.3	n/a	0	1	44150
88.316	n/a	0	1	44158
88.332	n/a	0	1	44166
88.35	n/a	0	1	44175
88.366	n/a	0	1	44183
88.382	n/a	0	1	44191
88.4	n/a	0	1	44200
88.416	n/a	0	1	44208
88.432	n/a	0	1	44216
88.45	n/a	0	1	44225
88.466	n/a	0	1	44233
88.482	n/a	0	1	44241
88.5	n/a	0	1	44250
88.516	n/a	1	2	44258
88.532	n/a	1	2	44266
88.55	n/a	1	2	44275
88.566	n/a	1	2	44283
88.582	n/a	0	1	44291
88.6	n/a	0	1	44300
88.616	n/a	0	1	44308
88.632	n/a	0	1	44316
88.65	n/a	0	1	44325
88.666	n/a	0	1	44333
88.682	n/a	0	1	44341
88.7	n/a	0	1	44350
88.716	n/a	0	1	44358
88.732	n/a	0	1	44366
88.75	n/a	0	1	44375
88.766	n/a	0	1	44383
88.782	n/a	0	1	44391
88.8	n/a	0	1	44400
88.816	n/a	1	2	44408
88.832	n/a	1	2	44416
88.85	n/a	1	2	44425
88.866	n/a	1	2	44433
88.882	n/a	0	1	44441
88.9	n/a	0	1	44450
88.916	n/a	0	1	44458
88.932	n/a	0	1	44466
88.95	n/a	0	1	44475
88.966	n/a	0	1	44483
88.982	n/a	0	1	44491
89.0	n/a	0	1	44500
89.016	n/a	0	1	44508
89.032	n/a	0	1	44516
89.05	n/a	0	1	44525
89.066	n/a	0	1	44533
89.082	n/a	0	1	44541
89.1	n/a	1	2	44550
89.116	n/a	1	2	44558
89.132	n/a	1	2	44566
89.15	n/a	1	2	44575
89.166	n/a	0	1	44583
89.182	n/a	0	1	44591
89.2	n/a	0	1	44600
89.216	n/a	0	1	44608
89.232	n/a	0	1	44616
89.25	n/a	0	1	44625
89.266	n/a	0	1	44633
89.282	n/a	0	1	44641
89.3	n/a	0	1	44650
89.316	n/a	0	1	44658
89.332	n/a	0	1	44666
89.35	n/a	0	1	44675
89.366	n/a	0	1	44683
89.382	n/a	0	1	44691
89.4	n/a	0	1	44700
89.416	n/a	0	1	44708
89.432	n/a	1	2	44716
89.45	n/a	1	2	44725
89.466	n/a	1	2	44733
89.482	n/a	1	2	44741
89.5	n/a	0	1	44750
89.516	n/a	0	1	44758
89.532	n/a	0	1	44766
89.55	n/a	0	1	44775
89.566	n/a	0	1	44783
89.582	n/a	0	1	44791
89.6	n/a	0	1	44800
89.616	n/a	0	1	44808
89.632	n/a	0	1	44816
89.65	n/a	0	1	44825
89.666	n/a	0	1	44833
89.682	n/a	0	1	44841
91.15	n/a	0	1	45575
91.166	n/a	0	1	45583
91.182	n/a	0	1	45591
91.2	n/a	0	1	45600
91.216	n/a	0	1	45608
91.232	n/a	0	1	45616
91.25	n/a	0	1	45625
91.266	n/a	0	1	45633
91.282	n/a	0	1	45641
91.3	n/a	0	1	45650
91.316	n/a	0	1	45658
91.332	n/a	0	1	45666
91.35	n/a	0	1	45675
91.366	n/a	0	1	45683
91.382	n/a	0	1	45691
91.4	n/a	0	1	45700
91.416	n/a	0	1	45708
91.432	n/a	0	1	45716
91.45	n/a	1	2	45725
91.466	n/a	1	2	45733
91.482	n/a	1	2	45741
91.5	n/a	1	2	45750
91.516	n/a	0	1	45758
91.532	n/a	0	1	45766
91.55	n/a	0	1	45775
91.566	n/a	0	1	45783
91.582	n/a	0	1	45791
91.6	n/a	0	1	45800
91.616	n/a	0	1	45808
91.632	n/a	0	1	45816
91.65	n/a	0	1	45825
91.666	n/a	0	1	45833
91.682	n/a	0	1	45841
91.7	n/a	0	1	45850
91.716	n/a	0	1	45858
91.732	n/a	0	1	45866
91.75	n/a	0	1	45875
91.766	n/a	0	1	45883
91.782	n/a	0	1	45891
91.8	n/a	0	1	45900
91.816	n/a	0	1	45908
91.832	n/a	0	1	45916
91.85	n/a	1	2	45925
91.866	n/a	1	2	45933
91.882	n/a	1	2	45941
91.9	n/a	1	2	45950
91.916	n/a	0	1	45958
91.932	n/a	0	1	45966
91.95	n/a	0	1	45975
91.966	n/a	0	1	45983
91.982	n/a	0	1	45991
92.0	n/a	0	1	46000
92.016	n/a	0	1	46008
92.032	n/a	0	1	46016
92.05	n/a	0	1	46025
92.066	n/a	0	1	46033
92.082	n/a	0	1	46041
92.1	n/a	0	1	46050
92.116	n/a	0	1	46058
92.132	n/a	1	2	46066
92.15	n/a	1	2	46075
92.166	n/a	1	2	46083
92.182	n/a	1	2	46091
92.2	n/a	0	1	46100
92.216	n/a	0	1	46108
92.232	n/a	0	1	46116
92.25	n/a	0	1	46125
92.266	n/a	0	1	46133
92.282	n/a	0	1	46141
92.3	n/a	0	1	46150
92.316	n/a	0	1	46158
92.332	n/a	0	1	46166
92.35	n/a	0	1	46175
92.366	n/a	0	1	46183
92.382	n/a	0	1	46191
92.4	n/a	0	1	46200
92.416	n/a	0	1	46208
92.432	n/a	0	1	46216
92.45	n/a	0	1	46225
92.466	n/a	0	1	46233
92.482	n/a	0	1	46241
92.5	n/a	1	2	46250
92.516	n/a	1	2	46258
92.532	n/a	1	2	46266
92.55	n/a	1	2	46275
92.566	n/a	0	1	46283
92.582	n/a	0	1	46291
92.6	n/a	0	1	46300
92.616	n/a	0	1	46308
92.632	n/a	0	1	46316
92.65	n/a	0	1	46325
92.666	n/a	0	1	46333
92.682	n/a	0	1	46341
92.7	n/a	0	1	46350
92.716	n/a	0	1	46358
92.732	n/a	0	1	46366
92.75	n/a	0	1	46375
92.766	n/a	0	1	46383
92.782	n/a	0	1	46391
92.8	n/a	0	1	46400
92.816	n/a	0	1	46408
92.832	n/a	0	1	46416
92.85	n/a	0	1	46425
92.866	n/a	0	1	46433
92.882	n/a	0	1	46441
92.9	n/a	0	1	46450
92.916	n/a	0	1	46458
92.932	n/a	0	1	46466
92.95	n/a	0	1	46475
92.966	n/a	1	2	46483
92.982	n/a	1	2	46491
93.0	n/a	1	2	46500
93.016	n/a	1	2	46508
93.032	n/a	0	1	46516
93.05	n/a	0	1	46525
93.066	n/a	0	1	46533
93.082	n/a	0	1	46541
95.45	n/a	0	1	47725
95.466	n/a	1	2	47733
95.482	n/a	1	2	47741
95.5	n/a	1	2	47750
95.516	n/a	1	2	47758
95.532	n/a	0	1	47766
95.55	n/a	0	1	47775
95.566	n/a	0	1	47783
95.582	n/a	0	1	47791
95.6	n/a	0	1	47800
95.616	n/a	0	1	47808
95.632	n/a	0	1	47816
95.65	n/a	0	1	47825
95.666	n/a	0	1	47833
95.682	n/a	0	1	47841
95.7	n/a	0	1	47850
95.716	n/a	0	1	47858
95.732	n/a	0	1	47866
95.75	n/a	0	1	47875
95.766	n/a	0	1	47883
95.782	n/a	0	1	47891
95.8	n/a	0	1	47900
95.816	n/a	0	1	47908
95.832	n/a	0	1	47916
95.85	n/a	0	1	47925
95.866	n/a	0	1	47933
95.882	n/a	0	1	47941
95.9	n/a	0	1	47950
95.916	n/a	0	1	47958
95.932	n/a	0	1	47966
95.95	n/a	1	2	47975
95.966	n/a	1	2	47983
95.982	n/a	1	2	47991
96.0	n/a	1	2	48000
96.016	n/a	0	1	48008
96.032	n/a	0	1	48016
96.05	n/a	0	1	48025
96.066	n/a	0	1	48033
96.082	n/a	0	1	48041
96.1	n/a	0	1	48050
96.116	n/a	0	1	48058
96.132	n/a	0	1	48066
96.15	n/a	0	1	48075
96.166	n/a	0	1	48083
96.182	n/a	0	1	48091
96.2	n/a	0	1	48100
96.216	n/a	0	1	48108
96.232	n/a	0	1	48116
96.25	n/a	0	1	48125
96.266	n/a	0	1	48133
96.282	n/a	0	1	48141
96.3	n/a	0	1	48150
96.316	n/a	0	1	48158
96.332	n/a	0	1	48166
96.35	n/a	0	1	48175
96.366	n/a	0	1	48183
96.382	n/a	0	1	48191
96.4	n/a	0	1	48200
96.416	n/a	1	2	48208
96.432	n/a	1	2	48216
96.45	n/a	1	2	48225
96.466	n/a	1	2	48233
96.482	n/a	0	1	48241
96.5	n/a	0	1	48250
96.516	n/a	0	1	48258
96.532	n/a	0	1	48266
96.55	n/a	0	1	48275
96.566	n/a	0	1	48283
96.582	n/a	0	1	48291
96.6	n/a	0	1	48300
96.616	n/a	0	1	48308
96.632	n/a	0	1	48316
96.65	n/a	0	1	48325
96.666	n/a	0	1	48333
96.682	n/a	0	1	48341
96.7	n/a	0	1	48350
96.716	n/a	0	1	48358
96.732	n/a	0	1	48366
96.75	n/a	0	1	48375
96.766	n/a	0	1	48383
96.782	n/a	0	1	48391
96.8	n/a	0	1	48400
96.816	n/a	0	1	48408
96.832	n/a	1	2	48416
96.85	n/a	1	2	48425
96.866	n/a	1	2	48433
96.882	n/a	1	2	48441
96.9	n/a	0	1	48450
96.916	n/a	0	1	48458
96.932	n/a	0	1	48466
96.95	n/a	0	1	48475
96.966	n/a	0	1	48483
96.982	n/a	0	1	48491
97.0	n/a	0	1	48500
97.016	n/a	0	1	48508
97.032	n/a	0	1	48516
97.05	n/a	0	1	48525
97.066	n/a	0	1	48533
97.082	n/a	0	1	48541
97.1	n/a	0	1	48550
97.116	n/a	0	1	48558
97.132	n/a	0	1	48566
97.15	n/a	0	1	48575
97.166	n/a	0	1	48583
97.182	n/a	0	1	48591
97.2	n/a	0	1	48600
97.216	n/a	0	1	48608
97.232	n/a	0	1	48616
97.25	n/a	0	1	48625
97.266	n/a	1	2	48633
97.282	n/a	1	2	48641
97.3	n/a	1	2	48650
97.316	n/a	1	2	48658
97.332	n/a	0	1	48666
97.35	n/a	0	1	48675
97.366	n/a	0	1	48683
97.382	n/a	0	1	48691
98.85	n/a	0	1	49425
98.866	n/a	0	1	49433
98.882	n/a	0	1	49441
98.9	n/a	0	1	49450
98.916	n/a	0	1	49458
98.932	n/a	0	1	49466
98.95	n/a	0	1	49475
98.966	n/a	0	1	49483
98.982	n/a	0	1	49491
99.0	n/a	0	1	49500
99.016	n/a	0	1	49508
99.032	n/a	0	1	49516
99.05	n/a	0	1	49525
99.066	n/a	0	1	49533
99.082	n/a	0	1	49541
99.1	n/a	0	1	49550
99.116	n/a	0	1	49558
99.132	n/a	0	1	49566
99.15	n/a	1	2	49575
99.166	n/a	1	2	49583
99.182	n/a	1	2	49591
99.2	n/a	1	2	49600
99.216	n/a	0	1	49608
99.232	n/a	0	1	49616
99.25	n/a	0	1	49625
99.266	n/a	0	1	49633
99.282	n/a	0	1	49641
99.3	n/a	0	1	49650
99.316	n/a	0	1	49658
99.332	n/a	0	1	49666
99.35	n/a	0	1	49675
99.366	n/a	0	1	49683
99.382	n/a	0	1	49691
99.4	n/a	0	1	49700
99.416	n/a	0	1	49708
99.432	n/a	0	1	49716
99.45	n/a	0	1	49725
99.466	n/a	0	1	49733
99.482	n/a	0	1	49741
99.5	n/a	0	1	49750
99.516	n/a	0	1	49758
99.532	n/a	0	1	49766
99.55	n/a	1	2	49775
99.566	n/a	1	2	49783
99.582	n/a	1	2	49791
99.6	n/a	1	2	49800
99.616	n/a	0	1	49808
99.632	n/a	0	1	49816
99.65	n/a	0	1	49825
99.666	n/a	0	1	49833
99.682	n/a	0	1	49841
99.7	n/a	0	1	49850
99.716	n/a	0	1	49858
99.732	n/a	0	1	49866
99.75	n/a	0	1	49875
99.766	n/a	0	1	49883
99.782	n/a	0	1	49891
99.8	n/a	0	1	49900
99.816	n/a	0	1	49908
99.832	n/a	1	2	49916
99.85	n/a	1	2	49925
99.866	n/a	1	2	49933
99.882	n/a	1	2	49941
99.9	n/a	0	1	49950
99.916	n/a	0	1	49958
99.932	n/a	0	1	49966
99.95	n/a	0	1	49975
99.966	n/a	0	1	49983
99.982	n/a	0	1	49991
100.0	n/a	0	1	50000
100.016	n/a	0	1	50008
100.032	n/a	0	1	50016
100.05	n/a	0	1	50025
100.066	n/a	0	1	50033
100.082	n/a	0	1	50041
100.1	n/a	0	1	50050
100.116	n/a	0	1	50058
100.132	n/a	0	1	50066
100.15	n/a	0	1	50075
100.166	n/a	0	1	50083
100.182	n/a	0	1	50091
100.2	n/a	1	2	50100
100.216	n/a	1	2	50108
100.232	n/a	1	2	50116
100.25	n/a	1	2	50125
100.266	n/a	0	1	50133
100.282	n/a	0	1	50141
100.3	n/a	0	1	50150
100.316	n/a	0	1	50158
100.332	n/a	0	1	50166
100.35	n/a	0	1	50175
100.366	n/a	0	1	50183
100.382	n/a	0	1	50191
100.4	n/a	0	1	50200
100.416	n/a	0	1	50208
100.432	n/a	0	1	50216
100.45	n/a	0	1	50225
100.466	n/a	0	1	50233
100.482	n/a	0	1	50241
100.5	n/a	0	1	50250
100.516	n/a	0	1	50258
100.532	n/a	0	1	50266
100.55	n/a	0	1	50275
100.566	n/a	0	1	50283
100.582	n/a	0	1	50291
100.6	n/a	0	1	50300
100.616	n/a	0	1	50308
100.632	n/a	0	1	50316
100.65	n/a	0	1	50325
100.666	n/a	1	2	50333
100.682	n/a	1	2	50341
100.7	n/a	1	2	50350
100.716	n/a	1	2	50358
100.732	n/a	0	1	50366
100.75	n/a	0	1	50375
100.766	n/a	0	1	50383
100.782	n/a	0	1	50391
102.282	n/a	0	1	51141
102.3	n/a	0	1	51150
102.316	n/a	0	1	51158
102.332	n/a	0	1	51166
102.35	n/a	0	1	51175
102.366	n/a	0	1	51183
102.382	n/a	0	1	51191
102.4	n/a	0	1	51200
102.416	n/a	0	1	51208
102.432	n/a	0	1	51216
102.45	n/a	0	1	51225
102.466	n/a	0	1	51233
102.482	n/a	0	1	51241
102.5	n/a	0	1	51250
102.516	n/a	0	1	51258
102.532	n/a	0	1	51266
102.55	n/a	0	1	51275
102.566	n/a	0	1	51283
102.582	n/a	0	1	51291
102.6	n/a	0	1	51300
102.616	n/a	0	1	51308
102.632	n/a	0	1	51316
102.65	n/a	0	1	51325
102.666	n/a	1	2	51333
102.682	n/a	1	2	51341
102.7	n/a	1	2	51350
102.716	n/a	1	2	51358
102.732	n/a	0	1	51366
102.75	n/a	0	1	51375
102.766	n/a	0	1	51383
102.782	n/a	0	1	51391
102.8	n/a	0	1	51400
102.816	n/a	0	1	51408
102.832	n/a	0	1	51416
102.85	n/a	0	1	51425
102.866	n/a	0	1	51433
102.882	n/a	0	1	51441
102.9	n/a	0	1	51450
102.916	n/a	0	1	51458
102.932	n/a	0	1	51466
102.95	n/a	0	1	51475
102.966	n/a	0	1	51483
102.982	n/a	0	1	51491
103.0	n/a	0	1	51500
103.016	n/a	0	1	51508
103.032	n/a	0	1	51516
103.05	n/a	1	2	51525
103.066	n/a	1	2	51533
103.082	n/a	1	2	51541
103.1	n/a	1	2	51550
103.116	n/a	0	1	51558
103.132	n/a	0	1	51566
103.15	n/a	0	1	51575
103.166	n/a	0	1	51583
103.182	n/a	0	1	51591
103.2	n/a	0	1	51600
103.216	n/a	0	1	51608
103.232	n/a	0	1	51616
103.25	n/a	0	1	51625
103.266	n/a	0	1	51633
103.282	n/a	0	1	51641
103.3	n/a	0	1	51650
103.316	n/a	0	1	51658
103.332	n/a	0	1	51666
103.35	n/a	1	2	51675
103.366	n/a	1	2	51683
103.382	n/a	1	2	51691
103.4	n/a	1	2	51700
103.416	n/a	0	1	51708
103.432	n/a	0	1	51716
103.45	n/a	0	1	51725
103.466	n/a	0	1	51733
103.482	n/a	0	1	51741
103.5	n/a	0	1	51750
103.516	n/a	0	1	51758
103.532	n/a	0	1	51766
103.55	n/a	0	1	51775
103.566	n/a	0	1	51783
103.582	n/a	0	1	51791
103.6	n/a	0	1	51800
103.616	n/a	0	1	51808
103.632	n/a	1	2	51816
103.65	n/a	1	2	51825
103.666	n/a	1	2	51833
103.682	n/a	1	2	51841
103.7	n/a	0	1	51850
103.716	n/a	0	1	51858
103.732	n/a	0	1	51866
103.75	n/a	0	1	51875
103.766	n/a	0	1	51883
103.782	n/a	0	1	51891
103.8	n/a	0	1	51900
103.816	n/a	0	1	51908
103.832	n/a	0	1	51916
103.85	n/a	0	1	51925
103.866	n/a	0	1	51933
103.882	n/a	0	1	51941
103.9	n/a	0	1	51950
103.916	n/a	0	1	51958
103.932	n/a	0	1	51966
103.95	n/a	0	1	51975
103.966	n/a	1	2	51983
103.982	n/a	1	2	51991
104.0	n/a	1	2	52000
104.016	n/a	1	2	52008
104.032	n/a	0	1	52016
104.05	n/a	0	1	52025
104.066	n/a	0	1	52033
104.082	n/a	0	1	52041
104.1	n/a	0	1	52050
104.116	n/a	0	1	52058
104.132	n/a	0	1	52066
104.15	n/a	0	1	52075
104.166	n/a	0	1	52083
104.182	n/a	0	1	52091
104.2	n/a	0	1	52100
104.216	n/a	0	1	52108
105.7	n/a	0	1	52850
105.716	n/a	0	1	52858
105.732	n/a	0	1	52866
105.75	n/a	0	1	52875
105.766	n/a	0	1	52883
105.782	n/a	0	1	52891
105.8	n/a	0	1	52900
105.816	n/a	0	1	52908
105.832	n/a	0	1	52916
105.85	n/a	0	1	52925
105.866	n/a	0	1	52933
105.882	n/a	0	1	52941
105.9	n/a	0	1	52950
105.916	n/a	0	1	52958
105.932	n/a	0	1	52966
105.95	n/a	1	2	52975
105.966	n/a	1	2	52983
105.982	n/a	1	2	52991
106.0	n/a	1	2	53000
106.016	n/a	0	1	53008
106.032	n/a	0	1	53016
106.05	n/a	0	1	53025
106.066	n/a	0	1	53033
106.082	n/a	0	1	53041
106.1	n/a	0	1	53050
106.116	n/a	0	1	53058
106.132	n/a	0	1	53066
106.15	n/a	0	1	53075
106.166	n/a	0	1	53083
106.182	n/a	0	1	53091
106.2	n/a	0	1	53100
106.216	n/a	0	1	53108
106.232	n/a	0	1	53116
106.25	n/a	0	1	53125
106.266	n/a	0	1	53133
106.282	n/a	0	1	53141
106.3	n/a	0	1	53150
106.316	n/a	0	1	53158
106.332	n/a	0	1	53166
106.35	n/a	0	1	53175
106.366	n/a	0	1	53183
106.382	n/a	1	2	53191
106.4	n/a	1	2	53200
106.416	n/a	1	2	53208
106.432	n/a	1	2	53216
106.45	n/a	0	1	53225
106.466	n/a	0	1	53233
106.482	n/a	0	1	53241
106.5	n/a	0	1	53250
106.516	n/a	0	1	53258
106.532	n/a	0	1	53266
106.55	n/a	0	1	53275
106.566	n/a	0	1	53283
106.582	n/a	0	1	53291
106.6	n/a	0	1	53300
106.616	n/a	0	1	53308
106.632	n/a	0	1	53316
106.65	n/a	0	1	53325
106.666	n/a	0	1	53333
106.682	n/a	0	1	53341
106.7	n/a	0	1	53350
106.716	n/a	0	1	53358
106.732	n/a	0	1	53366
106.75	n/a	0	1	53375
106.766	n/a	0	1	53383
106.782	n/a	0	1	53391
106.8	n/a	0	1	53400
106.816	n/a	0	1	53408
106.832	n/a	0	1	53416
106.85	n/a	1	2	53425
106.866	n/a	1	2	53433
106.882	n/a	1	2	53441
106.9	n/a	1	2	53450
106.916	n/a	0	1	53458
106.932	n/a	0	1	53466
106.95	n/a	0	1	53475
106.966	n/a	0	1	53483
106.982	n/a	0	1	53491
107.0	n/a	0	1	53500
107.016	n/a	0	1	53508
107.032	n/a	0	1	53516
107.05	n/a	0	1	53525
107.066	n/a	0	1	53533
107.082	n/a	0	1	53541
107.1	n/a	0	1	53550
107.116	n/a	0	1	53558
107.132	n/a	0	1	53566
107.15	n/a	1	2	53575
107.166	n/a	1	2	53583
107.182	n/a	1	2	53591
107.2	n/a	1	2	53600
107.216	n/a	0	1	53608
107.232	n/a	0	1	53616
107.25	n/a	0	1	53625
107.266	n/a	0	1	53633
107.282	n/a	0	1	53641
107.3	n/a	0	1	53650
107.316	n/a	0	1	53658
107.332	n/a	0	1	53666
107.35	n/a	0	1	53675
107.366	n/a	0	1	53683
107.382	n/a	0	1	53691
107.4	n/a	0	1	53700
107.416	n/a	0	1	53708
107.432	n/a	0	1	53716
107.45	n/a	0	1	53725
107.466	n/a	0	1	53733
107.482	n/a	0	1	53741
107.5	n/a	0	1	53750
107.516	n/a	0	1	53758
107.532	n/a	0	1	53766
107.55	n/a	0	1	53775
107.566	n/a	0	1	53783
107.582	n/a	1	2	53791
107.6	n/a	1	2	53800
107.616	n/a	1	2	53808
107.632	n/a	1	2	53816
109.832	n/a	0	1	54916
109.85	n/a	0	1	54925
109.866	n/a	0	1	54933
109.882	n/a	0	1	54941
109.9	n/a	0	1	54950
109.916	n/a	0	1	54958
109.932	n/a	0	1	54966
109.95	n/a	0	1	54975
109.966	n/a	0	1	54983
109.982	n/a	0	1	54991
110.0	n/a	0	1	55000
110.016	n/a	0	1	55008
110.032	n/a	0	1	55016
110.05	n/a	0	1	55025
110.066	n/a	0	1	55033
110.082	n/a	0	1	55041
110.1	n/a	0	1	55050
110.116	n/a	0	1	55058
110.132	n/a	0	1	55066
110.15	n/a	0	1	55075
110.166	n/a	0	1	55083
110.182	n/a	0	1	55091
110.2	n/a	0	1	55100
110.216	n/a	1	2	55108
110.232	n/a	1	2	55116
110.25	n/a	1	2	55125
110.266	n/a	1	2	55133
110.282	n/a	0	1	55141
110.3	n/a	0	1	55150
110.316	n/a	0	1	55158
110.332	n/a	0	1	55166
110.35	n/a	0	1	55175
110.366	n/a	0	1	55183
110.382	n/a	0	1	55191
110.4	n/a	0	1	55200
110.416	n/a	0	1	55208
110.432	n/a	0	1	55216
110.45	n/a	0	1	55225
110.466	n/a	0	1	55233
110.482	n/a	0	1	55241
110.5	n/a	0	1	55250
110.516	n/a	0	1	55258
110.532	n/a	0	1	55266
110.55	n/a	0	1	55275
110.566	n/a	0	1	55283
110.582	n/a	0	1	55291
110.6	n/a	1	2	55300
110.616	n/a	1	2	55308
110.632	n/a	1	2	55316
110.65	n/a	1	2	55325
110.666	n/a	0	1	55333
110.682	n/a	0	1	55341
110.7	n/a	0	1	55350
110.716	n/a	0	1	55358
110.732	n/a	0	1	55366
110.75	n/a	0	1	55375
110.766	n/a	0	1	55383
110.782	n/a	0	1	55391
110.8	n/a	0	1	55400
110.816	n/a	0	1	55408
110.832	n/a	0	1	55416
110.85	n/a	0	1	55425
110.866	n/a	0	1	55433
110.882	n/a	0	1	55441
110.9	n/a	1	2	55450
110.916	n/a	1	2	55458
110.932	n/a	1	2	55466
110.95	n/a	1	2	55475
110.966	n/a	0	1	55483
110.982	n/a	0	1	55491
111.0	n/a	0	1	55500
111.016	n/a	0	1	55508
111.032	n/a	0	1	55516
111.05	n/a	0	1	55525
111.066	n/a	0	1	55533
111.082	n/a	0	1	55541
111.1	n/a	0	1	55550
111.116	n/a	0	1	55558
111.132	n/a	0	1	55566
111.15	n/a	0	1	55575
111.166	n/a	0	1	55583
111.182	n/a	1	2	55591
111.2	n/a	1	2	55600
111.216	n/a	1	2	55608
111.232	n/a	1	2	55616
111.25	n/a	0	1	55625
111.266	n/a	0	1	55633
111.282	n/a	0	1	55641
111.3	n/a	0	1	55650
111.316	n/a	0	1	55658
111.332	n/a	0	1	55666
111.35	n/a	0	1	55675
111.366	n/a	0	1	55683
111.382	n/a	0	1	55691
111.4	n/a	0	1	55700
111.416	n/a	0	1	55708
111.432	n/a	0	1	55716
111.45	n/a	0	1	55725
111.466	n/a	0	1	55733
111.482	n/a	0	1	55741
111.5	n/a	0	1	55750
111.516	n/a	1	2	55758
111.532	n/a	1	2	55766
111.55	n/a	1	2	55775
111.566	n/a	1	2	55783
111.582	n/a	0	1	55791
111.6	n/a	0	1	55800
111.616	n/a	0	1	55808
111.632	n/a	0	1	55816
111.65	n/a	0	1	55825
111.666	n/a	0	1	55833
111.682	n/a	0	1	55841
111.7	n/a	0	1	55850
111.716	n/a	0	1	55858
111.732	n/a	0	1	55866
111.75	n/a	0	1	55875
111.766	n/a	0	1	55883
113.25	n/a	0	1	56625
113.266	n/a	1	2	56633
113.282	n/a	1	2	56641
113.3	n/a	1	2	56650
113.316	n/a	1	2	56658
113.332	n/a	0	1	56666
113.35	n/a	0	1	56675
113.366	n/a	0	1	56683
113.382	n/a	0	1	56691
113.4	n/a	0	1	56700
113.416	n/a	0	1	56708
113.432	n/a	0	1	56716
113.45	n/a	0	1	56725
113.466	n/a	0	1	56733
113.482	n/a	0	1	56741
113.5	n/a	0	1	56750
113.516	n/a	0	1	56758
113.532	n/a	0	1	56766
113.55	n/a	0	1	56775
113.566	n/a	0	1	56783
113.582	n/a	0	1	56791
113.6	n/a	0	1	56800
113.616	n/a	0	1	56808
113.632	n/a	0	1	56816
113.65	n/a	0	1	56825
113.666	n/a	0	1	56833
113.682	n/a	0	1	56841
113.7	n/a	0	1	56850
113.716	n/a	0	1	56858
113.732	n/a	0	1	56866
113.75	n/a	1	2	56875
113.766	n/a	1	2	56883
113.782	n/a	1	2	56891
113.8	n/a	1	2	56900
113.816	n/a	0	1	56908
113.832	n/a	0	1	56916
113.85	n/a	0	1	56925
113.866	n/a	0	1	56933
113.882	n/a	0	1	56941
113.9	n/a	0	1	56950
113.916	n/a	0	1	56958
113.932	n/a	0	1	56966
113.95	n/a	0	1	56975
113.966	n/a	0	1	56983
113.982	n/a	0	1	56991
114.0	n/a	0	1	57000
114.016	n/a	0	1	57008
114.032	n/a	0	1	57016
114.05	n/a	0	1	57025
114.066	n/a	0	1	57033
114.082	n/a	0	1	57041
114.1	n/a	0	1	57050
114.116	n/a	0	1	57058
114.132	n/a	0	1	57066
114.15	n/a	0	1	57075
114.166	n/a	0	1	57083
114.182	n/a	0	1	57091
114.2	n/a	0	1	57100
114.216	n/a	1	2	57108
114.232	n/a	1	2	57116
114.25	n/a	1	2	57125
114.266	n/a	1	2	57133
114.282	n/a	0	1	57141
114.3	n/a	0	1	57150
114.316	n/a	0	1	57158
114.332	n/a	0	1	57166
114.35	n/a	0	1	57175
114.366	n/a	0	1	57183
114.382	n/a	0	1	57191
114.4	n/a	0	1	57200
114.416	n/a	0	1	57208
114.432	n/a	0	1	57216
114.45	n/a	0	1	57225
114.466	n/a	0	1	57233
114.482	n/a	0	1	57241
114.5	n/a	0	1	57250
114.516	n/a	0	1	57258
114.532	n/a	0	1	57266
114.55	n/a	0	1	57275
114.566	n/a	0	1	57283
114.582	n/a	0	1	57291
114.6	n/a	0	1	57300
114.616	n/a	0	1	57308
114.632	n/a	1	2	57316
114.65	n/a	1	2	57325
114.666	n/a	1	2	57333
114.682	n/a	1	2	57341
114.7	n/a	0	1	57350
114.716	n/a	0	1	57358
114.732	n/a	0	1	57366
114.75	n/a	0	1	57375
114.766	n/a	0	1	57383
114.782	n/a	0	1	57391
114.8	n/a	0	1	57400
114.816	n/a	0	1	57408
114.832	n/a	0	1	57416
114.85	n/a	0	1	57425
114.866	n/a	0	1	57433
114.882	n/a	0	1	57441
114.9	n/a	0	1	57450
114.916	n/a	0	1	57458
114.932	n/a	0	1	57466
114.95	n/a	0	1	57475
114.966	n/a	0	1	57483
114.982	n/a	0	1	57491
115.0	n/a	0	1	57500
115.016	n/a	0	1	57508
115.032	n/a	0	1	57516
115.05	n/a	0	1	57525
115.066	n/a	1	2	57533
115.082	n/a	1	2	57541
115.1	n/a	1	2	57550
115.116	n/a	1	2	57558
115.132	n/a	0	1	57566
115.15	n/a	0	1	57575
115.166	n/a	0	1	57583
115.182	n/a	0	1	57591
116.65	n/a	0	1	58325
116.666	n/a	0	1	58333
116.682	n/a	0	1	58341
116.7	n/a	0	1	58350
116.716	n/a	0	1	58358
116.732	n/a	0	1	58366
116.75	n/a	0	1	58375
116.766	n/a	0	1	58383
116.782	n/a	0	1	58391
116.8	n/a	0	1	58400
116.816	n/a	0	1	58408
116.832	n/a	0	1	58416
116.85	n/a	0	1	58425
116.866	n/a	0	1	58433
116.882	n/a	0	1	58441
116.9	n/a	0	1	58450
116.916	n/a	0	1	58458
116.932	n/a	0	1	58466
116.95	n/a	1	2	58475
116.966	n/a	1	2	58483
116.982	n/a	1	2	58491
117.0	n/a	1	2	58500
117.016	n/a	0	1	58508
117.032	n/a	0	1	58516
117.05	n/a	0	1	58525
117.066	n/a	0	1	58533
117.082	n/a	0	1	58541
117.1	n/a	0	1	58550
117.116	n/a	0	1	58558
117.132	n/a	0	1	58566
117.15	n/a	0	1	58575
117.166	n/a	0	1	58583
117.182	n/a	0	1	58591
117.2	n/a	0	1	58600
117.216	n/a	0	1	58608
117.232	n/a	0	1	58616
117.25	n/a	0	1	58625
117.266	n/a	0	1	58633
117.282	n/a	0	1	58641
117.3	n/a	0	1	58650
117.316	n/a	0	1	58658
117.332	n/a	0	1	58666
117.35	n/a	1	2	58675
117.366	n/a	1	2	58683
117.382	n/a	1	2	58691
117.4	n/a	1	2	58700
117.416	n/a	0	1	58708
117.432	n/a	0	1	58716
117.45	n/a	0	1	58725
117.466	n/a	0	1	58733
117.482	n/a	0	1	58741
117.5	n/a	0	1	58750
117.516	n/a	0	1	58758
117.532	n/a	0	1	58766
117.55	n/a	0	1	58775
117.566	n/a	0	1	58783
117.582	n/a	0	1	58791
117.6	n/a	0	1	58800
117.616	n/a	0	1	58808
117.632	n/a	1	2	58816
117.65	n/a	1	2	58825
117.666	n/a	1	2	58833
117.682	n/a	1	2	58841
117.7	n/a	0	1	58850
117.716	n/a	0	1	58858
117.732	n/a	0	1	58866
117.75	n/a	0	1	58875
117.766	n/a	0	1	58883
117.782	n/a	0	1	58891
117.8	n/a	0	1	58900
117.816	n/a	0	1	58908
117.832	n/a	0	1	58916
117.85	n/a	0	1	58925
117.866	n/a	0	1	58933
117.882	n/a	0	1	58941
117.9	n/a	0	1	58950
117.916	n/a	0	1	58958
117.932	n/a	0	1	58966
117.95	n/a	0	1	58975
117.966	n/a	0	1	58983
117.982	n/a	0	1	58991
118.0	n/a	1	2	59000
118.016	n/a	1	2	59008
118.032	n/a	1	2	59016
118.05	n/a	1	2	59025
118.066	n/a	0	1	59033
118.082	n/a	0	1	59041
118.1	n/a	0	1	59050
118.116	n/a	0	1	59058
118.132	n/a	0	1	59066
118.15	n/a	0	1	59075
118.166	n/a	0	1	59083
118.182	n/a	0	1	59091
118.2	n/a	0	1	59100
118.216	n/a	0	1	59108
118.232	n/a	0	1	59116
118.25	n/a	0	1	59125
118.266	n/a	0	1	59133
118.282	n/a	0	1	59141
118.3	n/a	0	1	59150
118.316	n/a	0	1	59158
118.332	n/a	0	1	59166
118.35	n/a	0	1	59175
118.366	n/a	0	1	59183
118.382	n/a	0	1	59191
118.4	n/a	0	1	59200
118.416	n/a	0	1	59208
118.432	n/a	0	1	59216
118.45	n/a	0	1	59225
118.466	n/a	1	2	59233
118.482	n/a	1	2	59241
118.5	n/a	1	2	59250
118.516	n/a	1	2	59258
118.532	n/a	0	1	59266
118.55	n/a	0	1	59275
118.566	n/a	0	1	59283
118.582	n/a	0	1	59291
120.082	n/a	0	1	60041
120.1	n/a	0	1	60050
120.116	n/a	0	1	60058
120.132	n/a	0	1	60066
120.15	n/a	0	1	60075
120.166	n/a	0	1	60083
120.182	n/a	0	1	60091
120.2	n/a	0	1	60100
120.216	n/a	0	1	60108
120.232	n/a	0	1	60116
120.25	n/a	0	1	60125
120.266	n/a	0	1	60133
120.282	n/a	0	1	60141
120.3	n/a	0	1	60150
120.316	n/a	0	1	60158
120.332	n/a	1	2	60166
120.35	n/a	1	2	60175
120.366	n/a	1	2	60183
120.382	n/a	1	2	60191
120.4	n/a	0	1	60200
120.416	n/a	0	1	60208
120.432	n/a	0	1	60216
120.45	n/a	0	1	60225
120.466	n/a	0	1	60233
120.482	n/a	0	1	60241
120.5	n/a	0	1	60250
120.516	n/a	0	1	60258
120.532	n/a	0	1	60266
120.55	n/a	0	1	60275
120.566	n/a	0	1	60283
120.582	n/a	0	1	60291
120.6	n/a	0	1	60300
120.616	n/a	0	1	60308
120.632	n/a	0	1	60316
120.65	n/a	0	1	60325
120.666	n/a	0	1	60333
120.682	n/a	0	1	60341
120.7	n/a	0	1	60350
120.716	n/a	0	1	60358
120.732	n/a	0	1	60366
120.75	n/a	0	1	60375
120.766	n/a	1	2	60383
120.782	n/a	1	2	60391
120.8	n/a	1	2	60400
120.816	n/a	1	2	60408
120.832	n/a	0	1	60416
120.85	n/a	0	1	60425
120.866	n/a	0	1	60433
120.882	n/a	0	1	60441
120.9	n/a	0	1	60450
120.916	n/a	0	1	60458
120.932	n/a	0	1	60466
120.95	n/a	0	1	60475
120.966	n/a	0	1	60483
120.982	n/a	0	1	60491
121.0	n/a	0	1	60500
121.016	n/a	0	1	60508
121.032	n/a	0	1	60516
121.05	n/a	0	1	60525
121.066	n/a	0	1	60533
121.082	n/a	0	1	60541
121.1	n/a	0	1	60550
121.116	n/a	0	1	60558
121.132	n/a	0	1	60566
121.15	n/a	0	1	60575
121.166	n/a	0	1	60583
121.182	n/a	0	1	60591
121.2	n/a	0	1	60600
121.216	n/a	0	1	60608
121.232	n/a	1	2	60616
121.25	n/a	1	2	60625
121.266	n/a	1	2	60633
121.282	n/a	1	2	60641
121.3	n/a	0	1	60650
121.316	n/a	0	1	60658
121.332	n/a	0	1	60666
121.35	n/a	0	1	60675
121.366	n/a	0	1	60683
121.382	n/a	0	1	60691
121.4	n/a	0	1	60700
121.416	n/a	0	1	60708
121.432	n/a	0	1	60716
121.45	n/a	0	1	60725
121.466	n/a	0	1	60733
121.482	n/a	0	1	60741
121.5	n/a	0	1	60750
121.516	n/a	0	1	60758
121.532	n/a	1	2	60766
121.55	n/a	1	2	60775
121.566	n/a	1	2	60783
121.582	n/a	1	2	60791
121.6	n/a	0	1	60800
121.616	n/a	0	1	60808
121.632	n/a	0	1	60816
121.65	n/a	0	1	60825
121.666	n/a	0	1	60833
121.682	n/a	0	1	60841
121.7	n/a	0	1	60850
121.716	n/a	0	1	60858
121.732	n/a	0	1	60866
121.75	n/a	0	1	60875
121.766	n/a	0	1	60883
121.782	n/a	0	1	60891
121.8	n/a	0	1	60900
121.816	n/a	0	1	60908
121.832	n/a	0	1	60916
121.85	n/a	0	1	60925
121.866	n/a	0	1	60933
121.882	n/a	0	1	60941
121.9	n/a	0	1	60950
121.916	n/a	0	1	60958
121.932	n/a	0	1	60966
121.95	n/a	0	1	60975
121.966	n/a	1	2	60983
121.982	n/a	1	2	60991
122.0	n/a	1	2	61000
122.016	n/a	1	2	61008
124.15	n/a	0	1	62075
124.166	n/a	1	2	62083
124.182	n/a	1	2	62091
124.2	n/a	1	2	62100
124.216	n/a	1	2	62108
124.232	n/a	0	1	62116
124.25	n/a	0	1	62125
124.266	n/a	0	1	62133
124.282	n/a	0	1	62141
124.3	n/a	0	1	62150
124.316	n/a	0	1	62158
124.332	n/a	0	1	62166
124.35	n/a	0	1	62175
124.366	n/a	0	1	62183
124.382	n/a	0	1	62191
124.4	n/a	0	1	62200
124.416	n/a	0	1	62208
124.432	n/a	0	1	62216
124.45	n/a	0	1	62225
124.466	n/a	0	1	62233
124.482	n/a	0	1	62241
124.5	n/a	0	1	62250
124.516	n/a	0	1	62258
124.532	n/a	0	1	62266
124.55	n/a	0	1	62275
124.566	n/a	0	1	62283
124.582	n/a	0	1	62291
124.6	n/a	0	1	62300
124.616	n/a	0	1	62308
124.632	n/a	0	1	62316
124.65	n/a	1	2	62325
124.666	n/a	1	2	62333
124.682	n/a	1	2	62341
124.7	n/a	1	2	62350
124.716	n/a	0	1	62358
124.732	n/a	0	1	62366
124.75	n/a	0	1	62375
124.766	n/a	0	1	62383
124.782	n/a	0	1	62391
124.8	n/a	0	1	62400
124.816	n/a	0	1	62408
124.832	n/a	0	1	62416
124.85	n/a	0	1	62425
124.866	n/a	0	1	62433
124.882	n/a	0	1	62441
124.9	n/a	0	1	62450
124.916	n/a	0	1	62458
124.932	n/a	0	1	62466
124.95	n/a	0	1	62475
124.966	n/a	0	1	62483
124.982	n/a	0	1	62491
125.0	n/a	0	1	62500
125.016	n/a	0	1	62508
125.032	n/a	0	1	62516
125.05	n/a	0	1	62525
125.066	n/a	0	1	62533
125.082	n/a	0	1	62541
125.1	n/a	0	1	62550
125.116	n/a	1	2	62558
125.132	n/a	1	2	62566
125.15	n/a	1	2	62575
125.166	n/a	1	2	62583
125.182	n/a	0	1	62591
125.2	n/a	0	1	62600
125.216	n/a	0	1	62608
125.232	n/a	0	1	62616
125.25	n/a	0	1	62625
125.266	n/a	0	1	62633
125.282	n/a	0	1	62641
125.3	n/a	0	1	62650
125.316	n/a	0	1	62658
125.332	n/a	0	1	62666
125.35	n/a	0	1	62675
125.366	n/a	0	1	62683
125.382	n/a	0	1	62691
125.4	n/a	0	1	62700
125.416	n/a	0	1	62708
125.432	n/a	0	1	62716
125.45	n/a	0	1	62725
125.466	n/a	0	1	62733
125.482	n/a	0	1	62741
125.5	n/a	0	1	62750
125.516	n/a	0	1	62758
125.532	n/a	1	2	62766
125.55	n/a	1	2	62775
125.566	n/a	1	2	62783
125.582	n/a	1	2	62791
125.6	n/a	0	1	62800
125.616	n/a	0	1	62808
125.632	n/a	0	1	62816
125.65	n/a	0	1	62825
125.666	n/a	0	1	62833
125.682	n/a	0	1	62841
125.7	n/a	0	1	62850
125.716	n/a	0	1	62858
125.732	n/a	0	1	62866
125.75	n/a	0	1	62875
125.766	n/a	0	1	62883
125.782	n/a	0	1	62891
125.8	n/a	0	1	62900
125.816	n/a	0	1	62908
125.832	n/a	0	1	62916
125.85	n/a	0	1	62925
125.866	n/a	0	1	62933
125.882	n/a	0	1	62941
125.9	n/a	0	1	62950
125.916	n/a	0	1	62958
125.932	n/a	0	1	62966
125.95	n/a	0	1	62975
125.966	n/a	1	2	62983
125.982	n/a	1	2	62991
126.0	n/a	1	2	63000
126.016	n/a	1	2	63008
126.032	n/a	0	1	63016
126.05	n/a	0	1	63025
126.066	n/a	0	1	63033
126.082	n/a	0	1	63041
127.55	n/a	0	1	63775
127.566	n/a	0	1	63783
127.582	n/a	0	1	63791
127.6	n/a	0	1	63800
127.616	n/a	0	1	63808
127.632	n/a	0	1	63816
127.65	n/a	0	1	63825
127.666	n/a	0	1	63833
127.682	n/a	0	1	63841
127.7	n/a	0	1	63850
127.716	n/a	0	1	63858
127.732	n/a	0	1	63866
127.75	n/a	0	1	63875
127.766	n/a	0	1	63883
127.782	n/a	0	1	63891
127.8	n/a	0	1	63900
127.816	n/a	0	1	63908
127.832	n/a	0	1	63916
127.85	n/a	1	2	63925
127.866	n/a	1	2	63933
127.882	n/a	1	2	63941
127.9	n/a	1	2	63950
127.916	n/a	0	1	63958
127.932	n/a	0	1	63966
127.95	n/a	0	1	63975
127.966	n/a	0	1	63983
127.982	n/a	0	1	63991
128.0	n/a	0	1	64000
128.016	n/a	0	1	64008
128.032	n/a	0	1	64016
128.05	n/a	0	1	64025
128.066	n/a	0	1	64033
128.082	n/a	0	1	64041
128.1	n/a	0	1	64050
128.116	n/a	0	1	64058
128.132	n/a	0	1	64066
128.15	n/a	0	1	64075
128.166	n/a	0	1	64083
128.182	n/a	0	1	64091
128.198	n/a	0	1	64099
128.216	n/a	0	1	64108
128.232	n/a	0	1	64116
128.25	n/a	1	2	64125
128.266	n/a	1	2	64133
128.282	n/a	1	2	64141
128.3	n/a	1	2	64150
128.316	n/a	0	1	64158
128.332	n/a	0	1	64166
128.35	n/a	0	1	64175
128.366	n/a	0	1	64183
128.382	n/a	0	1	64191
128.4	n/a	0	1	64200
128.416	n/a	0	1	64208
128.432	n/a	0	1	64216
128.448	n/a	0	1	64224
128.466	n/a	0	1	64233
128.482	n/a	0	1	64241
128.5	n/a	0	1	64250
128.516	n/a	0	1	64258
128.532	n/a	1	2	64266
128.55	n/a	1	2	64275
128.566	n/a	1	2	64283
128.582	n/a	1	2	64291
128.6	n/a	0	1	64300
128.616	n/a	0	1	64308
128.632	n/a	0	1	64316
128.65	n/a	0	1	64325
128.666	n/a	0	1	64333
128.682	n/a	0	1	64341
128.698	n/a	0	1	64349
128.716	n/a	0	1	64358
128.732	n/a	0	1	64366
128.75	n/a	0	1	64375
128.766	n/a	0	1	64383
128.782	n/a	0	1	64391
128.8	n/a	0	1	64400
128.816	n/a	0	1	64408
128.832	n/a	0	1	64416
128.85	n/a	0	1	64425
128.866	n/a	0	1	64433
128.882	n/a	0	1	64441
128.9	n/a	1	2	64450
128.916	n/a	1	2	64458
128.932	n/a	1	2	64466
128.948	n/a	1	2	64474
128.966	n/a	0	1	64483
128.982	n/a	0	1	64491
129.0	n/a	0	1	64500
129.016	n/a	0	1	64508
129.032	n/a	0	1	64516
129.05	n/a	0	1	64525
129.066	n/a	0	1	64533
129.082	n/a	0	1	64541
129.1	n/a	0	1	64550
129.116	n/a	0	1	64558
129.132	n/a	0	1	64566
129.15	n/a	0	1	64575
129.166	n/a	0	1	64583
129.182	n/a	0	1	64591
129.198	n/a	0	1	64599
129.216	n/a	0	1	64608
129.232	n/a	0	1	64616
129.25	n/a	0	1	64625
129.266	n/a	0	1	64633
129.282	n/a	0	1	64641
129.3	n/a	0	1	64650
129.316	n/a	0	1	64658
129.332	n/a	0	1	64666
129.35	n/a	0	1	64675
129.366	n/a	1	2	64683
129.382	n/a	1	2	64691
129.4	n/a	1	2	64700
129.416	n/a	1	2	64708
129.432	n/a	0	1	64716
129.448	n/a	0	1	64724
129.466	n/a	0	1	64733
129.482	n/a	0	1	64741
130.982	n/a	0	1	65491
131.0	n/a	0	1	65500
131.016	n/a	0	1	65508
131.032	n/a	0	1	65516
131.05	n/a	0	1	65525
131.066	n/a	0	1	65533
131.082	n/a	0	1	65541
131.1	n/a	0	1	65550
131.116	n/a	0	1	65558
131.132	n/a	0	1	65566
131.15	n/a	0	1	65575
131.166	n/a	0	1	65583
131.182	n/a	0	1	65591
131.2	n/a	0	1	65600
131.216	n/a	0	1	65608
131.232	n/a	0	1	65616
131.25	n/a	0	1	65625
131.266	n/a	0	1	65633
131.282	n/a	0	1	65641
131.3	n/a	0	1	65650
131.316	n/a	0	1	65658
131.332	n/a	0	1	65666
131.35	n/a	0	1	65675
131.366	n/a	1	2	65683
131.382	n/a	1	2	65691
131.4	n/a	1	2	65700
131.416	n/a	1	2	65708
131.432	n/a	0	1	65716
131.45	n/a	0	1	65725
131.466	n/a	0	1	65733
131.482	n/a	0	1	65741
131.5	n/a	0	1	65750
131.516	n/a	0	1	65758
131.532	n/a	0	1	65766
131.55	n/a	0	1	65775
131.566	n/a	0	1	65783
131.582	n/a	0	1	65791
131.6	n/a	0	1	65800
131.616	n/a	0	1	65808
131.632	n/a	0	1	65816
131.65	n/a	0	1	65825
131.666	n/a	0	1	65833
131.682	n/a	0	1	65841
131.7	n/a	0	1	65850
131.716	n/a	0	1	65858
131.732	n/a	0	1	65866
131.75	n/a	1	2	65875
131.766	n/a	1	2	65883
131.782	n/a	1	2	65891
131.8	n/a	1	2	65900
131.816	n/a	0	1	65908
131.832	n/a	0	1	65916
131.85	n/a	0	1	65925
131.866	n/a	0	1	65933
131.882	n/a	0	1	65941
131.9	n/a	0	1	65950
131.916	n/a	0	1	65958
131.932	n/a	0	1	65966
131.95	n/a	0	1	65975
131.966	n/a	0	1	65983
131.982	n/a	0	1	65991
132.0	n/a	0	1	66000
132.016	n/a	0	1	66008
132.032	n/a	0	1	66016
132.05	n/a	1	2	66025
132.066	n/a	1	2	66033
132.082	n/a	1	2	66041
132.1	n/a	1	2	66050
132.116	n/a	0	1	66058
132.132	n/a	0	1	66066
132.15	n/a	0	1	66075
132.166	n/a	0	1	66083
132.182	n/a	0	1	66091
132.2	n/a	0	1	66100
132.216	n/a	0	1	66108
132.232	n/a	0	1	66116
132.25	n/a	0	1	66125
132.266	n/a	0	1	66133
132.282	n/a	0	1	66141
132.3	n/a	0	1	66150
132.316	n/a	0	1	66158
132.332	n/a	1	2	66166
132.35	n/a	1	2	66175
132.366	n/a	1	2	66183
132.382	n/a	1	2	66191
132.4	n/a	0	1	66200
132.416	n/a	0	1	66208
132.432	n/a	0	1	66216
132.45	n/a	0	1	66225
132.466	n/a	0	1	66233
132.482	n/a	0	1	66241
132.5	n/a	0	1	66250
132.516	n/a	0	1	66258
132.532	n/a	0	1	66266
132.55	n/a	0	1	66275
132.566	n/a	0	1	66283
132.582	n/a	0	1	66291
132.6	n/a	0	1	66300
132.616	n/a	0	1	66308
132.632	n/a	0	1	66316
132.65	n/a	0	1	66325
132.666	n/a	1	2	66333
132.682	n/a	1	2	66341
132.7	n/a	1	2	66350
132.716	n/a	1	2	66358
132.732	n/a	0	1	66366
132.75	n/a	0	1	66375
132.766	n/a	0	1	66383
132.782	n/a	0	1	66391
132.8	n/a	0	1	66400
132.816	n/a	0	1	66408
132.832	n/a	0	1	66416
132.85	n/a	0	1	66425
132.866	n/a	0	1	66433
132.882	n/a	0	1	66441
132.9	n/a	0	1	66450
132.916	n/a	0	1	66458
134.4	n/a	0	1	67200
134.416	n/a	0	1	67208
134.432	n/a	0	1	67216
134.45	n/a	0	1	67225
134.466	n/a	0	1	67233
134.482	n/a	0	1	67241
134.5	n/a	0	1	67250
134.516	n/a	0	1	67258
134.532	n/a	0	1	67266
134.55	n/a	0	1	67275
134.566	n/a	0	1	67283
134.582	n/a	0	1	67291
134.6	n/a	0	1	67300
134.616	n/a	0	1	67308
134.632	n/a	0	1	67316
134.65	n/a	1	2	67325
134.666	n/a	1	2	67333
134.682	n/a	1	2	67341
134.7	n/a	1	2	67350
134.716	n/a	0	1	67358
134.732	n/a	0	1	67366
134.75	n/a	0	1	67375
134.766	n/a	0	1	67383
134.782	n/a	0	1	67391
134.8	n/a	0	1	67400
134.816	n/a	0	1	67408
134.832	n/a	0	1	67416
134.85	n/a	0	1	67425
134.866	n/a	0	1	67433
134.882	n/a	0	1	67441
134.9	n/a	0	1	67450
134.916	n/a	0	1	67458
134.932	n/a	0	1	67466
134.95	n/a	0	1	67475
134.966	n/a	0	1	67483
134.982	n/a	0	1	67491
135.0	n/a	0	1	67500
135.016	n/a	0	1	67508
135.032	n/a	0	1	67516
135.05	n/a	0	1	67525
135.066	n/a	0	1	67533
135.082	n/a	1	2	67541
135.1	n/a	1	2	67550
135.116	n/a	1	2	67558
135.132	n/a	1	2	67566
135.15	n/a	0	1	67575
135.166	n/a	0	1	67583
135.182	n/a	0	1	67591
135.2	n/a	0	1	67600
135.216	n/a	0	1	67608
135.232	n/a	0	1	67616
135.25	n/a	0	1	67625
135.266	n/a	0	1	67633
135.282	n/a	0	1	67641
135.3	n/a	0	1	67650
135.316	n/a	0	1	67658
135.332	n/a	0	1	67666
135.35	n/a	0	1	67675
135.366	n/a	0	1	67683
135.382	n/a	0	1	67691
135.4	n/a	0	1	67700
135.416	n/a	0	1	67708
135.432	n/a	0	1	67716
135.45	n/a	0	1	67725
135.466	n/a	0	1	67733
135.482	n/a	0	1	67741
135.5	n/a	0	1	67750
135.516	n/a	0	1	67758
135.532	n/a	0	1	67766
135.55	n/a	1	2	67775
135.566	n/a	1	2	67783
135.582	n/a	1	2	67791
135.6	n/a	1	2	67800
135.616	n/a	0	1	67808
135.632	n/a	0	1	67816
135.65	n/a	0	1	67825
135.666	n/a	0	1	67833
135.682	n/a	0	1	67841
135.7	n/a	0	1	67850
135.716	n/a	0	1	67858
135.732	n/a	0	1	67866
135.75	n/a	0	1	67875
135.766	n/a	0	1	67883
135.782	n/a	0	1	67891
135.8	n/a	0	1	67900
135.816	n/a	0	1	67908
135.832	n/a	0	1	67916
135.85	n/a	1	2	67925
135.866	n/a	1	2	67933
135.882	n/a	1	2	67941
135.9	n/a	1	2	67950
135.916	n/a	0	1	67958
135.932	n/a	0	1	67966
135.95	n/a	0	1	67975
135.966	n/a	0	1	67983
135.982	n/a	0	1	67991
136.0	n/a	0	1	68000
136.016	n/a	0	1	68008
136.032	n/a	0	1	68016
136.05	n/a	0	1	68025
136.066	n/a	0	1	68033
136.082	n/a	0	1	68041
136.1	n/a	0	1	68050
136.116	n/a	0	1	68058
136.132	n/a	0	1	68066
136.15	n/a	0	1	68075
136.166	n/a	0	1	68083
136.182	n/a	0	1	68091
136.2	n/a	0	1	68100
136.216	n/a	0	1	68108
136.232	n/a	0	1	68116
136.25	n/a	0	1	68125
136.266	n/a	0	1	68133
136.282	n/a	1	2	68141
136.3	n/a	1	2	68150
136.316	n/a	1	2	68158
136.332	n/a	1	2	68166
138.55	n/a	0	1	69275
138.566	n/a	0	1	69283
138.582	n/a	0	1	69291
138.6	n/a	0	1	69300
138.616	n/a	0	1	69308
138.632	n/a	0	1	69316
138.65	n/a	0	1	69325
138.666	n/a	0	1	69333
138.682	n/a	0	1	69341
138.7	n/a	0	1	69350
138.716	n/a	0	1	69358
138.732	n/a	0	1	69366
138.75	n/a	0	1	69375
138.766	n/a	0	1	69383
138.782	n/a	0	1	69391
138.8	n/a	1	2	69400
138.816	n/a	1	2	69408
138.832	n/a	1	2	69416
138.85	n/a	1	2	69425
138.866	n/a	0	1	69433
138.882	n/a	0	1	69441
138.9	n/a	0	1	69450
138.916	n/a	0	1	69458
138.932	n/a	0	1	69466
138.95	n/a	0	1	69475
138.966	n/a	0	1	69483
138.982	n/a	0	1	69491
139.0	n/a	0	1	69500
139.016	n/a	0	1	69508
139.032	n/a	0	1	69516
139.05	n/a	0	1	69525
139.066	n/a	0	1	69533
139.082	n/a	0	1	69541
139.1	n/a	0	1	69550
139.116	n/a	0	1	69558
139.132	n/a	0	1	69566
139.15	n/a	0	1	69575
139.166	n/a	0	1	69583
139.182	n/a	0	1	69591
139.2	n/a	0	1	69600
139.216	n/a	0	1	69608
139.232	n/a	1	2	69616
139.25	n/a	1	2	69625
139.266	n/a	1	2	69633
139.282	n/a	1	2	69641
139.3	n/a	0	1	69650
139.316	n/a	0	1	69658
139.332	n/a	0	1	69666
139.35	n/a	0	1	69675
139.366	n/a	0	1	69683
139.382	n/a	0	1	69691
139.4	n/a	0	1	69700
139.416	n/a	0	1	69708
139.432	n/a	0	1	69716
139.45	n/a	0	1	69725
139.466	n/a	0	1	69733
139.482	n/a	0	1	69741
139.5	n/a	0	1	69750
139.516	n/a	0	1	69758
139.532	n/a	0	1	69766
139.55	n/a	0	1	69775
139.566	n/a	0	1	69783
139.582	n/a	0	1	69791
139.6	n/a	0	1	69800
139.616	n/a	0	1	69808
139.632	n/a	0	1	69816
139.65	n/a	0	1	69825
139.666	n/a	0	1	69833
139.682	n/a	0	1	69841
139.7	n/a	1	2	69850
139.716	n/a	1	2	69858
139.732	n/a	1	2	69866
139.75	n/a	1	2	69875
139.766	n/a	0	1	69883
139.782	n/a	0	1	69891
139.8	n/a	0	1	69900
139.816	n/a	0	1	69908
139.832	n/a	0	1	69916
139.85	n/a	0	1	69925
139.866	n/a	0	1	69933
139.882	n/a	0	1	69941
139.9	n/a	0	1	69950
139.916	n/a	0	1	69958
139.932	n/a	0	1	69966
139.95	n/a	0	1	69975
139.966	n/a	0	1	69983
139.982	n/a	0	1	69991
140.0	n/a	1	2	70000
140.016	n/a	1	2	70008
140.032	n/a	1	2	70016
140.05	n/a	1	2	70025
140.066	n/a	0	1	70033
140.082	n/a	0	1	70041
140.1	n/a	0	1	70050
140.116	n/a	0	1	70058
140.132	n/a	0	1	70066
140.15	n/a	0	1	70075
140.166	n/a	0	1	70083
140.182	n/a	0	1	70091
140.2	n/a	0	1	70100
140.216	n/a	0	1	70108
140.232	n/a	0	1	70116
140.25	n/a	0	1	70125
140.266	n/a	0	1	70133
140.282	n/a	0	1	70141
140.3	n/a	0	1	70150
140.316	n/a	0	1	70158
140.332	n/a	0	1	70166
140.35	n/a	0	1	70175
140.366	n/a	0	1	70183
140.382	n/a	0	1	70191
140.4	n/a	0	1	70200
140.416	n/a	0	1	70208
140.432	n/a	1	2	70216
140.45	n/a	1	2	70225
140.466	n/a	1	2	70233
140.482	n/a	1	2	70241
141.982	n/a	0	1	70991
142.0	n/a	0	1	71000
142.016	n/a	0	1	71008
142.032	n/a	0	1	71016
142.05	n/a	0	1	71025
142.066	n/a	0	1	71033
142.082	n/a	0	1	71041
142.1	n/a	0	1	71050
142.116	n/a	0	1	71058
142.132	n/a	0	1	71066
142.15	n/a	0	1	71075
142.166	n/a	0	1	71083
142.182	n/a	0	1	71091
142.2	n/a	0	1	71100
142.216	n/a	0	1	71108
142.232	n/a	0	1	71116
142.25	n/a	0	1	71125
142.266	n/a	0	1	71133
142.282	n/a	1	2	71141
142.3	n/a	1	2	71150
142.316	n/a	1	2	71158
142.332	n/a	1	2	71166
142.35	n/a	0	1	71175
142.366	n/a	0	1	71183
142.382	n/a	0	1	71191
142.4	n/a	0	1	71200
142.416	n/a	0	1	71208
142.432	n/a	0	1	71216
142.45	n/a	0	1	71225
142.466	n/a	0	1	71233
142.482	n/a	0	1	71241
142.5	n/a	0	1	71250
142.516	n/a	0	1	71258
142.532	n/a	0	1	71266
142.55	n/a	0	1	71275
142.566	n/a	0	1	71283
142.582	n/a	0	1	71291
142.6	n/a	0	1	71300
142.616	n/a	0	1	71308
142.632	n/a	0	1	71316
142.65	n/a	0	1	71325
142.666	n/a	0	1	71333
142.682	n/a	1	2	71341
142.7	n/a	1	2	71350
142.716	n/a	1	2	71358
142.732	n/a	1	2	71366
142.75	n/a	0	1	71375
142.766	n/a	0	1	71383
142.782	n/a	0	1	71391
142.8	n/a	0	1	71400
142.816	n/a	0	1	71408
142.832	n/a	0	1	71416
142.85	n/a	0	1	71425
142.866	n/a	0	1	71433
142.882	n/a	0	1	71441
142.9	n/a	0	1	71450
142.916	n/a	0	1	71458
142.932	n/a	0	1	71466
142.95	n/a	0	1	71475
142.966	n/a	1	2	71483
142.982	n/a	1	2	71491
143.0	n/a	1	2	71500
143.016	n/a	1	2	71508
143.032	n/a	0	1	71516
143.05	n/a	0	1	71525
143.066	n/a	0	1	71533
143.082	n/a	0	1	71541
143.1	n/a	0	1	71550
143.116	n/a	0	1	71558
143.132	n/a	0	1	71566
143.15	n/a	0	1	71575
143.166	n/a	0	1	71583
143.182	n/a	0	1	71591
143.2	n/a	0	1	71600
143.216	n/a	0	1	71608
143.232	n/a	0	1	71616
143.25	n/a	0	1	71625
143.266	n/a	0	1	71633
143.282	n/a	0	1	71641
143.3	n/a	0	1	71650
143.316	n/a	0	1	71658
143.332	n/a	1	2	71666
143.35	n/a	1	2	71675
143.366	n/a	1	2	71683
143.382	n/a	1	2	71691
143.4	n/a	0	1	71700
143.416	n/a	0	1	71708
143.432	n/a	0	1	71716
143.45	n/a	0	1	71725
143.466	n/a	0	1	71733
143.482	n/a	0	1	71741
143.5	n/a	0	1	71750
143.516	n/a	0	1	71758
143.532	n/a	0	1	71766
143.55	n/a	0	1	71775
143.566	n/a	0	1	71783
143.582	n/a	0	1	71791
143.6	n/a	0	1	71800
143.616	n/a	0	1	71808
143.632	n/a	0	1	71816
143.65	n/a	0	1	71825
143.666	n/a	0	1	71833
143.682	n/a	0	1	71841
143.7	n/a	0	1	71850
143.716	n/a	0	1	71858
143.732	n/a	0	1	71866
143.75	n/a	0	1	71875
143.766	n/a	0	1	71883
143.782	n/a	0	1	71891
143.8	n/a	1	2	71900
143.816	n/a	1	2	71908
143.832	n/a	1	2	71916
143.85	n/a	1	2	71925
143.866	n/a	0	1	71933
143.882	n/a	0	1	71941
143.9	n/a	0	1	71950
143.916	n/a	0	1	71958
145.4	n/a	0	1	72700
145.416	n/a	1	2	72708
145.432	n/a	1	2	72716
145.45	n/a	1	2	72725
145.466	n/a	1	2	72733
145.482	n/a	0	1	72741
145.5	n/a	0	1	72750
145.516	n/a	0	1	72758
145.532	n/a	0	1	72766
145.55	n/a	0	1	72775
145.566	n/a	0	1	72783
145.582	n/a	0	1	72791
145.6	n/a	0	1	72800
145.616	n/a	0	1	72808
145.632	n/a	0	1	72816
145.65	n/a	0	1	72825
145.666	n/a	0	1	72833
145.682	n/a	0	1	72841
145.7	n/a	0	1	72850
145.716	n/a	0	1	72858
145.732	n/a	0	1	72866
145.75	n/a	0	1	72875
145.766	n/a	0	1	72883
145.782	n/a	0	1	72891
145.8	n/a	0	1	72900
145.816	n/a	0	1	72908
145.832	n/a	0	1	72916
145.85	n/a	0	1	72925
145.866	n/a	0	1	72933
145.882	n/a	0	1	72941
145.9	n/a	1	2	72950
145.916	n/a	1	2	72958
145.932	n/a	1	2	72966
145.95	n/a	1	2	72975
145.966	n/a	0	1	72983
145.982	n/a	0	1	72991
146.0	n/a	0	1	73000
146.016	n/a	0	1	73008
146.032	n/a	0	1	73016
146.05	n/a	0	1	73025
146.066	n/a	0	1	73033
146.082	n/a	0	1	73041
146.1	n/a	0	1	73050
146.116	n/a	0	1	73058
146.132	n/a	0	1	73066
146.15	n/a	0	1	73075
146.166	n/a	0	1	73083
146.182	n/a	0	1	73091
146.2	n/a	0	1	73100
146.216	n/a	0	1	73108
146.232	n/a	0	1	73116
146.25	n/a	0	1	73125
146.266	n/a	0	1	73133
146.282	n/a	0	1	73141
146.3	n/a	0	1	73150
146.316	n/a	0	1	73158
146.332	n/a	0	1	73166
146.35	n/a	0	1	73175
146.366	n/a	1	2	73183
146.382	n/a	1	2	73191
146.4	n/a	1	2	73200
146.416	n/a	1	2	73208
146.432	n/a	0	1	73216
146.45	n/a	0	1	73225
146.466	n/a	0	1	73233
146.482	n/a	0	1	73241
146.5	n/a	0	1	73250
146.516	n/a	0	1	73258
146.532	n/a	0	1	73266
146.55	n/a	0	1	73275
146.566	n/a	0	1	73283
146.582	n/a	0	1	73291
146.6	n/a	0	1	73300
146.616	n/a	0	1	73308
146.632	n/a	0	1	73316
146.65	n/a	0	1	73325
146.666	n/a	0	1	73333
146.682	n/a	0	1	73341
146.7	n/a	0	1	73350
146.716	n/a	0	1	73358
146.732	n/a	0	1	73366
146.75	n/a	0	1	73375
146.766	n/a	0	1	73383
146.782	n/a	1	2	73391
146.8	n/a	1	2	73400
146.816	n/a	1	2	73408
146.832	n/a	1	2	73416
146.85	n/a	0	1	73425
146.866	n/a	0	1	73433
146.882	n/a	0	1	73441
146.9	n/a	0	1	73450
146.916	n/a	0	1	73458
146.932	n/a	0	1	73466
146.95	n/a	0	1	73475
146.966	n/a	0	1	73483
146.982	n/a	0	1	73491
147.0	n/a	0	1	73500
147.016	n/a	0	1	73508
147.032	n/a	0	1	73516
147.05	n/a	0	1	73525
147.066	n/a	0	1	73533
147.082	n/a	0	1	73541
147.1	n/a	0	1	73550
147.116	n/a	0	1	73558
147.132	n/a	0	1	73566
147.15	n/a	0	1	73575
147.166	n/a	0	1	73583
147.182	n/a	0	1	73591
147.2	n/a	0	1	73600
147.216	n/a	1	2	73608
147.232	n/a	1	2	73616
147.25	n/a	1	2	73625
147.266	n/a	1	2	73633
147.282	n/a	0	1	73641
147.3	n/a	0	1	73650
147.316	n/a	0	1	73658
147.332	n/a	0	1	73666
148.8	n/a	0	1	74400
148.816	n/a	0	1	74408
148.832	n/a	0	1	74416
148.85	n/a	0	1	74425
148.866	n/a	0	1	74433
148.882	n/a	0	1	74441
148.9	n/a	0	1	74450
148.916	n/a	0	1	74458
148.932	n/a	0	1	74466
148.95	n/a	0	1	74475
148.966	n/a	0	1	74483
148.982	n/a	0	1	74491
149.0	n/a	0	1	74500
149.016	n/a	0	1	74508
149.032	n/a	0	1	74516
149.05	n/a	0	1	74525
149.066	n/a	0	1	74533
149.082	n/a	0	1	74541
149.1	n/a	0	1	74550
149.116	n/a	0	1	74558
149.132	n/a	0	1	74566
149.15	n/a	0	1	74575
149.166	n/a	0	1	74583
149.182	n/a	1	2	74591
149.2	n/a	1	2	74600
149.216	n/a	1	2	74608
149.232	n/a	1	2	74616
149.25	n/a	0	1	74625
149.266	n/a	0	1	74633
149.282	n/a	0	1	74641
149.3	n/a	0	1	74650
149.316	n/a	0	1	74658
149.332	n/a	0	1	74666
149.35	n/a	0	1	74675
149.366	n/a	0	1	74683
149.382	n/a	0	1	74691
149.4	n/a	0	1	74700
149.416	n/a	0	1	74708
149.432	n/a	0	1	74716
149.45	n/a	0	1	74725
149.466	n/a	0	1	74733
149.482	n/a	0	1	74741
149.5	n/a	0	1	74750
149.516	n/a	0	1	74758
149.532	n/a	0	1	74766
149.55	n/a	0	1	74775
149.566	n/a	1	2	74783
149.582	n/a	1	2	74791
149.6	n/a	1	2	74800
149.616	n/a	1	2	74808
149.632	n/a	0	1	74816
149.65	n/a	0	1	74825
149.666	n/a	0	1	74833
149.682	n/a	0	1	74841
149.7	n/a	0	1	74850
149.716	n/a	0	1	74858
149.732	n/a	0	1	74866
149.75	n/a	0	1	74875
149.766	n/a	0	1	74883
149.782	n/a	0	1	74891
149.8	n/a	0	1	74900
149.816	n/a	0	1	74908
149.832	n/a	0	1	74916
149.85	n/a	0	1	74925
149.866	n/a	1	2	74933
149.882	n/a	1	2	74941
149.9	n/a	1	2	74950
149.916	n/a	1	2	74958
149.932	n/a	0	1	74966
149.95	n/a	0	1	74975
149.966	n/a	0	1	74983
149.982	n/a	0	1	74991
150.0	n/a	0	1	75000
150.016	n/a	0	1	75008
150.032	n/a	0	1	75016
150.05	n/a	0	1	75025
150.066	n/a	0	1	75033
150.082	n/a	0	1	75041
150.1	n/a	0	1	75050
150.116	n/a	0	1	75058
150.132	n/a	0	1	75066
150.15	n/a	1	2	75075
150.166	n/a	1	2	75083
150.182	n/a	1	2	75091
150.2	n/a	1	2	75100
150.216	n/a	0	1	75108
150.232	n/a	0	1	75116
150.25	n/a	0	1	75125
150.266	n/a	0	1	75133
150.282	n/a	0	1	75141
150.3	n/a	0	1	75150
150.316	n/a	0	1	75158
150.332	n/a	0	1	75166
150.35	n/a	0	1	75175
150.366	n/a	0	1	75183
150.382	n/a	0	1	75191
150.4	n/a	0	1	75200
150.416	n/a	0	1	75208
150.432	n/a	0	1	75216
150.45	n/a	0	1	75225
150.466	n/a	0	1	75233
150.482	n/a	1	2	75241
150.5	n/a	1	2	75250
150.516	n/a	1	2	75258
150.532	n/a	1	2	75266
150.55	n/a	0	1	75275
150.566	n/a	0	1	75283
150.582	n/a	0	1	75291
150.6	n/a	0	1	75300
150.616	n/a	0	1	75308
150.632	n/a	0	1	75316
150.65	n/a	0	1	75325
150.666	n/a	0	1	75333
150.682	n/a	0	1	75341
150.7	n/a	0	1	75350
150.716	n/a	0	1	75358
150.732	n/a	0	1	75366
152.9	n/a	0	1	76450
152.916	n/a	0	1	76458
152.932	n/a	0	1	76466
152.95	n/a	0	1	76475
152.966	n/a	0	1	76483
152.982	n/a	0	1	76491
153.0	n/a	0	1	76500
153.016	n/a	0	1	76508
153.032	n/a	0	1	76516
153.05	n/a	0	1	76525
153.066	n/a	0	1	76533
153.082	n/a	0	1	76541
153.1	n/a	0	1	76550
153.116	n/a	0	1	76558
153.132	n/a	0	1	76566
153.15	n/a	0	1	76575
153.166	n/a	0	1	76583
153.182	n/a	0	1	76591
153.2	n/a	0	1	76600
153.216	n/a	0	1	76608
153.232	n/a	0	1	76616
153.25	n/a	0	1	76625
153.266	n/a	0	1	76633
153.282	n/a	1	2	76641
153.3	n/a	1	2	76650
153.316	n/a	1	2	76658
153.332	n/a	1	2	76666
153.35	n/a	0	1	76675
153.366	n/a	0	1	76683
153.382	n/a	0	1	76691
153.4	n/a	0	1	76700
153.416	n/a	0	1	76708
153.432	n/a	0	1	76716
153.45	n/a	0	1	76725
153.466	n/a	0	1	76733
153.482	n/a	0	1	76741
153.5	n/a	0	1	76750
153.516	n/a	0	1	76758
153.532	n/a	0	1	76766
153.55	n/a	0	1	76775
153.566	n/a	0	1	76783
153.582	n/a	0	1	76791
153.6	n/a	0	1	76800
153.616	n/a	0	1	76808
153.632	n/a	0	1	76816
153.65	n/a	0	1	76825
153.666	n/a	1	2	76833
153.682	n/a	1	2	76841
153.7	n/a	1	2	76850
153.716	n/a	1	2	76858
153.732	n/a	0	1	76866
153.75	n/a	0	1	76875
153.766	n/a	0	1	76883
153.782	n/a	0	1	76891
153.8	n/a	0	1	76900
153.816	n/a	0	1	76908
153.832	n/a	0	1	76916
153.85	n/a	0	1	76925
153.866	n/a	0	1	76933
153.882	n/a	0	1	76941
153.9	n/a	0	1	76950
153.916	n/a	0	1	76958
153.932	n/a	0	1	76966
153.95	n/a	0	1	76975
153.966	n/a	1	2	76983
153.982	n/a	1	2	76991
154.0	n/a	1	2	77000
154.016	n/a	1	2	77008
154.032	n/a	0	1	77016
154.05	n/a	0	1	77025
154.066	n/a	0	1	77033
154.082	n/a	0	1	77041
154.1	n/a	0	1	77050
154.116	n/a	0	1	77058
154.132	n/a	0	1	77066
154.15	n/a	0	1	77075
154.166	n/a	0	1	77083
154.182	n/a	0	1	77091
154.2	n/a	0	1	77100
154.216	n/a	0	1	77108
154.232	n/a	0	1	77116
154.25	n/a	1	2	77125
154.266	n/a	1	2	77133
154.282	n/a	1	2	77141
154.3	n/a	1	2	77150
154.316	n/a	0	1	77158
154.332	n/a	0	1	77166
154.35	n/a	0	1	77175
154.366	n/a	0	1	77183
154.382	n/a	0	1	77191
154.4	n/a	0	1	77200
154.416	n/a	0	1	77208
154.432	n/a	0	1	77216
154.45	n/a	0	1	77225
154.466	n/a	0	1	77233
154.482	n/a	0	1	77241
154.5	n/a	0	1	77250
154.516	n/a	0	1	77258
154.532	n/a	0	1	77266
154.55	n/a	0	1	77275
154.566	n/a	0	1	77283
154.582	n/a	1	2	77291
154.6	n/a	1	2	77300
154.616	n/a	1	2	77308
154.632	n/a	1	2	77316
154.65	n/a	0	1	77325
154.666	n/a	0	1	77333
154.682	n/a	0	1	77341
154.7	n/a	0	1	77350
154.716	n/a	0	1	77358
154.732	n/a	0	1	77366
154.75	n/a	0	1	77375
154.766	n/a	0	1	77383
154.782	n/a	0	1	77391
154.8	n/a	0	1	77400
154.816	n/a	0	1	77408
154.832	n/a	0	1	77416
156.332	n/a	0	1	78166
156.35	n/a	0	1	78175
156.366	n/a	0	1	78183
156.382	n/a	0	1	78191
156.4	n/a	0	1	78200
156.416	n/a	0	1	78208
156.432	n/a	0	1	78216
156.45	n/a	0	1	78225
156.466	n/a	0	1	78233
156.482	n/a	0	1	78241
156.5	n/a	0	1	78250
156.516	n/a	0	1	78258
156.532	n/a	0	1	78266
156.55	n/a	0	1	78275
156.566	n/a	0	1	78283
156.582	n/a	1	2	78291
156.6	n/a	1	2	78300
156.616	n/a	1	2	78308
156.632	n/a	1	2	78316
156.65	n/a	0	1	78325
156.666	n/a	0	1	78333
156.682	n/a	0	1	78341
156.7	n/a	0	1	78350
156.716	n/a	0	1	78358
156.732	n/a	0	1	78366
156.75	n/a	0	1	78375
156.766	n/a	0	1	78383
156.782	n/a	0	1	78391
156.8	n/a	0	1	78400
156.816	n/a	0	1	78408
156.832	n/a	0	1	78416
156.85	n/a	0	1	78425
156.866	n/a	0	1	78433
156.882	n/a	0	1	78441
156.9	n/a	0	1	78450
156.916	n/a	0	1	78458
156.932	n/a	0	1	78466
156.95	n/a	0	1	78475
156.966	n/a	0	1	78483
156.982	n/a	0	1	78491
157.0	n/a	0	1	78500
157.016	n/a	1	2	78508
157.032	n/a	1	2	78516
157.05	n/a	1	2	78525
157.066	n/a	1	2	78533
157.082	n/a	0	1	78541
157.1	n/a	0	1	78550
157.116	n/a	0	1	78558
157.132	n/a	0	1	78566
157.15	n/a	0	1	78575
157.166	n/a	0	1	78583
157.182	n/a	0	1	78591
157.2	n/a	0	1	78600
157.216	n/a	0	1	78608
157.232	n/a	0	1	78616
157.25	n/a	0	1	78625
157.266	n/a	0	1	78633
157.282	n/a	0	1	78641
157.3	n/a	0	1	78650
157.316	n/a	0	1	78658
157.332	n/a	0	1	78666
157.35	n/a	0	1	78675
157.366	n/a	0	1	78683
157.382	n/a	0	1	78691
157.4	n/a	0	1	78700
157.416	n/a	0	1	78708
157.432	n/a	0	1	78716
157.45	n/a	0	1	78725
157.466	n/a	0	1	78733
157.482	n/a	1	2	78741
157.5	n/a	1	2	78750
157.516	n/a	1	2	78758
157.532	n/a	1	2	78766
157.55	n/a	0	1	78775
157.566	n/a	0	1	78783
157.582	n/a	0	1	78791
157.6	n/a	0	1	78800
157.616	n/a	0	1	78808
157.632	n/a	0	1	78816
157.65	n/a	0	1	78825
157.666	n/a	0	1	78833
157.682	n/a	0	1	78841
157.7	n/a	0	1	78850
157.716	n/a	0	1	78858
157.732	n/a	0	1	78866
157.75	n/a	0	1	78875
157.766	n/a	0	1	78883
157.782	n/a	1	2	78891
157.8	n/a	1	2	78900
157.816	n/a	1	2	78908
157.832	n/a	1	2	78916
157.85	n/a	0	1	78925
157.866	n/a	0	1	78933
157.882	n/a	0	1	78941
157.9	n/a	0	1	78950
157.916	n/a	0	1	78958
157.932	n/a	0	1	78966
157.95	n/a	0	1	78975
157.966	n/a	0	1	78983
157.982	n/a	0	1	78991
158.0	n/a	0	1	79000
158.016	n/a	0	1	79008
158.032	n/a	0	1	79016
158.05	n/a	0	1	79025
158.066	n/a	0	1	79033
158.082	n/a	0	1	79041
158.1	n/a	0	1	79050
158.116	n/a	0	1	79058
158.132	n/a	0	1	79066
158.15	n/a	0	1	79075
158.166	n/a	0	1	79083
158.182	n/a	0	1	79091
158.2	n/a	0	1	79100
158.216	n/a	1	2	79108
158.232	n/a	1	2	79116
158.25	n/a	1	2	79125
158.266	n/a	1	2	79133
159.75	n/a	0	1	79875
159.766	n/a	0	1	79883
159.782	n/a	0	1	79891
159.8	n/a	0	1	79900
159.816	n/a	0	1	79908
159.832	n/a	0	1	79916
159.85	n/a	0	1	79925
159.866	n/a	0	1	79933
159.882	n/a	0	1	79941
159.9	n/a	0	1	79950
159.916	n/a	0	1	79958
159.932	n/a	0	1	79966
159.95	n/a	0	1	79975
159.966	n/a	0	1	79983
159.982	n/a	0	1	79991
160.0	n/a	0	1	80000
160.016	n/a	0	1	80008
160.032	n/a	0	1	80016
160.05	n/a	1	2	80025
160.066	n/a	1	2	80033
160.082	n/a	1	2	80041
160.1	n/a	1	2	80050
160.116	n/a	0	1	80058
160.132	n/a	0	1	80066
160.15	n/a	0	1	80075
160.166	n/a	0	1	80083
160.182	n/a	0	1	80091
160.2	n/a	0	1	80100
160.216	n/a	0	1	80108
160.232	n/a	0	1	80116
160.25	n/a	0	1	80125
160.266	n/a	0	1	80133
160.282	n/a	0	1	80141
160.3	n/a	0	1	80150
160.316	n/a	0	1	80158
160.332	n/a	0	1	80166
160.35	n/a	0	1	80175
160.366	n/a	0	1	80183
160.382	n/a	0	1	80191
160.4	n/a	0	1	80200
160.416	n/a	0	1	80208
160.432	n/a	0	1	80216
160.45	n/a	1	2	80225
160.466	n/a	1	2	80233
160.482	n/a	1	2	80241
160.5	n/a	1	2	80250
160.516	n/a	0	1	80258
160.532	n/a	0	1	80266
160.55	n/a	0	1	80275
160.566	n/a	0	1	80283
160.582	n/a	0	1	80291
160.6	n/a	0	1	80300
160.616	n/a	0	1	80308
160.632	n/a	0	1	80316
160.65	n/a	0	1	80325
160.666	n/a	0	1	80333
160.682	n/a	0	1	80341
160.7	n/a	0	1	80350
160.716	n/a	0	1	80358
160.732	n/a	1	2	80366
160.75	n/a	1	2	80375
160.766	n/a	1	2	80383
160.782	n/a	1	2	80391
160.8	n/a	0	1	80400
160.816	n/a	0	1	80408
160.832	n/a	0	1	80416
160.85	n/a	0	1	80425
160.866	n/a	0	1	80433
160.882	n/a	0	1	80441
160.9	n/a	0	1	80450
160.916	n/a	0	1	80458
160.932	n/a	0	1	80466
160.95	n/a	0	1	80475
160.966	n/a	0	1	80483
160.982	n/a	0	1	80491
161.0	n/a	0	1	80500
161.016	n/a	0	1	80508
161.032	n/a	0	1	80516
161.05	n/a	0	1	80525
161.066	n/a	0	1	80533
161.082	n/a	0	1	80541
161.1	n/a	1	2	80550
161.116	n/a	1	2	80558
161.132	n/a	1	2	80566
161.15	n/a	1	2	80575
161.166	n/a	0	1	80583
161.182	n/a	0	1	80591
161.2	n/a	0	1	80600
161.216	n/a	0	1	80608
161.232	n/a	0	1	80616
161.25	n/a	0	1	80625
161.266	n/a	0	1	80633
161.282	n/a	0	1	80641
161.3	n/a	0	1	80650
161.316	n/a	0	1	80658
161.332	n/a	0	1	80666
161.35	n/a	0	1	80675
161.366	n/a	0	1	80683
161.382	n/a	0	1	80691
161.4	n/a	0	1	80700
161.416	n/a	0	1	80708
161.432	n/a	0	1	80716
161.45	n/a	0	1	80725
161.466	n/a	0	1	80733
161.482	n/a	0	1	80741
161.5	n/a	0	1	80750
161.516	n/a	0	1	80758
161.532	n/a	0	1	80766
161.55	n/a	0	1	80775
161.566	n/a	1	2	80783
161.582	n/a	1	2	80791
161.6	n/a	1	2	80800
161.616	n/a	1	2	80808
161.632	n/a	0	1	80816
161.65	n/a	0	1	80825
161.666	n/a	0	1	80833
161.682	n/a	0	1	80841
163.15	n/a	0	1	81575
163.166	n/a	1	2	81583
163.182	n/a	1	2	81591
163.2	n/a	1	2	81600
163.216	n/a	1	2	81608
163.232	n/a	0	1	81616
163.25	n/a	0	1	81625
163.266	n/a	0	1	81633
163.282	n/a	0	1	81641
163.3	n/a	0	1	81650
163.316	n/a	0	1	81658
163.332	n/a	0	1	81666
163.35	n/a	0	1	81675
163.366	n/a	0	1	81683
163.382	n/a	0	1	81691
163.4	n/a	0	1	81700
163.416	n/a	0	1	81708
163.432	n/a	0	1	81716
163.45	n/a	0	1	81725
163.466	n/a	0	1	81733
163.482	n/a	0	1	81741
163.5	n/a	0	1	81750
163.516	n/a	0	1	81758
163.532	n/a	0	1	81766
163.55	n/a	0	1	81775
163.566	n/a	0	1	81783
163.582	n/a	0	1	81791
163.6	n/a	0	1	81800
163.616	n/a	0	1	81808
163.632	n/a	0	1	81816
163.65	n/a	1	2	81825
163.666	n/a	1	2	81833
163.682	n/a	1	2	81841
163.7	n/a	1	2	81850
163.716	n/a	0	1	81858
163.732	n/a	0	1	81866
163.75	n/a	0	1	81875
163.766	n/a	0	1	81883
163.782	n/a	0	1	81891
163.8	n/a	0	1	81900
163.816	n/a	0	1	81908
163.832	n/a	0	1	81916
163.85	n/a	0	1	81925
163.866	n/a	0	1	81933
163.882	n/a	0	1	81941
163.9	n/a	0	1	81950
163.916	n/a	0	1	81958
163.932	n/a	0	1	81966
163.95	n/a	0	1	81975
163.966	n/a	0	1	81983
163.982	n/a	0	1	81991
164.0	n/a	0	1	82000
164.016	n/a	0	1	82008
164.032	n/a	0	1	82016
164.05	n/a	0	1	82025
164.066	n/a	0	1	82033
164.082	n/a	0	1	82041
164.1	n/a	0	1	82050
164.116	n/a	1	2	82058
164.132	n/a	1	2	82066
164.15	n/a	1	2	82075
164.166	n/a	1	2	82083
164.182	n/a	0	1	82091
164.2	n/a	0	1	82100
164.216	n/a	0	1	82108
164.232	n/a	0	1	82116
164.25	n/a	0	1	82125
164.266	n/a	0	1	82133
164.282	n/a	0	1	82141
164.3	n/a	0	1	82150
164.316	n/a	0	1	82158
164.332	n/a	0	1	82166
164.35	n/a	0	1	82175
164.366	n/a	0	1	82183
164.382	n/a	0	1	82191
164.4	n/a	0	1	82200
164.416	n/a	0	1	82208
164.432	n/a	0	1	82216
164.45	n/a	0	1	82225
164.466	n/a	0	1	82233
164.482	n/a	0	1	82241
164.5	n/a	0	1	82250
164.516	n/a	0	1	82258
164.532	n/a	1	2	82266
164.55	n/a	1	2	82275
164.566	n/a	1	2	82283
164.582	n/a	1	2	82291
164.6	n/a	0	1	82300
164.616	n/a	0	1	82308
164.632	n/a	0	1	82316
164.65	n/a	0	1	82325
164.666	n/a	0	1	82333
164.682	n/a	0	1	82341
164.7	n/a	0	1	82350
164.716	n/a	0	1	82358
164.732	n/a	0	1	82366
164.75	n/a	0	1	82375
164.766	n/a	0	1	82383
164.782	n/a	0	1	82391
164.8	n/a	0	1	82400
164.816	n/a	0	1	82408
164.832	n/a	0	1	82416
164.85	n/a	0	1	82425
164.866	n/a	0	1	82433
164.882	n/a	0	1	82441
164.9	n/a	0	1	82450
164.916	n/a	0	1	82458
164.932	n/a	0	1	82466
164.95	n/a	0	1	82475
164.966	n/a	1	2	82483
164.982	n/a	1	2	82491
165.0	n/a	1	2	82500
165.016	n/a	1	2	82508
165.032	n/a	0	1	82516
165.05	n/a	0	1	82525
165.066	n/a	0	1	82533
165.082	n/a	0	1	82541
167.25	n/a	0	1	83625
167.266	n/a	0	1	83633
167.282	n/a	0	1	83641
167.3	n/a	0	1	83650
167.316	n/a	0	1	83658
167.332	n/a	0	1	83666
167.35	n/a	0	1	83675
167.366	n/a	0	1	83683
167.382	n/a	0	1	83691
167.4	n/a	0	1	83700
167.416	n/a	0	1	83708
167.432	n/a	0	1	83716
167.45	n/a	0	1	83725
167.466	n/a	0	1	83733
167.482	n/a	0	1	83741
167.5	n/a	0	1	83750
167.516	n/a	0	1	83758
167.532	n/a	0	1	83766
167.55	n/a	0	1	83775
167.566	n/a	0	1	83783
167.582	n/a	0	1	83791
167.6	n/a	0	1	83800
167.616	n/a	0	1	83808
167.632	n/a	1	2	83816
167.65	n/a	1	2	83825
167.666	n/a	1	2	83833
167.682	n/a	1	2	83841
167.7	n/a	0	1	83850
167.716	n/a	0	1	83858
167.732	n/a	0	1	83866
167.75	n/a	0	1	83875
167.766	n/a	0	1	83883
167.782	n/a	0	1	83891
167.8	n/a	0	1	83900
167.816	n/a	0	1	83908
167.832	n/a	0	1	83916
167.85	n/a	0	1	83925
167.866	n/a	0	1	83933
167.882	n/a	0	1	83941
167.9	n/a	0	1	83950
167.916	n/a	0	1	83958
167.932	n/a	0	1	83966
167.95	n/a	0	1	83975
167.966	n/a	0	1	83983
167.982	n/a	0	1	83991
168.0	n/a	0	1	84000
168.016	n/a	1	2	84008
168.032	n/a	1	2	84016
168.05	n/a	1	2	84025
168.066	n/a	1	2	84033
168.082	n/a	0	1	84041
168.1	n/a	0	1	84050
168.116	n/a	0	1	84058
168.132	n/a	0	1	84066
168.15	n/a	0	1	84075
168.166	n/a	0	1	84083
168.182	n/a	0	1	84091
168.2	n/a	0	1	84100
168.216	n/a	0	1	84108
168.232	n/a	0	1	84116
168.25	n/a	0	1	84125
168.266	n/a	0	1	84133
168.282	n/a	0	1	84141
168.3	n/a	0	1	84150
168.316	n/a	1	2	84158
168.332	n/a	1	2	84166
168.35	n/a	1	2	84175
168.366	n/a	1	2	84183
168.382	n/a	0	1	84191
168.4	n/a	0	1	84200
168.416	n/a	0	1	84208
168.432	n/a	0	1	84216
168.45	n/a	0	1	84225
168.466	n/a	0	1	84233
168.482	n/a	0	1	84241
168.5	n/a	0	1	84250
168.516	n/a	0	1	84258
168.532	n/a	0	1	84266
168.55	n/a	0	1	84275
168.566	n/a	0	1	84283
168.582	n/a	0	1	84291
168.6	n/a	1	2	84300
168.616	n/a	1	2	84308
168.632	n/a	1	2	84316
168.65	n/a	1	2	84325
168.666	n/a	0	1	84333
168.682	n/a	0	1	84341
168.7	n/a	0	1	84350
168.716	n/a	0	1	84358
168.732	n/a	0	1	84366
168.75	n/a	0	1	84375
168.766	n/a	0	1	84383
168.782	n/a	0	1	84391
168.8	n/a	0	1	84400
168.816	n/a	0	1	84408
168.832	n/a	0	1	84416
168.85	n/a	0	1	84425
168.866	n/a	0	1	84433
168.882	n/a	0	1	84441
168.9	n/a	0	1	84450
168.916	n/a	0	1	84458
168.932	n/a	1	2	84466
168.95	n/a	1	2	84475
168.966	n/a	1	2	84483
168.982	n/a	1	2	84491
169.0	n/a	0	1	84500
169.016	n/a	0	1	84508
169.032	n/a	0	1	84516
169.05	n/a	0	1	84525
169.066	n/a	0	1	84533
169.082	n/a	0	1	84541
169.1	n/a	0	1	84550
169.116	n/a	0	1	84558
169.132	n/a	0	1	84566
169.15	n/a	0	1	84575
169.166	n/a	0	1	84583
169.182	n/a	0	1	84591
170.666	n/a	0	1	85333
170.682	n/a	1	2	85341
170.7	n/a	1	2	85350
170.716	n/a	1	2	85358
170.732	n/a	1	2	85366
170.75	n/a	0	1	85375
170.766	n/a	0	1	85383
170.782	n/a	0	1	85391
170.8	n/a	0	1	85400
170.816	n/a	0	1	85408
170.832	n/a	0	1	85416
170.85	n/a	0	1	85425
170.866	n/a	0	1	85433
170.882	n/a	0	1	85441
170.9	n/a	0	1	85450
170.916	n/a	0	1	85458
170.932	n/a	0	1	85466
170.95	n/a	0	1	85475
170.966	n/a	0	1	85483
170.982	n/a	0	1	85491
171.0	n/a	0	1	85500
171.016	n/a	0	1	85508
171.032	n/a	0	1	85516
171.05	n/a	0	1	85525
171.066	n/a	0	1	85533
171.082	n/a	0	1	85541
171.1	n/a	0	1	85550
171.116	n/a	0	1	85558
171.132	n/a	0	1	85566
171.15	n/a	0	1	85575
171.166	n/a	1	2	85583
171.182	n/a	1	2	85591
171.2	n/a	1	2	85600
171.216	n/a	1	2	85608
171.232	n/a	0	1	85616
171.25	n/a	0	1	85625
171.266	n/a	0	1	85633
171.282	n/a	0	1	85641
171.3	n/a	0	1	85650
171.316	n/a	0	1	85658
171.332	n/a	0	1	85666
171.35	n/a	0	1	85675
171.366	n/a	0	1	85683
171.382	n/a	0	1	85691
171.4	n/a	0	1	85700
171.416	n/a	0	1	85708
171.432	n/a	0	1	85716
171.45	n/a	0	1	85725
171.466	n/a	0	1	85733
171.482	n/a	0	1	85741
171.5	n/a	0	1	85750
171.516	n/a	0	1	85758
171.532	n/a	0	1	85766
171.55	n/a	0	1	85775
171.566	n/a	0	1	85783
171.582	n/a	0	1	85791
171.6	n/a	0	1	85800
171.616	n/a	0	1	85808
171.632	n/a	1	2	85816
171.65	n/a	1	2	85825
171.666	n/a	1	2	85833
171.682	n/a	1	2	85841
171.7	n/a	0	1	85850
171.716	n/a	0	1	85858
171.732	n/a	0	1	85866
171.75	n/a	0	1	85875
171.766	n/a	0	1	85883
171.782	n/a	0	1	85891
171.8	n/a	0	1	85900
171.816	n/a	0	1	85908
171.832	n/a	0	1	85916
171.85	n/a	0	1	85925
171.866	n/a	0	1	85933
171.882	n/a	0	1	85941
171.9	n/a	0	1	85950
171.916	n/a	0	1	85958
171.932	n/a	0	1	85966
171.95	n/a	0	1	85975
171.966	n/a	0	1	85983
171.982	n/a	0	1	85991
172.0	n/a	0	1	86000
172.016	n/a	0	1	86008
172.032	n/a	0	1	86016
172.05	n/a	1	2	86025
172.066	n/a	1	2	86033
172.082	n/a	1	2	86041
172.1	n/a	1	2	86050
172.116	n/a	0	1	86058
172.132	n/a	0	1	86066
172.15	n/a	0	1	86075
172.166	n/a	0	1	86083
172.182	n/a	0	1	86091
172.2	n/a	0	1	86100
172.216	n/a	0	1	86108
172.232	n/a	0	1	86116
172.25	n/a	0	1	86125
172.266	n/a	0	1	86133
172.282	n/a	0	1	86141
172.3	n/a	0	1	86150
172.316	n/a	0	1	86158
172.332	n/a	0	1	86166
172.35	n/a	0	1	86175
172.366	n/a	0	1	86183
172.382	n/a	0	1	86191
172.4	n/a	0	1	86200
172.416	n/a	0	1	86208
172.432	n/a	0	1	86216
172.45	n/a	0	1	86225
172.466	n/a	0	1	86233
172.482	n/a	1	2	86241
172.5	n/a	1	2	86250
172.516	n/a	1	2	86258
172.532	n/a	1	2	86266
172.55	n/a	0	1	86275
172.566	n/a	0	1	86283
172.582	n/a	0	1	86291
172.6	n/a	0	1	86300
174.1	n/a	0	1	87050
174.116	n/a	0	1	87058
174.132	n/a	0	1	87066
174.15	n/a	0	1	87075
174.166	n/a	0	1	87083
174.182	n/a	0	1	87091
174.2	n/a	0	1	87100
174.216	n/a	0	1	87108
174.232	n/a	0	1	87116
174.25	n/a	0	1	87125
174.266	n/a	0	1	87133
174.282	n/a	0	1	87141
174.3	n/a	0	1	87150
174.316	n/a	0	1	87158
174.332	n/a	0	1	87166
174.35	n/a	1	2	87175
174.366	n/a	1	2	87183
174.382	n/a	1	2	87191
174.4	n/a	1	2	87200
174.416	n/a	0	1	87208
174.432	n/a	0	1	87216
174.45	n/a	0	1	87225
174.466	n/a	0	1	87233
174.482	n/a	0	1	87241
174.5	n/a	0	1	87250
174.516	n/a	0	1	87258
174.532	n/a	0	1	87266
174.55	n/a	0	1	87275
174.566	n/a	0	1	87283
174.582	n/a	0	1	87291
174.6	n/a	0	1	87300
174.616	n/a	0	1	87308
174.632	n/a	0	1	87316
174.65	n/a	0	1	87325
174.666	n/a	0	1	87333
174.682	n/a	0	1	87341
174.7	n/a	0	1	87350
174.716	n/a	0	1	87358
174.732	n/a	0	1	87366
174.75	n/a	0	1	87375
174.766	n/a	0	1	87383
174.782	n/a	1	2	87391
174.8	n/a	1	2	87400
174.816	n/a	1	2	87408
174.832	n/a	1	2	87416
174.85	n/a	0	1	87425
174.866	n/a	0	1	87433
174.882	n/a	0	1	87441
174.9	n/a	0	1	87450
174.916	n/a	0	1	87458
174.932	n/a	0	1	87466
174.95	n/a	0	1	87475
174.966	n/a	0	1	87483
174.982	n/a	0	1	87491
175.0	n/a	0	1	87500
175.016	n/a	0	1	87508
175.032	n/a	0	1	87516
175.05	n/a	0	1	87525
175.066	n/a	0	1	87533
175.082	n/a	0	1	87541
175.1	n/a	0	1	87550
175.116	n/a	0	1	87558
175.132	n/a	0	1	87566
175.15	n/a	0	1	87575
175.166	n/a	0	1	87583
175.182	n/a	0	1	87591
175.2	n/a	0	1	87600
175.216	n/a	0	1	87608
175.232	n/a	0	1	87616
175.25	n/a	1	2	87625
175.266	n/a	1	2	87633
175.282	n/a	1	2	87641
175.3	n/a	1	2	87650
175.316	n/a	0	1	87658
175.332	n/a	0	1	87666
175.35	n/a	0	1	87675
175.366	n/a	0	1	87683
175.382	n/a	0	1	87691
175.4	n/a	0	1	87700
175.416	n/a	0	1	87708
175.432	n/a	0	1	87716
175.45	n/a	0	1	87725
175.466	n/a	0	1	87733
175.482	n/a	0	1	87741
175.5	n/a	0	1	87750
175.516	n/a	0	1	87758
175.532	n/a	0	1	87766
175.55	n/a	1	2	87775
175.566	n/a	1	2	87783
175.582	n/a	1	2	87791
175.6	n/a	1	2	87800
175.616	n/a	0	1	87808
175.632	n/a	0	1	87816
175.65	n/a	0	1	87825
175.666	n/a	0	1	87833
175.682	n/a	0	1	87841
175.7	n/a	0	1	87850
175.716	n/a	0	1	87858
175.732	n/a	0	1	87866
175.75	n/a	0	1	87875
175.766	n/a	0	1	87883
175.782	n/a	0	1	87891
175.8	n/a	0	1	87900
175.816	n/a	0	1	87908
175.832	n/a	0	1	87916
175.85	n/a	0	1	87925
175.866	n/a	0	1	87933
175.882	n/a	0	1	87941
175.9	n/a	0	1	87950
175.916	n/a	0	1	87958
175.932	n/a	0	1	87966
175.95	n/a	0	1	87975
175.966	n/a	0	1	87983
175.982	n/a	1	2	87991
176.0	n/a	1	2	88000
176.016	n/a	1	2	88008
176.032	n/a	1	2	88016
177.5	n/a	0	1	88750
177.516	n/a	0	1	88758
177.532	n/a	0	1	88766
177.55	n/a	0	1	88775
177.566	n/a	0	1	88783
177.582	n/a	0	1	88791
177.6	n/a	0	1	88800
177.616	n/a	0	1	88808
177.632	n/a	0	1	88816
177.65	n/a	0	1	88825
177.666	n/a	0	1	88833
177.682	n/a	0	1	88841
177.7	n/a	0	1	88850
177.716	n/a	0	1	88858
177.732	n/a	0	1	88866
177.75	n/a	0	1	88875
177.766	n/a	0	1	88883
177.782	n/a	0	1	88891
177.8	n/a	1	2	88900
177.816	n/a	1	2	88908
177.832	n/a	1	2	88916
177.85	n/a	1	2	88925
177.866	n/a	0	1	88933
177.882	n/a	0	1	88941
177.9	n/a	0	1	88950
177.916	n/a	0	1	88958
177.932	n/a	0	1	88966
177.95	n/a	0	1	88975
177.966	n/a	0	1	88983
177.982	n/a	0	1	88991
178.0	n/a	0	1	89000
178.016	n/a	0	1	89008
178.032	n/a	0	1	89016
178.05	n/a	0	1	89025
178.066	n/a	0	1	89033
178.082	n/a	0	1	89041
178.1	n/a	0	1	89050
178.116	n/a	0	1	89058
178.132	n/a	0	1	89066
178.15	n/a	0	1	89075
178.166	n/a	0	1	89083
178.182	n/a	0	1	89091
178.2	n/a	1	2	89100
178.216	n/a	1	2	89108
178.232	n/a	1	2	89116
178.25	n/a	1	2	89125
178.266	n/a	0	1	89133
178.282	n/a	0	1	89141
178.3	n/a	0	1	89150
178.316	n/a	0	1	89158
178.332	n/a	0	1	89166
178.35	n/a	0	1	89175
178.366	n/a	0	1	89183
178.382	n/a	0	1	89191
178.4	n/a	0	1	89200
178.416	n/a	0	1	89208
178.432	n/a	0	1	89216
178.45	n/a	0	1	89225
178.466	n/a	0	1	89233
178.482	n/a	1	2	89241
178.5	n/a	1	2	89250
178.516	n/a	1	2	89258
178.532	n/a	1	2	89266
178.55	n/a	0	1	89275
178.566	n/a	0	1	89283
178.582	n/a	0	1	89291
178.6	n/a	0	1	89300
178.616	n/a	0	1	89308
178.632	n/a	0	1	89316
178.65	n/a	0	1	89325
178.666	n/a	0	1	89333
178.682	n/a	0	1	89341
178.7	n/a	0	1	89350
178.716	n/a	0	1	89358
178.732	n/a	0	1	89366
178.75	n/a	0	1	89375
178.766	n/a	0	1	89383
178.782	n/a	0	1	89391
178.8	n/a	0	1	89400
178.816	n/a	0	1	89408
178.832	n/a	0	1	89416
178.85	n/a	1	2	89425
178.866	n/a	1	2	89433
178.882	n/a	1	2	89441
178.9	n/a	1	2	89450
178.916	n/a	0	1	89458
178.932	n/a	0	1	89466
178.95	n/a	0	1	89475
178.966	n/a	0	1	89483
178.982	n/a	0	1	89491
179.0	n/a	0	1	89500
179.016	n/a	0	1	89508
179.032	n/a	0	1	89516
179.05	n/a	0	1	89525
179.066	n/a	0	1	89533
179.082	n/a	0	1	89541
179.1	n/a	0	1	89550
179.116	n/a	0	1	89558
179.132	n/a	0	1	89566
179.15	n/a	0	1	89575
179.166	n/a	0	1	89583
179.182	n/a	0	1	89591
179.2	n/a	0	1	89600
179.216	n/a	0	1	89608
179.232	n/a	0	1	89616
179.25	n/a	0	1	89625
179.266	n/a	0	1	89633
179.282	n/a	0	1	89641
179.3	n/a	0	1	89650
179.316	n/a	1	2	89658
179.332	n/a	1	2	89666
179.35	n/a	1	2	89675
179.366	n/a	1	2	89683
179.382	n/a	0	1	89691
179.4	n/a	0	1	89700
179.416	n/a	0	1	89708
179.432	n/a	0	1	89716
181.65	n/a	0	1	90825
181.666	n/a	0	1	90833
181.682	n/a	0	1	90841
181.7	n/a	0	1	90850
181.716	n/a	0	1	90858
181.732	n/a	0	1	90866
181.75	n/a	0	1	90875
181.766	n/a	0	1	90883
181.782	n/a	0	1	90891
181.8	n/a	0	1	90900
181.816	n/a	0	1	90908
181.832	n/a	0	1	90916
181.85	n/a	0	1	90925
181.866	n/a	0	1	90933
181.882	n/a	0	1	90941
181.9	n/a	0	1	90950
181.916	n/a	0	1	90958
181.932	n/a	0	1	90966
181.95	n/a	1	2	90975
181.966	n/a	1	2	90983
181.982	n/a	1	2	90991
182.0	n/a	1	2	91000
182.016	n/a	0	1	91008
182.032	n/a	0	1	91016
182.05	n/a	0	1	91025
182.066	n/a	0	1	91033
182.082	n/a	0	1	91041
182.1	n/a	0	1	91050
182.116	n/a	0	1	91058
182.132	n/a	0	1	91066
182.15	n/a	0	1	91075
182.166	n/a	0	1	91083
182.182	n/a	0	1	91091
182.2	n/a	0	1	91100
182.216	n/a	0	1	91108
182.232	n/a	0	1	91116
182.25	n/a	0	1	91125
182.266	n/a	0	1	91133
182.282	n/a	0	1	91141
182.3	n/a	0	1	91150
182.316	n/a	0	1	91158
182.332	n/a	0	1	91166
182.35	n/a	1	2	91175
182.366	n/a	1	2	91183
182.382	n/a	1	2	91191
182.4	n/a	1	2	91200
182.416	n/a	0	1	91208
182.432	n/a	0	1	91216
182.45	n/a	0	1	91225
182.466	n/a	0	1	91233
182.482	n/a	0	1	91241
182.5	n/a	0	1	91250
182.516	n/a	0	1	91258
182.532	n/a	0	1	91266
182.55	n/a	0	1	91275
182.566	n/a	0	1	91283
182.582	n/a	0	1	91291
182.6	n/a	0	1	91300
182.616	n/a	0	1	91308
182.632	n/a	1	2	91316
182.65	n/a	1	2	91325
182.666	n/a	1	2	91333
182.682	n/a	1	2	91341
182.7	n/a	0	1	91350
182.716	n/a	0	1	91358
182.732	n/a	0	1	91366
182.75	n/a	0	1	91375
182.766	n/a	0	1	91383
182.782	n/a	0	1	91391
182.8	n/a	0	1	91400
182.816	n/a	0	1	91408
182.832	n/a	0	1	91416
182.85	n/a	0	1	91425
182.866	n/a	0	1	91433
182.882	n/a	0	1	91441
182.9	n/a	0	1	91450
182.916	n/a	0	1	91458
182.932	n/a	0	1	91466
182.95	n/a	0	1	91475
182.966	n/a	0	1	91483
182.982	n/a	0	1	91491
183.0	n/a	1	2	91500
183.016	n/a	1	2	91508
183.032	n/a	1	2	91516
183.05	n/a	1	2	91525
183.066	n/a	0	1	91533
183.082	n/a	0	1	91541
183.1	n/a	0	1	91550
183.116	n/a	0	1	91558
183.132	n/a	0	1	91566
183.15	n/a	0	1	91575
183.166	n/a	0	1	91583
183.182	n/a	0	1	91591
183.2	n/a	0	1	91600
183.216	n/a	0	1	91608
183.232	n/a	0	1	91616
183.25	n/a	0	1	91625
183.266	n/a	0	1	91633
183.282	n/a	0	1	91641
183.3	n/a	0	1	91650
183.316	n/a	0	1	91658
183.332	n/a	0	1	91666
183.35	n/a	0	1	91675
183.366	n/a	0	1	91683
183.382	n/a	0	1	91691
183.4	n/a	0	1	91700
183.416	n/a	0	1	91708
183.432	n/a	0	1	91716
183.45	n/a	0	1	91725
183.466	n/a	1	2	91733
183.482	n/a	1	2	91741
183.5	n/a	1	2	91750
183.516	n/a	1	2	91758
183.532	n/a	0	1	91766
183.55	n/a	0	1	91775
183.566	n/a	0	1	91783
183.582	n/a	0	1	91791
185.066	n/a	0	1	92533
185.082	n/a	0	1	92541
185.1	n/a	0	1	92550
185.116	n/a	0	1	92558
185.132	n/a	0	1	92566
185.15	n/a	0	1	92575
185.166	n/a	0	1	92583
185.182	n/a	0	1	92591
185.2	n/a	0	1	92600
185.216	n/a	0	1	92608
185.232	n/a	0	1	92616
185.25	n/a	0	1	92625
185.266	n/a	0	1	92633
185.282	n/a	0	1	92641
185.3	n/a	0	1	92650
185.316	n/a	1	2	92658
185.332	n/a	1	2	92666
185.35	n/a	1	2	92675
185.366	n/a	1	2	92683
185.382	n/a	0	1	92691
185.4	n/a	0	1	92700
185.416	n/a	0	1	92708
185.432	n/a	0	1	92716
185.45	n/a	0	1	92725
185.466	n/a	0	1	92733
185.482	n/a	0	1	92741
185.5	n/a	0	1	92750
185.516	n/a	0	1	92758
185.532	n/a	0	1	92766
185.55	n/a	0	1	92775
185.566	n/a	0	1	92783
185.582	n/a	0	1	92791
185.6	n/a	0	1	92800
185.616	n/a	0	1	92808
185.632	n/a	0	1	92816
185.65	n/a	0	1	92825
185.666	n/a	0	1	92833
185.682	n/a	0	1	92841
185.7	n/a	0	1	92850
185.716	n/a	0	1	92858
185.732	n/a	0	1	92866
185.75	n/a	1	2	92875
185.766	n/a	1	2	92883
185.782	n/a	1	2	92891
185.8	n/a	1	2	92900
185.816	n/a	0	1	92908
185.832	n/a	0	1	92916
185.85	n/a	0	1	92925
185.866	n/a	0	1	92933
185.882	n/a	0	1	92941
185.9	n/a	0	1	92950
185.916	n/a	0	1	92958
185.932	n/a	0	1	92966
185.95	n/a	0	1	92975
185.966	n/a	0	1	92983
185.982	n/a	0	1	92991
186.0	n/a	0	1	93000
186.016	n/a	0	1	93008
186.032	n/a	0	1	93016
186.05	n/a	0	1	93025
186.066	n/a	0	1	93033
186.082	n/a	0	1	93041
186.1	n/a	0	1	93050
186.116	n/a	0	1	93058
186.132	n/a	0	1	93066
186.15	n/a	0	1	93075
186.166	n/a	0	1	93083
186.182	n/a	0	1	93091
186.2	n/a	0	1	93100
186.216	n/a	1	2	93108
186.232	n/a	1	2	93116
186.25	n/a	1	2	93125
186.266	n/a	1	2	93133
186.282	n/a	0	1	93141
186.3	n/a	0	1	93150
186.316	n/a	0	1	93158
186.332	n/a	0	1	93166
186.35	n/a	0	1	93175
186.366	n/a	0	1	93183
186.382	n/a	0	1	93191
186.4	n/a	0	1	93200
186.416	n/a	0	1	93208
186.432	n/a	0	1	93216
186.45	n/a	0	1	93225
186.466	n/a	0	1	93233
186.482	n/a	0	1	93241
186.5	n/a	0	1	93250
186.516	n/a	1	2	93258
186.532	n/a	1	2	93266
186.55	n/a	1	2	93275
186.566	n/a	1	2	93283
186.582	n/a	0	1	93291
186.6	n/a	0	1	93300
186.616	n/a	0	1	93308
186.632	n/a	0	1	93316
186.65	n/a	0	1	93325
186.666	n/a	0	1	93333
186.682	n/a	0	1	93341
186.7	n/a	0	1	93350
186.716	n/a	0	1	93358
186.732	n/a	0	1	93366
186.75	n/a	0	1	93375
186.766	n/a	0	1	93383
186.782	n/a	0	1	93391
186.8	n/a	0	1	93400
186.816	n/a	0	1	93408
186.832	n/a	0	1	93416
186.85	n/a	0	1	93425
186.866	n/a	0	1	93433
186.882	n/a	0	1	93441
186.9	n/a	0	1	93450
186.916	n/a	0	1	93458
186.932	n/a	0	1	93466
186.95	n/a	1	2	93475
186.966	n/a	1	2	93483
186.982	n/a	1	2	93491
187.0	n/a	1	2	93500
188.5	n/a	0	1	94250
188.516	n/a	0	1	94258
188.532	n/a	0	1	94266
188.55	n/a	0	1	94275
188.566	n/a	0	1	94283
188.582	n/a	0	1	94291
188.6	n/a	0	1	94300
188.616	n/a	0	1	94308
188.632	n/a	0	1	94316
188.65	n/a	0	1	94325
188.666	n/a	0	1	94333
188.682	n/a	0	1	94341
188.7	n/a	0	1	94350
188.716	n/a	0	1	94358
188.732	n/a	0	1	94366
188.75	n/a	0	1	94375
188.766	n/a	0	1	94383
188.782	n/a	0	1	94391
188.8	n/a	0	1	94400
188.816	n/a	0	1	94408
188.832	n/a	0	1	94416
188.85	n/a	0	1	94425
188.866	n/a	0	1	94433
188.882	n/a	1	2	94441
188.9	n/a	1	2	94450
188.916	n/a	1	2	94458
188.932	n/a	1	2	94466
188.95	n/a	0	1	94475
188.966	n/a	0	1	94483
188.982	n/a	0	1	94491
189.0	n/a	0	1	94500
189.016	n/a	0	1	94508
189.032	n/a	0	1	94516
189.05	n/a	0	1	94525
189.066	n/a	0	1	94533
189.082	n/a	0	1	94541
189.1	n/a	0	1	94550
189.116	n/a	0	1	94558
189.132	n/a	0	1	94566
189.15	n/a	0	1	94575
189.166	n/a	0	1	94583
189.182	n/a	0	1	94591
189.2	n/a	0	1	94600
189.216	n/a	0	1	94608
189.232	n/a	0	1	94616
189.25	n/a	0	1	94625
189.266	n/a	1	2	94633
189.282	n/a	1	2	94641
189.3	n/a	1	2	94650
189.316	n/a	1	2	94658
189.332	n/a	0	1	94666
189.35	n/a	0	1	94675
189.366	n/a	0	1	94683
189.382	n/a	0	1	94691
189.4	n/a	0	1	94700
189.416	n/a	0	1	94708
189.432	n/a	0	1	94716
189.45	n/a	0	1	94725
189.466	n/a	0	1	94733
189.482	n/a	0	1	94741
189.5	n/a	0	1	94750
189.516	n/a	0	1	94758
189.532	n/a	0	1	94766
189.55	n/a	0	1	94775
189.566	n/a	1	2	94783
189.582	n/a	1	2	94791
189.6	n/a	1	2	94800
189.616	n/a	1	2	94808
189.632	n/a	0	1	94816
189.65	n/a	0	1	94825
189.666	n/a	0	1	94833
189.682	n/a	0	1	94841
189.7	n/a	0	1	94850
189.716	n/a	0	1	94858
189.732	n/a	0	1	94866
189.75	n/a	0	1	94875
189.766	n/a	0	1	94883
189.782	n/a	0	1	94891
189.8	n/a	0	1	94900
189.816	n/a	0	1	94908
189.832	n/a	0	1	94916
189.85	n/a	1	2	94925
189.866	n/a	1	2	94933
189.882	n/a	1	2	94941
189.9	n/a	1	2	94950
189.916	n/a	0	1	94958
189.932	n/a	0	1	94966
189.95	n/a	0	1	94975
189.966	n/a	0	1	94983
189.982	n/a	0	1	94991
190.0	n/a	0	1	95000
190.016	n/a	0	1	95008
190.032	n/a	0	1	95016
190.05	n/a	0	1	95025
190.066	n/a	0	1	95033
190.082	n/a	0	1	95041
190.1	n/a	0	1	95050
190.116	n/a	0	1	95058
190.132	n/a	0	1	95066
190.15	n/a	0	1	95075
190.166	n/a	0	1	95083
190.182	n/a	1	2	95091
190.2	n/a	1	2	95100
190.216	n/a	1	2	95108
190.232	n/a	1	2	95116
190.25	n/a	0	1	95125
190.266	n/a	0	1	95133
190.282	n/a	0	1	95141
190.3	n/a	0	1	95150
190.316	n/a	0	1	95158
190.332	n/a	0	1	95166
190.35	n/a	0	1	95175
190.366	n/a	0	1	95183
190.382	n/a	0	1	95191
190.4	n/a	0	1	95200
190.416	n/a	0	1	95208
190.432	n/a	0	1	95216
191.9	n/a	0	1	95950
191.916	n/a	1	2	95958
191.932	n/a	1	2	95966
191.95	n/a	1	2	95975
191.966	n/a	1	2	95983
191.982	n/a	0	1	95991
192.0	n/a	0	1	96000
192.016	n/a	0	1	96008
192.032	n/a	0	1	96016
192.05	n/a	0	1	96025
192.066	n/a	0	1	96033
192.082	n/a	0	1	96041
192.1	n/a	0	1	96050
192.116	n/a	0	1	96058
192.132	n/a	0	1	96066
192.15	n/a	0	1	96075
192.166	n/a	0	1	96083
192.182	n/a	0	1	96091
192.2	n/a	0	1	96100
192.216	n/a	0	1	96108
192.232	n/a	0	1	96116
192.25	n/a	0	1	96125
192.266	n/a	0	1	96133
192.282	n/a	0	1	96141
192.3	n/a	0	1	96150
192.316	n/a	0	1	96158
192.332	n/a	0	1	96166
192.35	n/a	0	1	96175
192.366	n/a	0	1	96183
192.382	n/a	0	1	96191
192.4	n/a	1	2	96200
192.416	n/a	1	2	96208
192.432	n/a	1	2	96216
192.45	n/a	1	2	96225
192.466	n/a	0	1	96233
192.482	n/a	0	1	96241
192.5	n/a	0	1	96250
192.516	n/a	0	1	96258
192.532	n/a	0	1	96266
192.55	n/a	0	1	96275
192.566	n/a	0	1	96283
192.582	n/a	0	1	96291
192.6	n/a	0	1	96300
192.616	n/a	0	1	96308
192.632	n/a	0	1	96316
192.65	n/a	0	1	96325
192.666	n/a	0	1	96333
192.682	n/a	0	1	96341
192.7	n/a	0	1	96350
192.716	n/a	0	1	96358
192.732	n/a	0	1	96366
192.75	n/a	0	1	96375
192.766	n/a	0	1	96383
192.782	n/a	0	1	96391
192.8	n/a	0	1	96400
192.816	n/a	0	1	96408
192.832	n/a	0	1	96416
192.85	n/a	0	1	96425
192.866	n/a	1	2	96433
192.882	n/a	1	2	96441
192.9	n/a	1	2	96450
192.916	n/a	1	2	96458
192.932	n/a	0	1	96466
192.95	n/a	0	1	96475
192.966	n/a	0	1	96483
192.982	n/a	0	1	96491
193.0	n/a	0	1	96500
193.016	n/a	0	1	96508
193.032	n/a	0	1	96516
193.05	n/a	0	1	96525
193.066	n/a	0	1	96533
193.082	n/a	0	1	96541
193.1	n/a	0	1	96550
193.116	n/a	0	1	96558
193.132	n/a	0	1	96566
193.15	n/a	0	1	96575
193.166	n/a	0	1	96583
193.182	n/a	0	1	96591
193.2	n/a	0	1	96600
193.216	n/a	0	1	96608
193.232	n/a	0	1	96616
193.25	n/a	0	1	96625
193.266	n/a	0	1	96633
193.282	n/a	1	2	96641
193.3	n/a	1	2	96650
193.316	n/a	1	2	96658
193.332	n/a	1	2	96666
193.35	n/a	0	1	96675
193.366	n/a	0	1	96683
193.382	n/a	0	1	96691
193.4	n/a	0	1	96700
193.416	n/a	0	1	96708
193.432	n/a	0	1	96716
193.45	n/a	0	1	96725
193.466	n/a	0	1	96733
193.482	n/a	0	1	96741
193.5	n/a	0	1	96750
193.516	n/a	0	1	96758
193.532	n/a	0	1	96766
193.55	n/a	0	1	96775
193.566	n/a	0	1	96783
193.582	n/a	0	1	96791
193.6	n/a	0	1	96800
193.616	n/a	0	1	96808
193.632	n/a	0	1	96816
193.65	n/a	0	1	96825
193.666	n/a	0	1	96833
193.682	n/a	0	1	96841
193.7	n/a	0	1	96850
193.716	n/a	1	2	96858
193.732	n/a	1	2	96866
193.75	n/a	1	2	96875
193.766	n/a	1	2	96883
193.782	n/a	0	1	96891
193.8	n/a	0	1	96900
193.816	n/a	0	1	96908
193.832	n/a	0	1	96916
197.4	n/a	0	1	98700
197.416	n/a	1	2	98708
197.432	n/a	1	2	98716
197.45	n/a	1	2	98725
197.466	n/a	1	2	98733
197.482	n/a	0	1	98741
197.5	n/a	0	1	98750
197.516	n/a	0	1	98758
197.532	n/a	0	1	98766
197.55	n/a	0	1	98775
197.566	n/a	0	1	98783
197.582	n/a	0	1	98791
197.6	n/a	0	1	98800
197.616	n/a	0	1	98808
197.632	n/a	0	1	98816
197.65	n/a	0	1	98825
197.666	n/a	0	1	98833
197.682	n/a	0	1	98841
197.7	n/a	0	1	98850
197.716	n/a	0	1	98858
197.732	n/a	0	1	98866
197.75	n/a	0	1	98875
197.766	n/a	0	1	98883
197.782	n/a	0	1	98891
197.8	n/a	0	1	98900
197.816	n/a	0	1	98908
197.832	n/a	0	1	98916
197.85	n/a	0	1	98925
197.866	n/a	0	1	98933
197.882	n/a	0	1	98941
197.9	n/a	1	2	98950
197.916	n/a	1	2	98958
197.932	n/a	1	2	98966
197.95	n/a	1	2	98975
197.966	n/a	0	1	98983
197.982	n/a	0	1	98991
198.0	n/a	0	1	99000
198.016	n/a	0	1	99008
198.032	n/a	0	1	99016
198.05	n/a	0	1	99025
198.066	n/a	0	1	99033
198.082	n/a	0	1	99041
198.1	n/a	0	1	99050
198.116	n/a	0	1	99058
198.132	n/a	0	1	99066
198.15	n/a	0	1	99075
198.166	n/a	0	1	99083
198.182	n/a	0	1	99091
198.2	n/a	0	1	99100
198.216	n/a	0	1	99108
198.232	n/a	0	1	99116
198.25	n/a	0	1	99125
198.266	n/a	0	1	99133
198.282	n/a	0	1	99141
198.3	n/a	0	1	99150
198.316	n/a	0	1	99158
198.332	n/a	0	1	99166
198.35	n/a	0	1	99175
198.366	n/a	1	2	99183
198.382	n/a	1	2	99191
198.4	n/a	1	2	99200
198.416	n/a	1	2	99208
198.432	n/a	0	1	99216
198.45	n/a	0	1	99225
198.466	n/a	0	1	99233
198.482	n/a	0	1	99241
198.5	n/a	0	1	99250
198.516	n/a	0	1	99258
198.532	n/a	0	1	99266
198.55	n/a	0	1	99275
198.566	n/a	0	1	99283
198.582	n/a	0	1	99291
198.6	n/a	0	1	99300
198.616	n/a	0	1	99308
198.632	n/a	0	1	99316
198.65	n/a	0	1	99325
198.666	n/a	0	1	99333
198.682	n/a	0	1	99341
198.7	n/a	0	1	99350
198.716	n/a	0	1	99358
198.732	n/a	0	1	99366
198.75	n/a	0	1	99375
198.766	n/a	0	1	99383
198.782	n/a	1	2	99391
198.8	n/a	1	2	99400
198.816	n/a	1	2	99408
198.832	n/a	1	2	99416
198.85	n/a	0	1	99425
198.866	n/a	0	1	99433
198.882	n/a	0	1	99441
198.9	n/a	0	1	99450
198.916	n/a	0	1	99458
198.932	n/a	0	1	99466
198.95	n/a	0	1	99475
198.966	n/a	0	1	99483
198.982	n/a	0	1	99491
199.0	n/a	0	1	99500
199.016	n/a	0	1	99508
199.032	n/a	0	1	99516
199.05	n/a	0	1	99525
199.066	n/a	0	1	99533
199.082	n/a	0	1	99541
199.1	n/a	0	1	99550
199.116	n/a	0	1	99558
199.132	n/a	0	1	99566
199.15	n/a	0	1	99575
199.166	n/a	0	1	99583
199.182	n/a	0	1	99591
199.2	n/a	0	1	99600
199.216	n/a	1	2	99608
199.232	n/a	1	2	99616
199.25	n/a	1	2	99625
199.266	n/a	1	2	99633
199.282	n/a	0	1	99641
199.3	n/a	0	1	99650
199.316	n/a	0	1	99658
199.332	n/a	0	1	99666
200.8	n/a	0	1	100400
200.816	n/a	0	1	100408
200.832	n/a	0	1	100416
200.85	n/a	0	1	100425
200.866	n/a	0	1	100433
200.882	n/a	0	1	100441
200.9	n/a	0	1	100450
200.916	n/a	0	1	100458
200.932	n/a	0	1	100466
200.95	n/a	0	1	100475
200.966	n/a	0	1	100483
200.982	n/a	0	1	100491
201.0	n/a	0	1	100500
201.016	n/a	0	1	100508
201.032	n/a	0	1	100516
201.05	n/a	0	1	100525
201.066	n/a	0	1	100533
201.082	n/a	0	1	100541
201.1	n/a	1	2	100550
201.116	n/a	1	2	100558
201.132	n/a	1	2	100566
201.15	n/a	1	2	100575
201.166	n/a	0	1	100583
201.182	n/a	0	1	100591
201.2	n/a	0	1	100600
201.216	n/a	0	1	100608
201.232	n/a	0	1	100616
201.25	n/a	0	1	100625
201.266	n/a	0	1	100633
201.282	n/a	0	1	100641
201.3	n/a	0	1	100650
201.316	n/a	0	1	100658
201.332	n/a	0	1	100666
201.35	n/a	0	1	100675
201.366	n/a	0	1	100683
201.382	n/a	0	1	100691
201.4	n/a	0	1	100700
201.416	n/a	0	1	100708
201.432	n/a	0	1	100716
201.45	n/a	0	1	100725
201.466	n/a	0	1	100733
201.482	n/a	0	1	100741
201.5	n/a	1	2	100750
201.516	n/a	1	2	100758
201.532	n/a	1	2	100766
201.55	n/a	1	2	100775
201.566	n/a	0	1	100783
201.582	n/a	0	1	100791
201.6	n/a	0	1	100800
201.616	n/a	0	1	100808
201.632	n/a	0	1	100816
201.65	n/a	0	1	100825
201.666	n/a	0	1	100833
201.682	n/a	0	1	100841
201.7	n/a	0	1	100850
201.716	n/a	0	1	100858
201.732	n/a	0	1	100866
201.75	n/a	0	1	100875
201.766	n/a	0	1	100883
201.782	n/a	1	2	100891
201.8	n/a	1	2	100900
201.816	n/a	1	2	100908
201.832	n/a	1	2	100916
201.85	n/a	0	1	100925
201.866	n/a	0	1	100933
201.882	n/a	0	1	100941
201.9	n/a	0	1	100950
201.916	n/a	0	1	100958
201.932	n/a	0	1	100966
201.95	n/a	0	1	100975
201.966	n/a	0	1	100983
201.982	n/a	0	1	100991
202.0	n/a	0	1	101000
202.016	n/a	0	1	101008
202.032	n/a	0	1	101016
202.05	n/a	0	1	101025
202.066	n/a	0	1	101033
202.082	n/a	0	1	101041
202.1	n/a	0	1	101050
202.116	n/a	0	1	101058
202.132	n/a	0	1	101066
202.15	n/a	1	2	101075
202.166	n/a	1	2	101083
202.182	n/a	1	2	101091
202.2	n/a	1	2	101100
202.216	n/a	0	1	101108
202.232	n/a	0	1	101116
202.25	n/a	0	1	101125
202.266	n/a	0	1	101133
202.282	n/a	0	1	101141
202.3	n/a	0	1	101150
202.316	n/a	0	1	101158
202.332	n/a	0	1	101166
202.35	n/a	0	1	101175
202.366	n/a	0	1	101183
202.382	n/a	0	1	101191
202.4	n/a	0	1	101200
202.416	n/a	0	1	101208
202.432	n/a	0	1	101216
202.45	n/a	0	1	101225
202.466	n/a	0	1	101233
202.482	n/a	0	1	101241
202.5	n/a	0	1	101250
202.516	n/a	0	1	101258
202.532	n/a	0	1	101266
202.55	n/a	0	1	101275
202.566	n/a	0	1	101283
202.582	n/a	0	1	101291
202.6	n/a	0	1	101300
202.616	n/a	1	2	101308
202.632	n/a	1	2	101316
202.65	n/a	1	2	101325
202.666	n/a	1	2	101333
202.682	n/a	0	1	101341
202.7	n/a	0	1	101350
202.716	n/a	0	1	101358
202.732	n/a	0	1	101366
204.216	n/a	0	1	102108
204.232	n/a	0	1	102116
204.25	n/a	0	1	102125
204.266	n/a	0	1	102133
204.282	n/a	0	1	102141
204.3	n/a	0	1	102150
204.316	n/a	0	1	102158
204.332	n/a	0	1	102166
204.35	n/a	0	1	102175
204.366	n/a	0	1	102183
204.382	n/a	0	1	102191
204.4	n/a	0	1	102200
204.416	n/a	0	1	102208
204.432	n/a	0	1	102216
204.45	n/a	0	1	102225
204.466	n/a	1	2	102233
204.482	n/a	1	2	102241
204.5	n/a	1	2	102250
204.516	n/a	1	2	102258
204.532	n/a	0	1	102266
204.55	n/a	0	1	102275
204.566	n/a	0	1	102283
204.582	n/a	0	1	102291
204.6	n/a	0	1	102300
204.616	n/a	0	1	102308
204.632	n/a	0	1	102316
204.65	n/a	0	1	102325
204.666	n/a	0	1	102333
204.682	n/a	0	1	102341
204.7	n/a	0	1	102350
204.716	n/a	0	1	102358
204.732	n/a	0	1	102366
204.75	n/a	0	1	102375
204.766	n/a	0	1	102383
204.782	n/a	0	1	102391
204.8	n/a	0	1	102400
204.816	n/a	0	1	102408
204.832	n/a	0	1	102416
204.85	n/a	0	1	102425
204.866	n/a	0	1	102433
204.882	n/a	0	1	102441
204.9	n/a	1	2	102450
204.916	n/a	1	2	102458
204.932	n/a	1	2	102466
204.95	n/a	1	2	102475
204.966	n/a	0	1	102483
204.982	n/a	0	1	102491
205.0	n/a	0	1	102500
205.016	n/a	0	1	102508
205.032	n/a	0	1	102516
205.05	n/a	0	1	102525
205.066	n/a	0	1	102533
205.082	n/a	0	1	102541
205.1	n/a	0	1	102550
205.116	n/a	0	1	102558
205.132	n/a	0	1	102566
205.15	n/a	0	1	102575
205.166	n/a	0	1	102583
205.182	n/a	0	1	102591
205.2	n/a	0	1	102600
205.216	n/a	0	1	102608
205.232	n/a	0	1	102616
205.25	n/a	0	1	102625
205.266	n/a	0	1	102633
205.282	n/a	0	1	102641
205.3	n/a	0	1	102650
205.316	n/a	0	1	102658
205.332	n/a	0	1	102666
205.35	n/a	0	1	102675
205.366	n/a	1	2	102683
205.382	n/a	1	2	102691
205.4	n/a	1	2	102700
205.416	n/a	1	2	102708
205.432	n/a	0	1	102716
205.45	n/a	0	1	102725
205.466	n/a	0	1	102733
205.482	n/a	0	1	102741
205.5	n/a	0	1	102750
205.516	n/a	0	1	102758
205.532	n/a	0	1	102766
205.55	n/a	0	1	102775
205.566	n/a	0	1	102783
205.582	n/a	0	1	102791
205.6	n/a	0	1	102800
205.616	n/a	0	1	102808
205.632	n/a	0	1	102816
205.65	n/a	0	1	102825
205.666	n/a	1	2	102833
205.682	n/a	1	2	102841
205.7	n/a	1	2	102850
205.716	n/a	1	2	102858
205.732	n/a	0	1	102866
205.75	n/a	0	1	102875
205.766	n/a	0	1	102883
205.782	n/a	0	1	102891
205.8	n/a	0	1	102900
205.816	n/a	0	1	102908
205.832	n/a	0	1	102916
205.85	n/a	0	1	102925
205.866	n/a	0	1	102933
205.882	n/a	0	1	102941
205.9	n/a	0	1	102950
205.916	n/a	0	1	102958
205.932	n/a	0	1	102966
205.95	n/a	0	1	102975
205.966	n/a	0	1	102983
205.982	n/a	0	1	102991
206.0	n/a	0	1	103000
206.016	n/a	0	1	103008
206.032	n/a	0	1	103016
206.05	n/a	0	1	103025
206.066	n/a	0	1	103033
206.082	n/a	0	1	103041
206.1	n/a	1	2	103050
206.116	n/a	1	2	103058
206.132	n/a	1	2	103066
206.15	n/a	1	2	103075
207.65	n/a	0	1	103825
207.666	n/a	0	1	103833
207.682	n/a	0	1	103841
207.7	n/a	0	1	103850
207.716	n/a	0	1	103858
207.732	n/a	0	1	103866
207.75	n/a	0	1	103875
207.766	n/a	0	1	103883
207.782	n/a	0	1	103891
207.8	n/a	0	1	103900
207.816	n/a	0	1	103908
207.832	n/a	0	1	103916
207.85	n/a	0	1	103925
207.866	n/a	0	1	103933
207.882	n/a	0	1	103941
207.9	n/a	0	1	103950
207.916	n/a	0	1	103958
207.932	n/a	0	1	103966
207.95	n/a	0	1	103975
207.966	n/a	0	1	103983
207.982	n/a	0	1	103991
208.0	n/a	0	1	104000
208.016	n/a	0	1	104008
208.032	n/a	1	2	104016
208.05	n/a	1	2	104025
208.066	n/a	1	2	104033
208.082	n/a	1	2	104041
208.1	n/a	0	1	104050
208.116	n/a	0	1	104058
208.132	n/a	0	1	104066
208.15	n/a	0	1	104075
208.166	n/a	0	1	104083
208.182	n/a	0	1	104091
208.2	n/a	0	1	104100
208.216	n/a	0	1	104108
208.232	n/a	0	1	104116
208.25	n/a	0	1	104125
208.266	n/a	0	1	104133
208.282	n/a	0	1	104141
208.3	n/a	0	1	104150
208.316	n/a	0	1	104158
208.332	n/a	0	1	104166
208.35	n/a	0	1	104175
208.366	n/a	0	1	104183
208.382	n/a	0	1	104191
208.4	n/a	0	1	104200
208.416	n/a	1	2	104208
208.432	n/a	1	2	104216
208.45	n/a	1	2	104225
208.466	n/a	1	2	104233
208.482	n/a	0	1	104241
208.5	n/a	0	1	104250
208.516	n/a	0	1	104258
208.532	n/a	0	1	104266
208.55	n/a	0	1	104275
208.566	n/a	0	1	104283
208.582	n/a	0	1	104291
208.6	n/a	0	1	104300
208.616	n/a	0	1	104308
208.632	n/a	0	1	104316
208.65	n/a	0	1	104325
208.666	n/a	0	1	104333
208.682	n/a	0	1	104341
208.7	n/a	0	1	104350
208.716	n/a	1	2	104358
208.732	n/a	1	2	104366
208.75	n/a	1	2	104375
208.766	n/a	1	2	104383
208.782	n/a	0	1	104391
208.8	n/a	0	1	104400
208.816	n/a	0	1	104408
208.832	n/a	0	1	104416
208.85	n/a	0	1	104425
208.866	n/a	0	1	104433
208.882	n/a	0	1	104441
208.9	n/a	0	1	104450
208.916	n/a	0	1	104458
208.932	n/a	0	1	104466
208.95	n/a	0	1	104475
208.966	n/a	0	1	104483
208.982	n/a	0	1	104491
209.0	n/a	1	2	104500
209.016	n/a	1	2	104508
209.032	n/a	1	2	104516
209.05	n/a	1	2	104525
209.066	n/a	0	1	104533
209.082	n/a	0	1	104541
209.1	n/a	0	1	104550
209.116	n/a	0	1	104558
209.132	n/a	0	1	104566
209.15	n/a	0	1	104575
209.166	n/a	0	1	104583
209.182	n/a	0	1	104591
209.2	n/a	0	1	104600
209.216	n/a	0	1	104608
209.232	n/a	0	1	104616
209.25	n/a	0	1	104625
209.266	n/a	0	1	104633
209.282	n/a	0	1	104641
209.3	n/a	0	1	104650
209.316	n/a	0	1	104658
209.332	n/a	1	2	104666
209.35	n/a	1	2	104675
209.366	n/a	1	2	104683
209.382	n/a	1	2	104691
209.4	n/a	0	1	104700
209.416	n/a	0	1	104708
209.432	n/a	0	1	104716
209.45	n/a	0	1	104725
209.466	n/a	0	1	104733
209.482	n/a	0	1	104741
209.5	n/a	0	1	104750
209.516	n/a	0	1	104758
209.532	n/a	0	1	104766
209.55	n/a	0	1	104775
209.566	n/a	0	1	104783
209.582	n/a	0	1	104791
211.816	n/a	0	1	105908
211.832	n/a	0	1	105916
211.85	n/a	0	1	105925
211.866	n/a	0	1	105933
211.882	n/a	0	1	105941
211.9	n/a	0	1	105950
211.916	n/a	0	1	105958
211.932	n/a	0	1	105966
211.95	n/a	0	1	105975
211.966	n/a	0	1	105983
211.982	n/a	0	1	105991
212.0	n/a	0	1	106000
212.016	n/a	0	1	106008
212.032	n/a	0	1	106016
212.05	n/a	0	1	106025
212.066	n/a	0	1	106033
212.082	n/a	0	1	106041
212.1	n/a	0	1	106050
212.116	n/a	1	2	106058
212.132	n/a	1	2	106066
212.15	n/a	1	2	106075
212.166	n/a	1	2	106083
212.182	n/a	0	1	106091
212.2	n/a	0	1	106100
212.216	n/a	0	1	106108
212.232	n/a	0	1	106116
212.25	n/a	0	1	106125
212.266	n/a	0	1	106133
212.282	n/a	0	1	106141
212.3	n/a	0	1	106150
212.316	n/a	0	1	106158
212.332	n/a	0	1	106166
212.35	n/a	0	1	106175
212.366	n/a	0	1	106183
212.382	n/a	0	1	106191
212.4	n/a	0	1	106200
212.416	n/a	0	1	106208
212.432	n/a	0	1	106216
212.45	n/a	0	1	106225
212.466	n/a	0	1	106233
212.482	n/a	0	1	106241
212.5	n/a	0	1	106250
212.516	n/a	1	2	106258
212.532	n/a	1	2	106266
212.55	n/a	1	2	106275
212.566	n/a	1	2	106283
212.582	n/a	0	1	106291
212.6	n/a	0	1	106300
212.616	n/a	0	1	106308
212.632	n/a	0	1	106316
212.65	n/a	0	1	106325
212.666	n/a	0	1	106333
212.682	n/a	0	1	106341
212.7	n/a	0	1	106350
212.716	n/a	0	1	106358
212.732	n/a	0	1	106366
212.75	n/a	0	1	106375
212.766	n/a	0	1	106383
212.782	n/a	0	1	106391
212.8	n/a	1	2	106400
212.816	n/a	1	2	106408
212.832	n/a	1	2	106416
212.85	n/a	1	2	106425
212.866	n/a	0	1	106433
212.882	n/a	0	1	106441
212.9	n/a	0	1	106450
212.916	n/a	0	1	106458
212.932	n/a	0	1	106466
212.95	n/a	0	1	106475
212.966	n/a	0	1	106483
212.982	n/a	0	1	106491
213.0	n/a	0	1	106500
213.016	n/a	0	1	106508
213.032	n/a	0	1	106516
213.05	n/a	0	1	106525
213.066	n/a	0	1	106533
213.082	n/a	0	1	106541
213.1	n/a	0	1	106550
213.116	n/a	0	1	106558
213.132	n/a	0	1	106566
213.15	n/a	0	1	106575
213.166	n/a	1	2	106583
213.182	n/a	1	2	106591
213.2	n/a	1	2	106600
213.216	n/a	1	2	106608
213.232	n/a	0	1	106616
213.25	n/a	0	1	106625
213.266	n/a	0	1	106633
213.282	n/a	0	1	106641
213.3	n/a	0	1	106650
213.316	n/a	0	1	106658
213.332	n/a	0	1	106666
213.35	n/a	0	1	106675
213.366	n/a	0	1	106683
213.382	n/a	0	1	106691
213.4	n/a	0	1	106700
213.416	n/a	0	1	106708
213.432	n/a	0	1	106716
213.45	n/a	0	1	106725
213.466	n/a	0	1	106733
213.482	n/a	0	1	106741
213.5	n/a	0	1	106750
213.516	n/a	0	1	106758
213.532	n/a	0	1	106766
213.55	n/a	0	1	106775
213.566	n/a	0	1	106783
213.582	n/a	0	1	106791
213.6	n/a	0	1	106800
213.616	n/a	0	1	106808
213.632	n/a	1	2	106816
213.65	n/a	1	2	106825
213.666	n/a	1	2	106833
213.682	n/a	1	2	106841
213.7	n/a	0	1	106850
213.716	n/a	0	1	106858
213.732	n/a	0	1	106866
213.75	n/a	0	1	106875
215.25	n/a	0	1	107625
215.266	n/a	0	1	107633
215.282	n/a	0	1	107641
215.3	n/a	0	1	107650
215.316	n/a	0	1	107658
215.332	n/a	0	1	107666
215.35	n/a	0	1	107675
215.366	n/a	0	1	107683
215.382	n/a	0	1	107691
215.4	n/a	0	1	107700
215.416	n/a	0	1	107708
215.432	n/a	0	1	107716
215.45	n/a	0	1	107725
215.466	n/a	0	1	107733
215.482	n/a	0	1	107741
215.5	n/a	1	2	107750
215.516	n/a	1	2	107758
215.532	n/a	1	2	107766
215.55	n/a	1	2	107775
215.566	n/a	0	1	107783
215.582	n/a	0	1	107791
215.6	n/a	0	1	107800
215.616	n/a	0	1	107808
215.632	n/a	0	1	107816
215.65	n/a	0	1	107825
215.666	n/a	0	1	107833
215.682	n/a	0	1	107841
215.7	n/a	0	1	107850
215.716	n/a	0	1	107858
215.732	n/a	0	1	107866
215.75	n/a	0	1	107875
215.766	n/a	0	1	107883
215.782	n/a	0	1	107891
215.8	n/a	0	1	107900
215.816	n/a	0	1	107908
215.832	n/a	0	1	107916
215.85	n/a	0	1	107925
215.866	n/a	0	1	107933
215.882	n/a	0	1	107941
215.9	n/a	0	1	107950
215.916	n/a	0	1	107958
215.932	n/a	1	2	107966
215.95	n/a	1	2	107975
215.966	n/a	1	2	107983
215.982	n/a	1	2	107991
216.0	n/a	0	1	108000
216.016	n/a	0	1	108008
216.032	n/a	0	1	108016
216.05	n/a	0	1	108025
216.066	n/a	0	1	108033
216.082	n/a	0	1	108041
216.1	n/a	0	1	108050
216.116	n/a	0	1	108058
216.132	n/a	0	1	108066
216.15	n/a	0	1	108075
216.166	n/a	0	1	108083
216.182	n/a	0	1	108091
216.2	n/a	0	1	108100
216.216	n/a	0	1	108108
216.232	n/a	0	1	108116
216.25	n/a	0	1	108125
216.266	n/a	0	1	108133
216.282	n/a	0	1	108141
216.3	n/a	0	1	108150
216.316	n/a	0	1	108158
216.332	n/a	0	1	108166
216.35	n/a	0	1	108175
216.366	n/a	0	1	108183
216.382	n/a	0	1	108191
216.4	n/a	1	2	108200
216.416	n/a	1	2	108208
216.432	n/a	1	2	108216
216.45	n/a	1	2	108225
216.466	n/a	0	1	108233
216.482	n/a	0	1	108241
216.5	n/a	0	1	108250
216.516	n/a	0	1	108258
216.532	n/a	0	1	108266
216.55	n/a	0	1	108275
216.566	n/a	0	1	108283
216.582	n/a	0	1	108291
216.6	n/a	0	1	108300
216.616	n/a	0	1	108308
216.632	n/a	0	1	108316
216.65	n/a	0	1	108325
216.666	n/a	0	1	108333
216.682	n/a	0	1	108341
216.7	n/a	1	2	108350
216.716	n/a	1	2	108358
216.732	n/a	1	2	108366
216.75	n/a	1	2	108375
216.766	n/a	0	1	108383
216.782	n/a	0	1	108391
216.8	n/a	0	1	108400
216.816	n/a	0	1	108408
216.832	n/a	0	1	108416
216.85	n/a	0	1	108425
216.866	n/a	0	1	108433
216.882	n/a	0	1	108441
216.9	n/a	0	1	108450
216.916	n/a	0	1	108458
216.932	n/a	0	1	108466
216.95	n/a	0	1	108475
216.966	n/a	0	1	108483
216.982	n/a	0	1	108491
217.0	n/a	0	1	108500
217.016	n/a	0	1	108508
217.032	n/a	0	1	108516
217.05	n/a	0	1	108525
217.066	n/a	0	1	108533
217.082	n/a	0	1	108541
217.1	n/a	0	1	108550
217.116	n/a	0	1	108558
217.132	n/a	1	2	108566
217.15	n/a	1	2	108575
217.166	n/a	1	2	108583
217.182	n/a	1	2	108591
218.65	n/a	0	1	109325
218.666	n/a	1	2	109333
218.682	n/a	1	2	109341
218.7	n/a	1	2	109350
218.716	n/a	1	2	109358
218.732	n/a	0	1	109366
218.75	n/a	0	1	109375
218.766	n/a	0	1	109383
218.782	n/a	0	1	109391
218.8	n/a	0	1	109400
218.816	n/a	0	1	109408
218.832	n/a	0	1	109416
218.85	n/a	0	1	109425
218.866	n/a	0	1	109433
218.882	n/a	0	1	109441
218.9	n/a	0	1	109450
218.916	n/a	0	1	109458
218.932	n/a	0	1	109466
218.95	n/a	0	1	109475
218.966	n/a	0	1	109483
218.982	n/a	0	1	109491
219.0	n/a	0	1	109500
219.016	n/a	0	1	109508
219.032	n/a	0	1	109516
219.05	n/a	0	1	109525
219.066	n/a	0	1	109533
219.082	n/a	0	1	109541
219.1	n/a	0	1	109550
219.116	n/a	0	1	109558
219.132	n/a	0	1	109566
219.15	n/a	1	2	109575
219.166	n/a	1	2	109583
219.182	n/a	1	2	109591
219.2	n/a	1	2	109600
219.216	n/a	0	1	109608
219.232	n/a	0	1	109616
219.25	n/a	0	1	109625
219.266	n/a	0	1	109633
219.282	n/a	0	1	109641
219.3	n/a	0	1	109650
219.316	n/a	0	1	109658
219.332	n/a	0	1	109666
219.35	n/a	0	1	109675
219.366	n/a	0	1	109683
219.382	n/a	0	1	109691
219.4	n/a	0	1	109700
219.416	n/a	0	1	109708
219.432	n/a	0	1	109716
219.45	n/a	0	1	109725
219.466	n/a	0	1	109733
219.482	n/a	0	1	109741
219.5	n/a	0	1	109750
219.516	n/a	0	1	109758
219.532	n/a	0	1	109766
219.55	n/a	0	1	109775
219.566	n/a	0	1	109783
219.582	n/a	0	1	109791
219.6	n/a	0	1	109800
219.616	n/a	1	2	109808
219.632	n/a	1	2	109816
219.65	n/a	1	2	109825
219.666	n/a	1	2	109833
219.682	n/a	0	1	109841
219.7	n/a	0	1	109850
219.716	n/a	0	1	109858
219.732	n/a	0	1	109866
219.75	n/a	0	1	109875
219.766	n/a	0	1	109883
219.782	n/a	0	1	109891
219.8	n/a	0	1	109900
219.816	n/a	0	1	109908
219.832	n/a	0	1	109916
219.85	n/a	0	1	109925
219.866	n/a	0	1	109933
219.882	n/a	0	1	109941
219.9	n/a	0	1	109950
219.916	n/a	0	1	109958
219.932	n/a	0	1	109966
219.95	n/a	0	1	109975
219.966	n/a	0	1	109983
219.982	n/a	0	1	109991
220.0	n/a	0	1	110000
220.016	n/a	0	1	110008
220.032	n/a	1	2	110016
220.05	n/a	1	2	110025
220.066	n/a	1	2	110033
220.082	n/a	1	2	110041
220.1	n/a	0	1	110050
220.116	n/a	0	1	110058
220.132	n/a	0	1	110066
220.15	n/a	0	1	110075
220.166	n/a	0	1	110083
220.182	n/a	0	1	110091
220.2	n/a	0	1	110100
220.216	n/a	0	1	110108
220.232	n/a	0	1	110116
220.25	n/a	0	1	110125
220.266	n/a	0	1	110133
220.282	n/a	0	1	110141
220.3	n/a	0	1	110150
220.316	n/a	0	1	110158
220.332	n/a	0	1	110166
220.35	n/a	0	1	110175
220.366	n/a	0	1	110183
220.382	n/a	0	1	110191
220.4	n/a	0	1	110200
220.416	n/a	0	1	110208
220.432	n/a	0	1	110216
220.45	n/a	0	1	110225
220.466	n/a	1	2	110233
220.482	n/a	1	2	110241
220.5	n/a	1	2	110250
220.516	n/a	1	2	110258
220.532	n/a	0	1	110266
220.55	n/a	0	1	110275
220.566	n/a	0	1	110283
220.582	n/a	0	1	110291
222.066	n/a	0	1	111033
222.082	n/a	0	1	111041
222.1	n/a	0	1	111050
222.116	n/a	0	1	111058
222.132	n/a	0	1	111066
222.15	n/a	0	1	111075
222.166	n/a	0	1	111083
222.182	n/a	0	1	111091
222.2	n/a	0	1	111100
222.216	n/a	0	1	111108
222.232	n/a	0	1	111116
222.25	n/a	0	1	111125
222.266	n/a	0	1	111133
222.282	n/a	0	1	111141
222.3	n/a	0	1	111150
222.316	n/a	0	1	111158
222.332	n/a	0	1	111166
222.35	n/a	0	1	111175
222.366	n/a	0	1	111183
222.382	n/a	0	1	111191
222.4	n/a	0	1	111200
222.416	n/a	0	1	111208
222.432	n/a	0	1	111216
222.45	n/a	1	2	111225
222.466	n/a	1	2	111233
222.482	n/a	1	2	111241
222.5	n/a	1	2	111250
222.516	n/a	0	1	111258
222.532	n/a	0	1	111266
222.55	n/a	0	1	111275
222.566	n/a	0	1	111283
222.582	n/a	0	1	111291
222.6	n/a	0	1	111300
222.616	n/a	0	1	111308
222.632	n/a	0	1	111316
222.65	n/a	0	1	111325
222.666	n/a	0	1	111333
222.682	n/a	0	1	111341
222.7	n/a	0	1	111350
222.716	n/a	0	1	111358
222.732	n/a	0	1	111366
222.75	n/a	0	1	111375
222.766	n/a	0	1	111383
222.782	n/a	0	1	111391
222.8	n/a	0	1	111400
222.816	n/a	0	1	111408
222.832	n/a	1	2	111416
222.85	n/a	1	2	111425
222.866	n/a	1	2	111433
222.882	n/a	1	2	111441
222.9	n/a	0	1	111450
222.916	n/a	0	1	111458
222.932	n/a	0	1	111466
222.95	n/a	0	1	111475
222.966	n/a	0	1	111483
222.982	n/a	0	1	111491
223.0	n/a	0	1	111500
223.016	n/a	0	1	111508
223.032	n/a	0	1	111516
223.05	n/a	0	1	111525
223.066	n/a	0	1	111533
223.082	n/a	0	1	111541
223.1	n/a	0	1	111550
223.116	n/a	0	1	111558
223.132	n/a	1	2	111566
223.15	n/a	1	2	111575
223.166	n/a	1	2	111583
223.182	n/a	1	2	111591
223.2	n/a	0	1	111600
223.216	n/a	0	1	111608
223.232	n/a	0	1	111616
223.25	n/a	0	1	111625
223.266	n/a	0	1	111633
223.282	n/a	0	1	111641
223.3	n/a	0	1	111650
223.316	n/a	0	1	111658
223.332	n/a	0	1	111666
223.35	n/a	0	1	111675
223.366	n/a	0	1	111683
223.382	n/a	0	1	111691
223.4	n/a	0	1	111700
223.416	n/a	1	2	111708
223.432	n/a	1	2	111716
223.45	n/a	1	2	111725
223.466	n/a	1	2	111733
223.482	n/a	0	1	111741
223.5	n/a	0	1	111750
223.516	n/a	0	1	111758
223.532	n/a	0	1	111766
223.55	n/a	0	1	111775
223.566	n/a	0	1	111783
223.582	n/a	0	1	111791
223.6	n/a	0	1	111800
223.616	n/a	0	1	111808
223.632	n/a	0	1	111816
223.65	n/a	0	1	111825
223.666	n/a	0	1	111833
223.682	n/a	0	1	111841
223.7	n/a	0	1	111850
223.716	n/a	0	1	111858
223.732	n/a	0	1	111866
223.75	n/a	1	2	111875
223.766	n/a	1	2	111883
223.782	n/a	1	2	111891
223.8	n/a	1	2	111900
223.816	n/a	0	1	111908
223.832	n/a	0	1	111916
223.85	n/a	0	1	111925
223.866	n/a	0	1	111933
223.882	n/a	0	1	111941
223.9	n/a	0	1	111950
223.916	n/a	0	1	111958
223.932	n/a	0	1	111966
223.95	n/a	0	1	111975
223.966	n/a	0	1	111983
223.982	n/a	0	1	111991
224.0	n/a	0	1	112000
