onset	duration	trial_type	value	sample
25.132	0.25	0	1	12566
25.15	0.25	0	1	12575
25.166	0.25	0	1	12583
25.182	0.25	0	1	12591
25.2	0.25	0	1	12600
25.216	0.25	0	1	12608
25.232	0.25	0	1	12616
25.25	0.25	0	1	12625
25.266	0.25	0	1	12633
25.282	0.25	0	1	12641
25.3	0.25	0	1	12650
25.316	0.25	0	1	12658
25.332	0.25	0	1	12666
25.35	0.25	0	1	12675
25.366	0.25	0	1	12683
25.382	0.25	0	1	12691
25.4	0.25	0	1	12700
25.416	0.25	0	1	12708
25.432	0.25	0	1	12716
25.45	0.25	0	1	12725
25.466	0.25	0	1	12733
25.482	0.25	0	1	12741
25.5	0.25	0	1	12750
25.516	0.25	1	2	12758
25.532	0.25	1	2	12766
25.55	0.25	1	2	12775
25.566	0.25	1	2	12783
25.582	0.25	0	1	12791
25.6	0.25	0	1	12800
25.616	0.25	0	1	12808
25.632	0.25	0	1	12816
25.65	0.25	0	1	12825
25.666	0.25	0	1	12833
25.682	0.25	0	1	12841
25.7	0.25	0	1	12850
25.716	0.25	0	1	12858
25.732	0.25	0	1	12866
25.75	0.25	0	1	12875
25.766	0.25	0	1	12883
25.782	0.25	0	1	12891
25.8	0.25	0	1	12900
25.816	0.25	0	1	12908
25.832	0.25	0	1	12916
25.85	0.25	0	1	12925
25.866	0.25	0	1	12933
25.882	0.25	0	1	12941
25.9	0.25	1	2	12950
25.916	0.25	1	2	12958
25.932	0.25	1	2	12966
25.95	0.25	1	2	12975
25.966	0.25	0	1	12983
25.982	0.25	0	1	12991
26.0	0.25	0	1	13000
26.016	0.25	0	1	13008
26.032	0.25	0	1	13016
26.05	0.25	0	1	13025
26.066	0.25	0	1	13033
26.082	0.25	0	1	13041
26.1	0.25	0	1	13050
26.116	0.25	0	1	13058
26.132	0.25	0	1	13066
26.15	0.25	0	1	13075
26.166	0.25	0	1	13083
26.182	0.25	0	1	13091
26.2	0.25	1	2	13100
26.216	0.25	1	2	13108
26.232	0.25	1	2	13116
26.25	0.25	1	2	13125
26.266	0.25	0	1	13133
26.282	0.25	0	1	13141
26.3	0.25	0	1	13150
26.316	0.25	0	1	13158
26.332	0.25	0	1	13166
26.35	0.25	0	1	13175
26.366	0.25	0	1	13183
26.382	0.25	0	1	13191
26.4	0.25	0	1	13200
26.416	0.25	0	1	13208
26.432	0.25	0	1	13216
26.45	0.25	0	1	13225
26.466	0.25	0	1	13233
26.482	0.25	1	2	13241
26.5	0.25	1	2	13250
26.516	0.25	1	2	13258
26.532	0.25	1	2	13266
26.55	0.25	0	1	13275
26.566	0.25	0	1	13283
26.582	0.25	0	1	13291
26.6	0.25	0	1	13300
26.616	0.25	0	1	13308
26.632	0.25	0	1	13316
26.65	0.25	0	1	13325
26.666	0.25	0	1	13333
26.682	0.25	0	1	13341
26.7	0.25	0	1	13350
26.716	0.25	0	1	13358
26.732	0.25	0	1	13366
26.75	0.25	0	1	13375
26.766	0.25	0	1	13383
26.782	0.25	0	1	13391
26.8	0.25	0	1	13400
26.816	0.25	1	2	13408
26.832	0.25	1	2	13416
26.85	0.25	1	2	13425
26.866	0.25	1	2	13433
26.882	0.25	0	1	13441
26.9	0.25	0	1	13450
26.916	0.25	0	1	13458
26.932	0.25	0	1	13466
26.95	0.25	0	1	13475
26.966	0.25	0	1	13483
26.982	0.25	0	1	13491
27.0	0.25	0	1	13500
27.016	0.25	0	1	13508
27.032	0.25	0	1	13516
27.05	0.25	0	1	13525
27.066	0.25	0	1	13533
28.55	0.25	0	1	14275
28.566	0.25	0	1	14283
28.582	0.25	0	1	14291
28.6	0.25	0	1	14300
28.616	0.25	0	1	14308
28.632	0.25	0	1	14316
28.65	0.25	0	1	14325
28.666	0.25	0	1	14333
28.682	0.25	0	1	14341
28.7	0.25	0	1	14350
28.716	0.25	0	1	14358
28.732	0.25	0	1	14366
28.75	0.25	0	1	14375
28.766	0.25	0	1	14383
28.782	0.25	0	1	14391
28.8	0.25	1	2	14400
28.816	0.25	1	2	14408
28.832	0.25	1	2	14416
28.85	0.25	1	2	14425
28.866	0.25	0	1	14433
28.882	0.25	0	1	14441
28.9	0.25	0	1	14450
28.916	0.25	0	1	14458
28.932	0.25	0	1	14466
28.95	0.25	0	1	14475
28.966	0.25	0	1	14483
28.982	0.25	0	1	14491
29.0	0.25	0	1	14500
29.016	0.25	0	1	14508
29.032	0.25	0	1	14516
29.05	0.25	0	1	14525
29.066	0.25	0	1	14533
29.082	0.25	0	1	14541
29.1	0.25	0	1	14550
29.116	0.25	0	1	14558
29.132	0.25	0	1	14566
29.15	0.25	0	1	14575
29.166	0.25	0	1	14583
29.182	0.25	0	1	14591
29.2	0.25	0	1	14600
29.216	0.25	0	1	14608
29.232	0.25	1	2	14616
29.25	0.25	1	2	14625
29.266	0.25	1	2	14633
29.282	0.25	1	2	14641
29.3	0.25	0	1	14650
29.316	0.25	0	1	14658
29.332	0.25	0	1	14666
29.35	0.25	0	1	14675
29.366	0.25	0	1	14683
29.382	0.25	0	1	14691
29.4	0.25	0	1	14700
29.416	0.25	0	1	14708
29.432	0.25	0	1	14716
29.45	0.25	0	1	14725
29.466	0.25	0	1	14733
29.482	0.25	0	1	14741
29.5	0.25	0	1	14750
29.516	0.25	0	1	14758
29.532	0.25	0	1	14766
29.55	0.25	0	1	14775
29.566	0.25	0	1	14783
29.582	0.25	0	1	14791
29.6	0.25	0	1	14800
29.616	0.25	0	1	14808
29.632	0.25	0	1	14816
29.65	0.25	0	1	14825
29.666	0.25	0	1	14833
29.682	0.25	0	1	14841
29.7	0.25	1	2	14850
29.716	0.25	1	2	14858
29.732	0.25	1	2	14866
29.75	0.25	1	2	14875
29.766	0.25	0	1	14883
29.782	0.25	0	1	14891
29.8	0.25	0	1	14900
29.816	0.25	0	1	14908
29.832	0.25	0	1	14916
29.85	0.25	0	1	14925
29.866	0.25	0	1	14933
29.882	0.25	0	1	14941
29.9	0.25	0	1	14950
29.916	0.25	0	1	14958
29.932	0.25	0	1	14966
29.95	0.25	0	1	14975
29.966	0.25	0	1	14983
29.982	0.25	0	1	14991
30.0	0.25	1	2	15000
30.016	0.25	1	2	15008
30.032	0.25	1	2	15016
30.05	0.25	1	2	15025
30.066	0.25	0	1	15033
30.082	0.25	0	1	15041
30.1	0.25	0	1	15050
30.116	0.25	0	1	15058
30.132	0.25	0	1	15066
30.15	0.25	0	1	15075
30.166	0.25	0	1	15083
30.182	0.25	0	1	15091
30.2	0.25	0	1	15100
30.216	0.25	0	1	15108
30.232	0.25	0	1	15116
30.25	0.25	0	1	15125
30.266	0.25	0	1	15133
30.282	0.25	0	1	15141
30.3	0.25	0	1	15150
30.316	0.25	0	1	15158
30.332	0.25	0	1	15166
30.35	0.25	0	1	15175
30.366	0.25	0	1	15183
30.382	0.25	0	1	15191
30.4	0.25	0	1	15200
30.416	0.25	0	1	15208
30.432	0.25	1	2	15216
30.45	0.25	1	2	15225
30.466	0.25	1	2	15233
30.482	0.25	1	2	15241
31.966	0.25	0	1	15983
31.982	0.25	1	2	15991
32.0	0.25	1	2	16000
32.016	0.25	1	2	16008
32.032	0.25	1	2	16016
32.048	0.25	0	1	16024
32.066	0.25	0	1	16033
32.082	0.25	0	1	16041
32.1	0.25	0	1	16050
32.116	0.25	0	1	16058
32.132	0.25	0	1	16066
32.15	0.25	0	1	16075
32.166	0.25	0	1	16083
32.182	0.25	0	1	16091
32.2	0.25	0	1	16100
32.216	0.25	0	1	16108
32.232	0.25	0	1	16116
32.25	0.25	0	1	16125
32.266	0.25	0	1	16133
32.282	0.25	0	1	16141
32.298	0.25	0	1	16149
32.316	0.25	0	1	16158
32.332	0.25	0	1	16166
32.35	0.25	0	1	16175
32.366	0.25	0	1	16183
32.382	0.25	0	1	16191
32.4	0.25	0	1	16200
32.416	0.25	0	1	16208
32.432	0.25	0	1	16216
32.45	0.25	0	1	16225
32.466	0.25	1	2	16233
32.482	0.25	1	2	16241
32.5	0.25	1	2	16250
32.516	0.25	1	2	16258
32.532	0.25	0	1	16266
32.548	0.25	0	1	16274
32.566	0.25	0	1	16283
32.582	0.25	0	1	16291
32.6	0.25	0	1	16300
32.616	0.25	0	1	16308
32.632	0.25	0	1	16316
32.65	0.25	0	1	16325
32.666	0.25	0	1	16333
32.682	0.25	0	1	16341
32.7	0.25	0	1	16350
32.716	0.25	0	1	16358
32.732	0.25	0	1	16366
32.75	0.25	0	1	16375
32.766	0.25	0	1	16383
32.782	0.25	0	1	16391
32.8	0.25	0	1	16400
32.816	0.25	0	1	16408
32.832	0.25	0	1	16416
32.85	0.25	0	1	16425
32.866	0.25	0	1	16433
32.882	0.25	0	1	16441
32.9	0.25	0	1	16450
32.916	0.25	0	1	16458
32.932	0.25	1	2	16466
32.95	0.25	1	2	16475
32.966	0.25	1	2	16483
32.982	0.25	1	2	16491
33.0	0.25	0	1	16500
33.016	0.25	0	1	16508
33.032	0.25	0	1	16516
33.05	0.25	0	1	16525
33.066	0.25	0	1	16533
33.082	0.25	0	1	16541
33.1	0.25	0	1	16550
33.116	0.25	0	1	16558
33.132	0.25	0	1	16566
33.15	0.25	0	1	16575
33.166	0.25	0	1	16583
33.182	0.25	0	1	16591
33.2	0.25	0	1	16600
33.216	0.25	0	1	16608
33.232	0.25	0	1	16616
33.25	0.25	0	1	16625
33.266	0.25	0	1	16633
33.282	0.25	0	1	16641
33.3	0.25	0	1	16650
33.316	0.25	0	1	16658
33.332	0.25	0	1	16666
33.35	0.25	1	2	16675
33.366	0.25	1	2	16683
33.382	0.25	1	2	16691
33.4	0.25	1	2	16700
33.416	0.25	0	1	16708
33.432	0.25	0	1	16716
33.45	0.25	0	1	16725
33.466	0.25	0	1	16733
33.482	0.25	0	1	16741
33.5	0.25	0	1	16750
33.516	0.25	0	1	16758
33.532	0.25	0	1	16766
33.55	0.25	0	1	16775
33.566	0.25	0	1	16783
33.582	0.25	0	1	16791
33.6	0.25	0	1	16800
33.616	0.25	0	1	16808
33.632	0.25	0	1	16816
33.65	0.25	0	1	16825
33.666	0.25	0	1	16833
33.682	0.25	0	1	16841
33.7	0.25	0	1	16850
33.716	0.25	0	1	16858
33.732	0.25	0	1	16866
33.75	0.25	0	1	16875
33.766	0.25	0	1	16883
33.782	0.25	1	2	16891
33.8	0.25	1	2	16900
33.816	0.25	1	2	16908
33.832	0.25	1	2	16916
33.85	0.25	0	1	16925
33.866	0.25	0	1	16933
33.882	0.25	0	1	16941
33.9	0.25	0	1	16950
35.382	0.25	0	1	17691
35.4	0.25	0	1	17700
35.416	0.25	0	1	17708
35.432	0.25	0	1	17716
35.45	0.25	0	1	17725
35.466	0.25	0	1	17733
35.482	0.25	0	1	17741
35.5	0.25	0	1	17750
35.516	0.25	0	1	17758
35.532	0.25	0	1	17766
35.55	0.25	0	1	17775
35.566	0.25	0	1	17783
35.582	0.25	0	1	17791
35.6	0.25	0	1	17800
35.616	0.25	0	1	17808
35.632	0.25	0	1	17816
35.65	0.25	0	1	17825
35.666	0.25	0	1	17833
35.682	0.25	1	2	17841
35.7	0.25	1	2	17850
35.716	0.25	1	2	17858
35.732	0.25	1	2	17866
35.75	0.25	0	1	17875
35.766	0.25	0	1	17883
35.782	0.25	0	1	17891
35.8	0.25	0	1	17900
35.816	0.25	0	1	17908
35.832	0.25	0	1	17916
35.85	0.25	0	1	17925
35.866	0.25	0	1	17933
35.882	0.25	0	1	17941
35.9	0.25	0	1	17950
35.916	0.25	0	1	17958
35.932	0.25	0	1	17966
35.95	0.25	0	1	17975
35.966	0.25	0	1	17983
35.982	0.25	0	1	17991
36.0	0.25	0	1	18000
36.016	0.25	0	1	18008
36.032	0.25	0	1	18016
36.05	0.25	0	1	18025
36.066	0.25	0	1	18033
36.082	0.25	1	2	18041
36.1	0.25	1	2	18050
36.116	0.25	1	2	18058
36.132	0.25	1	2	18066
36.15	0.25	0	1	18075
36.166	0.25	0	1	18083
36.182	0.25	0	1	18091
36.2	0.25	0	1	18100
36.216	0.25	0	1	18108
36.232	0.25	0	1	18116
36.25	0.25	0	1	18125
36.266	0.25	0	1	18133
36.282	0.25	0	1	18141
36.3	0.25	0	1	18150
36.316	0.25	0	1	18158
36.332	0.25	0	1	18166
36.35	0.25	0	1	18175
36.366	0.25	1	2	18183
36.382	0.25	1	2	18191
36.4	0.25	1	2	18200
36.416	0.25	1	2	18208
36.432	0.25	0	1	18216
36.45	0.25	0	1	18225
36.466	0.25	0	1	18233
36.482	0.25	0	1	18241
36.5	0.25	0	1	18250
36.516	0.25	0	1	18258
36.532	0.25	0	1	18266
36.55	0.25	0	1	18275
36.566	0.25	0	1	18283
36.582	0.25	0	1	18291
36.6	0.25	0	1	18300
36.616	0.25	0	1	18308
36.632	0.25	0	1	18316
36.65	0.25	0	1	18325
36.666	0.25	0	1	18333
36.682	0.25	0	1	18341
36.7	0.25	0	1	18350
36.716	0.25	0	1	18358
36.732	0.25	1	2	18366
36.75	0.25	1	2	18375
36.766	0.25	1	2	18383
36.782	0.25	1	2	18391
36.8	0.25	0	1	18400
36.816	0.25	0	1	18408
36.832	0.25	0	1	18416
36.85	0.25	0	1	18425
36.866	0.25	0	1	18433
36.882	0.25	0	1	18441
36.9	0.25	0	1	18450
36.916	0.25	0	1	18458
36.932	0.25	0	1	18466
36.95	0.25	0	1	18475
36.966	0.25	0	1	18483
36.982	0.25	0	1	18491
37.0	0.25	0	1	18500
37.016	0.25	0	1	18508
37.032	0.25	0	1	18516
37.05	0.25	0	1	18525
37.066	0.25	0	1	18533
37.082	0.25	0	1	18541
37.1	0.25	0	1	18550
37.116	0.25	0	1	18558
37.132	0.25	0	1	18566
37.15	0.25	0	1	18575
37.166	0.25	0	1	18583
37.182	0.25	0	1	18591
37.2	0.25	1	2	18600
37.216	0.25	1	2	18608
37.232	0.25	1	2	18616
37.25	0.25	1	2	18625
37.266	0.25	0	1	18633
37.282	0.25	0	1	18641
37.3	0.25	0	1	18650
37.316	0.25	0	1	18658
40.25	0.25	0	1	20125
40.266	0.25	0	1	20133
40.282	0.25	0	1	20141
40.3	0.25	0	1	20150
40.316	0.25	0	1	20158
40.332	0.25	0	1	20166
40.35	0.25	0	1	20175
40.366	0.25	0	1	20183
40.382	0.25	0	1	20191
40.4	0.25	0	1	20200
40.416	0.25	0	1	20208
40.432	0.25	0	1	20216
40.45	0.25	0	1	20225
40.466	0.25	0	1	20233
40.482	0.25	0	1	20241
40.5	0.25	0	1	20250
40.516	0.25	0	1	20258
40.532	0.25	0	1	20266
40.55	0.25	0	1	20275
40.566	0.25	0	1	20283
40.582	0.25	0	1	20291
40.6	0.25	0	1	20300
40.616	0.25	0	1	20308
40.632	0.25	1	2	20316
40.65	0.25	1	2	20325
40.666	0.25	1	2	20333
40.682	0.25	1	2	20341
40.7	0.25	0	1	20350
40.716	0.25	0	1	20358
40.732	0.25	0	1	20366
40.75	0.25	0	1	20375
40.766	0.25	0	1	20383
40.782	0.25	0	1	20391
40.8	0.25	0	1	20400
40.816	0.25	0	1	20408
40.832	0.25	0	1	20416
40.85	0.25	0	1	20425
40.866	0.25	0	1	20433
40.882	0.25	0	1	20441
40.9	0.25	0	1	20450
40.916	0.25	0	1	20458
40.932	0.25	0	1	20466
40.95	0.25	0	1	20475
40.966	0.25	0	1	20483
40.982	0.25	0	1	20491
41.0	0.25	0	1	20500
41.016	0.25	1	2	20508
41.032	0.25	1	2	20516
41.05	0.25	1	2	20525
41.066	0.25	1	2	20533
41.082	0.25	0	1	20541
41.1	0.25	0	1	20550
41.116	0.25	0	1	20558
41.132	0.25	0	1	20566
41.15	0.25	0	1	20575
41.166	0.25	0	1	20583
41.182	0.25	0	1	20591
41.2	0.25	0	1	20600
41.216	0.25	0	1	20608
41.232	0.25	0	1	20616
41.25	0.25	0	1	20625
41.266	0.25	0	1	20633
41.282	0.25	0	1	20641
41.3	0.25	0	1	20650
41.316	0.25	1	2	20658
41.332	0.25	1	2	20666
41.35	0.25	1	2	20675
41.366	0.25	1	2	20683
41.382	0.25	0	1	20691
41.4	0.25	0	1	20700
41.416	0.25	0	1	20708
41.432	0.25	0	1	20716
41.45	0.25	0	1	20725
41.466	0.25	0	1	20733
41.482	0.25	0	1	20741
41.5	0.25	0	1	20750
41.516	0.25	0	1	20758
41.532	0.25	0	1	20766
41.55	0.25	0	1	20775
41.566	0.25	0	1	20783
41.582	0.25	0	1	20791
41.6	0.25	1	2	20800
41.616	0.25	1	2	20808
41.632	0.25	1	2	20816
41.65	0.25	1	2	20825
41.666	0.25	0	1	20833
41.682	0.25	0	1	20841
41.7	0.25	0	1	20850
41.716	0.25	0	1	20858
41.732	0.25	0	1	20866
41.75	0.25	0	1	20875
41.766	0.25	0	1	20883
41.782	0.25	0	1	20891
41.8	0.25	0	1	20900
41.816	0.25	0	1	20908
41.832	0.25	0	1	20916
41.85	0.25	0	1	20925
41.866	0.25	0	1	20933
41.882	0.25	0	1	20941
41.9	0.25	0	1	20950
41.916	0.25	0	1	20958
41.932	0.25	1	2	20966
41.95	0.25	1	2	20975
41.966	0.25	1	2	20983
41.982	0.25	1	2	20991
42.0	0.25	0	1	21000
42.016	0.25	0	1	21008
42.032	0.25	0	1	21016
42.05	0.25	0	1	21025
42.066	0.25	0	1	21033
42.082	0.25	0	1	21041
42.1	0.25	0	1	21050
42.116	0.25	0	1	21058
42.132	0.25	0	1	21066
42.15	0.25	0	1	21075
42.166	0.25	0	1	21083
42.182	0.25	0	1	21091
43.666	0.25	0	1	21833
43.682	0.25	0	1	21841
43.7	0.25	0	1	21850
43.716	0.25	0	1	21858
43.732	0.25	0	1	21866
43.75	0.25	0	1	21875
43.766	0.25	0	1	21883
43.782	0.25	0	1	21891
43.8	0.25	0	1	21900
43.816	0.25	0	1	21908
43.832	0.25	0	1	21916
43.85	0.25	0	1	21925
43.866	0.25	0	1	21933
43.882	0.25	0	1	21941
43.9	0.25	0	1	21950
43.916	0.25	0	1	21958
43.932	0.25	0	1	21966
43.95	0.25	0	1	21975
43.966	0.25	1	2	21983
43.982	0.25	1	2	21991
44.0	0.25	1	2	22000
44.016	0.25	1	2	22008
44.032	0.25	0	1	22016
44.05	0.25	0	1	22025
44.066	0.25	0	1	22033
44.082	0.25	0	1	22041
44.1	0.25	0	1	22050
44.116	0.25	0	1	22058
44.132	0.25	0	1	22066
44.15	0.25	0	1	22075
44.166	0.25	0	1	22083
44.182	0.25	0	1	22091
44.2	0.25	0	1	22100
44.216	0.25	0	1	22108
44.232	0.25	0	1	22116
44.25	0.25	0	1	22125
44.266	0.25	0	1	22133
44.282	0.25	0	1	22141
44.3	0.25	0	1	22150
44.316	0.25	0	1	22158
44.332	0.25	0	1	22166
44.35	0.25	0	1	22175
44.366	0.25	1	2	22183
44.382	0.25	1	2	22191
44.4	0.25	1	2	22200
44.416	0.25	1	2	22208
44.432	0.25	0	1	22216
44.45	0.25	0	1	22225
44.466	0.25	0	1	22233
44.482	0.25	0	1	22241
44.5	0.25	0	1	22250
44.516	0.25	0	1	22258
44.532	0.25	0	1	22266
44.55	0.25	0	1	22275
44.566	0.25	0	1	22283
44.582	0.25	0	1	22291
44.6	0.25	0	1	22300
44.616	0.25	0	1	22308
44.632	0.25	0	1	22316
44.65	0.25	1	2	22325
44.666	0.25	1	2	22333
44.682	0.25	1	2	22341
44.7	0.25	1	2	22350
44.716	0.25	0	1	22358
44.732	0.25	0	1	22366
44.75	0.25	0	1	22375
44.766	0.25	0	1	22383
44.782	0.25	0	1	22391
44.8	0.25	0	1	22400
44.816	0.25	0	1	22408
44.832	0.25	0	1	22416
44.85	0.25	0	1	22425
44.866	0.25	0	1	22433
44.882	0.25	0	1	22441
44.9	0.25	0	1	22450
44.916	0.25	0	1	22458
44.932	0.25	0	1	22466
44.95	0.25	0	1	22475
44.966	0.25	0	1	22483
44.982	0.25	0	1	22491
45.0	0.25	0	1	22500
45.016	0.25	1	2	22508
45.032	0.25	1	2	22516
45.05	0.25	1	2	22525
45.066	0.25	1	2	22533
45.082	0.25	0	1	22541
45.1	0.25	0	1	22550
45.116	0.25	0	1	22558
45.132	0.25	0	1	22566
45.15	0.25	0	1	22575
45.166	0.25	0	1	22583
45.182	0.25	0	1	22591
45.2	0.25	0	1	22600
45.216	0.25	0	1	22608
45.232	0.25	0	1	22616
45.25	0.25	0	1	22625
45.266	0.25	0	1	22633
45.282	0.25	0	1	22641
45.3	0.25	0	1	22650
45.316	0.25	0	1	22658
45.332	0.25	0	1	22666
45.35	0.25	0	1	22675
45.366	0.25	0	1	22683
45.382	0.25	0	1	22691
45.4	0.25	0	1	22700
45.416	0.25	0	1	22708
45.432	0.25	0	1	22716
45.45	0.25	0	1	22725
45.466	0.25	0	1	22733
45.482	0.25	1	2	22741
45.5	0.25	1	2	22750
45.516	0.25	1	2	22758
45.532	0.25	1	2	22766
45.55	0.25	0	1	22775
45.566	0.25	0	1	22783
45.582	0.25	0	1	22791
45.6	0.25	0	1	22800
47.082	0.25	0	1	23541
47.1	0.25	0	1	23550
47.116	0.25	0	1	23558
47.132	0.25	0	1	23566
47.15	0.25	0	1	23575
47.166	0.25	0	1	23583
47.182	0.25	0	1	23591
47.2	0.25	0	1	23600
47.216	0.25	0	1	23608
47.232	0.25	0	1	23616
47.25	0.25	0	1	23625
47.266	0.25	0	1	23633
47.282	0.25	0	1	23641
47.3	0.25	0	1	23650
47.316	0.25	0	1	23658
47.332	0.25	1	2	23666
47.35	0.25	1	2	23675
47.366	0.25	1	2	23683
47.382	0.25	1	2	23691
47.4	0.25	0	1	23700
47.416	0.25	0	1	23708
47.432	0.25	0	1	23716
47.45	0.25	0	1	23725
47.466	0.25	0	1	23733
47.482	0.25	0	1	23741
47.5	0.25	0	1	23750
47.516	0.25	0	1	23758
47.532	0.25	0	1	23766
47.55	0.25	0	1	23775
47.566	0.25	0	1	23783
47.582	0.25	0	1	23791
47.6	0.25	0	1	23800
47.616	0.25	0	1	23808
47.632	0.25	0	1	23816
47.65	0.25	0	1	23825
47.666	0.25	0	1	23833
47.682	0.25	0	1	23841
47.7	0.25	0	1	23850
47.716	0.25	0	1	23858
47.732	0.25	0	1	23866
47.75	0.25	0	1	23875
47.766	0.25	1	2	23883
47.782	0.25	1	2	23891
47.8	0.25	1	2	23900
47.816	0.25	1	2	23908
47.832	0.25	0	1	23916
47.85	0.25	0	1	23925
47.866	0.25	0	1	23933
47.882	0.25	0	1	23941
47.9	0.25	0	1	23950
47.916	0.25	0	1	23958
47.932	0.25	0	1	23966
47.95	0.25	0	1	23975
47.966	0.25	0	1	23983
47.982	0.25	0	1	23991
48.0	0.25	0	1	24000
48.016	0.25	0	1	24008
48.032	0.25	0	1	24016
48.05	0.25	0	1	24025
48.066	0.25	0	1	24033
48.082	0.25	0	1	24041
48.1	0.25	0	1	24050
48.116	0.25	0	1	24058
48.132	0.25	0	1	24066
48.15	0.25	0	1	24075
48.166	0.25	0	1	24083
48.182	0.25	0	1	24091
48.2	0.25	0	1	24100
48.216	0.25	0	1	24108
48.232	0.25	1	2	24116
48.25	0.25	1	2	24125
48.266	0.25	1	2	24133
48.282	0.25	1	2	24141
48.3	0.25	0	1	24150
48.316	0.25	0	1	24158
48.332	0.25	0	1	24166
48.35	0.25	0	1	24175
48.366	0.25	0	1	24183
48.382	0.25	0	1	24191
48.4	0.25	0	1	24200
48.416	0.25	0	1	24208
48.432	0.25	0	1	24216
48.45	0.25	0	1	24225
48.466	0.25	0	1	24233
48.482	0.25	0	1	24241
48.5	0.25	0	1	24250
48.516	0.25	0	1	24258
48.532	0.25	1	2	24266
48.55	0.25	1	2	24275
48.566	0.25	1	2	24283
48.582	0.25	1	2	24291
48.6	0.25	0	1	24300
48.616	0.25	0	1	24308
48.632	0.25	0	1	24316
48.65	0.25	0	1	24325
48.666	0.25	0	1	24333
48.682	0.25	0	1	24341
48.7	0.25	0	1	24350
48.716	0.25	0	1	24358
48.732	0.25	0	1	24366
48.75	0.25	0	1	24375
48.766	0.25	0	1	24383
48.782	0.25	0	1	24391
48.8	0.25	0	1	24400
48.816	0.25	0	1	24408
48.832	0.25	0	1	24416
48.85	0.25	0	1	24425
48.866	0.25	0	1	24433
48.882	0.25	0	1	24441
48.9	0.25	0	1	24450
48.916	0.25	0	1	24458
48.932	0.25	0	1	24466
48.95	0.25	0	1	24475
48.966	0.25	1	2	24483
48.982	0.25	1	2	24491
49.0	0.25	1	2	24500
49.016	0.25	1	2	24508
50.5	0.25	0	1	25250
50.516	0.25	1	2	25258
50.532	0.25	1	2	25266
50.55	0.25	1	2	25275
50.566	0.25	1	2	25283
50.582	0.25	0	1	25291
50.6	0.25	0	1	25300
50.616	0.25	0	1	25308
50.632	0.25	0	1	25316
50.65	0.25	0	1	25325
50.666	0.25	0	1	25333
50.682	0.25	0	1	25341
50.7	0.25	0	1	25350
50.716	0.25	0	1	25358
50.732	0.25	0	1	25366
50.75	0.25	0	1	25375
50.766	0.25	0	1	25383
50.782	0.25	0	1	25391
50.8	0.25	0	1	25400
50.816	0.25	0	1	25408
50.832	0.25	0	1	25416
50.85	0.25	0	1	25425
50.866	0.25	0	1	25433
50.882	0.25	0	1	25441
50.9	0.25	0	1	25450
50.916	0.25	0	1	25458
50.932	0.25	0	1	25466
50.95	0.25	0	1	25475
50.966	0.25	0	1	25483
50.982	0.25	0	1	25491
51.0	0.25	1	2	25500
51.016	0.25	1	2	25508
51.032	0.25	1	2	25516
51.05	0.25	1	2	25525
51.066	0.25	0	1	25533
51.082	0.25	0	1	25541
51.1	0.25	0	1	25550
51.116	0.25	0	1	25558
51.132	0.25	0	1	25566
51.15	0.25	0	1	25575
51.166	0.25	0	1	25583
51.182	0.25	0	1	25591
51.2	0.25	0	1	25600
51.216	0.25	0	1	25608
51.232	0.25	0	1	25616
51.25	0.25	0	1	25625
51.266	0.25	0	1	25633
51.282	0.25	0	1	25641
51.3	0.25	0	1	25650
51.316	0.25	0	1	25658
51.332	0.25	0	1	25666
51.35	0.25	0	1	25675
51.366	0.25	0	1	25683
51.382	0.25	0	1	25691
51.4	0.25	0	1	25700
51.416	0.25	0	1	25708
51.432	0.25	0	1	25716
51.45	0.25	0	1	25725
51.466	0.25	1	2	25733
51.482	0.25	1	2	25741
51.5	0.25	1	2	25750
51.516	0.25	1	2	25758
51.532	0.25	0	1	25766
51.55	0.25	0	1	25775
51.566	0.25	0	1	25783
51.582	0.25	0	1	25791
51.6	0.25	0	1	25800
51.616	0.25	0	1	25808
51.632	0.25	0	1	25816
51.65	0.25	0	1	25825
51.666	0.25	0	1	25833
51.682	0.25	0	1	25841
51.7	0.25	0	1	25850
51.716	0.25	0	1	25858
51.732	0.25	0	1	25866
51.75	0.25	0	1	25875
51.766	0.25	0	1	25883
51.782	0.25	0	1	25891
51.8	0.25	0	1	25900
51.816	0.25	0	1	25908
51.832	0.25	0	1	25916
51.85	0.25	0	1	25925
51.866	0.25	0	1	25933
51.882	0.25	1	2	25941
51.9	0.25	1	2	25950
51.916	0.25	1	2	25958
51.932	0.25	1	2	25966
51.95	0.25	0	1	25975
51.966	0.25	0	1	25983
51.982	0.25	0	1	25991
52.0	0.25	0	1	26000
52.016	0.25	0	1	26008
52.032	0.25	0	1	26016
52.05	0.25	0	1	26025
52.066	0.25	0	1	26033
52.082	0.25	0	1	26041
52.1	0.25	0	1	26050
52.116	0.25	0	1	26058
52.132	0.25	0	1	26066
52.15	0.25	0	1	26075
52.166	0.25	0	1	26083
52.182	0.25	0	1	26091
52.2	0.25	0	1	26100
52.216	0.25	0	1	26108
52.232	0.25	0	1	26116
52.25	0.25	0	1	26125
52.266	0.25	0	1	26133
52.282	0.25	0	1	26141
52.3	0.25	0	1	26150
52.316	0.25	1	2	26158
52.332	0.25	1	2	26166
52.35	0.25	1	2	26175
52.366	0.25	1	2	26183
52.382	0.25	0	1	26191
52.4	0.25	0	1	26200
52.416	0.25	0	1	26208
52.432	0.25	0	1	26216
54.982	0.25	0	1	27491
55.0	0.25	0	1	27500
55.016	0.25	0	1	27508
55.032	0.25	0	1	27516
55.05	0.25	0	1	27525
55.066	0.25	0	1	27533
55.082	0.25	0	1	27541
55.1	0.25	0	1	27550
55.116	0.25	0	1	27558
55.132	0.25	0	1	27566
55.15	0.25	0	1	27575
55.166	0.25	0	1	27583
55.182	0.25	0	1	27591
55.2	0.25	0	1	27600
55.216	0.25	0	1	27608
55.232	0.25	0	1	27616
55.25	0.25	0	1	27625
55.266	0.25	0	1	27633
55.282	0.25	0	1	27641
55.3	0.25	0	1	27650
55.316	0.25	0	1	27658
55.332	0.25	0	1	27666
55.35	0.25	0	1	27675
55.366	0.25	1	2	27683
55.382	0.25	1	2	27691
55.4	0.25	1	2	27700
55.416	0.25	1	2	27708
55.432	0.25	0	1	27716
55.45	0.25	0	1	27725
55.466	0.25	0	1	27733
55.482	0.25	0	1	27741
55.5	0.25	0	1	27750
55.516	0.25	0	1	27758
55.532	0.25	0	1	27766
55.55	0.25	0	1	27775
55.566	0.25	0	1	27783
55.582	0.25	0	1	27791
55.6	0.25	0	1	27800
55.616	0.25	0	1	27808
55.632	0.25	0	1	27816
55.65	0.25	0	1	27825
55.666	0.25	0	1	27833
55.682	0.25	0	1	27841
55.7	0.25	0	1	27850
55.716	0.25	0	1	27858
55.732	0.25	0	1	27866
55.75	0.25	1	2	27875
55.766	0.25	1	2	27883
55.782	0.25	1	2	27891
55.8	0.25	1	2	27900
55.816	0.25	0	1	27908
55.832	0.25	0	1	27916
55.85	0.25	0	1	27925
55.866	0.25	0	1	27933
55.882	0.25	0	1	27941
55.9	0.25	0	1	27950
55.916	0.25	0	1	27958
55.932	0.25	0	1	27966
55.95	0.25	0	1	27975
55.966	0.25	0	1	27983
55.982	0.25	0	1	27991
56.0	0.25	0	1	28000
56.016	0.25	0	1	28008
56.032	0.25	0	1	28016
56.05	0.25	1	2	28025
56.066	0.25	1	2	28033
56.082	0.25	1	2	28041
56.1	0.25	1	2	28050
56.116	0.25	0	1	28058
56.132	0.25	0	1	28066
56.15	0.25	0	1	28075
56.166	0.25	0	1	28083
56.182	0.25	0	1	28091
56.2	0.25	0	1	28100
56.216	0.25	0	1	28108
56.232	0.25	0	1	28116
56.25	0.25	0	1	28125
56.266	0.25	0	1	28133
56.282	0.25	0	1	28141
56.3	0.25	0	1	28150
56.316	0.25	0	1	28158
56.332	0.25	1	2	28166
56.35	0.25	1	2	28175
56.366	0.25	1	2	28183
56.382	0.25	1	2	28191
56.4	0.25	0	1	28200
56.416	0.25	0	1	28208
56.432	0.25	0	1	28216
56.45	0.25	0	1	28225
56.466	0.25	0	1	28233
56.482	0.25	0	1	28241
56.5	0.25	0	1	28250
56.516	0.25	0	1	28258
56.532	0.25	0	1	28266
56.55	0.25	0	1	28275
56.566	0.25	0	1	28283
56.582	0.25	0	1	28291
56.6	0.25	0	1	28300
56.616	0.25	0	1	28308
56.632	0.25	0	1	28316
56.65	0.25	0	1	28325
56.666	0.25	1	2	28333
56.682	0.25	1	2	28341
56.7	0.25	1	2	28350
56.716	0.25	1	2	28358
56.732	0.25	0	1	28366
56.75	0.25	0	1	28375
56.766	0.25	0	1	28383
56.782	0.25	0	1	28391
56.8	0.25	0	1	28400
56.816	0.25	0	1	28408
56.832	0.25	0	1	28416
56.85	0.25	0	1	28425
56.866	0.25	0	1	28433
56.882	0.25	0	1	28441
56.9	0.25	0	1	28450
56.916	0.25	0	1	28458
58.4	0.25	0	1	29200
58.416	0.25	1	2	29208
58.432	0.25	1	2	29216
58.45	0.25	1	2	29225
58.466	0.25	1	2	29233
58.482	0.25	0	1	29241
58.5	0.25	0	1	29250
58.516	0.25	0	1	29258
58.532	0.25	0	1	29266
58.55	0.25	0	1	29275
58.566	0.25	0	1	29283
58.582	0.25	0	1	29291
58.6	0.25	0	1	29300
58.616	0.25	0	1	29308
58.632	0.25	0	1	29316
58.65	0.25	0	1	29325
58.666	0.25	0	1	29333
58.682	0.25	0	1	29341
58.7	0.25	0	1	29350
58.716	0.25	0	1	29358
58.732	0.25	0	1	29366
58.75	0.25	0	1	29375
58.766	0.25	0	1	29383
58.782	0.25	0	1	29391
58.8	0.25	0	1	29400
58.816	0.25	0	1	29408
58.832	0.25	0	1	29416
58.85	0.25	0	1	29425
58.866	0.25	0	1	29433
58.882	0.25	0	1	29441
58.9	0.25	1	2	29450
58.916	0.25	1	2	29458
58.932	0.25	1	2	29466
58.95	0.25	1	2	29475
58.966	0.25	0	1	29483
58.982	0.25	0	1	29491
59.0	0.25	0	1	29500
59.016	0.25	0	1	29508
59.032	0.25	0	1	29516
59.05	0.25	0	1	29525
59.066	0.25	0	1	29533
59.082	0.25	0	1	29541
59.1	0.25	0	1	29550
59.116	0.25	0	1	29558
59.132	0.25	0	1	29566
59.15	0.25	0	1	29575
59.166	0.25	0	1	29583
59.182	0.25	0	1	29591
59.2	0.25	0	1	29600
59.216	0.25	0	1	29608
59.232	0.25	0	1	29616
59.25	0.25	0	1	29625
59.266	0.25	0	1	29633
59.282	0.25	0	1	29641
59.3	0.25	0	1	29650
59.316	0.25	0	1	29658
59.332	0.25	0	1	29666
59.35	0.25	0	1	29675
59.366	0.25	1	2	29683
59.382	0.25	1	2	29691
59.4	0.25	1	2	29700
59.416	0.25	1	2	29708
59.432	0.25	0	1	29716
59.45	0.25	0	1	29725
59.466	0.25	0	1	29733
59.482	0.25	0	1	29741
59.5	0.25	0	1	29750
59.516	0.25	0	1	29758
59.532	0.25	0	1	29766
59.55	0.25	0	1	29775
59.566	0.25	0	1	29783
59.582	0.25	0	1	29791
59.6	0.25	0	1	29800
59.616	0.25	0	1	29808
59.632	0.25	0	1	29816
59.65	0.25	0	1	29825
59.666	0.25	0	1	29833
59.682	0.25	0	1	29841
59.7	0.25	0	1	29850
59.716	0.25	0	1	29858
59.732	0.25	0	1	29866
59.75	0.25	0	1	29875
59.766	0.25	0	1	29883
59.782	0.25	1	2	29891
59.8	0.25	1	2	29900
59.816	0.25	1	2	29908
59.832	0.25	1	2	29916
59.85	0.25	0	1	29925
59.866	0.25	0	1	29933
59.882	0.25	0	1	29941
59.9	0.25	0	1	29950
59.916	0.25	0	1	29958
59.932	0.25	0	1	29966
59.95	0.25	0	1	29975
59.966	0.25	0	1	29983
59.982	0.25	0	1	29991
60.0	0.25	0	1	30000
60.016	0.25	0	1	30008
60.032	0.25	0	1	30016
60.05	0.25	0	1	30025
60.066	0.25	0	1	30033
60.082	0.25	0	1	30041
60.1	0.25	0	1	30050
60.116	0.25	0	1	30058
60.132	0.25	0	1	30066
60.15	0.25	0	1	30075
60.166	0.25	0	1	30083
60.182	0.25	0	1	30091
60.2	0.25	0	1	30100
60.216	0.25	1	2	30108
60.232	0.25	1	2	30116
60.25	0.25	1	2	30125
60.266	0.25	1	2	30133
60.282	0.25	0	1	30141
60.3	0.25	0	1	30150
60.316	0.25	0	1	30158
60.332	0.25	0	1	30166
61.816	0.25	0	1	30908
61.832	0.25	0	1	30916
61.85	0.25	0	1	30925
61.866	0.25	0	1	30933
61.882	0.25	0	1	30941
61.9	0.25	0	1	30950
61.916	0.25	0	1	30958
61.932	0.25	0	1	30966
61.95	0.25	0	1	30975
61.966	0.25	0	1	30983
61.982	0.25	0	1	30991
62.0	0.25	0	1	31000
62.016	0.25	0	1	31008
62.032	0.25	0	1	31016
62.05	0.25	0	1	31025
62.066	0.25	0	1	31033
62.082	0.25	0	1	31041
62.1	0.25	0	1	31050
62.116	0.25	1	2	31058
62.132	0.25	1	2	31066
62.15	0.25	1	2	31075
62.166	0.25	1	2	31083
62.182	0.25	0	1	31091
62.2	0.25	0	1	31100
62.216	0.25	0	1	31108
62.232	0.25	0	1	31116
62.25	0.25	0	1	31125
62.266	0.25	0	1	31133
62.282	0.25	0	1	31141
62.3	0.25	0	1	31150
62.316	0.25	0	1	31158
62.332	0.25	0	1	31166
62.35	0.25	0	1	31175
62.366	0.25	0	1	31183
62.382	0.25	0	1	31191
62.4	0.25	0	1	31200
62.416	0.25	0	1	31208
62.432	0.25	0	1	31216
62.45	0.25	0	1	31225
62.466	0.25	0	1	31233
62.482	0.25	0	1	31241
62.5	0.25	0	1	31250
62.516	0.25	1	2	31258
62.532	0.25	1	2	31266
62.55	0.25	1	2	31275
62.566	0.25	1	2	31283
62.582	0.25	0	1	31291
62.6	0.25	0	1	31300
62.616	0.25	0	1	31308
62.632	0.25	0	1	31316
62.65	0.25	0	1	31325
62.666	0.25	0	1	31333
62.682	0.25	0	1	31341
62.7	0.25	0	1	31350
62.716	0.25	0	1	31358
62.732	0.25	0	1	31366
62.75	0.25	0	1	31375
62.766	0.25	0	1	31383
62.782	0.25	0	1	31391
62.8	0.25	1	2	31400
62.816	0.25	1	2	31408
62.832	0.25	1	2	31416
62.85	0.25	1	2	31425
62.866	0.25	0	1	31433
62.882	0.25	0	1	31441
62.9	0.25	0	1	31450
62.916	0.25	0	1	31458
62.932	0.25	0	1	31466
62.95	0.25	0	1	31475
62.966	0.25	0	1	31483
62.982	0.25	0	1	31491
63.0	0.25	0	1	31500
63.016	0.25	0	1	31508
63.032	0.25	0	1	31516
63.05	0.25	0	1	31525
63.066	0.25	0	1	31533
63.082	0.25	0	1	31541
63.1	0.25	0	1	31550
63.116	0.25	0	1	31558
63.132	0.25	0	1	31566
63.15	0.25	0	1	31575
63.166	0.25	1	2	31583
63.182	0.25	1	2	31591
63.2	0.25	1	2	31600
63.216	0.25	1	2	31608
63.232	0.25	0	1	31616
63.25	0.25	0	1	31625
63.266	0.25	0	1	31633
63.282	0.25	0	1	31641
63.3	0.25	0	1	31650
63.316	0.25	0	1	31658
63.332	0.25	0	1	31666
63.35	0.25	0	1	31675
63.366	0.25	0	1	31683
63.382	0.25	0	1	31691
63.4	0.25	0	1	31700
63.416	0.25	0	1	31708
63.432	0.25	0	1	31716
63.45	0.25	0	1	31725
63.466	0.25	0	1	31733
63.482	0.25	0	1	31741
63.5	0.25	0	1	31750
63.516	0.25	0	1	31758
63.532	0.25	0	1	31766
63.55	0.25	0	1	31775
63.566	0.25	0	1	31783
63.582	0.25	0	1	31791
63.6	0.25	0	1	31800
63.616	0.25	0	1	31808
63.632	0.25	1	2	31816
63.65	0.25	1	2	31825
63.666	0.25	1	2	31833
63.682	0.25	1	2	31841
63.7	0.25	0	1	31850
63.716	0.25	0	1	31858
63.732	0.25	0	1	31866
63.75	0.25	0	1	31875
65.232	0.25	0	1	32616
65.25	0.25	0	1	32625
65.266	0.25	0	1	32633
65.282	0.25	0	1	32641
65.3	0.25	0	1	32650
65.316	0.25	0	1	32658
65.332	0.25	0	1	32666
65.348	0.25	0	1	32674
65.366	0.25	0	1	32683
65.382	0.25	0	1	32691
65.4	0.25	0	1	32700
65.416	0.25	0	1	32708
65.432	0.25	0	1	32716
65.45	0.25	0	1	32725
65.466	0.25	0	1	32733
65.482	0.25	1	2	32741
65.5	0.25	1	2	32750
65.516	0.25	1	2	32758
65.532	0.25	1	2	32766
65.55	0.25	0	1	32775
65.566	0.25	0	1	32783
65.582	0.25	0	1	32791
65.6	0.25	0	1	32800
65.616	0.25	0	1	32808
65.632	0.25	0	1	32816
65.65	0.25	0	1	32825
65.666	0.25	0	1	32833
65.682	0.25	0	1	32841
65.7	0.25	0	1	32850
65.716	0.25	0	1	32858
65.732	0.25	0	1	32866
65.75	0.25	0	1	32875
65.766	0.25	0	1	32883
65.782	0.25	0	1	32891
65.8	0.25	0	1	32900
65.816	0.25	0	1	32908
65.832	0.25	0	1	32916
65.85	0.25	0	1	32925
65.866	0.25	0	1	32933
65.882	0.25	0	1	32941
65.9	0.25	0	1	32950
65.916	0.25	1	2	32958
65.932	0.25	1	2	32966
65.95	0.25	1	2	32975
65.966	0.25	1	2	32983
65.982	0.25	0	1	32991
66.0	0.25	0	1	33000
66.016	0.25	0	1	33008
66.032	0.25	0	1	33016
66.05	0.25	0	1	33025
66.066	0.25	0	1	33033
66.082	0.25	0	1	33041
66.1	0.25	0	1	33050
66.116	0.25	0	1	33058
66.132	0.25	0	1	33066
66.15	0.25	0	1	33075
66.166	0.25	0	1	33083
66.182	0.25	0	1	33091
66.2	0.25	0	1	33100
66.216	0.25	0	1	33108
66.232	0.25	0	1	33116
66.25	0.25	0	1	33125
66.266	0.25	0	1	33133
66.282	0.25	0	1	33141
66.3	0.25	0	1	33150
66.316	0.25	0	1	33158
66.332	0.25	0	1	33166
66.35	0.25	0	1	33175
66.366	0.25	0	1	33183
66.382	0.25	1	2	33191
66.4	0.25	1	2	33200
66.416	0.25	1	2	33208
66.432	0.25	1	2	33216
66.45	0.25	0	1	33225
66.466	0.25	0	1	33233
66.482	0.25	0	1	33241
66.5	0.25	0	1	33250
66.516	0.25	0	1	33258
66.532	0.25	0	1	33266
66.55	0.25	0	1	33275
66.566	0.25	0	1	33283
66.582	0.25	0	1	33291
66.6	0.25	0	1	33300
66.616	0.25	0	1	33308
66.632	0.25	0	1	33316
66.65	0.25	0	1	33325
66.666	0.25	0	1	33333
66.682	0.25	1	2	33341
66.7	0.25	1	2	33350
66.716	0.25	1	2	33358
66.732	0.25	1	2	33366
66.75	0.25	0	1	33375
66.766	0.25	0	1	33383
66.782	0.25	0	1	33391
66.8	0.25	0	1	33400
66.816	0.25	0	1	33408
66.832	0.25	0	1	33416
66.85	0.25	0	1	33425
66.866	0.25	0	1	33433
66.882	0.25	0	1	33441
66.9	0.25	0	1	33450
66.916	0.25	0	1	33458
66.932	0.25	0	1	33466
66.95	0.25	0	1	33475
66.966	0.25	0	1	33483
66.982	0.25	0	1	33491
67.0	0.25	0	1	33500
67.016	0.25	0	1	33508
67.032	0.25	0	1	33516
67.05	0.25	0	1	33525
67.066	0.25	0	1	33533
67.082	0.25	0	1	33541
67.1	0.25	0	1	33550
67.116	0.25	1	2	33558
67.132	0.25	1	2	33566
67.15	0.25	1	2	33575
67.166	0.25	1	2	33583
69.666	0.25	0	1	34833
69.682	0.25	1	2	34841
69.7	0.25	1	2	34850
69.716	0.25	1	2	34858
69.732	0.25	1	2	34866
69.75	0.25	0	1	34875
69.766	0.25	0	1	34883
69.782	0.25	0	1	34891
69.8	0.25	0	1	34900
69.816	0.25	0	1	34908
69.832	0.25	0	1	34916
69.85	0.25	0	1	34925
69.866	0.25	0	1	34933
69.882	0.25	0	1	34941
69.9	0.25	0	1	34950
69.916	0.25	0	1	34958
69.932	0.25	0	1	34966
69.95	0.25	0	1	34975
69.966	0.25	0	1	34983
69.982	0.25	0	1	34991
70.0	0.25	0	1	35000
70.016	0.25	0	1	35008
70.032	0.25	0	1	35016
70.05	0.25	0	1	35025
70.066	0.25	0	1	35033
70.082	0.25	0	1	35041
70.1	0.25	0	1	35050
70.116	0.25	0	1	35058
70.132	0.25	0	1	35066
70.15	0.25	0	1	35075
70.166	0.25	1	2	35083
70.182	0.25	1	2	35091
70.2	0.25	1	2	35100
70.216	0.25	1	2	35108
70.232	0.25	0	1	35116
70.25	0.25	0	1	35125
70.266	0.25	0	1	35133
70.282	0.25	0	1	35141
70.3	0.25	0	1	35150
70.316	0.25	0	1	35158
70.332	0.25	0	1	35166
70.35	0.25	0	1	35175
70.366	0.25	0	1	35183
70.382	0.25	0	1	35191
70.4	0.25	0	1	35200
70.416	0.25	0	1	35208
70.432	0.25	0	1	35216
70.45	0.25	0	1	35225
70.466	0.25	0	1	35233
70.482	0.25	0	1	35241
70.5	0.25	0	1	35250
70.516	0.25	0	1	35258
70.532	0.25	0	1	35266
70.55	0.25	0	1	35275
70.566	0.25	0	1	35283
70.582	0.25	0	1	35291
70.6	0.25	0	1	35300
70.616	0.25	0	1	35308
70.632	0.25	1	2	35316
70.65	0.25	1	2	35325
70.666	0.25	1	2	35333
70.682	0.25	1	2	35341
70.7	0.25	0	1	35350
70.716	0.25	0	1	35358
70.732	0.25	0	1	35366
70.75	0.25	0	1	35375
70.766	0.25	0	1	35383
70.782	0.25	0	1	35391
70.8	0.25	0	1	35400
70.816	0.25	0	1	35408
70.832	0.25	0	1	35416
70.85	0.25	0	1	35425
70.866	0.25	0	1	35433
70.882	0.25	0	1	35441
70.9	0.25	0	1	35450
70.916	0.25	0	1	35458
70.932	0.25	0	1	35466
70.95	0.25	0	1	35475
70.966	0.25	0	1	35483
70.982	0.25	0	1	35491
71.0	0.25	0	1	35500
71.016	0.25	0	1	35508
71.032	0.25	0	1	35516
71.05	0.25	1	2	35525
71.066	0.25	1	2	35533
71.082	0.25	1	2	35541
71.1	0.25	1	2	35550
71.116	0.25	0	1	35558
71.132	0.25	0	1	35566
71.15	0.25	0	1	35575
71.166	0.25	0	1	35583
71.182	0.25	0	1	35591
71.2	0.25	0	1	35600
71.216	0.25	0	1	35608
71.232	0.25	0	1	35616
71.25	0.25	0	1	35625
71.266	0.25	0	1	35633
71.282	0.25	0	1	35641
71.3	0.25	0	1	35650
71.316	0.25	0	1	35658
71.332	0.25	0	1	35666
71.35	0.25	0	1	35675
71.366	0.25	0	1	35683
71.382	0.25	0	1	35691
71.4	0.25	0	1	35700
71.416	0.25	0	1	35708
71.432	0.25	0	1	35716
71.45	0.25	0	1	35725
71.466	0.25	0	1	35733
71.482	0.25	1	2	35741
71.5	0.25	1	2	35750
71.516	0.25	1	2	35758
71.532	0.25	1	2	35766
71.55	0.25	0	1	35775
71.566	0.25	0	1	35783
71.582	0.25	0	1	35791
71.6	0.25	0	1	35800
73.082	0.25	0	1	36541
73.1	0.25	0	1	36550
73.116	0.25	0	1	36558
73.132	0.25	0	1	36566
73.15	0.25	0	1	36575
73.166	0.25	0	1	36583
73.182	0.25	0	1	36591
73.2	0.25	0	1	36600
73.216	0.25	0	1	36608
73.232	0.25	0	1	36616
73.25	0.25	0	1	36625
73.266	0.25	0	1	36633
73.282	0.25	0	1	36641
73.3	0.25	0	1	36650
73.316	0.25	0	1	36658
73.332	0.25	0	1	36666
73.35	0.25	0	1	36675
73.366	0.25	0	1	36683
73.382	0.25	1	2	36691
73.4	0.25	1	2	36700
73.416	0.25	1	2	36708
73.432	0.25	1	2	36716
73.45	0.25	0	1	36725
73.466	0.25	0	1	36733
73.482	0.25	0	1	36741
73.5	0.25	0	1	36750
73.516	0.25	0	1	36758
73.532	0.25	0	1	36766
73.55	0.25	0	1	36775
73.566	0.25	0	1	36783
73.582	0.25	0	1	36791
73.6	0.25	0	1	36800
73.616	0.25	0	1	36808
73.632	0.25	0	1	36816
73.65	0.25	0	1	36825
73.666	0.25	0	1	36833
73.682	0.25	0	1	36841
73.7	0.25	0	1	36850
73.716	0.25	0	1	36858
73.732	0.25	0	1	36866
73.75	0.25	0	1	36875
73.766	0.25	0	1	36883
73.782	0.25	1	2	36891
73.8	0.25	1	2	36900
73.816	0.25	1	2	36908
73.832	0.25	1	2	36916
73.85	0.25	0	1	36925
73.866	0.25	0	1	36933
73.882	0.25	0	1	36941
73.9	0.25	0	1	36950
73.916	0.25	0	1	36958
73.932	0.25	0	1	36966
73.95	0.25	0	1	36975
73.966	0.25	0	1	36983
73.982	0.25	0	1	36991
74.0	0.25	0	1	37000
74.016	0.25	0	1	37008
74.032	0.25	0	1	37016
74.05	0.25	0	1	37025
74.066	0.25	1	2	37033
74.082	0.25	1	2	37041
74.1	0.25	1	2	37050
74.116	0.25	1	2	37058
74.132	0.25	0	1	37066
74.15	0.25	0	1	37075
74.166	0.25	0	1	37083
74.182	0.25	0	1	37091
74.2	0.25	0	1	37100
74.216	0.25	0	1	37108
74.232	0.25	0	1	37116
74.25	0.25	0	1	37125
74.266	0.25	0	1	37133
74.282	0.25	0	1	37141
74.3	0.25	0	1	37150
74.316	0.25	0	1	37158
74.332	0.25	0	1	37166
74.35	0.25	0	1	37175
74.366	0.25	0	1	37183
74.382	0.25	0	1	37191
74.4	0.25	0	1	37200
74.416	0.25	0	1	37208
74.432	0.25	1	2	37216
74.45	0.25	1	2	37225
74.466	0.25	1	2	37233
74.482	0.25	1	2	37241
74.5	0.25	0	1	37250
74.516	0.25	0	1	37258
74.532	0.25	0	1	37266
74.55	0.25	0	1	37275
74.566	0.25	0	1	37283
74.582	0.25	0	1	37291
74.6	0.25	0	1	37300
74.616	0.25	0	1	37308
74.632	0.25	0	1	37316
74.65	0.25	0	1	37325
74.666	0.25	0	1	37333
74.682	0.25	0	1	37341
74.7	0.25	0	1	37350
74.716	0.25	0	1	37358
74.732	0.25	0	1	37366
74.75	0.25	0	1	37375
74.766	0.25	0	1	37383
74.782	0.25	0	1	37391
74.8	0.25	0	1	37400
74.816	0.25	0	1	37408
74.832	0.25	0	1	37416
74.85	0.25	0	1	37425
74.866	0.25	0	1	37433
74.882	0.25	0	1	37441
74.9	0.25	1	2	37450
74.916	0.25	1	2	37458
74.932	0.25	1	2	37466
74.95	0.25	1	2	37475
74.966	0.25	0	1	37483
74.982	0.25	0	1	37491
75.0	0.25	0	1	37500
75.016	0.25	0	1	37508
76.5	0.25	0	1	38250
76.516	0.25	0	1	38258
76.532	0.25	0	1	38266
76.55	0.25	0	1	38275
76.566	0.25	0	1	38283
76.582	0.25	0	1	38291
76.6	0.25	0	1	38300
76.616	0.25	0	1	38308
76.632	0.25	0	1	38316
76.65	0.25	0	1	38325
76.666	0.25	0	1	38333
76.682	0.25	0	1	38341
76.7	0.25	0	1	38350
76.716	0.25	0	1	38358
76.732	0.25	0	1	38366
76.75	0.25	1	2	38375
76.766	0.25	1	2	38383
76.782	0.25	1	2	38391
76.8	0.25	1	2	38400
76.816	0.25	0	1	38408
76.832	0.25	0	1	38416
76.85	0.25	0	1	38425
76.866	0.25	0	1	38433
76.882	0.25	0	1	38441
76.9	0.25	0	1	38450
76.916	0.25	0	1	38458
76.932	0.25	0	1	38466
76.95	0.25	0	1	38475
76.966	0.25	0	1	38483
76.982	0.25	0	1	38491
77.0	0.25	0	1	38500
77.016	0.25	0	1	38508
77.032	0.25	0	1	38516
77.05	0.25	0	1	38525
77.066	0.25	0	1	38533
77.082	0.25	0	1	38541
77.1	0.25	0	1	38550
77.116	0.25	0	1	38558
77.132	0.25	0	1	38566
77.15	0.25	0	1	38575
77.166	0.25	0	1	38583
77.182	0.25	1	2	38591
77.2	0.25	1	2	38600
77.216	0.25	1	2	38608
77.232	0.25	1	2	38616
77.25	0.25	0	1	38625
77.266	0.25	0	1	38633
77.282	0.25	0	1	38641
77.3	0.25	0	1	38650
77.316	0.25	0	1	38658
77.332	0.25	0	1	38666
77.35	0.25	0	1	38675
77.366	0.25	0	1	38683
77.382	0.25	0	1	38691
77.4	0.25	0	1	38700
77.416	0.25	0	1	38708
77.432	0.25	0	1	38716
77.45	0.25	0	1	38725
77.466	0.25	0	1	38733
77.482	0.25	0	1	38741
77.5	0.25	0	1	38750
77.516	0.25	0	1	38758
77.532	0.25	0	1	38766
77.55	0.25	0	1	38775
77.566	0.25	0	1	38783
77.582	0.25	0	1	38791
77.6	0.25	0	1	38800
77.616	0.25	0	1	38808
77.632	0.25	0	1	38816
77.65	0.25	1	2	38825
77.666	0.25	1	2	38833
77.682	0.25	1	2	38841
77.7	0.25	1	2	38850
77.716	0.25	0	1	38858
77.732	0.25	0	1	38866
77.75	0.25	0	1	38875
77.766	0.25	0	1	38883
77.782	0.25	0	1	38891
77.8	0.25	0	1	38900
77.816	0.25	0	1	38908
77.832	0.25	0	1	38916
77.85	0.25	0	1	38925
77.866	0.25	0	1	38933
77.882	0.25	0	1	38941
77.9	0.25	0	1	38950
77.916	0.25	0	1	38958
77.932	0.25	0	1	38966
77.95	0.25	1	2	38975
77.966	0.25	1	2	38983
77.982	0.25	1	2	38991
78.0	0.25	1	2	39000
78.016	0.25	0	1	39008
78.032	0.25	0	1	39016
78.05	0.25	0	1	39025
78.066	0.25	0	1	39033
78.082	0.25	0	1	39041
78.1	0.25	0	1	39050
78.116	0.25	0	1	39058
78.132	0.25	0	1	39066
78.15	0.25	0	1	39075
78.166	0.25	0	1	39083
78.182	0.25	0	1	39091
78.2	0.25	0	1	39100
78.216	0.25	0	1	39108
78.232	0.25	0	1	39116
78.25	0.25	0	1	39125
78.266	0.25	0	1	39133
78.282	0.25	0	1	39141
78.3	0.25	0	1	39150
78.316	0.25	0	1	39158
78.332	0.25	0	1	39166
78.35	0.25	0	1	39175
78.366	0.25	0	1	39183
78.382	0.25	1	2	39191
78.4	0.25	1	2	39200
78.416	0.25	1	2	39208
78.432	0.25	1	2	39216
79.916	0.25	0	1	39958
79.932	0.25	0	1	39966
79.95	0.25	0	1	39975
79.966	0.25	0	1	39983
79.982	0.25	0	1	39991
80.0	0.25	0	1	40000
80.016	0.25	0	1	40008
80.032	0.25	0	1	40016
80.05	0.25	0	1	40025
80.066	0.25	0	1	40033
80.082	0.25	0	1	40041
80.1	0.25	0	1	40050
80.116	0.25	0	1	40058
80.132	0.25	0	1	40066
80.15	0.25	0	1	40075
80.166	0.25	0	1	40083
80.182	0.25	0	1	40091
80.2	0.25	0	1	40100
80.216	0.25	0	1	40108
80.232	0.25	0	1	40116
80.25	0.25	0	1	40125
80.266	0.25	0	1	40133
80.282	0.25	0	1	40141
80.3	0.25	1	2	40150
80.316	0.25	1	2	40158
80.332	0.25	1	2	40166
80.35	0.25	1	2	40175
80.366	0.25	0	1	40183
80.382	0.25	0	1	40191
80.4	0.25	0	1	40200
80.416	0.25	0	1	40208
80.432	0.25	0	1	40216
80.45	0.25	0	1	40225
80.466	0.25	0	1	40233
80.482	0.25	0	1	40241
80.5	0.25	0	1	40250
80.516	0.25	0	1	40258
80.532	0.25	0	1	40266
80.55	0.25	0	1	40275
80.566	0.25	0	1	40283
80.582	0.25	0	1	40291
80.6	0.25	0	1	40300
80.616	0.25	0	1	40308
80.632	0.25	0	1	40316
80.65	0.25	0	1	40325
80.666	0.25	0	1	40333
80.682	0.25	1	2	40341
80.7	0.25	1	2	40350
80.716	0.25	1	2	40358
80.732	0.25	1	2	40366
80.75	0.25	0	1	40375
80.766	0.25	0	1	40383
80.782	0.25	0	1	40391
80.8	0.25	0	1	40400
80.816	0.25	0	1	40408
80.832	0.25	0	1	40416
80.85	0.25	0	1	40425
80.866	0.25	0	1	40433
80.882	0.25	0	1	40441
80.9	0.25	0	1	40450
80.916	0.25	0	1	40458
80.932	0.25	0	1	40466
80.95	0.25	0	1	40475
80.966	0.25	0	1	40483
80.982	0.25	1	2	40491
81.0	0.25	1	2	40500
81.016	0.25	1	2	40508
81.032	0.25	1	2	40516
81.05	0.25	0	1	40525
81.066	0.25	0	1	40533
81.082	0.25	0	1	40541
81.1	0.25	0	1	40550
81.116	0.25	0	1	40558
81.132	0.25	0	1	40566
81.15	0.25	0	1	40575
81.166	0.25	0	1	40583
81.182	0.25	0	1	40591
81.2	0.25	0	1	40600
81.216	0.25	0	1	40608
81.232	0.25	0	1	40616
81.25	0.25	0	1	40625
81.266	0.25	1	2	40633
81.282	0.25	1	2	40641
81.3	0.25	1	2	40650
81.316	0.25	1	2	40658
81.332	0.25	0	1	40666
81.35	0.25	0	1	40675
81.366	0.25	0	1	40683
81.382	0.25	0	1	40691
81.4	0.25	0	1	40700
81.416	0.25	0	1	40708
81.432	0.25	0	1	40716
81.45	0.25	0	1	40725
81.466	0.25	0	1	40733
81.482	0.25	0	1	40741
81.5	0.25	0	1	40750
81.516	0.25	0	1	40758
81.532	0.25	0	1	40766
81.55	0.25	0	1	40775
81.566	0.25	0	1	40783
81.582	0.25	0	1	40791
81.6	0.25	1	2	40800
81.616	0.25	1	2	40808
81.632	0.25	1	2	40816
81.65	0.25	1	2	40825
81.666	0.25	0	1	40833
81.682	0.25	0	1	40841
81.7	0.25	0	1	40850
81.716	0.25	0	1	40858
81.732	0.25	0	1	40866
81.75	0.25	0	1	40875
81.766	0.25	0	1	40883
81.782	0.25	0	1	40891
81.8	0.25	0	1	40900
81.816	0.25	0	1	40908
81.832	0.25	0	1	40916
81.85	0.25	0	1	40925
84.1	0.25	0	1	42050
84.116	0.25	0	1	42058
84.132	0.25	0	1	42066
84.15	0.25	0	1	42075
84.166	0.25	0	1	42083
84.182	0.25	0	1	42091
84.2	0.25	0	1	42100
84.216	0.25	0	1	42108
84.232	0.25	0	1	42116
84.25	0.25	0	1	42125
84.266	0.25	0	1	42133
84.282	0.25	0	1	42141
84.3	0.25	0	1	42150
84.316	0.25	0	1	42158
84.332	0.25	0	1	42166
84.35	0.25	0	1	42175
84.366	0.25	0	1	42183
84.382	0.25	0	1	42191
84.4	0.25	1	2	42200
84.416	0.25	1	2	42208
84.432	0.25	1	2	42216
84.45	0.25	1	2	42225
84.466	0.25	0	1	42233
84.482	0.25	0	1	42241
84.5	0.25	0	1	42250
84.516	0.25	0	1	42258
84.532	0.25	0	1	42266
84.55	0.25	0	1	42275
84.566	0.25	0	1	42283
84.582	0.25	0	1	42291
84.6	0.25	0	1	42300
84.616	0.25	0	1	42308
84.632	0.25	0	1	42316
84.65	0.25	0	1	42325
84.666	0.25	0	1	42333
84.682	0.25	0	1	42341
84.7	0.25	0	1	42350
84.716	0.25	0	1	42358
84.732	0.25	0	1	42366
84.75	0.25	0	1	42375
84.766	0.25	0	1	42383
84.782	0.25	0	1	42391
84.8	0.25	1	2	42400
84.816	0.25	1	2	42408
84.832	0.25	1	2	42416
84.85	0.25	1	2	42425
84.866	0.25	0	1	42433
84.882	0.25	0	1	42441
84.9	0.25	0	1	42450
84.916	0.25	0	1	42458
84.932	0.25	0	1	42466
84.95	0.25	0	1	42475
84.966	0.25	0	1	42483
84.982	0.25	0	1	42491
85.0	0.25	0	1	42500
85.016	0.25	0	1	42508
85.032	0.25	0	1	42516
85.05	0.25	0	1	42525
85.066	0.25	0	1	42533
85.082	0.25	1	2	42541
85.1	0.25	1	2	42550
85.116	0.25	1	2	42558
85.132	0.25	1	2	42566
85.15	0.25	0	1	42575
85.166	0.25	0	1	42583
85.182	0.25	0	1	42591
85.2	0.25	0	1	42600
85.216	0.25	0	1	42608
85.232	0.25	0	1	42616
85.25	0.25	0	1	42625
85.266	0.25	0	1	42633
85.282	0.25	0	1	42641
85.3	0.25	0	1	42650
85.316	0.25	0	1	42658
85.332	0.25	0	1	42666
85.35	0.25	0	1	42675
85.366	0.25	0	1	42683
85.382	0.25	0	1	42691
85.4	0.25	0	1	42700
85.416	0.25	0	1	42708
85.432	0.25	0	1	42716
85.45	0.25	1	2	42725
85.466	0.25	1	2	42733
85.482	0.25	1	2	42741
85.5	0.25	1	2	42750
85.516	0.25	0	1	42758
85.532	0.25	0	1	42766
85.55	0.25	0	1	42775
85.566	0.25	0	1	42783
85.582	0.25	0	1	42791
85.6	0.25	0	1	42800
85.616	0.25	0	1	42808
85.632	0.25	0	1	42816
85.65	0.25	0	1	42825
85.666	0.25	0	1	42833
85.682	0.25	0	1	42841
85.7	0.25	0	1	42850
85.716	0.25	0	1	42858
85.732	0.25	0	1	42866
85.75	0.25	0	1	42875
85.766	0.25	0	1	42883
85.782	0.25	0	1	42891
85.8	0.25	0	1	42900
85.816	0.25	0	1	42908
85.832	0.25	0	1	42916
85.85	0.25	0	1	42925
85.866	0.25	0	1	42933
85.882	0.25	0	1	42941
85.9	0.25	0	1	42950
85.916	0.25	1	2	42958
85.932	0.25	1	2	42966
85.95	0.25	1	2	42975
85.966	0.25	1	2	42983
85.982	0.25	0	1	42991
86.0	0.25	0	1	43000
86.016	0.25	0	1	43008
86.032	0.25	0	1	43016
87.516	0.25	0	1	43758
87.532	0.25	0	1	43766
87.55	0.25	0	1	43775
87.566	0.25	0	1	43783
87.582	0.25	0	1	43791
87.6	0.25	0	1	43800
87.616	0.25	0	1	43808
87.632	0.25	0	1	43816
87.65	0.25	0	1	43825
87.666	0.25	0	1	43833
87.682	0.25	0	1	43841
87.7	0.25	0	1	43850
87.716	0.25	0	1	43858
87.732	0.25	0	1	43866
87.75	0.25	0	1	43875
87.766	0.25	0	1	43883
87.782	0.25	0	1	43891
87.8	0.25	0	1	43900
87.816	0.25	0	1	43908
87.832	0.25	0	1	43916
87.85	0.25	0	1	43925
87.866	0.25	0	1	43933
87.882	0.25	0	1	43941
87.9	0.25	1	2	43950
87.916	0.25	1	2	43958
87.932	0.25	1	2	43966
87.95	0.25	1	2	43975
87.966	0.25	0	1	43983
87.982	0.25	0	1	43991
88.0	0.25	0	1	44000
88.016	0.25	0	1	44008
88.032	0.25	0	1	44016
88.05	0.25	0	1	44025
88.066	0.25	0	1	44033
88.082	0.25	0	1	44041
88.1	0.25	0	1	44050
88.116	0.25	0	1	44058
88.132	0.25	0	1	44066
88.15	0.25	0	1	44075
88.166	0.25	0	1	44083
88.182	0.25	0	1	44091
88.2	0.25	0	1	44100
88.216	0.25	0	1	44108
88.232	0.25	0	1	44116
88.25	0.25	0	1	44125
88.266	0.25	0	1	44133
88.282	0.25	1	2	44141
88.3	0.25	1	2	44150
88.316	0.25	1	2	44158
88.332	0.25	1	2	44166
88.35	0.25	0	1	44175
88.366	0.25	0	1	44183
88.382	0.25	0	1	44191
88.4	0.25	0	1	44200
88.416	0.25	0	1	44208
88.432	0.25	0	1	44216
88.45	0.25	0	1	44225
88.466	0.25	0	1	44233
88.482	0.25	0	1	44241
88.5	0.25	0	1	44250
88.516	0.25	0	1	44258
88.532	0.25	0	1	44266
88.55	0.25	0	1	44275
88.566	0.25	0	1	44283
88.582	0.25	1	2	44291
88.6	0.25	1	2	44300
88.616	0.25	1	2	44308
88.632	0.25	1	2	44316
88.65	0.25	0	1	44325
88.666	0.25	0	1	44333
88.682	0.25	0	1	44341
88.7	0.25	0	1	44350
88.716	0.25	0	1	44358
88.732	0.25	0	1	44366
88.75	0.25	0	1	44375
88.766	0.25	0	1	44383
88.782	0.25	0	1	44391
88.8	0.25	0	1	44400
88.816	0.25	0	1	44408
88.832	0.25	0	1	44416
88.85	0.25	0	1	44425
88.866	0.25	1	2	44433
88.882	0.25	1	2	44441
88.9	0.25	1	2	44450
88.916	0.25	1	2	44458
88.932	0.25	0	1	44466
88.95	0.25	0	1	44475
88.966	0.25	0	1	44483
88.982	0.25	0	1	44491
89.0	0.25	0	1	44500
89.016	0.25	0	1	44508
89.032	0.25	0	1	44516
89.05	0.25	0	1	44525
89.066	0.25	0	1	44533
89.082	0.25	0	1	44541
89.1	0.25	0	1	44550
89.116	0.25	0	1	44558
89.132	0.25	0	1	44566
89.15	0.25	0	1	44575
89.166	0.25	0	1	44583
89.182	0.25	0	1	44591
89.2	0.25	1	2	44600
89.216	0.25	1	2	44608
89.232	0.25	1	2	44616
89.25	0.25	1	2	44625
89.266	0.25	0	1	44633
89.282	0.25	0	1	44641
89.3	0.25	0	1	44650
89.316	0.25	0	1	44658
89.332	0.25	0	1	44666
89.35	0.25	0	1	44675
89.366	0.25	0	1	44683
89.382	0.25	0	1	44691
89.4	0.25	0	1	44700
89.416	0.25	0	1	44708
89.432	0.25	0	1	44716
89.45	0.25	0	1	44725
90.932	0.25	0	1	45466
90.95	0.25	0	1	45475
90.966	0.25	0	1	45483
90.982	0.25	0	1	45491
91.0	0.25	0	1	45500
91.016	0.25	0	1	45508
91.032	0.25	0	1	45516
91.05	0.25	0	1	45525
91.066	0.25	0	1	45533
91.082	0.25	0	1	45541
91.1	0.25	0	1	45550
91.116	0.25	0	1	45558
91.132	0.25	0	1	45566
91.15	0.25	0	1	45575
91.166	0.25	0	1	45583
91.182	0.25	1	2	45591
91.2	0.25	1	2	45600
91.216	0.25	1	2	45608
91.232	0.25	1	2	45616
91.25	0.25	0	1	45625
91.266	0.25	0	1	45633
91.282	0.25	0	1	45641
91.3	0.25	0	1	45650
91.316	0.25	0	1	45658
91.332	0.25	0	1	45666
91.35	0.25	0	1	45675
91.366	0.25	0	1	45683
91.382	0.25	0	1	45691
91.4	0.25	0	1	45700
91.416	0.25	0	1	45708
91.432	0.25	0	1	45716
91.45	0.25	0	1	45725
91.466	0.25	0	1	45733
91.482	0.25	0	1	45741
91.5	0.25	0	1	45750
91.516	0.25	0	1	45758
91.532	0.25	0	1	45766
91.55	0.25	0	1	45775
91.566	0.25	0	1	45783
91.582	0.25	0	1	45791
91.6	0.25	0	1	45800
91.616	0.25	1	2	45808
91.632	0.25	1	2	45816
91.65	0.25	1	2	45825
91.666	0.25	1	2	45833
91.682	0.25	0	1	45841
91.7	0.25	0	1	45850
91.716	0.25	0	1	45858
91.732	0.25	0	1	45866
91.75	0.25	0	1	45875
91.766	0.25	0	1	45883
91.782	0.25	0	1	45891
91.8	0.25	0	1	45900
91.816	0.25	0	1	45908
91.832	0.25	0	1	45916
91.85	0.25	0	1	45925
91.866	0.25	0	1	45933
91.882	0.25	0	1	45941
91.9	0.25	0	1	45950
91.916	0.25	0	1	45958
91.932	0.25	0	1	45966
91.95	0.25	0	1	45975
91.966	0.25	0	1	45983
91.982	0.25	0	1	45991
92.0	0.25	0	1	46000
92.016	0.25	0	1	46008
92.032	0.25	0	1	46016
92.05	0.25	0	1	46025
92.066	0.25	0	1	46033
92.082	0.25	1	2	46041
92.1	0.25	1	2	46050
92.116	0.25	1	2	46058
92.132	0.25	1	2	46066
92.15	0.25	0	1	46075
92.166	0.25	0	1	46083
92.182	0.25	0	1	46091
92.2	0.25	0	1	46100
92.216	0.25	0	1	46108
92.232	0.25	0	1	46116
92.25	0.25	0	1	46125
92.266	0.25	0	1	46133
92.282	0.25	0	1	46141
92.3	0.25	0	1	46150
92.316	0.25	0	1	46158
92.332	0.25	0	1	46166
92.35	0.25	0	1	46175
92.366	0.25	0	1	46183
92.382	0.25	1	2	46191
92.4	0.25	1	2	46200
92.416	0.25	1	2	46208
92.432	0.25	1	2	46216
92.45	0.25	0	1	46225
92.466	0.25	0	1	46233
92.482	0.25	0	1	46241
92.5	0.25	0	1	46250
92.516	0.25	0	1	46258
92.532	0.25	0	1	46266
92.55	0.25	0	1	46275
92.566	0.25	0	1	46283
92.582	0.25	0	1	46291
92.6	0.25	0	1	46300
92.616	0.25	0	1	46308
92.632	0.25	0	1	46316
92.65	0.25	0	1	46325
92.666	0.25	0	1	46333
92.682	0.25	0	1	46341
92.7	0.25	0	1	46350
92.716	0.25	0	1	46358
92.732	0.25	0	1	46366
92.75	0.25	0	1	46375
92.766	0.25	0	1	46383
92.782	0.25	0	1	46391
92.8	0.25	0	1	46400
92.816	0.25	1	2	46408
92.832	0.25	1	2	46416
92.85	0.25	1	2	46425
92.866	0.25	1	2	46433
94.35	0.25	0	1	47175
94.366	0.25	1	2	47183
94.382	0.25	1	2	47191
94.4	0.25	1	2	47200
94.416	0.25	1	2	47208
94.432	0.25	0	1	47216
94.45	0.25	0	1	47225
94.466	0.25	0	1	47233
94.482	0.25	0	1	47241
94.5	0.25	0	1	47250
94.516	0.25	0	1	47258
94.532	0.25	0	1	47266
94.55	0.25	0	1	47275
94.566	0.25	0	1	47283
94.582	0.25	0	1	47291
94.6	0.25	0	1	47300
94.616	0.25	0	1	47308
94.632	0.25	0	1	47316
94.65	0.25	0	1	47325
94.666	0.25	0	1	47333
94.682	0.25	0	1	47341
94.7	0.25	0	1	47350
94.716	0.25	0	1	47358
94.732	0.25	0	1	47366
94.75	0.25	0	1	47375
94.766	0.25	0	1	47383
94.782	0.25	0	1	47391
94.8	0.25	0	1	47400
94.816	0.25	0	1	47408
94.832	0.25	0	1	47416
94.85	0.25	1	2	47425
94.866	0.25	1	2	47433
94.882	0.25	1	2	47441
94.9	0.25	1	2	47450
94.916	0.25	0	1	47458
94.932	0.25	0	1	47466
94.95	0.25	0	1	47475
94.966	0.25	0	1	47483
94.982	0.25	0	1	47491
95.0	0.25	0	1	47500
95.016	0.25	0	1	47508
95.032	0.25	0	1	47516
95.05	0.25	0	1	47525
95.066	0.25	0	1	47533
95.082	0.25	0	1	47541
95.1	0.25	0	1	47550
95.116	0.25	0	1	47558
95.132	0.25	0	1	47566
95.15	0.25	0	1	47575
95.166	0.25	0	1	47583
95.182	0.25	0	1	47591
95.2	0.25	0	1	47600
95.216	0.25	0	1	47608
95.232	0.25	0	1	47616
95.25	0.25	0	1	47625
95.266	0.25	0	1	47633
95.282	0.25	0	1	47641
95.3	0.25	0	1	47650
95.316	0.25	1	2	47658
95.332	0.25	1	2	47666
95.35	0.25	1	2	47675
95.366	0.25	1	2	47683
95.382	0.25	0	1	47691
95.4	0.25	0	1	47700
95.416	0.25	0	1	47708
95.432	0.25	0	1	47716
95.45	0.25	0	1	47725
95.466	0.25	0	1	47733
95.482	0.25	0	1	47741
95.5	0.25	0	1	47750
95.516	0.25	0	1	47758
95.532	0.25	0	1	47766
95.55	0.25	0	1	47775
95.566	0.25	0	1	47783
95.582	0.25	0	1	47791
95.6	0.25	0	1	47800
95.616	0.25	0	1	47808
95.632	0.25	0	1	47816
95.65	0.25	0	1	47825
95.666	0.25	0	1	47833
95.682	0.25	0	1	47841
95.7	0.25	0	1	47850
95.716	0.25	0	1	47858
95.732	0.25	1	2	47866
95.75	0.25	1	2	47875
95.766	0.25	1	2	47883
95.782	0.25	1	2	47891
95.8	0.25	0	1	47900
95.816	0.25	0	1	47908
95.832	0.25	0	1	47916
95.85	0.25	0	1	47925
95.866	0.25	0	1	47933
95.882	0.25	0	1	47941
95.9	0.25	0	1	47950
95.916	0.25	0	1	47958
95.932	0.25	0	1	47966
95.95	0.25	0	1	47975
95.966	0.25	0	1	47983
95.982	0.25	0	1	47991
96.0	0.25	0	1	48000
96.016	0.25	0	1	48008
96.032	0.25	0	1	48016
96.05	0.25	0	1	48025
96.066	0.25	0	1	48033
96.082	0.25	0	1	48041
96.1	0.25	0	1	48050
96.116	0.25	0	1	48058
96.132	0.25	0	1	48066
96.15	0.25	0	1	48075
96.166	0.25	1	2	48083
96.182	0.25	1	2	48091
96.2	0.25	1	2	48100
96.216	0.25	1	2	48108
96.232	0.25	0	1	48116
96.25	0.25	0	1	48125
96.266	0.25	0	1	48133
96.282	0.25	0	1	48141
100.632	0.25	0	1	50316
100.65	0.25	1	2	50325
100.666	0.25	1	2	50333
100.682	0.25	1	2	50341
100.7	0.25	1	2	50350
100.716	0.25	0	1	50358
100.732	0.25	0	1	50366
100.75	0.25	0	1	50375
100.766	0.25	0	1	50383
100.782	0.25	0	1	50391
100.8	0.25	0	1	50400
100.816	0.25	0	1	50408
100.832	0.25	0	1	50416
100.85	0.25	0	1	50425
100.866	0.25	0	1	50433
100.882	0.25	0	1	50441
100.9	0.25	0	1	50450
100.916	0.25	0	1	50458
100.932	0.25	0	1	50466
100.95	0.25	0	1	50475
100.966	0.25	0	1	50483
100.982	0.25	0	1	50491
101.0	0.25	0	1	50500
101.016	0.25	0	1	50508
101.032	0.25	0	1	50516
101.05	0.25	0	1	50525
101.066	0.25	0	1	50533
101.082	0.25	0	1	50541
101.1	0.25	0	1	50550
101.116	0.25	0	1	50558
101.132	0.25	1	2	50566
101.15	0.25	1	2	50575
101.166	0.25	1	2	50583
101.182	0.25	1	2	50591
101.2	0.25	0	1	50600
101.216	0.25	0	1	50608
101.232	0.25	0	1	50616
101.25	0.25	0	1	50625
101.266	0.25	0	1	50633
101.282	0.25	0	1	50641
101.3	0.25	0	1	50650
101.316	0.25	0	1	50658
101.332	0.25	0	1	50666
101.35	0.25	0	1	50675
101.366	0.25	0	1	50683
101.382	0.25	0	1	50691
101.4	0.25	0	1	50700
101.416	0.25	0	1	50708
101.432	0.25	0	1	50716
101.45	0.25	0	1	50725
101.466	0.25	0	1	50733
101.482	0.25	0	1	50741
101.5	0.25	0	1	50750
101.516	0.25	0	1	50758
101.532	0.25	0	1	50766
101.55	0.25	0	1	50775
101.566	0.25	0	1	50783
101.582	0.25	0	1	50791
101.6	0.25	1	2	50800
101.616	0.25	1	2	50808
101.632	0.25	1	2	50816
101.65	0.25	1	2	50825
101.666	0.25	0	1	50833
101.682	0.25	0	1	50841
101.7	0.25	0	1	50850
101.716	0.25	0	1	50858
101.732	0.25	0	1	50866
101.75	0.25	0	1	50875
101.766	0.25	0	1	50883
101.782	0.25	0	1	50891
101.8	0.25	0	1	50900
101.816	0.25	0	1	50908
101.832	0.25	0	1	50916
101.85	0.25	0	1	50925
101.866	0.25	0	1	50933
101.882	0.25	0	1	50941
101.9	0.25	0	1	50950
101.916	0.25	0	1	50958
101.932	0.25	0	1	50966
101.95	0.25	0	1	50975
101.966	0.25	0	1	50983
101.982	0.25	0	1	50991
102.0	0.25	0	1	51000
102.016	0.25	1	2	51008
102.032	0.25	1	2	51016
102.05	0.25	1	2	51025
102.066	0.25	1	2	51033
102.082	0.25	0	1	51041
102.1	0.25	0	1	51050
102.116	0.25	0	1	51058
102.132	0.25	0	1	51066
102.15	0.25	0	1	51075
102.166	0.25	0	1	51083
102.182	0.25	0	1	51091
102.2	0.25	0	1	51100
102.216	0.25	0	1	51108
102.232	0.25	0	1	51116
102.25	0.25	0	1	51125
102.266	0.25	0	1	51133
102.282	0.25	0	1	51141
102.3	0.25	0	1	51150
102.316	0.25	0	1	51158
102.332	0.25	0	1	51166
102.35	0.25	0	1	51175
102.366	0.25	0	1	51183
102.382	0.25	0	1	51191
102.4	0.25	0	1	51200
102.416	0.25	0	1	51208
102.432	0.25	0	1	51216
102.45	0.25	1	2	51225
102.466	0.25	1	2	51233
102.482	0.25	1	2	51241
102.5	0.25	1	2	51250
102.516	0.25	0	1	51258
102.532	0.25	0	1	51266
102.55	0.25	0	1	51275
102.566	0.25	0	1	51283
104.05	0.25	0	1	52025
104.066	0.25	0	1	52033
104.082	0.25	0	1	52041
104.1	0.25	0	1	52050
104.116	0.25	0	1	52058
104.132	0.25	0	1	52066
104.15	0.25	0	1	52075
104.166	0.25	0	1	52083
104.182	0.25	0	1	52091
104.2	0.25	0	1	52100
104.216	0.25	0	1	52108
104.232	0.25	0	1	52116
104.25	0.25	0	1	52125
104.266	0.25	0	1	52133
104.282	0.25	0	1	52141
104.3	0.25	0	1	52150
104.316	0.25	0	1	52158
104.332	0.25	0	1	52166
104.35	0.25	1	2	52175
104.366	0.25	1	2	52183
104.382	0.25	1	2	52191
104.4	0.25	1	2	52200
104.416	0.25	0	1	52208
104.432	0.25	0	1	52216
104.45	0.25	0	1	52225
104.466	0.25	0	1	52233
104.482	0.25	0	1	52241
104.5	0.25	0	1	52250
104.516	0.25	0	1	52258
104.532	0.25	0	1	52266
104.55	0.25	0	1	52275
104.566	0.25	0	1	52283
104.582	0.25	0	1	52291
104.6	0.25	0	1	52300
104.616	0.25	0	1	52308
104.632	0.25	0	1	52316
104.65	0.25	0	1	52325
104.666	0.25	0	1	52333
104.682	0.25	0	1	52341
104.7	0.25	0	1	52350
104.716	0.25	0	1	52358
104.732	0.25	0	1	52366
104.75	0.25	1	2	52375
104.766	0.25	1	2	52383
104.782	0.25	1	2	52391
104.8	0.25	1	2	52400
104.816	0.25	0	1	52408
104.832	0.25	0	1	52416
104.85	0.25	0	1	52425
104.866	0.25	0	1	52433
104.882	0.25	0	1	52441
104.9	0.25	0	1	52450
104.916	0.25	0	1	52458
104.932	0.25	0	1	52466
104.95	0.25	0	1	52475
104.966	0.25	0	1	52483
104.982	0.25	0	1	52491
105.0	0.25	0	1	52500
105.016	0.25	0	1	52508
105.032	0.25	1	2	52516
105.05	0.25	1	2	52525
105.066	0.25	1	2	52533
105.082	0.25	1	2	52541
105.1	0.25	0	1	52550
105.116	0.25	0	1	52558
105.132	0.25	0	1	52566
105.15	0.25	0	1	52575
105.166	0.25	0	1	52583
105.182	0.25	0	1	52591
105.2	0.25	0	1	52600
105.216	0.25	0	1	52608
105.232	0.25	0	1	52616
105.25	0.25	0	1	52625
105.266	0.25	0	1	52633
105.282	0.25	0	1	52641
105.3	0.25	0	1	52650
105.316	0.25	0	1	52658
105.332	0.25	0	1	52666
105.35	0.25	0	1	52675
105.366	0.25	0	1	52683
105.382	0.25	0	1	52691
105.4	0.25	1	2	52700
105.416	0.25	1	2	52708
105.432	0.25	1	2	52716
105.45	0.25	1	2	52725
105.466	0.25	0	1	52733
105.482	0.25	0	1	52741
105.5	0.25	0	1	52750
105.516	0.25	0	1	52758
105.532	0.25	0	1	52766
105.55	0.25	0	1	52775
105.566	0.25	0	1	52783
105.582	0.25	0	1	52791
105.6	0.25	0	1	52800
105.616	0.25	0	1	52808
105.632	0.25	0	1	52816
105.65	0.25	0	1	52825
105.666	0.25	0	1	52833
105.682	0.25	0	1	52841
105.7	0.25	0	1	52850
105.716	0.25	0	1	52858
105.732	0.25	0	1	52866
105.75	0.25	0	1	52875
105.766	0.25	0	1	52883
105.782	0.25	0	1	52891
105.8	0.25	0	1	52900
105.816	0.25	0	1	52908
105.832	0.25	0	1	52916
105.85	0.25	0	1	52925
105.866	0.25	1	2	52933
105.882	0.25	1	2	52941
105.9	0.25	1	2	52950
105.916	0.25	1	2	52958
105.932	0.25	0	1	52966
105.95	0.25	0	1	52975
105.966	0.25	0	1	52983
105.982	0.25	0	1	52991
107.466	0.25	0	1	53733
107.482	0.25	0	1	53741
107.5	0.25	0	1	53750
107.516	0.25	0	1	53758
107.532	0.25	0	1	53766
107.55	0.25	0	1	53775
107.566	0.25	0	1	53783
107.582	0.25	0	1	53791
107.6	0.25	0	1	53800
107.616	0.25	0	1	53808
107.632	0.25	0	1	53816
107.65	0.25	0	1	53825
107.666	0.25	0	1	53833
107.682	0.25	0	1	53841
107.7	0.25	0	1	53850
107.716	0.25	1	2	53858
107.732	0.25	1	2	53866
107.75	0.25	1	2	53875
107.766	0.25	1	2	53883
107.782	0.25	0	1	53891
107.8	0.25	0	1	53900
107.816	0.25	0	1	53908
107.832	0.25	0	1	53916
107.85	0.25	0	1	53925
107.866	0.25	0	1	53933
107.882	0.25	0	1	53941
107.9	0.25	0	1	53950
107.916	0.25	0	1	53958
107.932	0.25	0	1	53966
107.95	0.25	0	1	53975
107.966	0.25	0	1	53983
107.982	0.25	0	1	53991
108.0	0.25	0	1	54000
108.016	0.25	0	1	54008
108.032	0.25	0	1	54016
108.05	0.25	0	1	54025
108.066	0.25	0	1	54033
108.082	0.25	0	1	54041
108.1	0.25	0	1	54050
108.116	0.25	0	1	54058
108.132	0.25	0	1	54066
108.15	0.25	1	2	54075
108.166	0.25	1	2	54083
108.182	0.25	1	2	54091
108.2	0.25	1	2	54100
108.216	0.25	0	1	54108
108.232	0.25	0	1	54116
108.25	0.25	0	1	54125
108.266	0.25	0	1	54133
108.282	0.25	0	1	54141
108.3	0.25	0	1	54150
108.316	0.25	0	1	54158
108.332	0.25	0	1	54166
108.35	0.25	0	1	54175
108.366	0.25	0	1	54183
108.382	0.25	0	1	54191
108.4	0.25	0	1	54200
108.416	0.25	0	1	54208
108.432	0.25	0	1	54216
108.45	0.25	0	1	54225
108.466	0.25	0	1	54233
108.482	0.25	0	1	54241
108.5	0.25	0	1	54250
108.516	0.25	0	1	54258
108.532	0.25	0	1	54266
108.55	0.25	0	1	54275
108.566	0.25	0	1	54283
108.582	0.25	0	1	54291
108.6	0.25	0	1	54300
108.616	0.25	1	2	54308
108.632	0.25	1	2	54316
108.65	0.25	1	2	54325
108.666	0.25	1	2	54333
108.682	0.25	0	1	54341
108.7	0.25	0	1	54350
108.716	0.25	0	1	54358
108.732	0.25	0	1	54366
108.75	0.25	0	1	54375
108.766	0.25	0	1	54383
108.782	0.25	0	1	54391
108.8	0.25	0	1	54400
108.816	0.25	0	1	54408
108.832	0.25	0	1	54416
108.85	0.25	0	1	54425
108.866	0.25	0	1	54433
108.882	0.25	0	1	54441
108.9	0.25	0	1	54450
108.916	0.25	1	2	54458
108.932	0.25	1	2	54466
108.95	0.25	1	2	54475
108.966	0.25	1	2	54483
108.982	0.25	0	1	54491
109.0	0.25	0	1	54500
109.016	0.25	0	1	54508
109.032	0.25	0	1	54516
109.05	0.25	0	1	54525
109.066	0.25	0	1	54533
109.082	0.25	0	1	54541
109.1	0.25	0	1	54550
109.116	0.25	0	1	54558
109.132	0.25	0	1	54566
109.15	0.25	0	1	54575
109.166	0.25	0	1	54583
109.182	0.25	0	1	54591
109.2	0.25	0	1	54600
109.216	0.25	0	1	54608
109.232	0.25	0	1	54616
109.25	0.25	0	1	54625
109.266	0.25	0	1	54633
109.282	0.25	0	1	54641
109.3	0.25	0	1	54650
109.316	0.25	0	1	54658
109.332	0.25	0	1	54666
109.35	0.25	1	2	54675
109.366	0.25	1	2	54683
109.382	0.25	1	2	54691
109.4	0.25	1	2	54700
110.882	0.25	0	1	55441
110.9	0.25	0	1	55450
110.916	0.25	0	1	55458
110.932	0.25	0	1	55466
110.95	0.25	0	1	55475
110.966	0.25	0	1	55483
110.982	0.25	0	1	55491
111.0	0.25	0	1	55500
111.016	0.25	0	1	55508
111.032	0.25	0	1	55516
111.05	0.25	0	1	55525
111.066	0.25	0	1	55533
111.082	0.25	0	1	55541
111.1	0.25	0	1	55550
111.116	0.25	0	1	55558
111.132	0.25	0	1	55566
111.15	0.25	0	1	55575
111.166	0.25	0	1	55583
111.182	0.25	0	1	55591
111.2	0.25	0	1	55600
111.216	0.25	0	1	55608
111.232	0.25	0	1	55616
111.25	0.25	0	1	55625
111.266	0.25	1	2	55633
111.282	0.25	1	2	55641
111.3	0.25	1	2	55650
111.316	0.25	1	2	55658
111.332	0.25	0	1	55666
111.35	0.25	0	1	55675
111.366	0.25	0	1	55683
111.382	0.25	0	1	55691
111.4	0.25	0	1	55700
111.416	0.25	0	1	55708
111.432	0.25	0	1	55716
111.45	0.25	0	1	55725
111.466	0.25	0	1	55733
111.482	0.25	0	1	55741
111.5	0.25	0	1	55750
111.516	0.25	0	1	55758
111.532	0.25	0	1	55766
111.55	0.25	0	1	55775
111.566	0.25	0	1	55783
111.582	0.25	0	1	55791
111.6	0.25	0	1	55800
111.616	0.25	0	1	55808
111.632	0.25	0	1	55816
111.65	0.25	1	2	55825
111.666	0.25	1	2	55833
111.682	0.25	1	2	55841
111.7	0.25	1	2	55850
111.716	0.25	0	1	55858
111.732	0.25	0	1	55866
111.75	0.25	0	1	55875
111.766	0.25	0	1	55883
111.782	0.25	0	1	55891
111.8	0.25	0	1	55900
111.816	0.25	0	1	55908
111.832	0.25	0	1	55916
111.85	0.25	0	1	55925
111.866	0.25	0	1	55933
111.882	0.25	0	1	55941
111.9	0.25	0	1	55950
111.916	0.25	0	1	55958
111.932	0.25	0	1	55966
111.95	0.25	1	2	55975
111.966	0.25	1	2	55983
111.982	0.25	1	2	55991
112.0	0.25	1	2	56000
112.016	0.25	0	1	56008
112.032	0.25	0	1	56016
112.05	0.25	0	1	56025
112.066	0.25	0	1	56033
112.082	0.25	0	1	56041
112.1	0.25	0	1	56050
112.116	0.25	0	1	56058
112.132	0.25	0	1	56066
112.15	0.25	0	1	56075
112.166	0.25	0	1	56083
112.182	0.25	0	1	56091
112.2	0.25	0	1	56100
112.216	0.25	0	1	56108
112.232	0.25	1	2	56116
112.25	0.25	1	2	56125
112.266	0.25	1	2	56133
112.282	0.25	1	2	56141
112.3	0.25	0	1	56150
112.316	0.25	0	1	56158
112.332	0.25	0	1	56166
112.35	0.25	0	1	56175
112.366	0.25	0	1	56183
112.382	0.25	0	1	56191
112.4	0.25	0	1	56200
112.416	0.25	0	1	56208
112.432	0.25	0	1	56216
112.45	0.25	0	1	56225
112.466	0.25	0	1	56233
112.482	0.25	0	1	56241
112.5	0.25	0	1	56250
112.516	0.25	0	1	56258
112.532	0.25	0	1	56266
112.55	0.25	0	1	56275
112.566	0.25	1	2	56283
112.582	0.25	1	2	56291
112.6	0.25	1	2	56300
112.616	0.25	1	2	56308
112.632	0.25	0	1	56316
112.65	0.25	0	1	56325
112.666	0.25	0	1	56333
112.682	0.25	0	1	56341
112.7	0.25	0	1	56350
112.716	0.25	0	1	56358
112.732	0.25	0	1	56366
112.75	0.25	0	1	56375
112.766	0.25	0	1	56383
112.782	0.25	0	1	56391
112.8	0.25	0	1	56400
112.816	0.25	0	1	56408
115.416	0.25	0	1	57708
115.432	0.25	0	1	57716
115.45	0.25	0	1	57725
115.466	0.25	0	1	57733
115.482	0.25	0	1	57741
115.5	0.25	0	1	57750
115.516	0.25	0	1	57758
115.532	0.25	0	1	57766
115.55	0.25	0	1	57775
115.566	0.25	0	1	57783
115.582	0.25	0	1	57791
115.6	0.25	0	1	57800
115.616	0.25	0	1	57808
115.632	0.25	0	1	57816
115.65	0.25	0	1	57825
115.666	0.25	1	2	57833
115.682	0.25	1	2	57841
115.7	0.25	1	2	57850
115.716	0.25	1	2	57858
115.732	0.25	0	1	57866
115.75	0.25	0	1	57875
115.766	0.25	0	1	57883
115.782	0.25	0	1	57891
115.8	0.25	0	1	57900
115.816	0.25	0	1	57908
115.832	0.25	0	1	57916
115.85	0.25	0	1	57925
115.866	0.25	0	1	57933
115.882	0.25	0	1	57941
115.9	0.25	0	1	57950
115.916	0.25	0	1	57958
115.932	0.25	0	1	57966
115.95	0.25	0	1	57975
115.966	0.25	0	1	57983
115.982	0.25	0	1	57991
116.0	0.25	0	1	58000
116.016	0.25	0	1	58008
116.032	0.25	0	1	58016
116.05	0.25	0	1	58025
116.066	0.25	0	1	58033
116.082	0.25	0	1	58041
116.1	0.25	1	2	58050
116.116	0.25	1	2	58058
116.132	0.25	1	2	58066
116.15	0.25	1	2	58075
116.166	0.25	0	1	58083
116.182	0.25	0	1	58091
116.2	0.25	0	1	58100
116.216	0.25	0	1	58108
116.232	0.25	0	1	58116
116.25	0.25	0	1	58125
116.266	0.25	0	1	58133
116.282	0.25	0	1	58141
116.3	0.25	0	1	58150
116.316	0.25	0	1	58158
116.332	0.25	0	1	58166
116.35	0.25	0	1	58175
116.366	0.25	0	1	58183
116.382	0.25	0	1	58191
116.4	0.25	0	1	58200
116.416	0.25	0	1	58208
116.432	0.25	0	1	58216
116.45	0.25	0	1	58225
116.466	0.25	0	1	58233
116.482	0.25	0	1	58241
116.5	0.25	0	1	58250
116.516	0.25	0	1	58258
116.532	0.25	0	1	58266
116.55	0.25	0	1	58275
116.566	0.25	1	2	58283
116.582	0.25	1	2	58291
116.6	0.25	1	2	58300
116.616	0.25	1	2	58308
116.632	0.25	0	1	58316
116.65	0.25	0	1	58325
116.666	0.25	0	1	58333
116.682	0.25	0	1	58341
116.7	0.25	0	1	58350
116.716	0.25	0	1	58358
116.732	0.25	0	1	58366
116.75	0.25	0	1	58375
116.766	0.25	0	1	58383
116.782	0.25	0	1	58391
116.8	0.25	0	1	58400
116.816	0.25	0	1	58408
116.832	0.25	0	1	58416
116.85	0.25	0	1	58425
116.866	0.25	1	2	58433
116.882	0.25	1	2	58441
116.9	0.25	1	2	58450
116.916	0.25	1	2	58458
116.932	0.25	0	1	58466
116.95	0.25	0	1	58475
116.966	0.25	0	1	58483
116.982	0.25	0	1	58491
117.0	0.25	0	1	58500
117.016	0.25	0	1	58508
117.032	0.25	0	1	58516
117.05	0.25	0	1	58525
117.066	0.25	0	1	58533
117.082	0.25	0	1	58541
117.1	0.25	0	1	58550
117.116	0.25	0	1	58558
117.132	0.25	0	1	58566
117.15	0.25	0	1	58575
117.166	0.25	0	1	58583
117.182	0.25	0	1	58591
117.2	0.25	0	1	58600
117.216	0.25	0	1	58608
117.232	0.25	0	1	58616
117.25	0.25	0	1	58625
117.266	0.25	0	1	58633
117.282	0.25	0	1	58641
117.3	0.25	1	2	58650
117.316	0.25	1	2	58658
117.332	0.25	1	2	58666
117.35	0.25	1	2	58675
118.832	0.25	0	1	59416
118.85	0.25	0	1	59425
118.866	0.25	0	1	59433
118.882	0.25	0	1	59441
118.9	0.25	0	1	59450
118.916	0.25	0	1	59458
118.932	0.25	0	1	59466
118.95	0.25	0	1	59475
118.966	0.25	0	1	59483
118.982	0.25	0	1	59491
119.0	0.25	0	1	59500
119.016	0.25	0	1	59508
119.032	0.25	0	1	59516
119.05	0.25	0	1	59525
119.066	0.25	0	1	59533
119.082	0.25	0	1	59541
119.1	0.25	0	1	59550
119.116	0.25	0	1	59558
119.132	0.25	1	2	59566
119.15	0.25	1	2	59575
119.166	0.25	1	2	59583
119.182	0.25	1	2	59591
119.2	0.25	0	1	59600
119.216	0.25	0	1	59608
119.232	0.25	0	1	59616
119.25	0.25	0	1	59625
119.266	0.25	0	1	59633
119.282	0.25	0	1	59641
119.3	0.25	0	1	59650
119.316	0.25	0	1	59658
119.332	0.25	0	1	59666
119.35	0.25	0	1	59675
119.366	0.25	0	1	59683
119.382	0.25	0	1	59691
119.4	0.25	0	1	59700
119.416	0.25	0	1	59708
119.432	0.25	0	1	59716
119.45	0.25	0	1	59725
119.466	0.25	0	1	59733
119.482	0.25	0	1	59741
119.5	0.25	0	1	59750
119.516	0.25	0	1	59758
119.532	0.25	1	2	59766
119.55	0.25	1	2	59775
119.566	0.25	1	2	59783
119.582	0.25	1	2	59791
119.6	0.25	0	1	59800
119.616	0.25	0	1	59808
119.632	0.25	0	1	59816
119.65	0.25	0	1	59825
119.666	0.25	0	1	59833
119.682	0.25	0	1	59841
119.7	0.25	0	1	59850
119.716	0.25	0	1	59858
119.732	0.25	0	1	59866
119.75	0.25	0	1	59875
119.766	0.25	0	1	59883
119.782	0.25	0	1	59891
119.8	0.25	0	1	59900
119.816	0.25	1	2	59908
119.832	0.25	1	2	59916
119.85	0.25	1	2	59925
119.866	0.25	1	2	59933
119.882	0.25	0	1	59941
119.9	0.25	0	1	59950
119.916	0.25	0	1	59958
119.932	0.25	0	1	59966
119.95	0.25	0	1	59975
119.966	0.25	0	1	59983
119.982	0.25	0	1	59991
120.0	0.25	0	1	60000
120.016	0.25	0	1	60008
120.032	0.25	0	1	60016
120.05	0.25	0	1	60025
120.066	0.25	0	1	60033
120.082	0.25	0	1	60041
120.1	0.25	0	1	60050
120.116	0.25	0	1	60058
120.132	0.25	0	1	60066
120.15	0.25	0	1	60075
120.166	0.25	0	1	60083
120.182	0.25	1	2	60091
120.2	0.25	1	2	60100
120.216	0.25	1	2	60108
120.232	0.25	1	2	60116
120.25	0.25	0	1	60125
120.266	0.25	0	1	60133
120.282	0.25	0	1	60141
120.3	0.25	0	1	60150
120.316	0.25	0	1	60158
120.332	0.25	0	1	60166
120.35	0.25	0	1	60175
120.366	0.25	0	1	60183
120.382	0.25	0	1	60191
120.4	0.25	0	1	60200
120.416	0.25	0	1	60208
120.432	0.25	0	1	60216
120.45	0.25	0	1	60225
120.466	0.25	0	1	60233
120.482	0.25	0	1	60241
120.5	0.25	0	1	60250
120.516	0.25	0	1	60258
120.532	0.25	0	1	60266
120.55	0.25	0	1	60275
120.566	0.25	0	1	60283
120.582	0.25	0	1	60291
120.6	0.25	0	1	60300
120.616	0.25	0	1	60308
120.632	0.25	0	1	60316
120.65	0.25	1	2	60325
120.666	0.25	1	2	60333
120.682	0.25	1	2	60341
120.7	0.25	1	2	60350
120.716	0.25	0	1	60358
120.732	0.25	0	1	60366
120.75	0.25	0	1	60375
120.766	0.25	0	1	60383
122.25	0.25	0	1	61125
122.266	0.25	0	1	61133
122.282	0.25	0	1	61141
122.3	0.25	0	1	61150
122.316	0.25	0	1	61158
122.332	0.25	0	1	61166
122.35	0.25	0	1	61175
122.366	0.25	0	1	61183
122.382	0.25	0	1	61191
122.4	0.25	0	1	61200
122.416	0.25	0	1	61208
122.432	0.25	0	1	61216
122.45	0.25	0	1	61225
122.466	0.25	0	1	61233
122.482	0.25	0	1	61241
122.5	0.25	0	1	61250
122.516	0.25	0	1	61258
122.532	0.25	0	1	61266
122.55	0.25	0	1	61275
122.566	0.25	0	1	61283
122.582	0.25	0	1	61291
122.6	0.25	0	1	61300
122.616	0.25	0	1	61308
122.632	0.25	1	2	61316
122.65	0.25	1	2	61325
122.666	0.25	1	2	61333
122.682	0.25	1	2	61341
122.7	0.25	0	1	61350
122.716	0.25	0	1	61358
122.732	0.25	0	1	61366
122.75	0.25	0	1	61375
122.766	0.25	0	1	61383
122.782	0.25	0	1	61391
122.8	0.25	0	1	61400
122.816	0.25	0	1	61408
122.832	0.25	0	1	61416
122.85	0.25	0	1	61425
122.866	0.25	0	1	61433
122.882	0.25	0	1	61441
122.9	0.25	0	1	61450
122.916	0.25	0	1	61458
122.932	0.25	0	1	61466
122.95	0.25	0	1	61475
122.966	0.25	0	1	61483
122.982	0.25	0	1	61491
123.0	0.25	0	1	61500
123.016	0.25	1	2	61508
123.032	0.25	1	2	61516
123.05	0.25	1	2	61525
123.066	0.25	1	2	61533
123.082	0.25	0	1	61541
123.1	0.25	0	1	61550
123.116	0.25	0	1	61558
123.132	0.25	0	1	61566
123.15	0.25	0	1	61575
123.166	0.25	0	1	61583
123.182	0.25	0	1	61591
123.2	0.25	0	1	61600
123.216	0.25	0	1	61608
123.232	0.25	0	1	61616
123.25	0.25	0	1	61625
123.266	0.25	0	1	61633
123.282	0.25	0	1	61641
123.3	0.25	0	1	61650
123.316	0.25	1	2	61658
123.332	0.25	1	2	61666
123.35	0.25	1	2	61675
123.366	0.25	1	2	61683
123.382	0.25	0	1	61691
123.4	0.25	0	1	61700
123.416	0.25	0	1	61708
123.432	0.25	0	1	61716
123.45	0.25	0	1	61725
123.466	0.25	0	1	61733
123.482	0.25	0	1	61741
123.5	0.25	0	1	61750
123.516	0.25	0	1	61758
123.532	0.25	0	1	61766
123.55	0.25	0	1	61775
123.566	0.25	0	1	61783
123.582	0.25	0	1	61791
123.6	0.25	1	2	61800
123.616	0.25	1	2	61808
123.632	0.25	1	2	61816
123.65	0.25	1	2	61825
123.666	0.25	0	1	61833
123.682	0.25	0	1	61841
123.7	0.25	0	1	61850
123.716	0.25	0	1	61858
123.732	0.25	0	1	61866
123.75	0.25	0	1	61875
123.766	0.25	0	1	61883
123.782	0.25	0	1	61891
123.8	0.25	0	1	61900
123.816	0.25	0	1	61908
123.832	0.25	0	1	61916
123.85	0.25	0	1	61925
123.866	0.25	0	1	61933
123.882	0.25	0	1	61941
123.9	0.25	0	1	61950
123.916	0.25	0	1	61958
123.932	0.25	1	2	61966
123.95	0.25	1	2	61975
123.966	0.25	1	2	61983
123.982	0.25	1	2	61991
124.0	0.25	0	1	62000
124.016	0.25	0	1	62008
124.032	0.25	0	1	62016
124.05	0.25	0	1	62025
124.066	0.25	0	1	62033
124.082	0.25	0	1	62041
124.1	0.25	0	1	62050
124.116	0.25	0	1	62058
124.132	0.25	0	1	62066
124.15	0.25	0	1	62075
124.166	0.25	0	1	62083
124.182	0.25	0	1	62091
125.666	0.25	0	1	62833
125.682	0.25	1	2	62841
125.7	0.25	1	2	62850
125.716	0.25	1	2	62858
125.732	0.25	1	2	62866
125.75	0.25	0	1	62875
125.766	0.25	0	1	62883
125.782	0.25	0	1	62891
125.8	0.25	0	1	62900
125.816	0.25	0	1	62908
125.832	0.25	0	1	62916
125.85	0.25	0	1	62925
125.866	0.25	0	1	62933
125.882	0.25	0	1	62941
125.9	0.25	0	1	62950
125.916	0.25	0	1	62958
125.932	0.25	0	1	62966
125.95	0.25	0	1	62975
125.966	0.25	0	1	62983
125.982	0.25	0	1	62991
126.0	0.25	0	1	63000
126.016	0.25	0	1	63008
126.032	0.25	0	1	63016
126.05	0.25	0	1	63025
126.066	0.25	0	1	63033
126.082	0.25	0	1	63041
126.1	0.25	0	1	63050
126.116	0.25	0	1	63058
126.132	0.25	0	1	63066
126.15	0.25	0	1	63075
126.166	0.25	1	2	63083
126.182	0.25	1	2	63091
126.2	0.25	1	2	63100
126.216	0.25	1	2	63108
126.232	0.25	0	1	63116
126.25	0.25	0	1	63125
126.266	0.25	0	1	63133
126.282	0.25	0	1	63141
126.3	0.25	0	1	63150
126.316	0.25	0	1	63158
126.332	0.25	0	1	63166
126.35	0.25	0	1	63175
126.366	0.25	0	1	63183
126.382	0.25	0	1	63191
126.4	0.25	0	1	63200
126.416	0.25	0	1	63208
126.432	0.25	0	1	63216
126.45	0.25	0	1	63225
126.466	0.25	0	1	63233
126.482	0.25	0	1	63241
126.5	0.25	0	1	63250
126.516	0.25	0	1	63258
126.532	0.25	0	1	63266
126.55	0.25	0	1	63275
126.566	0.25	0	1	63283
126.582	0.25	0	1	63291
126.6	0.25	0	1	63300
126.616	0.25	0	1	63308
126.632	0.25	1	2	63316
126.65	0.25	1	2	63325
126.666	0.25	1	2	63333
126.682	0.25	1	2	63341
126.7	0.25	0	1	63350
126.716	0.25	0	1	63358
126.732	0.25	0	1	63366
126.75	0.25	0	1	63375
126.766	0.25	0	1	63383
126.782	0.25	0	1	63391
126.8	0.25	0	1	63400
126.816	0.25	0	1	63408
126.832	0.25	0	1	63416
126.85	0.25	0	1	63425
126.866	0.25	0	1	63433
126.882	0.25	0	1	63441
126.9	0.25	0	1	63450
126.916	0.25	0	1	63458
126.932	0.25	0	1	63466
126.95	0.25	0	1	63475
126.966	0.25	0	1	63483
126.982	0.25	0	1	63491
127.0	0.25	0	1	63500
127.016	0.25	0	1	63508
127.032	0.25	0	1	63516
127.05	0.25	1	2	63525
127.066	0.25	1	2	63533
127.082	0.25	1	2	63541
127.1	0.25	1	2	63550
127.116	0.25	0	1	63558
127.132	0.25	0	1	63566
127.15	0.25	0	1	63575
127.166	0.25	0	1	63583
127.182	0.25	0	1	63591
127.2	0.25	0	1	63600
127.216	0.25	0	1	63608
127.232	0.25	0	1	63616
127.25	0.25	0	1	63625
127.266	0.25	0	1	63633
127.282	0.25	0	1	63641
127.3	0.25	0	1	63650
127.316	0.25	0	1	63658
127.332	0.25	0	1	63666
127.35	0.25	0	1	63675
127.366	0.25	0	1	63683
127.382	0.25	0	1	63691
127.4	0.25	0	1	63700
127.416	0.25	0	1	63708
127.432	0.25	0	1	63716
127.45	0.25	0	1	63725
127.466	0.25	0	1	63733
127.482	0.25	1	2	63741
127.5	0.25	1	2	63750
127.516	0.25	1	2	63758
127.532	0.25	1	2	63766
127.55	0.25	0	1	63775
127.566	0.25	0	1	63783
127.582	0.25	0	1	63791
127.6	0.25	0	1	63800
130.166	0.25	0	1	65083
130.182	0.25	0	1	65091
130.198	0.25	0	1	65099
130.216	0.25	0	1	65108
130.232	0.25	0	1	65116
130.25	0.25	0	1	65125
130.266	0.25	0	1	65133
130.282	0.25	0	1	65141
130.3	0.25	0	1	65150
130.316	0.25	0	1	65158
130.332	0.25	0	1	65166
130.35	0.25	0	1	65175
130.366	0.25	0	1	65183
130.382	0.25	0	1	65191
130.4	0.25	0	1	65200
130.416	0.25	0	1	65208
130.432	0.25	0	1	65216
130.448	0.25	0	1	65224
130.466	0.25	1	2	65233
130.482	0.25	1	2	65241
130.5	0.25	1	2	65250
130.516	0.25	1	2	65258
130.532	0.25	0	1	65266
130.55	0.25	0	1	65275
130.566	0.25	0	1	65283
130.582	0.25	0	1	65291
130.6	0.25	0	1	65300
130.616	0.25	0	1	65308
130.632	0.25	0	1	65316
130.65	0.25	0	1	65325
130.666	0.25	0	1	65333
130.682	0.25	0	1	65341
130.698	0.25	0	1	65349
130.716	0.25	0	1	65358
130.732	0.25	0	1	65366
130.75	0.25	0	1	65375
130.766	0.25	0	1	65383
130.782	0.25	0	1	65391
130.8	0.25	0	1	65400
130.816	0.25	0	1	65408
130.832	0.25	0	1	65416
130.85	0.25	0	1	65425
130.866	0.25	1	2	65433
130.882	0.25	1	2	65441
130.9	0.25	1	2	65450
130.916	0.25	1	2	65458
130.932	0.25	0	1	65466
130.948	0.25	0	1	65474
130.966	0.25	0	1	65483
130.982	0.25	0	1	65491
131.0	0.25	0	1	65500
131.016	0.25	0	1	65508
131.032	0.25	0	1	65516
131.05	0.25	0	1	65525
131.066	0.25	0	1	65533
131.082	0.25	0	1	65541
131.1	0.25	0	1	65550
131.116	0.25	0	1	65558
131.132	0.25	0	1	65566
131.15	0.25	1	2	65575
131.166	0.25	1	2	65583
131.182	0.25	1	2	65591
131.2	0.25	1	2	65600
131.216	0.25	0	1	65608
131.232	0.25	0	1	65616
131.25	0.25	0	1	65625
131.266	0.25	0	1	65633
131.282	0.25	0	1	65641
131.3	0.25	0	1	65650
131.316	0.25	0	1	65658
131.332	0.25	0	1	65666
131.35	0.25	0	1	65675
131.366	0.25	0	1	65683
131.382	0.25	0	1	65691
131.4	0.25	0	1	65700
131.416	0.25	0	1	65708
131.432	0.25	0	1	65716
131.45	0.25	0	1	65725
131.466	0.25	0	1	65733
131.482	0.25	0	1	65741
131.5	0.25	0	1	65750
131.516	0.25	1	2	65758
131.532	0.25	1	2	65766
131.55	0.25	1	2	65775
131.566	0.25	1	2	65783
131.582	0.25	0	1	65791
131.6	0.25	0	1	65800
131.616	0.25	0	1	65808
131.632	0.25	0	1	65816
131.65	0.25	0	1	65825
131.666	0.25	0	1	65833
131.682	0.25	0	1	65841
131.7	0.25	0	1	65850
131.716	0.25	0	1	65858
131.732	0.25	0	1	65866
131.75	0.25	0	1	65875
131.766	0.25	0	1	65883
131.782	0.25	0	1	65891
131.8	0.25	0	1	65900
131.816	0.25	0	1	65908
131.832	0.25	0	1	65916
131.85	0.25	0	1	65925
131.866	0.25	0	1	65933
131.882	0.25	0	1	65941
131.9	0.25	0	1	65950
131.916	0.25	0	1	65958
131.932	0.25	0	1	65966
131.95	0.25	0	1	65975
131.966	0.25	0	1	65983
131.982	0.25	1	2	65991
132.0	0.25	1	2	66000
132.016	0.25	1	2	66008
132.032	0.25	1	2	66016
132.05	0.25	0	1	66025
132.066	0.25	0	1	66033
132.082	0.25	0	1	66041
132.1	0.25	0	1	66050
133.582	0.25	0	1	66791
133.6	0.25	0	1	66800
133.616	0.25	0	1	66808
133.632	0.25	0	1	66816
133.65	0.25	0	1	66825
133.666	0.25	0	1	66833
133.682	0.25	0	1	66841
133.7	0.25	0	1	66850
133.716	0.25	0	1	66858
133.732	0.25	0	1	66866
133.75	0.25	0	1	66875
133.766	0.25	0	1	66883
133.782	0.25	0	1	66891
133.8	0.25	0	1	66900
133.816	0.25	0	1	66908
133.832	0.25	0	1	66916
133.85	0.25	0	1	66925
133.866	0.25	0	1	66933
133.882	0.25	0	1	66941
133.9	0.25	0	1	66950
133.916	0.25	0	1	66958
133.932	0.25	0	1	66966
133.95	0.25	0	1	66975
133.966	0.25	1	2	66983
133.982	0.25	1	2	66991
134.0	0.25	1	2	67000
134.016	0.25	1	2	67008
134.032	0.25	0	1	67016
134.05	0.25	0	1	67025
134.066	0.25	0	1	67033
134.082	0.25	0	1	67041
134.1	0.25	0	1	67050
134.116	0.25	0	1	67058
134.132	0.25	0	1	67066
134.15	0.25	0	1	67075
134.166	0.25	0	1	67083
134.182	0.25	0	1	67091
134.2	0.25	0	1	67100
134.216	0.25	0	1	67108
134.232	0.25	0	1	67116
134.25	0.25	0	1	67125
134.266	0.25	0	1	67133
134.282	0.25	0	1	67141
134.3	0.25	0	1	67150
134.316	0.25	0	1	67158
134.332	0.25	0	1	67166
134.35	0.25	1	2	67175
134.366	0.25	1	2	67183
134.382	0.25	1	2	67191
134.4	0.25	1	2	67200
134.416	0.25	0	1	67208
134.432	0.25	0	1	67216
134.45	0.25	0	1	67225
134.466	0.25	0	1	67233
134.482	0.25	0	1	67241
134.5	0.25	0	1	67250
134.516	0.25	0	1	67258
134.532	0.25	0	1	67266
134.55	0.25	0	1	67275
134.566	0.25	0	1	67283
134.582	0.25	0	1	67291
134.6	0.25	0	1	67300
134.616	0.25	0	1	67308
134.632	0.25	0	1	67316
134.65	0.25	1	2	67325
134.666	0.25	1	2	67333
134.682	0.25	1	2	67341
134.7	0.25	1	2	67350
134.716	0.25	0	1	67358
134.732	0.25	0	1	67366
134.75	0.25	0	1	67375
134.766	0.25	0	1	67383
134.782	0.25	0	1	67391
134.8	0.25	0	1	67400
134.816	0.25	0	1	67408
134.832	0.25	0	1	67416
134.85	0.25	0	1	67425
134.866	0.25	0	1	67433
134.882	0.25	0	1	67441
134.9	0.25	0	1	67450
134.916	0.25	0	1	67458
134.932	0.25	1	2	67466
134.95	0.25	1	2	67475
134.966	0.25	1	2	67483
134.982	0.25	1	2	67491
135.0	0.25	0	1	67500
135.016	0.25	0	1	67508
135.032	0.25	0	1	67516
135.05	0.25	0	1	67525
135.066	0.25	0	1	67533
135.082	0.25	0	1	67541
135.1	0.25	0	1	67550
135.116	0.25	0	1	67558
135.132	0.25	0	1	67566
135.15	0.25	0	1	67575
135.166	0.25	0	1	67583
135.182	0.25	0	1	67591
135.2	0.25	0	1	67600
135.216	0.25	0	1	67608
135.232	0.25	0	1	67616
135.25	0.25	0	1	67625
135.266	0.25	1	2	67633
135.282	0.25	1	2	67641
135.3	0.25	1	2	67650
135.316	0.25	1	2	67658
135.332	0.25	0	1	67666
135.35	0.25	0	1	67675
135.366	0.25	0	1	67683
135.382	0.25	0	1	67691
135.4	0.25	0	1	67700
135.416	0.25	0	1	67708
135.432	0.25	0	1	67716
135.45	0.25	0	1	67725
135.466	0.25	0	1	67733
135.482	0.25	0	1	67741
135.5	0.25	0	1	67750
135.516	0.25	0	1	67758
137.0	0.25	0	1	68500
137.016	0.25	0	1	68508
137.032	0.25	0	1	68516
137.05	0.25	0	1	68525
137.066	0.25	0	1	68533
137.082	0.25	0	1	68541
137.1	0.25	0	1	68550
137.116	0.25	0	1	68558
137.132	0.25	0	1	68566
137.15	0.25	0	1	68575
137.166	0.25	0	1	68583
137.182	0.25	0	1	68591
137.2	0.25	0	1	68600
137.216	0.25	0	1	68608
137.232	0.25	0	1	68616
137.25	0.25	1	2	68625
137.266	0.25	1	2	68633
137.282	0.25	1	2	68641
137.3	0.25	1	2	68650
137.316	0.25	0	1	68658
137.332	0.25	0	1	68666
137.35	0.25	0	1	68675
137.366	0.25	0	1	68683
137.382	0.25	0	1	68691
137.4	0.25	0	1	68700
137.416	0.25	0	1	68708
137.432	0.25	0	1	68716
137.45	0.25	0	1	68725
137.466	0.25	0	1	68733
137.482	0.25	0	1	68741
137.5	0.25	0	1	68750
137.516	0.25	0	1	68758
137.532	0.25	0	1	68766
137.55	0.25	0	1	68775
137.566	0.25	0	1	68783
137.582	0.25	0	1	68791
137.6	0.25	0	1	68800
137.616	0.25	0	1	68808
137.632	0.25	0	1	68816
137.65	0.25	0	1	68825
137.666	0.25	0	1	68833
137.682	0.25	1	2	68841
137.7	0.25	1	2	68850
137.716	0.25	1	2	68858
137.732	0.25	1	2	68866
137.75	0.25	0	1	68875
137.766	0.25	0	1	68883
137.782	0.25	0	1	68891
137.8	0.25	0	1	68900
137.816	0.25	0	1	68908
137.832	0.25	0	1	68916
137.85	0.25	0	1	68925
137.866	0.25	0	1	68933
137.882	0.25	0	1	68941
137.9	0.25	0	1	68950
137.916	0.25	0	1	68958
137.932	0.25	0	1	68966
137.95	0.25	0	1	68975
137.966	0.25	0	1	68983
137.982	0.25	0	1	68991
138.0	0.25	0	1	69000
138.016	0.25	0	1	69008
138.032	0.25	0	1	69016
138.05	0.25	0	1	69025
138.066	0.25	0	1	69033
138.082	0.25	0	1	69041
138.1	0.25	0	1	69050
138.116	0.25	0	1	69058
138.132	0.25	0	1	69066
138.15	0.25	1	2	69075
138.166	0.25	1	2	69083
138.182	0.25	1	2	69091
138.2	0.25	1	2	69100
138.216	0.25	0	1	69108
138.232	0.25	0	1	69116
138.25	0.25	0	1	69125
138.266	0.25	0	1	69133
138.282	0.25	0	1	69141
138.3	0.25	0	1	69150
138.316	0.25	0	1	69158
138.332	0.25	0	1	69166
138.35	0.25	0	1	69175
138.366	0.25	0	1	69183
138.382	0.25	0	1	69191
138.4	0.25	0	1	69200
138.416	0.25	0	1	69208
138.432	0.25	0	1	69216
138.45	0.25	1	2	69225
138.466	0.25	1	2	69233
138.482	0.25	1	2	69241
138.5	0.25	1	2	69250
138.516	0.25	0	1	69258
138.532	0.25	0	1	69266
138.55	0.25	0	1	69275
138.566	0.25	0	1	69283
138.582	0.25	0	1	69291
138.6	0.25	0	1	69300
138.616	0.25	0	1	69308
138.632	0.25	0	1	69316
138.65	0.25	0	1	69325
138.666	0.25	0	1	69333
138.682	0.25	0	1	69341
138.7	0.25	0	1	69350
138.716	0.25	0	1	69358
138.732	0.25	0	1	69366
138.75	0.25	0	1	69375
138.766	0.25	0	1	69383
138.782	0.25	0	1	69391
138.8	0.25	0	1	69400
138.816	0.25	0	1	69408
138.832	0.25	0	1	69416
138.85	0.25	0	1	69425
138.866	0.25	0	1	69433
138.882	0.25	1	2	69441
138.9	0.25	1	2	69450
138.916	0.25	1	2	69458
138.932	0.25	1	2	69466
140.416	0.25	0	1	70208
140.432	0.25	1	2	70216
140.45	0.25	1	2	70225
140.466	0.25	1	2	70233
140.482	0.25	1	2	70241
140.5	0.25	0	1	70250
140.516	0.25	0	1	70258
140.532	0.25	0	1	70266
140.55	0.25	0	1	70275
140.566	0.25	0	1	70283
140.582	0.25	0	1	70291
140.6	0.25	0	1	70300
140.616	0.25	0	1	70308
140.632	0.25	0	1	70316
140.65	0.25	0	1	70325
140.666	0.25	0	1	70333
140.682	0.25	0	1	70341
140.7	0.25	0	1	70350
140.716	0.25	0	1	70358
140.732	0.25	0	1	70366
140.75	0.25	0	1	70375
140.766	0.25	0	1	70383
140.782	0.25	0	1	70391
140.8	0.25	0	1	70400
140.816	0.25	0	1	70408
140.832	0.25	0	1	70416
140.85	0.25	0	1	70425
140.866	0.25	0	1	70433
140.882	0.25	0	1	70441
140.9	0.25	0	1	70450
140.916	0.25	1	2	70458
140.932	0.25	1	2	70466
140.95	0.25	1	2	70475
140.966	0.25	1	2	70483
140.982	0.25	0	1	70491
141.0	0.25	0	1	70500
141.016	0.25	0	1	70508
141.032	0.25	0	1	70516
141.05	0.25	0	1	70525
141.066	0.25	0	1	70533
141.082	0.25	0	1	70541
141.1	0.25	0	1	70550
141.116	0.25	0	1	70558
141.132	0.25	0	1	70566
141.15	0.25	0	1	70575
141.166	0.25	0	1	70583
141.182	0.25	0	1	70591
141.2	0.25	0	1	70600
141.216	0.25	0	1	70608
141.232	0.25	0	1	70616
141.25	0.25	0	1	70625
141.266	0.25	0	1	70633
141.282	0.25	0	1	70641
141.3	0.25	0	1	70650
141.316	0.25	0	1	70658
141.332	0.25	0	1	70666
141.35	0.25	0	1	70675
141.366	0.25	0	1	70683
141.382	0.25	1	2	70691
141.4	0.25	1	2	70700
141.416	0.25	1	2	70708
141.432	0.25	1	2	70716
141.45	0.25	0	1	70725
141.466	0.25	0	1	70733
141.482	0.25	0	1	70741
141.5	0.25	0	1	70750
141.516	0.25	0	1	70758
141.532	0.25	0	1	70766
141.55	0.25	0	1	70775
141.566	0.25	0	1	70783
141.582	0.25	0	1	70791
141.6	0.25	0	1	70800
141.616	0.25	0	1	70808
141.632	0.25	0	1	70816
141.65	0.25	0	1	70825
141.666	0.25	0	1	70833
141.682	0.25	0	1	70841
141.7	0.25	0	1	70850
141.716	0.25	0	1	70858
141.732	0.25	0	1	70866
141.75	0.25	0	1	70875
141.766	0.25	0	1	70883
141.782	0.25	0	1	70891
141.8	0.25	1	2	70900
141.816	0.25	1	2	70908
141.832	0.25	1	2	70916
141.85	0.25	1	2	70925
141.866	0.25	0	1	70933
141.882	0.25	0	1	70941
141.9	0.25	0	1	70950
141.916	0.25	0	1	70958
141.932	0.25	0	1	70966
141.95	0.25	0	1	70975
141.966	0.25	0	1	70983
141.982	0.25	0	1	70991
142.0	0.25	0	1	71000
142.016	0.25	0	1	71008
142.032	0.25	0	1	71016
142.05	0.25	0	1	71025
142.066	0.25	0	1	71033
142.082	0.25	0	1	71041
142.1	0.25	0	1	71050
142.116	0.25	0	1	71058
142.132	0.25	0	1	71066
142.15	0.25	0	1	71075
142.166	0.25	0	1	71083
142.182	0.25	0	1	71091
142.2	0.25	0	1	71100
142.216	0.25	0	1	71108
142.232	0.25	1	2	71116
142.25	0.25	1	2	71125
142.266	0.25	1	2	71133
142.282	0.25	1	2	71141
142.3	0.25	0	1	71150
142.316	0.25	0	1	71158
142.332	0.25	0	1	71166
142.35	0.25	0	1	71175
145.0	0.25	0	1	72500
145.016	0.25	0	1	72508
145.032	0.25	0	1	72516
145.05	0.25	0	1	72525
145.066	0.25	0	1	72533
145.082	0.25	0	1	72541
145.1	0.25	0	1	72550
145.116	0.25	0	1	72558
145.132	0.25	0	1	72566
145.15	0.25	0	1	72575
145.166	0.25	0	1	72583
145.182	0.25	0	1	72591
145.2	0.25	0	1	72600
145.216	0.25	0	1	72608
145.232	0.25	0	1	72616
145.25	0.25	1	2	72625
145.266	0.25	1	2	72633
145.282	0.25	1	2	72641
145.3	0.25	1	2	72650
145.316	0.25	0	1	72658
145.332	0.25	0	1	72666
145.35	0.25	0	1	72675
145.366	0.25	0	1	72683
145.382	0.25	0	1	72691
145.4	0.25	0	1	72700
145.416	0.25	0	1	72708
145.432	0.25	0	1	72716
145.45	0.25	0	1	72725
145.466	0.25	0	1	72733
145.482	0.25	0	1	72741
145.5	0.25	0	1	72750
145.516	0.25	0	1	72758
145.532	0.25	0	1	72766
145.55	0.25	0	1	72775
145.566	0.25	0	1	72783
145.582	0.25	0	1	72791
145.6	0.25	0	1	72800
145.616	0.25	0	1	72808
145.632	0.25	0	1	72816
145.65	0.25	0	1	72825
145.666	0.25	0	1	72833
145.682	0.25	1	2	72841
145.7	0.25	1	2	72850
145.716	0.25	1	2	72858
145.732	0.25	1	2	72866
145.75	0.25	0	1	72875
145.766	0.25	0	1	72883
145.782	0.25	0	1	72891
145.8	0.25	0	1	72900
145.816	0.25	0	1	72908
145.832	0.25	0	1	72916
145.85	0.25	0	1	72925
145.866	0.25	0	1	72933
145.882	0.25	0	1	72941
145.9	0.25	0	1	72950
145.916	0.25	0	1	72958
145.932	0.25	0	1	72966
145.95	0.25	0	1	72975
145.966	0.25	0	1	72983
145.982	0.25	0	1	72991
146.0	0.25	0	1	73000
146.016	0.25	0	1	73008
146.032	0.25	0	1	73016
146.05	0.25	0	1	73025
146.066	0.25	0	1	73033
146.082	0.25	0	1	73041
146.1	0.25	0	1	73050
146.116	0.25	0	1	73058
146.132	0.25	0	1	73066
146.15	0.25	1	2	73075
146.166	0.25	1	2	73083
146.182	0.25	1	2	73091
146.2	0.25	1	2	73100
146.216	0.25	0	1	73108
146.232	0.25	0	1	73116
146.25	0.25	0	1	73125
146.266	0.25	0	1	73133
146.282	0.25	0	1	73141
146.3	0.25	0	1	73150
146.316	0.25	0	1	73158
146.332	0.25	0	1	73166
146.35	0.25	0	1	73175
146.366	0.25	0	1	73183
146.382	0.25	0	1	73191
146.4	0.25	0	1	73200
146.416	0.25	0	1	73208
146.432	0.25	0	1	73216
146.45	0.25	1	2	73225
146.466	0.25	1	2	73233
146.482	0.25	1	2	73241
146.5	0.25	1	2	73250
146.516	0.25	0	1	73258
146.532	0.25	0	1	73266
146.55	0.25	0	1	73275
146.566	0.25	0	1	73283
146.582	0.25	0	1	73291
146.6	0.25	0	1	73300
146.616	0.25	0	1	73308
146.632	0.25	0	1	73316
146.65	0.25	0	1	73325
146.666	0.25	0	1	73333
146.682	0.25	0	1	73341
146.7	0.25	0	1	73350
146.716	0.25	0	1	73358
146.732	0.25	0	1	73366
146.75	0.25	0	1	73375
146.766	0.25	0	1	73383
146.782	0.25	0	1	73391
146.8	0.25	0	1	73400
146.816	0.25	0	1	73408
146.832	0.25	0	1	73416
146.85	0.25	0	1	73425
146.866	0.25	0	1	73433
146.882	0.25	1	2	73441
146.9	0.25	1	2	73450
146.916	0.25	1	2	73458
146.932	0.25	1	2	73466
148.416	0.25	0	1	74208
148.432	0.25	1	2	74216
148.45	0.25	1	2	74225
148.466	0.25	1	2	74233
148.482	0.25	1	2	74241
148.5	0.25	0	1	74250
148.516	0.25	0	1	74258
148.532	0.25	0	1	74266
148.55	0.25	0	1	74275
148.566	0.25	0	1	74283
148.582	0.25	0	1	74291
148.6	0.25	0	1	74300
148.616	0.25	0	1	74308
148.632	0.25	0	1	74316
148.65	0.25	0	1	74325
148.666	0.25	0	1	74333
148.682	0.25	0	1	74341
148.7	0.25	0	1	74350
148.716	0.25	0	1	74358
148.732	0.25	0	1	74366
148.75	0.25	0	1	74375
148.766	0.25	0	1	74383
148.782	0.25	0	1	74391
148.8	0.25	0	1	74400
148.816	0.25	0	1	74408
148.832	0.25	0	1	74416
148.85	0.25	0	1	74425
148.866	0.25	0	1	74433
148.882	0.25	0	1	74441
148.9	0.25	0	1	74450
148.916	0.25	1	2	74458
148.932	0.25	1	2	74466
148.95	0.25	1	2	74475
148.966	0.25	1	2	74483
148.982	0.25	0	1	74491
149.0	0.25	0	1	74500
149.016	0.25	0	1	74508
149.032	0.25	0	1	74516
149.05	0.25	0	1	74525
149.066	0.25	0	1	74533
149.082	0.25	0	1	74541
149.1	0.25	0	1	74550
149.116	0.25	0	1	74558
149.132	0.25	0	1	74566
149.15	0.25	0	1	74575
149.166	0.25	0	1	74583
149.182	0.25	0	1	74591
149.2	0.25	0	1	74600
149.216	0.25	0	1	74608
149.232	0.25	0	1	74616
149.25	0.25	0	1	74625
149.266	0.25	0	1	74633
149.282	0.25	0	1	74641
149.3	0.25	0	1	74650
149.316	0.25	0	1	74658
149.332	0.25	0	1	74666
149.35	0.25	0	1	74675
149.366	0.25	0	1	74683
149.382	0.25	1	2	74691
149.4	0.25	1	2	74700
149.416	0.25	1	2	74708
149.432	0.25	1	2	74716
149.45	0.25	0	1	74725
149.466	0.25	0	1	74733
149.482	0.25	0	1	74741
149.5	0.25	0	1	74750
149.516	0.25	0	1	74758
149.532	0.25	0	1	74766
149.55	0.25	0	1	74775
149.566	0.25	0	1	74783
149.582	0.25	0	1	74791
149.6	0.25	0	1	74800
149.616	0.25	0	1	74808
149.632	0.25	0	1	74816
149.65	0.25	0	1	74825
149.666	0.25	0	1	74833
149.682	0.25	0	1	74841
149.7	0.25	0	1	74850
149.716	0.25	0	1	74858
149.732	0.25	0	1	74866
149.75	0.25	0	1	74875
149.766	0.25	0	1	74883
149.782	0.25	0	1	74891
149.8	0.25	1	2	74900
149.816	0.25	1	2	74908
149.832	0.25	1	2	74916
149.85	0.25	1	2	74925
149.866	0.25	0	1	74933
149.882	0.25	0	1	74941
149.9	0.25	0	1	74950
149.916	0.25	0	1	74958
149.932	0.25	0	1	74966
149.95	0.25	0	1	74975
149.966	0.25	0	1	74983
149.982	0.25	0	1	74991
150.0	0.25	0	1	75000
150.016	0.25	0	1	75008
150.032	0.25	0	1	75016
150.05	0.25	0	1	75025
150.066	0.25	0	1	75033
150.082	0.25	0	1	75041
150.1	0.25	0	1	75050
150.116	0.25	0	1	75058
150.132	0.25	0	1	75066
150.15	0.25	0	1	75075
150.166	0.25	0	1	75083
150.182	0.25	0	1	75091
150.2	0.25	0	1	75100
150.216	0.25	0	1	75108
150.232	0.25	1	2	75116
150.25	0.25	1	2	75125
150.266	0.25	1	2	75133
150.282	0.25	1	2	75141
150.3	0.25	0	1	75150
150.316	0.25	0	1	75158
150.332	0.25	0	1	75166
150.35	0.25	0	1	75175
151.832	0.25	0	1	75916
151.85	0.25	0	1	75925
151.866	0.25	0	1	75933
151.882	0.25	0	1	75941
151.9	0.25	0	1	75950
151.916	0.25	0	1	75958
151.932	0.25	0	1	75966
151.95	0.25	0	1	75975
151.966	0.25	0	1	75983
151.982	0.25	0	1	75991
152.0	0.25	0	1	76000
152.016	0.25	0	1	76008
152.032	0.25	0	1	76016
152.05	0.25	0	1	76025
152.066	0.25	0	1	76033
152.082	0.25	0	1	76041
152.1	0.25	0	1	76050
152.116	0.25	0	1	76058
152.132	0.25	1	2	76066
152.15	0.25	1	2	76075
152.166	0.25	1	2	76083
152.182	0.25	1	2	76091
152.2	0.25	0	1	76100
152.216	0.25	0	1	76108
152.232	0.25	0	1	76116
152.25	0.25	0	1	76125
152.266	0.25	0	1	76133
152.282	0.25	0	1	76141
152.3	0.25	0	1	76150
152.316	0.25	0	1	76158
152.332	0.25	0	1	76166
152.35	0.25	0	1	76175
152.366	0.25	0	1	76183
152.382	0.25	0	1	76191
152.4	0.25	0	1	76200
152.416	0.25	0	1	76208
152.432	0.25	0	1	76216
152.45	0.25	0	1	76225
152.466	0.25	0	1	76233
152.482	0.25	0	1	76241
152.5	0.25	0	1	76250
152.516	0.25	0	1	76258
152.532	0.25	1	2	76266
152.55	0.25	1	2	76275
152.566	0.25	1	2	76283
152.582	0.25	1	2	76291
152.6	0.25	0	1	76300
152.616	0.25	0	1	76308
152.632	0.25	0	1	76316
152.65	0.25	0	1	76325
152.666	0.25	0	1	76333
152.682	0.25	0	1	76341
152.7	0.25	0	1	76350
152.716	0.25	0	1	76358
152.732	0.25	0	1	76366
152.75	0.25	0	1	76375
152.766	0.25	0	1	76383
152.782	0.25	0	1	76391
152.8	0.25	0	1	76400
152.816	0.25	1	2	76408
152.832	0.25	1	2	76416
152.85	0.25	1	2	76425
152.866	0.25	1	2	76433
152.882	0.25	0	1	76441
152.9	0.25	0	1	76450
152.916	0.25	0	1	76458
152.932	0.25	0	1	76466
152.95	0.25	0	1	76475
152.966	0.25	0	1	76483
152.982	0.25	0	1	76491
153.0	0.25	0	1	76500
153.016	0.25	0	1	76508
153.032	0.25	0	1	76516
153.05	0.25	0	1	76525
153.066	0.25	0	1	76533
153.082	0.25	0	1	76541
153.1	0.25	0	1	76550
153.116	0.25	0	1	76558
153.132	0.25	0	1	76566
153.15	0.25	0	1	76575
153.166	0.25	0	1	76583
153.182	0.25	1	2	76591
153.2	0.25	1	2	76600
153.216	0.25	1	2	76608
153.232	0.25	1	2	76616
153.25	0.25	0	1	76625
153.266	0.25	0	1	76633
153.282	0.25	0	1	76641
153.3	0.25	0	1	76650
153.316	0.25	0	1	76658
153.332	0.25	0	1	76666
153.35	0.25	0	1	76675
153.366	0.25	0	1	76683
153.382	0.25	0	1	76691
153.4	0.25	0	1	76700
153.416	0.25	0	1	76708
153.432	0.25	0	1	76716
153.45	0.25	0	1	76725
153.466	0.25	0	1	76733
153.482	0.25	0	1	76741
153.5	0.25	0	1	76750
153.516	0.25	0	1	76758
153.532	0.25	0	1	76766
153.55	0.25	0	1	76775
153.566	0.25	0	1	76783
153.582	0.25	0	1	76791
153.6	0.25	0	1	76800
153.616	0.25	0	1	76808
153.632	0.25	0	1	76816
153.65	0.25	1	2	76825
153.666	0.25	1	2	76833
153.682	0.25	1	2	76841
153.7	0.25	1	2	76850
153.716	0.25	0	1	76858
153.732	0.25	0	1	76866
153.75	0.25	0	1	76875
153.766	0.25	0	1	76883
155.25	0.25	0	1	77625
155.266	0.25	0	1	77633
155.282	0.25	0	1	77641
155.3	0.25	0	1	77650
155.316	0.25	0	1	77658
155.332	0.25	0	1	77666
155.35	0.25	0	1	77675
155.366	0.25	0	1	77683
155.382	0.25	0	1	77691
155.4	0.25	0	1	77700
155.416	0.25	0	1	77708
155.432	0.25	0	1	77716
155.45	0.25	0	1	77725
155.466	0.25	0	1	77733
155.482	0.25	0	1	77741
155.5	0.25	0	1	77750
155.516	0.25	0	1	77758
155.532	0.25	0	1	77766
155.55	0.25	0	1	77775
155.566	0.25	0	1	77783
155.582	0.25	0	1	77791
155.6	0.25	0	1	77800
155.616	0.25	0	1	77808
155.632	0.25	1	2	77816
155.65	0.25	1	2	77825
155.666	0.25	1	2	77833
155.682	0.25	1	2	77841
155.7	0.25	0	1	77850
155.716	0.25	0	1	77858
155.732	0.25	0	1	77866
155.75	0.25	0	1	77875
155.766	0.25	0	1	77883
155.782	0.25	0	1	77891
155.8	0.25	0	1	77900
155.816	0.25	0	1	77908
155.832	0.25	0	1	77916
155.85	0.25	0	1	77925
155.866	0.25	0	1	77933
155.882	0.25	0	1	77941
155.9	0.25	0	1	77950
155.916	0.25	0	1	77958
155.932	0.25	0	1	77966
155.95	0.25	0	1	77975
155.966	0.25	0	1	77983
155.982	0.25	0	1	77991
156.0	0.25	0	1	78000
156.016	0.25	1	2	78008
156.032	0.25	1	2	78016
156.05	0.25	1	2	78025
156.066	0.25	1	2	78033
156.082	0.25	0	1	78041
156.1	0.25	0	1	78050
156.116	0.25	0	1	78058
156.132	0.25	0	1	78066
156.15	0.25	0	1	78075
156.166	0.25	0	1	78083
156.182	0.25	0	1	78091
156.2	0.25	0	1	78100
156.216	0.25	0	1	78108
156.232	0.25	0	1	78116
156.25	0.25	0	1	78125
156.266	0.25	0	1	78133
156.282	0.25	0	1	78141
156.3	0.25	0	1	78150
156.316	0.25	1	2	78158
156.332	0.25	1	2	78166
156.35	0.25	1	2	78175
156.366	0.25	1	2	78183
156.382	0.25	0	1	78191
156.4	0.25	0	1	78200
156.416	0.25	0	1	78208
156.432	0.25	0	1	78216
156.45	0.25	0	1	78225
156.466	0.25	0	1	78233
156.482	0.25	0	1	78241
156.5	0.25	0	1	78250
156.516	0.25	0	1	78258
156.532	0.25	0	1	78266
156.55	0.25	0	1	78275
156.566	0.25	0	1	78283
156.582	0.25	0	1	78291
156.6	0.25	1	2	78300
156.616	0.25	1	2	78308
156.632	0.25	1	2	78316
156.65	0.25	1	2	78325
156.666	0.25	0	1	78333
156.682	0.25	0	1	78341
156.7	0.25	0	1	78350
156.716	0.25	0	1	78358
156.732	0.25	0	1	78366
156.75	0.25	0	1	78375
156.766	0.25	0	1	78383
156.782	0.25	0	1	78391
156.8	0.25	0	1	78400
156.816	0.25	0	1	78408
156.832	0.25	0	1	78416
156.85	0.25	0	1	78425
156.866	0.25	0	1	78433
156.882	0.25	0	1	78441
156.9	0.25	0	1	78450
156.916	0.25	0	1	78458
156.932	0.25	1	2	78466
156.95	0.25	1	2	78475
156.966	0.25	1	2	78483
156.982	0.25	1	2	78491
157.0	0.25	0	1	78500
157.016	0.25	0	1	78508
157.032	0.25	0	1	78516
157.05	0.25	0	1	78525
157.066	0.25	0	1	78533
157.082	0.25	0	1	78541
157.1	0.25	0	1	78550
157.116	0.25	0	1	78558
157.132	0.25	0	1	78566
157.15	0.25	0	1	78575
157.166	0.25	0	1	78583
157.182	0.25	0	1	78591
160.082	0.25	0	1	80041
160.1	0.25	0	1	80050
160.116	0.25	0	1	80058
160.132	0.25	0	1	80066
160.15	0.25	0	1	80075
160.166	0.25	0	1	80083
160.182	0.25	0	1	80091
160.2	0.25	0	1	80100
160.216	0.25	0	1	80108
160.232	0.25	0	1	80116
160.25	0.25	0	1	80125
160.266	0.25	0	1	80133
160.282	0.25	0	1	80141
160.3	0.25	0	1	80150
160.316	0.25	0	1	80158
160.332	0.25	0	1	80166
160.35	0.25	0	1	80175
160.366	0.25	0	1	80183
160.382	0.25	0	1	80191
160.4	0.25	0	1	80200
160.416	0.25	0	1	80208
160.432	0.25	0	1	80216
160.45	0.25	0	1	80225
160.466	0.25	1	2	80233
160.482	0.25	1	2	80241
160.5	0.25	1	2	80250
160.516	0.25	1	2	80258
160.532	0.25	0	1	80266
160.55	0.25	0	1	80275
160.566	0.25	0	1	80283
160.582	0.25	0	1	80291
160.6	0.25	0	1	80300
160.616	0.25	0	1	80308
160.632	0.25	0	1	80316
160.65	0.25	0	1	80325
160.666	0.25	0	1	80333
160.682	0.25	0	1	80341
160.7	0.25	0	1	80350
160.716	0.25	0	1	80358
160.732	0.25	0	1	80366
160.75	0.25	0	1	80375
160.766	0.25	0	1	80383
160.782	0.25	0	1	80391
160.8	0.25	0	1	80400
160.816	0.25	0	1	80408
160.832	0.25	0	1	80416
160.85	0.25	1	2	80425
160.866	0.25	1	2	80433
160.882	0.25	1	2	80441
160.9	0.25	1	2	80450
160.916	0.25	0	1	80458
160.932	0.25	0	1	80466
160.95	0.25	0	1	80475
160.966	0.25	0	1	80483
160.982	0.25	0	1	80491
161.0	0.25	0	1	80500
161.016	0.25	0	1	80508
161.032	0.25	0	1	80516
161.05	0.25	0	1	80525
161.066	0.25	0	1	80533
161.082	0.25	0	1	80541
161.1	0.25	0	1	80550
161.116	0.25	0	1	80558
161.132	0.25	0	1	80566
161.15	0.25	1	2	80575
161.166	0.25	1	2	80583
161.182	0.25	1	2	80591
161.2	0.25	1	2	80600
161.216	0.25	0	1	80608
161.232	0.25	0	1	80616
161.25	0.25	0	1	80625
161.266	0.25	0	1	80633
161.282	0.25	0	1	80641
161.3	0.25	0	1	80650
161.316	0.25	0	1	80658
161.332	0.25	0	1	80666
161.35	0.25	0	1	80675
161.366	0.25	0	1	80683
161.382	0.25	0	1	80691
161.4	0.25	0	1	80700
161.416	0.25	0	1	80708
161.432	0.25	1	2	80716
161.45	0.25	1	2	80725
161.466	0.25	1	2	80733
161.482	0.25	1	2	80741
161.5	0.25	0	1	80750
161.516	0.25	0	1	80758
161.532	0.25	0	1	80766
161.55	0.25	0	1	80775
161.566	0.25	0	1	80783
161.582	0.25	0	1	80791
161.6	0.25	0	1	80800
161.616	0.25	0	1	80808
161.632	0.25	0	1	80816
161.65	0.25	0	1	80825
161.666	0.25	0	1	80833
161.682	0.25	0	1	80841
161.7	0.25	0	1	80850
161.716	0.25	0	1	80858
161.732	0.25	0	1	80866
161.75	0.25	0	1	80875
161.766	0.25	1	2	80883
161.782	0.25	1	2	80891
161.8	0.25	1	2	80900
161.816	0.25	1	2	80908
161.832	0.25	0	1	80916
161.85	0.25	0	1	80925
161.866	0.25	0	1	80933
161.882	0.25	0	1	80941
161.9	0.25	0	1	80950
161.916	0.25	0	1	80958
161.932	0.25	0	1	80966
161.95	0.25	0	1	80975
161.966	0.25	0	1	80983
161.982	0.25	0	1	80991
162.0	0.25	0	1	81000
162.016	0.25	0	1	81008
163.5	0.25	0	1	81750
163.516	0.25	0	1	81758
163.532	0.25	0	1	81766
163.55	0.25	0	1	81775
163.566	0.25	0	1	81783
163.582	0.25	0	1	81791
163.6	0.25	0	1	81800
163.616	0.25	0	1	81808
163.632	0.25	0	1	81816
163.65	0.25	0	1	81825
163.666	0.25	0	1	81833
163.682	0.25	0	1	81841
163.7	0.25	0	1	81850
163.716	0.25	0	1	81858
163.732	0.25	0	1	81866
163.75	0.25	1	2	81875
163.766	0.25	1	2	81883
163.782	0.25	1	2	81891
163.8	0.25	1	2	81900
163.816	0.25	0	1	81908
163.832	0.25	0	1	81916
163.85	0.25	0	1	81925
163.866	0.25	0	1	81933
163.882	0.25	0	1	81941
163.9	0.25	0	1	81950
163.916	0.25	0	1	81958
163.932	0.25	0	1	81966
163.95	0.25	0	1	81975
163.966	0.25	0	1	81983
163.982	0.25	0	1	81991
164.0	0.25	0	1	82000
164.016	0.25	0	1	82008
164.032	0.25	0	1	82016
164.05	0.25	0	1	82025
164.066	0.25	0	1	82033
164.082	0.25	0	1	82041
164.1	0.25	0	1	82050
164.116	0.25	0	1	82058
164.132	0.25	0	1	82066
164.15	0.25	0	1	82075
164.166	0.25	0	1	82083
164.182	0.25	1	2	82091
164.2	0.25	1	2	82100
164.216	0.25	1	2	82108
164.232	0.25	1	2	82116
164.25	0.25	0	1	82125
164.266	0.25	0	1	82133
164.282	0.25	0	1	82141
164.3	0.25	0	1	82150
164.316	0.25	0	1	82158
164.332	0.25	0	1	82166
164.35	0.25	0	1	82175
164.366	0.25	0	1	82183
164.382	0.25	0	1	82191
164.4	0.25	0	1	82200
164.416	0.25	0	1	82208
164.432	0.25	0	1	82216
164.45	0.25	0	1	82225
164.466	0.25	0	1	82233
164.482	0.25	0	1	82241
164.5	0.25	0	1	82250
164.516	0.25	0	1	82258
164.532	0.25	0	1	82266
164.55	0.25	0	1	82275
164.566	0.25	0	1	82283
164.582	0.25	0	1	82291
164.6	0.25	0	1	82300
164.616	0.25	0	1	82308
164.632	0.25	0	1	82316
164.65	0.25	1	2	82325
164.666	0.25	1	2	82333
164.682	0.25	1	2	82341
164.7	0.25	1	2	82350
164.716	0.25	0	1	82358
164.732	0.25	0	1	82366
164.75	0.25	0	1	82375
164.766	0.25	0	1	82383
164.782	0.25	0	1	82391
164.8	0.25	0	1	82400
164.816	0.25	0	1	82408
164.832	0.25	0	1	82416
164.85	0.25	0	1	82425
164.866	0.25	0	1	82433
164.882	0.25	0	1	82441
164.9	0.25	0	1	82450
164.916	0.25	0	1	82458
164.932	0.25	0	1	82466
164.95	0.25	1	2	82475
164.966	0.25	1	2	82483
164.982	0.25	1	2	82491
165.0	0.25	1	2	82500
165.016	0.25	0	1	82508
165.032	0.25	0	1	82516
165.05	0.25	0	1	82525
165.066	0.25	0	1	82533
165.082	0.25	0	1	82541
165.1	0.25	0	1	82550
165.116	0.25	0	1	82558
165.132	0.25	0	1	82566
165.15	0.25	0	1	82575
165.166	0.25	0	1	82583
165.182	0.25	0	1	82591
165.2	0.25	0	1	82600
165.216	0.25	0	1	82608
165.232	0.25	0	1	82616
165.25	0.25	0	1	82625
165.266	0.25	0	1	82633
165.282	0.25	0	1	82641
165.3	0.25	0	1	82650
165.316	0.25	0	1	82658
165.332	0.25	0	1	82666
165.35	0.25	0	1	82675
165.366	0.25	0	1	82683
165.382	0.25	1	2	82691
165.4	0.25	1	2	82700
165.416	0.25	1	2	82708
165.432	0.25	1	2	82716
166.916	0.25	0	1	83458
166.932	0.25	1	2	83466
166.95	0.25	1	2	83475
166.966	0.25	1	2	83483
166.982	0.25	1	2	83491
167.0	0.25	0	1	83500
167.016	0.25	0	1	83508
167.032	0.25	0	1	83516
167.05	0.25	0	1	83525
167.066	0.25	0	1	83533
167.082	0.25	0	1	83541
167.1	0.25	0	1	83550
167.116	0.25	0	1	83558
167.132	0.25	0	1	83566
167.15	0.25	0	1	83575
167.166	0.25	0	1	83583
167.182	0.25	0	1	83591
167.2	0.25	0	1	83600
167.216	0.25	0	1	83608
167.232	0.25	0	1	83616
167.25	0.25	0	1	83625
167.266	0.25	0	1	83633
167.282	0.25	0	1	83641
167.3	0.25	0	1	83650
167.316	0.25	0	1	83658
167.332	0.25	0	1	83666
167.35	0.25	0	1	83675
167.366	0.25	0	1	83683
167.382	0.25	0	1	83691
167.4	0.25	0	1	83700
167.416	0.25	1	2	83708
167.432	0.25	1	2	83716
167.45	0.25	1	2	83725
167.466	0.25	1	2	83733
167.482	0.25	0	1	83741
167.5	0.25	0	1	83750
167.516	0.25	0	1	83758
167.532	0.25	0	1	83766
167.55	0.25	0	1	83775
167.566	0.25	0	1	83783
167.582	0.25	0	1	83791
167.6	0.25	0	1	83800
167.616	0.25	0	1	83808
167.632	0.25	0	1	83816
167.65	0.25	0	1	83825
167.666	0.25	0	1	83833
167.682	0.25	0	1	83841
167.7	0.25	0	1	83850
167.716	0.25	0	1	83858
167.732	0.25	0	1	83866
167.75	0.25	0	1	83875
167.766	0.25	0	1	83883
167.782	0.25	0	1	83891
167.8	0.25	0	1	83900
167.816	0.25	0	1	83908
167.832	0.25	0	1	83916
167.85	0.25	0	1	83925
167.866	0.25	0	1	83933
167.882	0.25	1	2	83941
167.9	0.25	1	2	83950
167.916	0.25	1	2	83958
167.932	0.25	1	2	83966
167.95	0.25	0	1	83975
167.966	0.25	0	1	83983
167.982	0.25	0	1	83991
168.0	0.25	0	1	84000
168.016	0.25	0	1	84008
168.032	0.25	0	1	84016
168.05	0.25	0	1	84025
168.066	0.25	0	1	84033
168.082	0.25	0	1	84041
168.1	0.25	0	1	84050
168.116	0.25	0	1	84058
168.132	0.25	0	1	84066
168.15	0.25	0	1	84075
168.166	0.25	0	1	84083
168.182	0.25	0	1	84091
168.2	0.25	0	1	84100
168.216	0.25	0	1	84108
168.232	0.25	0	1	84116
168.25	0.25	0	1	84125
168.266	0.25	0	1	84133
168.282	0.25	0	1	84141
168.3	0.25	1	2	84150
168.316	0.25	1	2	84158
168.332	0.25	1	2	84166
168.35	0.25	1	2	84175
168.366	0.25	0	1	84183
168.382	0.25	0	1	84191
168.4	0.25	0	1	84200
168.416	0.25	0	1	84208
168.432	0.25	0	1	84216
168.45	0.25	0	1	84225
168.466	0.25	0	1	84233
168.482	0.25	0	1	84241
168.5	0.25	0	1	84250
168.516	0.25	0	1	84258
168.532	0.25	0	1	84266
168.55	0.25	0	1	84275
168.566	0.25	0	1	84283
168.582	0.25	0	1	84291
168.6	0.25	0	1	84300
168.616	0.25	0	1	84308
168.632	0.25	0	1	84316
168.65	0.25	0	1	84325
168.666	0.25	0	1	84333
168.682	0.25	0	1	84341
168.7	0.25	0	1	84350
168.716	0.25	0	1	84358
168.732	0.25	1	2	84366
168.75	0.25	1	2	84375
168.766	0.25	1	2	84383
168.782	0.25	1	2	84391
168.8	0.25	0	1	84400
168.816	0.25	0	1	84408
168.832	0.25	0	1	84416
168.85	0.25	0	1	84425
170.332	0.25	0	1	85166
170.35	0.25	0	1	85175
170.366	0.25	0	1	85183
170.382	0.25	0	1	85191
170.4	0.25	0	1	85200
170.416	0.25	0	1	85208
170.432	0.25	0	1	85216
170.45	0.25	0	1	85225
170.466	0.25	0	1	85233
170.482	0.25	0	1	85241
170.5	0.25	0	1	85250
170.516	0.25	0	1	85258
170.532	0.25	0	1	85266
170.55	0.25	0	1	85275
170.566	0.25	0	1	85283
170.582	0.25	0	1	85291
170.6	0.25	0	1	85300
170.616	0.25	0	1	85308
170.632	0.25	1	2	85316
170.65	0.25	1	2	85325
170.666	0.25	1	2	85333
170.682	0.25	1	2	85341
170.7	0.25	0	1	85350
170.716	0.25	0	1	85358
170.732	0.25	0	1	85366
170.75	0.25	0	1	85375
170.766	0.25	0	1	85383
170.782	0.25	0	1	85391
170.8	0.25	0	1	85400
170.816	0.25	0	1	85408
170.832	0.25	0	1	85416
170.85	0.25	0	1	85425
170.866	0.25	0	1	85433
170.882	0.25	0	1	85441
170.9	0.25	0	1	85450
170.916	0.25	0	1	85458
170.932	0.25	0	1	85466
170.95	0.25	0	1	85475
170.966	0.25	0	1	85483
170.982	0.25	0	1	85491
171.0	0.25	0	1	85500
171.016	0.25	0	1	85508
171.032	0.25	1	2	85516
171.05	0.25	1	2	85525
171.066	0.25	1	2	85533
171.082	0.25	1	2	85541
171.1	0.25	0	1	85550
171.116	0.25	0	1	85558
171.132	0.25	0	1	85566
171.15	0.25	0	1	85575
171.166	0.25	0	1	85583
171.182	0.25	0	1	85591
171.2	0.25	0	1	85600
171.216	0.25	0	1	85608
171.232	0.25	0	1	85616
171.25	0.25	0	1	85625
171.266	0.25	0	1	85633
171.282	0.25	0	1	85641
171.3	0.25	0	1	85650
171.316	0.25	1	2	85658
171.332	0.25	1	2	85666
171.35	0.25	1	2	85675
171.366	0.25	1	2	85683
171.382	0.25	0	1	85691
171.4	0.25	0	1	85700
171.416	0.25	0	1	85708
171.432	0.25	0	1	85716
171.45	0.25	0	1	85725
171.466	0.25	0	1	85733
171.482	0.25	0	1	85741
171.5	0.25	0	1	85750
171.516	0.25	0	1	85758
171.532	0.25	0	1	85766
171.55	0.25	0	1	85775
171.566	0.25	0	1	85783
171.582	0.25	0	1	85791
171.6	0.25	0	1	85800
171.616	0.25	0	1	85808
171.632	0.25	0	1	85816
171.65	0.25	0	1	85825
171.666	0.25	0	1	85833
171.682	0.25	1	2	85841
171.7	0.25	1	2	85850
171.716	0.25	1	2	85858
171.732	0.25	1	2	85866
171.75	0.25	0	1	85875
171.766	0.25	0	1	85883
171.782	0.25	0	1	85891
171.8	0.25	0	1	85900
171.816	0.25	0	1	85908
171.832	0.25	0	1	85916
171.85	0.25	0	1	85925
171.866	0.25	0	1	85933
171.882	0.25	0	1	85941
171.9	0.25	0	1	85950
171.916	0.25	0	1	85958
171.932	0.25	0	1	85966
171.95	0.25	0	1	85975
171.966	0.25	0	1	85983
171.982	0.25	0	1	85991
172.0	0.25	0	1	86000
172.016	0.25	0	1	86008
172.032	0.25	0	1	86016
172.05	0.25	0	1	86025
172.066	0.25	0	1	86033
172.082	0.25	0	1	86041
172.1	0.25	0	1	86050
172.116	0.25	0	1	86058
172.132	0.25	0	1	86066
172.15	0.25	1	2	86075
172.166	0.25	1	2	86083
172.182	0.25	1	2	86091
172.2	0.25	1	2	86100
172.216	0.25	0	1	86108
172.232	0.25	0	1	86116
172.25	0.25	0	1	86125
172.266	0.25	0	1	86133
174.732	0.25	0	1	87366
174.75	0.25	1	2	87375
174.766	0.25	1	2	87383
174.782	0.25	1	2	87391
174.8	0.25	1	2	87400
174.816	0.25	0	1	87408
174.832	0.25	0	1	87416
174.85	0.25	0	1	87425
174.866	0.25	0	1	87433
174.882	0.25	0	1	87441
174.9	0.25	0	1	87450
174.916	0.25	0	1	87458
174.932	0.25	0	1	87466
174.95	0.25	0	1	87475
174.966	0.25	0	1	87483
174.982	0.25	0	1	87491
175.0	0.25	0	1	87500
175.016	0.25	0	1	87508
175.032	0.25	0	1	87516
175.05	0.25	0	1	87525
175.066	0.25	0	1	87533
175.082	0.25	0	1	87541
175.1	0.25	0	1	87550
175.116	0.25	0	1	87558
175.132	0.25	0	1	87566
175.15	0.25	0	1	87575
175.166	0.25	0	1	87583
175.182	0.25	0	1	87591
175.2	0.25	0	1	87600
175.216	0.25	0	1	87608
175.232	0.25	1	2	87616
175.25	0.25	1	2	87625
175.266	0.25	1	2	87633
175.282	0.25	1	2	87641
175.3	0.25	0	1	87650
175.316	0.25	0	1	87658
175.332	0.25	0	1	87666
175.35	0.25	0	1	87675
175.366	0.25	0	1	87683
175.382	0.25	0	1	87691
175.4	0.25	0	1	87700
175.416	0.25	0	1	87708
175.432	0.25	0	1	87716
175.45	0.25	0	1	87725
175.466	0.25	0	1	87733
175.482	0.25	0	1	87741
175.5	0.25	0	1	87750
175.516	0.25	0	1	87758
175.532	0.25	0	1	87766
175.55	0.25	0	1	87775
175.566	0.25	0	1	87783
175.582	0.25	0	1	87791
175.6	0.25	0	1	87800
175.616	0.25	0	1	87808
175.632	0.25	0	1	87816
175.65	0.25	0	1	87825
175.666	0.25	0	1	87833
175.682	0.25	0	1	87841
175.7	0.25	1	2	87850
175.716	0.25	1	2	87858
175.732	0.25	1	2	87866
175.75	0.25	1	2	87875
175.766	0.25	0	1	87883
175.782	0.25	0	1	87891
175.8	0.25	0	1	87900
175.816	0.25	0	1	87908
175.832	0.25	0	1	87916
175.85	0.25	0	1	87925
175.866	0.25	0	1	87933
175.882	0.25	0	1	87941
175.9	0.25	0	1	87950
175.916	0.25	0	1	87958
175.932	0.25	0	1	87966
175.95	0.25	0	1	87975
175.966	0.25	0	1	87983
175.982	0.25	0	1	87991
176.0	0.25	0	1	88000
176.016	0.25	0	1	88008
176.032	0.25	0	1	88016
176.05	0.25	0	1	88025
176.066	0.25	0	1	88033
176.082	0.25	0	1	88041
176.1	0.25	0	1	88050
176.116	0.25	1	2	88058
176.132	0.25	1	2	88066
176.15	0.25	1	2	88075
176.166	0.25	1	2	88083
176.182	0.25	0	1	88091
176.2	0.25	0	1	88100
176.216	0.25	0	1	88108
176.232	0.25	0	1	88116
176.25	0.25	0	1	88125
176.266	0.25	0	1	88133
176.282	0.25	0	1	88141
176.3	0.25	0	1	88150
176.316	0.25	0	1	88158
176.332	0.25	0	1	88166
176.35	0.25	0	1	88175
176.366	0.25	0	1	88183
176.382	0.25	0	1	88191
176.4	0.25	0	1	88200
176.416	0.25	0	1	88208
176.432	0.25	0	1	88216
176.45	0.25	0	1	88225
176.466	0.25	0	1	88233
176.482	0.25	0	1	88241
176.5	0.25	0	1	88250
176.516	0.25	0	1	88258
176.532	0.25	0	1	88266
176.55	0.25	1	2	88275
176.566	0.25	1	2	88283
176.582	0.25	1	2	88291
176.6	0.25	1	2	88300
176.616	0.25	0	1	88308
176.632	0.25	0	1	88316
176.65	0.25	0	1	88325
176.666	0.25	0	1	88333
178.15	0.25	0	1	89075
178.166	0.25	0	1	89083
178.182	0.25	0	1	89091
178.2	0.25	0	1	89100
178.216	0.25	0	1	89108
178.232	0.25	0	1	89116
178.25	0.25	0	1	89125
178.266	0.25	0	1	89133
178.282	0.25	0	1	89141
178.3	0.25	0	1	89150
178.316	0.25	0	1	89158
178.332	0.25	0	1	89166
178.35	0.25	0	1	89175
178.366	0.25	0	1	89183
178.382	0.25	0	1	89191
178.4	0.25	1	2	89200
178.416	0.25	1	2	89208
178.432	0.25	1	2	89216
178.45	0.25	1	2	89225
178.466	0.25	0	1	89233
178.482	0.25	0	1	89241
178.5	0.25	0	1	89250
178.516	0.25	0	1	89258
178.532	0.25	0	1	89266
178.55	0.25	0	1	89275
178.566	0.25	0	1	89283
178.582	0.25	0	1	89291
178.6	0.25	0	1	89300
178.616	0.25	0	1	89308
178.632	0.25	0	1	89316
178.65	0.25	0	1	89325
178.666	0.25	0	1	89333
178.682	0.25	0	1	89341
178.7	0.25	0	1	89350
178.716	0.25	0	1	89358
178.732	0.25	0	1	89366
178.75	0.25	0	1	89375
178.766	0.25	0	1	89383
178.782	0.25	0	1	89391
178.8	0.25	0	1	89400
178.816	0.25	0	1	89408
178.832	0.25	1	2	89416
178.85	0.25	1	2	89425
178.866	0.25	1	2	89433
178.882	0.25	1	2	89441
178.9	0.25	0	1	89450
178.916	0.25	0	1	89458
178.932	0.25	0	1	89466
178.95	0.25	0	1	89475
178.966	0.25	0	1	89483
178.982	0.25	0	1	89491
179.0	0.25	0	1	89500
179.016	0.25	0	1	89508
179.032	0.25	0	1	89516
179.05	0.25	0	1	89525
179.066	0.25	0	1	89533
179.082	0.25	0	1	89541
179.1	0.25	0	1	89550
179.116	0.25	0	1	89558
179.132	0.25	0	1	89566
179.15	0.25	0	1	89575
179.166	0.25	0	1	89583
179.182	0.25	0	1	89591
179.2	0.25	0	1	89600
179.216	0.25	0	1	89608
179.232	0.25	0	1	89616
179.25	0.25	0	1	89625
179.266	0.25	0	1	89633
179.282	0.25	0	1	89641
179.3	0.25	1	2	89650
179.316	0.25	1	2	89658
179.332	0.25	1	2	89666
179.35	0.25	1	2	89675
179.366	0.25	0	1	89683
179.382	0.25	0	1	89691
179.4	0.25	0	1	89700
179.416	0.25	0	1	89708
179.432	0.25	0	1	89716
179.45	0.25	0	1	89725
179.466	0.25	0	1	89733
179.482	0.25	0	1	89741
179.5	0.25	0	1	89750
179.516	0.25	0	1	89758
179.532	0.25	0	1	89766
179.55	0.25	0	1	89775
179.566	0.25	0	1	89783
179.582	0.25	0	1	89791
179.6	0.25	1	2	89800
179.616	0.25	1	2	89808
179.632	0.25	1	2	89816
179.65	0.25	1	2	89825
179.666	0.25	0	1	89833
179.682	0.25	0	1	89841
179.7	0.25	0	1	89850
179.716	0.25	0	1	89858
179.732	0.25	0	1	89866
179.75	0.25	0	1	89875
179.766	0.25	0	1	89883
179.782	0.25	0	1	89891
179.8	0.25	0	1	89900
179.816	0.25	0	1	89908
179.832	0.25	0	1	89916
179.85	0.25	0	1	89925
179.866	0.25	0	1	89933
179.882	0.25	0	1	89941
179.9	0.25	0	1	89950
179.916	0.25	0	1	89958
179.932	0.25	0	1	89966
179.95	0.25	0	1	89975
179.966	0.25	0	1	89983
179.982	0.25	0	1	89991
180.0	0.25	0	1	90000
180.016	0.25	0	1	90008
180.032	0.25	1	2	90016
180.05	0.25	1	2	90025
180.066	0.25	1	2	90033
180.082	0.25	1	2	90041
181.566	0.25	0	1	90783
181.582	0.25	0	1	90791
181.6	0.25	0	1	90800
181.616	0.25	0	1	90808
181.632	0.25	0	1	90816
181.65	0.25	0	1	90825
181.666	0.25	0	1	90833
181.682	0.25	0	1	90841
181.7	0.25	0	1	90850
181.716	0.25	0	1	90858
181.732	0.25	0	1	90866
181.75	0.25	0	1	90875
181.766	0.25	0	1	90883
181.782	0.25	0	1	90891
181.8	0.25	0	1	90900
181.816	0.25	0	1	90908
181.832	0.25	0	1	90916
181.85	0.25	0	1	90925
181.866	0.25	0	1	90933
181.882	0.25	0	1	90941
181.9	0.25	0	1	90950
181.916	0.25	0	1	90958
181.932	0.25	0	1	90966
181.95	0.25	1	2	90975
181.966	0.25	1	2	90983
181.982	0.25	1	2	90991
182.0	0.25	1	2	91000
182.016	0.25	0	1	91008
182.032	0.25	0	1	91016
182.05	0.25	0	1	91025
182.066	0.25	0	1	91033
182.082	0.25	0	1	91041
182.1	0.25	0	1	91050
182.116	0.25	0	1	91058
182.132	0.25	0	1	91066
182.15	0.25	0	1	91075
182.166	0.25	0	1	91083
182.182	0.25	0	1	91091
182.2	0.25	0	1	91100
182.216	0.25	0	1	91108
182.232	0.25	0	1	91116
182.25	0.25	0	1	91125
182.266	0.25	0	1	91133
182.282	0.25	0	1	91141
182.3	0.25	0	1	91150
182.316	0.25	0	1	91158
182.332	0.25	1	2	91166
182.35	0.25	1	2	91175
182.366	0.25	1	2	91183
182.382	0.25	1	2	91191
182.4	0.25	0	1	91200
182.416	0.25	0	1	91208
182.432	0.25	0	1	91216
182.45	0.25	0	1	91225
182.466	0.25	0	1	91233
182.482	0.25	0	1	91241
182.5	0.25	0	1	91250
182.516	0.25	0	1	91258
182.532	0.25	0	1	91266
182.55	0.25	0	1	91275
182.566	0.25	0	1	91283
182.582	0.25	0	1	91291
182.6	0.25	0	1	91300
182.616	0.25	0	1	91308
182.632	0.25	1	2	91316
182.65	0.25	1	2	91325
182.666	0.25	1	2	91333
182.682	0.25	1	2	91341
182.7	0.25	0	1	91350
182.716	0.25	0	1	91358
182.732	0.25	0	1	91366
182.75	0.25	0	1	91375
182.766	0.25	0	1	91383
182.782	0.25	0	1	91391
182.8	0.25	0	1	91400
182.816	0.25	0	1	91408
182.832	0.25	0	1	91416
182.85	0.25	0	1	91425
182.866	0.25	0	1	91433
182.882	0.25	0	1	91441
182.9	0.25	0	1	91450
182.916	0.25	1	2	91458
182.932	0.25	1	2	91466
182.95	0.25	1	2	91475
182.966	0.25	1	2	91483
182.982	0.25	0	1	91491
183.0	0.25	0	1	91500
183.016	0.25	0	1	91508
183.032	0.25	0	1	91516
183.05	0.25	0	1	91525
183.066	0.25	0	1	91533
183.082	0.25	0	1	91541
183.1	0.25	0	1	91550
183.116	0.25	0	1	91558
183.132	0.25	0	1	91566
183.15	0.25	0	1	91575
183.166	0.25	0	1	91583
183.182	0.25	0	1	91591
183.2	0.25	0	1	91600
183.216	0.25	0	1	91608
183.232	0.25	0	1	91616
183.25	0.25	1	2	91625
183.266	0.25	1	2	91633
183.282	0.25	1	2	91641
183.3	0.25	1	2	91650
183.316	0.25	0	1	91658
183.332	0.25	0	1	91666
183.35	0.25	0	1	91675
183.366	0.25	0	1	91683
183.382	0.25	0	1	91691
183.4	0.25	0	1	91700
183.416	0.25	0	1	91708
183.432	0.25	0	1	91716
183.45	0.25	0	1	91725
183.466	0.25	0	1	91733
183.482	0.25	0	1	91741
183.5	0.25	0	1	91750
184.982	0.25	0	1	92491
185.0	0.25	0	1	92500
185.016	0.25	0	1	92508
185.032	0.25	0	1	92516
185.05	0.25	0	1	92525
185.066	0.25	0	1	92533
185.082	0.25	0	1	92541
185.1	0.25	0	1	92550
185.116	0.25	0	1	92558
185.132	0.25	0	1	92566
185.15	0.25	0	1	92575
185.166	0.25	0	1	92583
185.182	0.25	0	1	92591
185.2	0.25	0	1	92600
185.216	0.25	0	1	92608
185.232	0.25	0	1	92616
185.25	0.25	0	1	92625
185.266	0.25	0	1	92633
185.282	0.25	1	2	92641
185.3	0.25	1	2	92650
185.316	0.25	1	2	92658
185.332	0.25	1	2	92666
185.35	0.25	0	1	92675
185.366	0.25	0	1	92683
185.382	0.25	0	1	92691
185.4	0.25	0	1	92700
185.416	0.25	0	1	92708
185.432	0.25	0	1	92716
185.45	0.25	0	1	92725
185.466	0.25	0	1	92733
185.482	0.25	0	1	92741
185.5	0.25	0	1	92750
185.516	0.25	0	1	92758
185.532	0.25	0	1	92766
185.55	0.25	0	1	92775
185.566	0.25	0	1	92783
185.582	0.25	0	1	92791
185.6	0.25	0	1	92800
185.616	0.25	0	1	92808
185.632	0.25	0	1	92816
185.65	0.25	0	1	92825
185.666	0.25	0	1	92833
185.682	0.25	1	2	92841
185.7	0.25	1	2	92850
185.716	0.25	1	2	92858
185.732	0.25	1	2	92866
185.75	0.25	0	1	92875
185.766	0.25	0	1	92883
185.782	0.25	0	1	92891
185.8	0.25	0	1	92900
185.816	0.25	0	1	92908
185.832	0.25	0	1	92916
185.85	0.25	0	1	92925
185.866	0.25	0	1	92933
185.882	0.25	0	1	92941
185.9	0.25	0	1	92950
185.916	0.25	0	1	92958
185.932	0.25	0	1	92966
185.95	0.25	0	1	92975
185.966	0.25	1	2	92983
185.982	0.25	1	2	92991
186.0	0.25	1	2	93000
186.016	0.25	1	2	93008
186.032	0.25	0	1	93016
186.05	0.25	0	1	93025
186.066	0.25	0	1	93033
186.082	0.25	0	1	93041
186.1	0.25	0	1	93050
186.116	0.25	0	1	93058
186.132	0.25	0	1	93066
186.15	0.25	0	1	93075
186.166	0.25	0	1	93083
186.182	0.25	0	1	93091
186.2	0.25	0	1	93100
186.216	0.25	0	1	93108
186.232	0.25	0	1	93116
186.25	0.25	0	1	93125
186.266	0.25	0	1	93133
186.282	0.25	0	1	93141
186.3	0.25	0	1	93150
186.316	0.25	0	1	93158
186.332	0.25	1	2	93166
186.35	0.25	1	2	93175
186.366	0.25	1	2	93183
186.382	0.25	1	2	93191
186.4	0.25	0	1	93200
186.416	0.25	0	1	93208
186.432	0.25	0	1	93216
186.45	0.25	0	1	93225
186.466	0.25	0	1	93233
186.482	0.25	0	1	93241
186.5	0.25	0	1	93250
186.516	0.25	0	1	93258
186.532	0.25	0	1	93266
186.55	0.25	0	1	93275
186.566	0.25	0	1	93283
186.582	0.25	0	1	93291
186.6	0.25	0	1	93300
186.616	0.25	0	1	93308
186.632	0.25	0	1	93316
186.65	0.25	0	1	93325
186.666	0.25	0	1	93333
186.682	0.25	0	1	93341
186.7	0.25	0	1	93350
186.716	0.25	0	1	93358
186.732	0.25	0	1	93366
186.75	0.25	0	1	93375
186.766	0.25	0	1	93383
186.782	0.25	0	1	93391
186.8	0.25	1	2	93400
186.816	0.25	1	2	93408
186.832	0.25	1	2	93416
186.85	0.25	1	2	93425
186.866	0.25	0	1	93433
186.882	0.25	0	1	93441
186.9	0.25	0	1	93450
186.916	0.25	0	1	93458
189.2	0.25	0	1	94600
189.216	0.25	0	1	94608
189.232	0.25	0	1	94616
189.25	0.25	0	1	94625
189.266	0.25	0	1	94633
189.282	0.25	0	1	94641
189.3	0.25	0	1	94650
189.316	0.25	0	1	94658
189.332	0.25	0	1	94666
189.35	0.25	0	1	94675
189.366	0.25	0	1	94683
189.382	0.25	0	1	94691
189.4	0.25	0	1	94700
189.416	0.25	0	1	94708
189.432	0.25	0	1	94716
189.45	0.25	0	1	94725
189.466	0.25	0	1	94733
189.482	0.25	0	1	94741
189.5	0.25	0	1	94750
189.516	0.25	0	1	94758
189.532	0.25	0	1	94766
189.55	0.25	0	1	94775
189.566	0.25	0	1	94783
189.582	0.25	1	2	94791
189.6	0.25	1	2	94800
189.616	0.25	1	2	94808
189.632	0.25	1	2	94816
189.65	0.25	0	1	94825
189.666	0.25	0	1	94833
189.682	0.25	0	1	94841
189.7	0.25	0	1	94850
189.716	0.25	0	1	94858
189.732	0.25	0	1	94866
189.75	0.25	0	1	94875
189.766	0.25	0	1	94883
189.782	0.25	0	1	94891
189.8	0.25	0	1	94900
189.816	0.25	0	1	94908
189.832	0.25	0	1	94916
189.85	0.25	0	1	94925
189.866	0.25	0	1	94933
189.882	0.25	0	1	94941
189.9	0.25	0	1	94950
189.916	0.25	0	1	94958
189.932	0.25	0	1	94966
189.95	0.25	0	1	94975
189.966	0.25	1	2	94983
189.982	0.25	1	2	94991
190.0	0.25	1	2	95000
190.016	0.25	1	2	95008
190.032	0.25	0	1	95016
190.05	0.25	0	1	95025
190.066	0.25	0	1	95033
190.082	0.25	0	1	95041
190.1	0.25	0	1	95050
190.116	0.25	0	1	95058
190.132	0.25	0	1	95066
190.15	0.25	0	1	95075
190.166	0.25	0	1	95083
190.182	0.25	0	1	95091
190.2	0.25	0	1	95100
190.216	0.25	0	1	95108
190.232	0.25	0	1	95116
190.25	0.25	0	1	95125
190.266	0.25	1	2	95133
190.282	0.25	1	2	95141
190.3	0.25	1	2	95150
190.316	0.25	1	2	95158
190.332	0.25	0	1	95166
190.35	0.25	0	1	95175
190.366	0.25	0	1	95183
190.382	0.25	0	1	95191
190.4	0.25	0	1	95200
190.416	0.25	0	1	95208
190.432	0.25	0	1	95216
190.45	0.25	0	1	95225
190.466	0.25	0	1	95233
190.482	0.25	0	1	95241
190.5	0.25	0	1	95250
190.516	0.25	0	1	95258
190.532	0.25	0	1	95266
190.55	0.25	1	2	95275
190.566	0.25	1	2	95283
190.582	0.25	1	2	95291
190.6	0.25	1	2	95300
190.616	0.25	0	1	95308
190.632	0.25	0	1	95316
190.65	0.25	0	1	95325
190.666	0.25	0	1	95333
190.682	0.25	0	1	95341
190.7	0.25	0	1	95350
190.716	0.25	0	1	95358
190.732	0.25	0	1	95366
190.75	0.25	0	1	95375
190.766	0.25	0	1	95383
190.782	0.25	0	1	95391
190.8	0.25	0	1	95400
190.816	0.25	0	1	95408
190.832	0.25	0	1	95416
190.85	0.25	0	1	95425
190.866	0.25	0	1	95433
190.882	0.25	1	2	95441
190.9	0.25	1	2	95450
190.916	0.25	1	2	95458
190.932	0.25	1	2	95466
190.95	0.25	0	1	95475
190.966	0.25	0	1	95483
190.982	0.25	0	1	95491
191.0	0.25	0	1	95500
191.016	0.25	0	1	95508
191.032	0.25	0	1	95516
191.05	0.25	0	1	95525
191.066	0.25	0	1	95533
191.082	0.25	0	1	95541
191.1	0.25	0	1	95550
191.116	0.25	0	1	95558
191.132	0.25	0	1	95566
192.616	0.25	0	1	96308
192.632	0.25	0	1	96316
192.65	0.25	0	1	96325
192.666	0.25	0	1	96333
192.682	0.25	0	1	96341
192.7	0.25	0	1	96350
192.716	0.25	0	1	96358
192.732	0.25	0	1	96366
192.75	0.25	0	1	96375
192.766	0.25	0	1	96383
192.782	0.25	0	1	96391
192.8	0.25	0	1	96400
192.816	0.25	0	1	96408
192.832	0.25	0	1	96416
192.85	0.25	0	1	96425
192.866	0.25	1	2	96433
192.882	0.25	1	2	96441
192.9	0.25	1	2	96450
192.916	0.25	1	2	96458
192.932	0.25	0	1	96466
192.95	0.25	0	1	96475
192.966	0.25	0	1	96483
192.982	0.25	0	1	96491
193.0	0.25	0	1	96500
193.016	0.25	0	1	96508
193.032	0.25	0	1	96516
193.05	0.25	0	1	96525
193.066	0.25	0	1	96533
193.082	0.25	0	1	96541
193.1	0.25	0	1	96550
193.116	0.25	0	1	96558
193.132	0.25	0	1	96566
193.15	0.25	0	1	96575
193.166	0.25	0	1	96583
193.182	0.25	0	1	96591
193.2	0.25	0	1	96600
193.216	0.25	0	1	96608
193.232	0.25	0	1	96616
193.25	0.25	0	1	96625
193.266	0.25	0	1	96633
193.282	0.25	0	1	96641
193.3	0.25	1	2	96650
193.316	0.25	1	2	96658
193.332	0.25	1	2	96666
193.35	0.25	1	2	96675
193.366	0.25	0	1	96683
193.382	0.25	0	1	96691
193.4	0.25	0	1	96700
193.416	0.25	0	1	96708
193.432	0.25	0	1	96716
193.45	0.25	0	1	96725
193.466	0.25	0	1	96733
193.482	0.25	0	1	96741
193.5	0.25	0	1	96750
193.516	0.25	0	1	96758
193.532	0.25	0	1	96766
193.55	0.25	0	1	96775
193.566	0.25	0	1	96783
193.582	0.25	0	1	96791
193.6	0.25	0	1	96800
193.616	0.25	0	1	96808
193.632	0.25	0	1	96816
193.65	0.25	0	1	96825
193.666	0.25	0	1	96833
193.682	0.25	0	1	96841
193.7	0.25	0	1	96850
193.716	0.25	0	1	96858
193.732	0.25	0	1	96866
193.75	0.25	0	1	96875
193.766	0.25	1	2	96883
193.782	0.25	1	2	96891
193.8	0.25	1	2	96900
193.816	0.25	1	2	96908
193.832	0.25	0	1	96916
193.85	0.25	0	1	96925
193.866	0.25	0	1	96933
193.882	0.25	0	1	96941
193.9	0.25	0	1	96950
193.916	0.25	0	1	96958
193.932	0.25	0	1	96966
193.95	0.25	0	1	96975
193.966	0.25	0	1	96983
193.982	0.25	0	1	96991
194.0	0.25	0	1	97000
194.016	0.25	0	1	97008
194.032	0.25	0	1	97016
194.05	0.25	0	1	97025
194.066	0.25	1	2	97033
194.082	0.25	1	2	97041
194.1	0.25	1	2	97050
194.116	0.25	1	2	97058
194.132	0.25	0	1	97066
194.15	0.25	0	1	97075
194.166	0.25	0	1	97083
194.182	0.25	0	1	97091
194.2	0.25	0	1	97100
194.216	0.25	0	1	97108
194.232	0.25	0	1	97116
194.25	0.25	0	1	97125
194.266	0.25	0	1	97133
194.282	0.25	0	1	97141
194.3	0.25	0	1	97150
194.316	0.25	0	1	97158
194.332	0.25	0	1	97166
194.35	0.25	0	1	97175
194.366	0.25	0	1	97183
194.382	0.25	0	1	97191
194.4	0.25	0	1	97200
194.416	0.25	0	1	97208
194.432	0.25	0	1	97216
194.45	0.25	0	1	97225
194.466	0.25	0	1	97233
194.482	0.25	0	1	97241
194.5	0.25	1	2	97250
194.516	0.25	1	2	97258
194.532	0.25	1	2	97266
194.55	0.25	1	2	97275
196.032	0.25	0	1	98016
196.05	0.25	1	2	98025
196.066	0.25	1	2	98033
196.082	0.25	1	2	98041
196.1	0.25	1	2	98050
196.116	0.25	0	1	98058
196.132	0.25	0	1	98066
196.15	0.25	0	1	98075
196.166	0.25	0	1	98083
196.182	0.25	0	1	98091
196.2	0.25	0	1	98100
196.216	0.25	0	1	98108
196.232	0.25	0	1	98116
196.25	0.25	0	1	98125
196.266	0.25	0	1	98133
196.282	0.25	0	1	98141
196.3	0.25	0	1	98150
196.316	0.25	0	1	98158
196.332	0.25	0	1	98166
196.35	0.25	0	1	98175
196.366	0.25	0	1	98183
196.382	0.25	0	1	98191
196.4	0.25	0	1	98200
196.416	0.25	0	1	98208
196.432	0.25	0	1	98216
196.45	0.25	0	1	98225
196.466	0.25	0	1	98233
196.482	0.25	0	1	98241
196.5	0.25	0	1	98250
196.516	0.25	0	1	98258
196.532	0.25	1	2	98266
196.55	0.25	1	2	98275
196.566	0.25	1	2	98283
196.582	0.25	1	2	98291
196.6	0.25	0	1	98300
196.616	0.25	0	1	98308
196.632	0.25	0	1	98316
196.65	0.25	0	1	98325
196.666	0.25	0	1	98333
196.682	0.25	0	1	98341
196.7	0.25	0	1	98350
196.716	0.25	0	1	98358
196.732	0.25	0	1	98366
196.75	0.25	0	1	98375
196.766	0.25	0	1	98383
196.782	0.25	0	1	98391
196.8	0.25	0	1	98400
196.816	0.25	0	1	98408
196.832	0.25	0	1	98416
196.85	0.25	0	1	98425
196.866	0.25	0	1	98433
196.882	0.25	0	1	98441
196.9	0.25	0	1	98450
196.916	0.25	0	1	98458
196.932	0.25	0	1	98466
196.95	0.25	0	1	98475
196.966	0.25	0	1	98483
196.982	0.25	0	1	98491
197.0	0.25	1	2	98500
197.016	0.25	1	2	98508
197.032	0.25	1	2	98516
197.05	0.25	1	2	98525
197.066	0.25	0	1	98533
197.082	0.25	0	1	98541
197.1	0.25	0	1	98550
197.116	0.25	0	1	98558
197.132	0.25	0	1	98566
197.15	0.25	0	1	98575
197.166	0.25	0	1	98583
197.182	0.25	0	1	98591
197.2	0.25	0	1	98600
197.216	0.25	0	1	98608
197.232	0.25	0	1	98616
197.25	0.25	0	1	98625
197.266	0.25	0	1	98633
197.282	0.25	0	1	98641
197.3	0.25	0	1	98650
197.316	0.25	0	1	98658
197.332	0.25	0	1	98666
197.35	0.25	0	1	98675
197.366	0.25	0	1	98683
197.382	0.25	0	1	98691
197.4	0.25	0	1	98700
197.416	0.25	1	2	98708
197.432	0.25	1	2	98716
197.45	0.25	1	2	98725
197.466	0.25	1	2	98733
197.482	0.25	0	1	98741
197.5	0.25	0	1	98750
197.516	0.25	0	1	98758
197.532	0.25	0	1	98766
197.55	0.25	0	1	98775
197.566	0.25	0	1	98783
197.582	0.25	0	1	98791
197.6	0.25	0	1	98800
197.616	0.25	0	1	98808
197.632	0.25	0	1	98816
197.65	0.25	0	1	98825
197.666	0.25	0	1	98833
197.682	0.25	0	1	98841
197.7	0.25	0	1	98850
197.716	0.25	0	1	98858
197.732	0.25	0	1	98866
197.75	0.25	0	1	98875
197.766	0.25	0	1	98883
197.782	0.25	0	1	98891
197.8	0.25	0	1	98900
197.816	0.25	0	1	98908
197.832	0.25	0	1	98916
197.85	0.25	1	2	98925
197.866	0.25	1	2	98933
197.882	0.25	1	2	98941
197.9	0.25	1	2	98950
197.916	0.25	0	1	98958
197.932	0.25	0	1	98966
197.95	0.25	0	1	98975
197.966	0.25	0	1	98983
199.45	0.25	0	1	99725
199.466	0.25	0	1	99733
199.482	0.25	0	1	99741
199.5	0.25	0	1	99750
199.516	0.25	0	1	99758
199.532	0.25	0	1	99766
199.55	0.25	0	1	99775
199.566	0.25	0	1	99783
199.582	0.25	0	1	99791
199.6	0.25	0	1	99800
199.616	0.25	0	1	99808
199.632	0.25	0	1	99816
199.65	0.25	0	1	99825
199.666	0.25	0	1	99833
199.682	0.25	0	1	99841
199.7	0.25	0	1	99850
199.716	0.25	0	1	99858
199.732	0.25	0	1	99866
199.75	0.25	1	2	99875
199.766	0.25	1	2	99883
199.782	0.25	1	2	99891
199.8	0.25	1	2	99900
199.816	0.25	0	1	99908
199.832	0.25	0	1	99916
199.85	0.25	0	1	99925
199.866	0.25	0	1	99933
199.882	0.25	0	1	99941
199.9	0.25	0	1	99950
199.916	0.25	0	1	99958
199.932	0.25	0	1	99966
199.95	0.25	0	1	99975
199.966	0.25	0	1	99983
199.982	0.25	0	1	99991
200.0	0.25	0	1	100000
200.016	0.25	0	1	100008
200.032	0.25	0	1	100016
200.05	0.25	0	1	100025
200.066	0.25	0	1	100033
200.082	0.25	0	1	100041
200.1	0.25	0	1	100050
200.116	0.25	0	1	100058
200.132	0.25	0	1	100066
200.15	0.25	1	2	100075
200.166	0.25	1	2	100083
200.182	0.25	1	2	100091
200.2	0.25	1	2	100100
200.216	0.25	0	1	100108
200.232	0.25	0	1	100116
200.25	0.25	0	1	100125
200.266	0.25	0	1	100133
200.282	0.25	0	1	100141
200.3	0.25	0	1	100150
200.316	0.25	0	1	100158
200.332	0.25	0	1	100166
200.35	0.25	0	1	100175
200.366	0.25	0	1	100183
200.382	0.25	0	1	100191
200.4	0.25	0	1	100200
200.416	0.25	0	1	100208
200.432	0.25	1	2	100216
200.45	0.25	1	2	100225
200.466	0.25	1	2	100233
200.482	0.25	1	2	100241
200.5	0.25	0	1	100250
200.516	0.25	0	1	100258
200.532	0.25	0	1	100266
200.55	0.25	0	1	100275
200.566	0.25	0	1	100283
200.582	0.25	0	1	100291
200.6	0.25	0	1	100300
200.616	0.25	0	1	100308
200.632	0.25	0	1	100316
200.65	0.25	0	1	100325
200.666	0.25	0	1	100333
200.682	0.25	0	1	100341
200.7	0.25	0	1	100350
200.716	0.25	0	1	100358
200.732	0.25	0	1	100366
200.75	0.25	0	1	100375
200.766	0.25	0	1	100383
200.782	0.25	0	1	100391
200.8	0.25	1	2	100400
200.816	0.25	1	2	100408
200.832	0.25	1	2	100416
200.85	0.25	1	2	100425
200.866	0.25	0	1	100433
200.882	0.25	0	1	100441
200.9	0.25	0	1	100450
200.916	0.25	0	1	100458
200.932	0.25	0	1	100466
200.95	0.25	0	1	100475
200.966	0.25	0	1	100483
200.982	0.25	0	1	100491
201.0	0.25	0	1	100500
201.016	0.25	0	1	100508
201.032	0.25	0	1	100516
201.05	0.25	0	1	100525
201.066	0.25	0	1	100533
201.082	0.25	0	1	100541
201.1	0.25	0	1	100550
201.116	0.25	0	1	100558
201.132	0.25	0	1	100566
201.15	0.25	0	1	100575
201.166	0.25	0	1	100583
201.182	0.25	0	1	100591
201.2	0.25	0	1	100600
201.216	0.25	0	1	100608
201.232	0.25	0	1	100616
201.25	0.25	0	1	100625
201.266	0.25	1	2	100633
201.282	0.25	1	2	100641
201.3	0.25	1	2	100650
201.316	0.25	1	2	100658
201.332	0.25	0	1	100666
201.35	0.25	0	1	100675
201.366	0.25	0	1	100683
201.382	0.25	0	1	100691
204.332	0.25	0	1	102166
204.35	0.25	0	1	102175
204.366	0.25	0	1	102183
204.382	0.25	0	1	102191
204.4	0.25	0	1	102200
204.416	0.25	0	1	102208
204.432	0.25	0	1	102216
204.45	0.25	0	1	102225
204.466	0.25	0	1	102233
204.482	0.25	0	1	102241
204.5	0.25	0	1	102250
204.516	0.25	0	1	102258
204.532	0.25	0	1	102266
204.55	0.25	0	1	102275
204.566	0.25	0	1	102283
204.582	0.25	1	2	102291
204.6	0.25	1	2	102300
204.616	0.25	1	2	102308
204.632	0.25	1	2	102316
204.65	0.25	0	1	102325
204.666	0.25	0	1	102333
204.682	0.25	0	1	102341
204.7	0.25	0	1	102350
204.716	0.25	0	1	102358
204.732	0.25	0	1	102366
204.75	0.25	0	1	102375
204.766	0.25	0	1	102383
204.782	0.25	0	1	102391
204.8	0.25	0	1	102400
204.816	0.25	0	1	102408
204.832	0.25	0	1	102416
204.85	0.25	0	1	102425
204.866	0.25	0	1	102433
204.882	0.25	0	1	102441
204.9	0.25	0	1	102450
204.916	0.25	0	1	102458
204.932	0.25	0	1	102466
204.95	0.25	0	1	102475
204.966	0.25	0	1	102483
204.982	0.25	0	1	102491
205.0	0.25	0	1	102500
205.016	0.25	1	2	102508
205.032	0.25	1	2	102516
205.05	0.25	1	2	102525
205.066	0.25	1	2	102533
205.082	0.25	0	1	102541
205.1	0.25	0	1	102550
205.116	0.25	0	1	102558
205.132	0.25	0	1	102566
205.15	0.25	0	1	102575
205.166	0.25	0	1	102583
205.182	0.25	0	1	102591
205.2	0.25	0	1	102600
205.216	0.25	0	1	102608
205.232	0.25	0	1	102616
205.25	0.25	0	1	102625
205.266	0.25	0	1	102633
205.282	0.25	0	1	102641
205.3	0.25	0	1	102650
205.316	0.25	0	1	102658
205.332	0.25	0	1	102666
205.35	0.25	0	1	102675
205.366	0.25	0	1	102683
205.382	0.25	0	1	102691
205.4	0.25	0	1	102700
205.416	0.25	0	1	102708
205.432	0.25	0	1	102716
205.45	0.25	0	1	102725
205.466	0.25	0	1	102733
205.482	0.25	1	2	102741
205.5	0.25	1	2	102750
205.516	0.25	1	2	102758
205.532	0.25	1	2	102766
205.55	0.25	0	1	102775
205.566	0.25	0	1	102783
205.582	0.25	0	1	102791
205.6	0.25	0	1	102800
205.616	0.25	0	1	102808
205.632	0.25	0	1	102816
205.65	0.25	0	1	102825
205.666	0.25	0	1	102833
205.682	0.25	0	1	102841
205.7	0.25	0	1	102850
205.716	0.25	0	1	102858
205.732	0.25	0	1	102866
205.75	0.25	0	1	102875
205.766	0.25	0	1	102883
205.782	0.25	1	2	102891
205.8	0.25	1	2	102900
205.816	0.25	1	2	102908
205.832	0.25	1	2	102916
205.85	0.25	0	1	102925
205.866	0.25	0	1	102933
205.882	0.25	0	1	102941
205.9	0.25	0	1	102950
205.916	0.25	0	1	102958
205.932	0.25	0	1	102966
205.95	0.25	0	1	102975
205.966	0.25	0	1	102983
205.982	0.25	0	1	102991
206.0	0.25	0	1	103000
206.016	0.25	0	1	103008
206.032	0.25	0	1	103016
206.05	0.25	0	1	103025
206.066	0.25	0	1	103033
206.082	0.25	0	1	103041
206.1	0.25	0	1	103050
206.116	0.25	0	1	103058
206.132	0.25	0	1	103066
206.15	0.25	0	1	103075
206.166	0.25	0	1	103083
206.182	0.25	0	1	103091
206.2	0.25	0	1	103100
206.216	0.25	1	2	103108
206.232	0.25	1	2	103116
206.25	0.25	1	2	103125
206.266	0.25	1	2	103133
207.75	0.25	0	1	103875
207.766	0.25	0	1	103883
207.782	0.25	0	1	103891
207.8	0.25	0	1	103900
207.816	0.25	0	1	103908
207.832	0.25	0	1	103916
207.85	0.25	0	1	103925
207.866	0.25	0	1	103933
207.882	0.25	0	1	103941
207.9	0.25	0	1	103950
207.916	0.25	0	1	103958
207.932	0.25	0	1	103966
207.95	0.25	0	1	103975
207.966	0.25	0	1	103983
207.982	0.25	0	1	103991
208.0	0.25	0	1	104000
208.016	0.25	0	1	104008
208.032	0.25	0	1	104016
208.05	0.25	1	2	104025
208.066	0.25	1	2	104033
208.082	0.25	1	2	104041
208.1	0.25	1	2	104050
208.116	0.25	0	1	104058
208.132	0.25	0	1	104066
208.15	0.25	0	1	104075
208.166	0.25	0	1	104083
208.182	0.25	0	1	104091
208.2	0.25	0	1	104100
208.216	0.25	0	1	104108
208.232	0.25	0	1	104116
208.25	0.25	0	1	104125
208.266	0.25	0	1	104133
208.282	0.25	0	1	104141
208.3	0.25	0	1	104150
208.316	0.25	0	1	104158
208.332	0.25	0	1	104166
208.35	0.25	0	1	104175
208.366	0.25	0	1	104183
208.382	0.25	0	1	104191
208.4	0.25	0	1	104200
208.416	0.25	0	1	104208
208.432	0.25	0	1	104216
208.45	0.25	1	2	104225
208.466	0.25	1	2	104233
208.482	0.25	1	2	104241
208.5	0.25	1	2	104250
208.516	0.25	0	1	104258
208.532	0.25	0	1	104266
208.55	0.25	0	1	104275
208.566	0.25	0	1	104283
208.582	0.25	0	1	104291
208.6	0.25	0	1	104300
208.616	0.25	0	1	104308
208.632	0.25	0	1	104316
208.65	0.25	0	1	104325
208.666	0.25	0	1	104333
208.682	0.25	0	1	104341
208.7	0.25	0	1	104350
208.716	0.25	0	1	104358
208.732	0.25	1	2	104366
208.75	0.25	1	2	104375
208.766	0.25	1	2	104383
208.782	0.25	1	2	104391
208.8	0.25	0	1	104400
208.816	0.25	0	1	104408
208.832	0.25	0	1	104416
208.85	0.25	0	1	104425
208.866	0.25	0	1	104433
208.882	0.25	0	1	104441
208.9	0.25	0	1	104450
208.916	0.25	0	1	104458
208.932	0.25	0	1	104466
208.95	0.25	0	1	104475
208.966	0.25	0	1	104483
208.982	0.25	0	1	104491
209.0	0.25	0	1	104500
209.016	0.25	0	1	104508
209.032	0.25	0	1	104516
209.05	0.25	0	1	104525
209.066	0.25	0	1	104533
209.082	0.25	0	1	104541
209.1	0.25	1	2	104550
209.116	0.25	1	2	104558
209.132	0.25	1	2	104566
209.15	0.25	1	2	104575
209.166	0.25	0	1	104583
209.182	0.25	0	1	104591
209.2	0.25	0	1	104600
209.216	0.25	0	1	104608
209.232	0.25	0	1	104616
209.25	0.25	0	1	104625
209.266	0.25	0	1	104633
209.282	0.25	0	1	104641
209.3	0.25	0	1	104650
209.316	0.25	0	1	104658
209.332	0.25	0	1	104666
209.35	0.25	0	1	104675
209.366	0.25	0	1	104683
209.382	0.25	0	1	104691
209.4	0.25	0	1	104700
209.416	0.25	0	1	104708
209.432	0.25	0	1	104716
209.45	0.25	0	1	104725
209.466	0.25	0	1	104733
209.482	0.25	0	1	104741
209.5	0.25	0	1	104750
209.516	0.25	0	1	104758
209.532	0.25	0	1	104766
209.55	0.25	0	1	104775
209.566	0.25	1	2	104783
209.582	0.25	1	2	104791
209.6	0.25	1	2	104800
209.616	0.25	1	2	104808
209.632	0.25	0	1	104816
209.65	0.25	0	1	104825
209.666	0.25	0	1	104833
209.682	0.25	0	1	104841
211.166	0.25	0	1	105583
211.182	0.25	1	2	105591
211.2	0.25	1	2	105600
211.216	0.25	1	2	105608
211.232	0.25	1	2	105616
211.25	0.25	0	1	105625
211.266	0.25	0	1	105633
211.282	0.25	0	1	105641
211.3	0.25	0	1	105650
211.316	0.25	0	1	105658
211.332	0.25	0	1	105666
211.35	0.25	0	1	105675
211.366	0.25	0	1	105683
211.382	0.25	0	1	105691
211.4	0.25	0	1	105700
211.416	0.25	0	1	105708
211.432	0.25	0	1	105716
211.45	0.25	0	1	105725
211.466	0.25	0	1	105733
211.482	0.25	0	1	105741
211.5	0.25	0	1	105750
211.516	0.25	0	1	105758
211.532	0.25	0	1	105766
211.55	0.25	0	1	105775
211.566	0.25	0	1	105783
211.582	0.25	0	1	105791
211.6	0.25	0	1	105800
211.616	0.25	0	1	105808
211.632	0.25	0	1	105816
211.65	0.25	0	1	105825
211.666	0.25	1	2	105833
211.682	0.25	1	2	105841
211.7	0.25	1	2	105850
211.716	0.25	1	2	105858
211.732	0.25	0	1	105866
211.75	0.25	0	1	105875
211.766	0.25	0	1	105883
211.782	0.25	0	1	105891
211.8	0.25	0	1	105900
211.816	0.25	0	1	105908
211.832	0.25	0	1	105916
211.85	0.25	0	1	105925
211.866	0.25	0	1	105933
211.882	0.25	0	1	105941
211.9	0.25	0	1	105950
211.916	0.25	0	1	105958
211.932	0.25	0	1	105966
211.95	0.25	0	1	105975
211.966	0.25	0	1	105983
211.982	0.25	0	1	105991
212.0	0.25	0	1	106000
212.016	0.25	0	1	106008
212.032	0.25	0	1	106016
212.05	0.25	0	1	106025
212.066	0.25	0	1	106033
212.082	0.25	0	1	106041
212.1	0.25	0	1	106050
212.116	0.25	0	1	106058
212.132	0.25	1	2	106066
212.15	0.25	1	2	106075
212.166	0.25	1	2	106083
212.182	0.25	1	2	106091
212.2	0.25	0	1	106100
212.216	0.25	0	1	106108
212.232	0.25	0	1	106116
212.25	0.25	0	1	106125
212.266	0.25	0	1	106133
212.282	0.25	0	1	106141
212.3	0.25	0	1	106150
212.316	0.25	0	1	106158
212.332	0.25	0	1	106166
212.35	0.25	0	1	106175
212.366	0.25	0	1	106183
212.382	0.25	0	1	106191
212.4	0.25	0	1	106200
212.416	0.25	0	1	106208
212.432	0.25	0	1	106216
212.45	0.25	0	1	106225
212.466	0.25	0	1	106233
212.482	0.25	0	1	106241
212.5	0.25	0	1	106250
212.516	0.25	0	1	106258
212.532	0.25	0	1	106266
212.55	0.25	1	2	106275
212.566	0.25	1	2	106283
212.582	0.25	1	2	106291
212.6	0.25	1	2	106300
212.616	0.25	0	1	106308
212.632	0.25	0	1	106316
212.65	0.25	0	1	106325
212.666	0.25	0	1	106333
212.682	0.25	0	1	106341
212.7	0.25	0	1	106350
212.716	0.25	0	1	106358
212.732	0.25	0	1	106366
212.75	0.25	0	1	106375
212.766	0.25	0	1	106383
212.782	0.25	0	1	106391
212.8	0.25	0	1	106400
212.816	0.25	0	1	106408
212.832	0.25	0	1	106416
212.85	0.25	0	1	106425
212.866	0.25	0	1	106433
212.882	0.25	0	1	106441
212.9	0.25	0	1	106450
212.916	0.25	0	1	106458
212.932	0.25	0	1	106466
212.95	0.25	0	1	106475
212.966	0.25	0	1	106483
212.982	0.25	1	2	106491
213.0	0.25	1	2	106500
213.016	0.25	1	2	106508
213.032	0.25	1	2	106516
213.05	0.25	0	1	106525
213.066	0.25	0	1	106533
213.082	0.25	0	1	106541
213.1	0.25	0	1	106550
214.582	0.25	0	1	107291
214.6	0.25	0	1	107300
214.616	0.25	0	1	107308
214.632	0.25	0	1	107316
214.65	0.25	0	1	107325
214.666	0.25	0	1	107333
214.682	0.25	0	1	107341
214.7	0.25	0	1	107350
214.716	0.25	0	1	107358
214.732	0.25	0	1	107366
214.75	0.25	0	1	107375
214.766	0.25	0	1	107383
214.782	0.25	0	1	107391
214.8	0.25	0	1	107400
214.816	0.25	0	1	107408
214.832	0.25	0	1	107416
214.85	0.25	0	1	107425
214.866	0.25	0	1	107433
214.882	0.25	0	1	107441
214.9	0.25	0	1	107450
214.916	0.25	0	1	107458
214.932	0.25	0	1	107466
214.95	0.25	0	1	107475
214.966	0.25	1	2	107483
214.982	0.25	1	2	107491
215.0	0.25	1	2	107500
215.016	0.25	1	2	107508
215.032	0.25	0	1	107516
215.05	0.25	0	1	107525
215.066	0.25	0	1	107533
215.082	0.25	0	1	107541
215.1	0.25	0	1	107550
215.116	0.25	0	1	107558
215.132	0.25	0	1	107566
215.15	0.25	0	1	107575
215.166	0.25	0	1	107583
215.182	0.25	0	1	107591
215.2	0.25	0	1	107600
215.216	0.25	0	1	107608
215.232	0.25	0	1	107616
215.25	0.25	0	1	107625
215.266	0.25	0	1	107633
215.282	0.25	0	1	107641
215.3	0.25	0	1	107650
215.316	0.25	0	1	107658
215.332	0.25	0	1	107666
215.35	0.25	1	2	107675
215.366	0.25	1	2	107683
215.382	0.25	1	2	107691
215.4	0.25	1	2	107700
215.416	0.25	0	1	107708
215.432	0.25	0	1	107716
215.45	0.25	0	1	107725
215.466	0.25	0	1	107733
215.482	0.25	0	1	107741
215.5	0.25	0	1	107750
215.516	0.25	0	1	107758
215.532	0.25	0	1	107766
215.55	0.25	0	1	107775
215.566	0.25	0	1	107783
215.582	0.25	0	1	107791
215.6	0.25	0	1	107800
215.616	0.25	0	1	107808
215.632	0.25	0	1	107816
215.65	0.25	1	2	107825
215.666	0.25	1	2	107833
215.682	0.25	1	2	107841
215.7	0.25	1	2	107850
215.716	0.25	0	1	107858
215.732	0.25	0	1	107866
215.75	0.25	0	1	107875
215.766	0.25	0	1	107883
215.782	0.25	0	1	107891
215.8	0.25	0	1	107900
215.816	0.25	0	1	107908
215.832	0.25	0	1	107916
215.85	0.25	0	1	107925
215.866	0.25	0	1	107933
215.882	0.25	0	1	107941
215.9	0.25	0	1	107950
215.916	0.25	0	1	107958
215.932	0.25	1	2	107966
215.95	0.25	1	2	107975
215.966	0.25	1	2	107983
215.982	0.25	1	2	107991
216.0	0.25	0	1	108000
216.016	0.25	0	1	108008
216.032	0.25	0	1	108016
216.05	0.25	0	1	108025
216.066	0.25	0	1	108033
216.082	0.25	0	1	108041
216.1	0.25	0	1	108050
216.116	0.25	0	1	108058
216.132	0.25	0	1	108066
216.15	0.25	0	1	108075
216.166	0.25	0	1	108083
216.182	0.25	0	1	108091
216.2	0.25	0	1	108100
216.216	0.25	0	1	108108
216.232	0.25	0	1	108116
216.25	0.25	0	1	108125
216.266	0.25	1	2	108133
216.282	0.25	1	2	108141
216.3	0.25	1	2	108150
216.316	0.25	1	2	108158
216.332	0.25	0	1	108166
216.35	0.25	0	1	108175
216.366	0.25	0	1	108183
216.382	0.25	0	1	108191
216.4	0.25	0	1	108200
216.416	0.25	0	1	108208
216.432	0.25	0	1	108216
216.45	0.25	0	1	108225
216.466	0.25	0	1	108233
216.482	0.25	0	1	108241
216.5	0.25	0	1	108250
216.516	0.25	0	1	108258
219.85	0.25	0	1	109925
219.866	0.25	1	2	109933
219.882	0.25	1	2	109941
219.9	0.25	1	2	109950
219.916	0.25	1	2	109958
219.932	0.25	0	1	109966
219.95	0.25	0	1	109975
219.966	0.25	0	1	109983
219.982	0.25	0	1	109991
220.0	0.25	0	1	110000
220.016	0.25	0	1	110008
220.032	0.25	0	1	110016
220.05	0.25	0	1	110025
220.066	0.25	0	1	110033
220.082	0.25	0	1	110041
220.1	0.25	0	1	110050
220.116	0.25	0	1	110058
220.132	0.25	0	1	110066
220.15	0.25	0	1	110075
220.166	0.25	0	1	110083
220.182	0.25	0	1	110091
220.2	0.25	0	1	110100
220.216	0.25	0	1	110108
220.232	0.25	0	1	110116
220.25	0.25	0	1	110125
220.266	0.25	0	1	110133
220.282	0.25	0	1	110141
220.3	0.25	0	1	110150
220.316	0.25	0	1	110158
220.332	0.25	0	1	110166
220.35	0.25	1	2	110175
220.366	0.25	1	2	110183
220.382	0.25	1	2	110191
220.4	0.25	1	2	110200
220.416	0.25	0	1	110208
220.432	0.25	0	1	110216
220.45	0.25	0	1	110225
220.466	0.25	0	1	110233
220.482	0.25	0	1	110241
220.5	0.25	0	1	110250
220.516	0.25	0	1	110258
220.532	0.25	0	1	110266
220.55	0.25	0	1	110275
220.566	0.25	0	1	110283
220.582	0.25	0	1	110291
220.6	0.25	0	1	110300
220.616	0.25	0	1	110308
220.632	0.25	0	1	110316
220.65	0.25	0	1	110325
220.666	0.25	0	1	110333
220.682	0.25	0	1	110341
220.7	0.25	0	1	110350
220.716	0.25	0	1	110358
220.732	0.25	0	1	110366
220.75	0.25	0	1	110375
220.766	0.25	0	1	110383
220.782	0.25	0	1	110391
220.8	0.25	0	1	110400
220.816	0.25	1	2	110408
220.832	0.25	1	2	110416
220.85	0.25	1	2	110425
220.866	0.25	1	2	110433
220.882	0.25	0	1	110441
220.9	0.25	0	1	110450
220.916	0.25	0	1	110458
220.932	0.25	0	1	110466
220.95	0.25	0	1	110475
220.966	0.25	0	1	110483
220.982	0.25	0	1	110491
221.0	0.25	0	1	110500
221.016	0.25	0	1	110508
221.032	0.25	0	1	110516
221.05	0.25	0	1	110525
221.066	0.25	0	1	110533
221.082	0.25	0	1	110541
221.1	0.25	0	1	110550
221.116	0.25	0	1	110558
221.132	0.25	0	1	110566
221.15	0.25	0	1	110575
221.166	0.25	0	1	110583
221.182	0.25	0	1	110591
221.2	0.25	0	1	110600
221.216	0.25	0	1	110608
221.232	0.25	1	2	110616
221.25	0.25	1	2	110625
221.266	0.25	1	2	110633
221.282	0.25	1	2	110641
221.3	0.25	0	1	110650
221.316	0.25	0	1	110658
221.332	0.25	0	1	110666
221.35	0.25	0	1	110675
221.366	0.25	0	1	110683
221.382	0.25	0	1	110691
221.4	0.25	0	1	110700
221.416	0.25	0	1	110708
221.432	0.25	0	1	110716
221.45	0.25	0	1	110725
221.466	0.25	0	1	110733
221.482	0.25	0	1	110741
221.5	0.25	0	1	110750
221.516	0.25	0	1	110758
221.532	0.25	0	1	110766
221.55	0.25	0	1	110775
221.566	0.25	0	1	110783
221.582	0.25	0	1	110791
221.6	0.25	0	1	110800
221.616	0.25	0	1	110808
221.632	0.25	0	1	110816
221.65	0.25	0	1	110825
221.666	0.25	1	2	110833
221.682	0.25	1	2	110841
221.7	0.25	1	2	110850
221.716	0.25	1	2	110858
221.732	0.25	0	1	110866
221.75	0.25	0	1	110875
221.766	0.25	0	1	110883
221.782	0.25	0	1	110891
223.266	0.25	0	1	111633
223.282	0.25	0	1	111641
223.3	0.25	0	1	111650
223.316	0.25	0	1	111658
223.332	0.25	0	1	111666
223.35	0.25	0	1	111675
223.366	0.25	0	1	111683
223.382	0.25	0	1	111691
223.4	0.25	0	1	111700
223.416	0.25	0	1	111708
223.432	0.25	0	1	111716
223.45	0.25	0	1	111725
223.466	0.25	0	1	111733
223.482	0.25	0	1	111741
223.5	0.25	0	1	111750
223.516	0.25	0	1	111758
223.532	0.25	0	1	111766
223.55	0.25	0	1	111775
223.566	0.25	1	2	111783
223.582	0.25	1	2	111791
223.6	0.25	1	2	111800
223.616	0.25	1	2	111808
223.632	0.25	0	1	111816
223.65	0.25	0	1	111825
223.666	0.25	0	1	111833
223.682	0.25	0	1	111841
223.7	0.25	0	1	111850
223.716	0.25	0	1	111858
223.732	0.25	0	1	111866
223.75	0.25	0	1	111875
223.766	0.25	0	1	111883
223.782	0.25	0	1	111891
223.8	0.25	0	1	111900
223.816	0.25	0	1	111908
223.832	0.25	0	1	111916
223.85	0.25	0	1	111925
223.866	0.25	0	1	111933
223.882	0.25	0	1	111941
223.9	0.25	0	1	111950
223.916	0.25	0	1	111958
223.932	0.25	0	1	111966
223.95	0.25	0	1	111975
223.966	0.25	1	2	111983
223.982	0.25	1	2	111991
224.0	0.25	1	2	112000
224.016	0.25	1	2	112008
224.032	0.25	0	1	112016
224.05	0.25	0	1	112025
224.066	0.25	0	1	112033
224.082	0.25	0	1	112041
224.1	0.25	0	1	112050
224.116	0.25	0	1	112058
224.132	0.25	0	1	112066
224.15	0.25	0	1	112075
224.166	0.25	0	1	112083
224.182	0.25	0	1	112091
224.2	0.25	0	1	112100
224.216	0.25	0	1	112108
224.232	0.25	0	1	112116
224.25	0.25	1	2	112125
224.266	0.25	1	2	112133
224.282	0.25	1	2	112141
224.3	0.25	1	2	112150
224.316	0.25	0	1	112158
224.332	0.25	0	1	112166
224.35	0.25	0	1	112175
224.366	0.25	0	1	112183
224.382	0.25	0	1	112191
224.4	0.25	0	1	112200
224.416	0.25	0	1	112208
224.432	0.25	0	1	112216
224.45	0.25	0	1	112225
224.466	0.25	0	1	112233
224.482	0.25	0	1	112241
224.5	0.25	0	1	112250
224.516	0.25	0	1	112258
224.532	0.25	0	1	112266
224.55	0.25	0	1	112275
224.566	0.25	0	1	112283
224.582	0.25	0	1	112291
224.6	0.25	0	1	112300
224.616	0.25	1	2	112308
224.632	0.25	1	2	112316
224.65	0.25	1	2	112325
224.666	0.25	1	2	112333
224.682	0.25	0	1	112341
224.7	0.25	0	1	112350
224.716	0.25	0	1	112358
224.732	0.25	0	1	112366
224.75	0.25	0	1	112375
224.766	0.25	0	1	112383
224.782	0.25	0	1	112391
224.8	0.25	0	1	112400
224.816	0.25	0	1	112408
224.832	0.25	0	1	112416
224.85	0.25	0	1	112425
224.866	0.25	0	1	112433
224.882	0.25	0	1	112441
224.9	0.25	0	1	112450
224.916	0.25	0	1	112458
224.932	0.25	0	1	112466
224.95	0.25	0	1	112475
224.966	0.25	0	1	112483
224.982	0.25	0	1	112491
225.0	0.25	0	1	112500
225.016	0.25	0	1	112508
225.032	0.25	0	1	112516
225.05	0.25	0	1	112525
225.066	0.25	0	1	112533
225.082	0.25	1	2	112541
225.1	0.25	1	2	112550
225.116	0.25	1	2	112558
225.132	0.25	1	2	112566
225.15	0.25	0	1	112575
225.166	0.25	0	1	112583
225.182	0.25	0	1	112591
225.2	0.25	0	1	112600
226.682	0.25	0	1	113341
226.7	0.25	0	1	113350
226.716	0.25	0	1	113358
226.732	0.25	0	1	113366
226.75	0.25	0	1	113375
226.766	0.25	0	1	113383
226.782	0.25	0	1	113391
226.8	0.25	0	1	113400
226.816	0.25	0	1	113408
226.832	0.25	0	1	113416
226.85	0.25	0	1	113425
226.866	0.25	0	1	113433
226.882	0.25	0	1	113441
226.9	0.25	0	1	113450
226.916	0.25	0	1	113458
226.932	0.25	0	1	113466
226.95	0.25	0	1	113475
226.966	0.25	0	1	113483
226.982	0.25	0	1	113491
227.0	0.25	0	1	113500
227.016	0.25	0	1	113508
227.032	0.25	0	1	113516
227.05	0.25	0	1	113525
227.066	0.25	1	2	113533
227.082	0.25	1	2	113541
227.1	0.25	1	2	113550
227.116	0.25	1	2	113558
227.132	0.25	0	1	113566
227.15	0.25	0	1	113575
227.166	0.25	0	1	113583
227.182	0.25	0	1	113591
227.2	0.25	0	1	113600
227.216	0.25	0	1	113608
227.232	0.25	0	1	113616
227.25	0.25	0	1	113625
227.266	0.25	0	1	113633
227.282	0.25	0	1	113641
227.3	0.25	0	1	113650
227.316	0.25	0	1	113658
227.332	0.25	0	1	113666
227.35	0.25	0	1	113675
227.366	0.25	0	1	113683
227.382	0.25	0	1	113691
227.4	0.25	0	1	113700
227.416	0.25	0	1	113708
227.432	0.25	0	1	113716
227.45	0.25	1	2	113725
227.466	0.25	1	2	113733
227.482	0.25	1	2	113741
227.5	0.25	1	2	113750
227.516	0.25	0	1	113758
227.532	0.25	0	1	113766
227.55	0.25	0	1	113775
227.566	0.25	0	1	113783
227.582	0.25	0	1	113791
227.6	0.25	0	1	113800
227.616	0.25	0	1	113808
227.632	0.25	0	1	113816
227.65	0.25	0	1	113825
227.666	0.25	0	1	113833
227.682	0.25	0	1	113841
227.7	0.25	0	1	113850
227.716	0.25	0	1	113858
227.732	0.25	0	1	113866
227.75	0.25	1	2	113875
227.766	0.25	1	2	113883
227.782	0.25	1	2	113891
227.8	0.25	1	2	113900
227.816	0.25	0	1	113908
227.832	0.25	0	1	113916
227.85	0.25	0	1	113925
227.866	0.25	0	1	113933
227.882	0.25	0	1	113941
227.9	0.25	0	1	113950
227.916	0.25	0	1	113958
227.932	0.25	0	1	113966
227.95	0.25	0	1	113975
227.966	0.25	0	1	113983
227.982	0.25	0	1	113991
228.0	0.25	0	1	114000
228.016	0.25	0	1	114008
228.032	0.25	1	2	114016
228.05	0.25	1	2	114025
228.066	0.25	1	2	114033
228.082	0.25	1	2	114041
228.1	0.25	0	1	114050
228.116	0.25	0	1	114058
228.132	0.25	0	1	114066
228.15	0.25	0	1	114075
228.166	0.25	0	1	114083
228.182	0.25	0	1	114091
228.2	0.25	0	1	114100
228.216	0.25	0	1	114108
228.232	0.25	0	1	114116
228.25	0.25	0	1	114125
228.266	0.25	0	1	114133
228.282	0.25	0	1	114141
228.3	0.25	0	1	114150
228.316	0.25	0	1	114158
228.332	0.25	0	1	114166
228.35	0.25	0	1	114175
228.366	0.25	1	2	114183
228.382	0.25	1	2	114191
228.4	0.25	1	2	114200
228.416	0.25	1	2	114208
228.432	0.25	0	1	114216
228.45	0.25	0	1	114225
228.466	0.25	0	1	114233
228.482	0.25	0	1	114241
228.5	0.25	0	1	114250
228.516	0.25	0	1	114258
228.532	0.25	0	1	114266
228.55	0.25	0	1	114275
228.566	0.25	0	1	114283
228.582	0.25	0	1	114291
228.6	0.25	0	1	114300
228.616	0.25	0	1	114308
230.1	0.25	0	1	115050
230.116	0.25	0	1	115058
230.132	0.25	0	1	115066
230.15	0.25	0	1	115075
230.166	0.25	0	1	115083
230.182	0.25	0	1	115091
230.2	0.25	0	1	115100
230.216	0.25	0	1	115108
230.232	0.25	0	1	115116
230.25	0.25	0	1	115125
230.266	0.25	0	1	115133
230.282	0.25	0	1	115141
230.3	0.25	0	1	115150
230.316	0.25	0	1	115158
230.332	0.25	0	1	115166
230.35	0.25	1	2	115175
230.366	0.25	1	2	115183
230.382	0.25	1	2	115191
230.4	0.25	1	2	115200
230.416	0.25	0	1	115208
230.432	0.25	0	1	115216
230.45	0.25	0	1	115225
230.466	0.25	0	1	115233
230.482	0.25	0	1	115241
230.5	0.25	0	1	115250
230.516	0.25	0	1	115258
230.532	0.25	0	1	115266
230.55	0.25	0	1	115275
230.566	0.25	0	1	115283
230.582	0.25	0	1	115291
230.6	0.25	0	1	115300
230.616	0.25	0	1	115308
230.632	0.25	0	1	115316
230.65	0.25	0	1	115325
230.666	0.25	0	1	115333
230.682	0.25	0	1	115341
230.7	0.25	0	1	115350
230.716	0.25	0	1	115358
230.732	0.25	0	1	115366
230.75	0.25	0	1	115375
230.766	0.25	0	1	115383
230.782	0.25	1	2	115391
230.8	0.25	1	2	115400
230.816	0.25	1	2	115408
230.832	0.25	1	2	115416
230.85	0.25	0	1	115425
230.866	0.25	0	1	115433
230.882	0.25	0	1	115441
230.9	0.25	0	1	115450
230.916	0.25	0	1	115458
230.932	0.25	0	1	115466
230.95	0.25	0	1	115475
230.966	0.25	0	1	115483
230.982	0.25	0	1	115491
231.0	0.25	0	1	115500
231.016	0.25	0	1	115508
231.032	0.25	0	1	115516
231.05	0.25	0	1	115525
231.066	0.25	0	1	115533
231.082	0.25	0	1	115541
231.1	0.25	0	1	115550
231.116	0.25	0	1	115558
231.132	0.25	0	1	115566
231.15	0.25	0	1	115575
231.166	0.25	0	1	115583
231.182	0.25	0	1	115591
231.2	0.25	0	1	115600
231.216	0.25	0	1	115608
231.232	0.25	0	1	115616
231.25	0.25	1	2	115625
231.266	0.25	1	2	115633
231.282	0.25	1	2	115641
231.3	0.25	1	2	115650
231.316	0.25	0	1	115658
231.332	0.25	0	1	115666
231.35	0.25	0	1	115675
231.366	0.25	0	1	115683
231.382	0.25	0	1	115691
231.4	0.25	0	1	115700
231.416	0.25	0	1	115708
231.432	0.25	0	1	115716
231.45	0.25	0	1	115725
231.466	0.25	0	1	115733
231.482	0.25	0	1	115741
231.5	0.25	0	1	115750
231.516	0.25	0	1	115758
231.532	0.25	0	1	115766
231.55	0.25	1	2	115775
231.566	0.25	1	2	115783
231.582	0.25	1	2	115791
231.6	0.25	1	2	115800
231.616	0.25	0	1	115808
231.632	0.25	0	1	115816
231.65	0.25	0	1	115825
231.666	0.25	0	1	115833
231.682	0.25	0	1	115841
231.7	0.25	0	1	115850
231.716	0.25	0	1	115858
231.732	0.25	0	1	115866
231.75	0.25	0	1	115875
231.766	0.25	0	1	115883
231.782	0.25	0	1	115891
231.8	0.25	0	1	115900
231.816	0.25	0	1	115908
231.832	0.25	0	1	115916
231.85	0.25	0	1	115925
231.866	0.25	0	1	115933
231.882	0.25	0	1	115941
231.9	0.25	0	1	115950
231.916	0.25	0	1	115958
231.932	0.25	0	1	115966
231.95	0.25	0	1	115975
231.966	0.25	0	1	115983
231.982	0.25	1	2	115991
232.0	0.25	1	2	116000
232.016	0.25	1	2	116008
232.032	0.25	1	2	116016
234.766	0.25	0	1	117383
234.782	0.25	0	1	117391
234.8	0.25	0	1	117400
234.816	0.25	0	1	117408
234.832	0.25	0	1	117416
234.85	0.25	0	1	117425
234.866	0.25	0	1	117433
234.882	0.25	0	1	117441
234.9	0.25	0	1	117450
234.916	0.25	0	1	117458
234.932	0.25	0	1	117466
234.95	0.25	0	1	117475
234.966	0.25	0	1	117483
234.982	0.25	0	1	117491
235.0	0.25	0	1	117500
235.016	0.25	0	1	117508
235.032	0.25	0	1	117516
235.05	0.25	0	1	117525
235.066	0.25	0	1	117533
235.082	0.25	0	1	117541
235.1	0.25	0	1	117550
235.116	0.25	0	1	117558
235.132	0.25	0	1	117566
235.15	0.25	1	2	117575
235.166	0.25	1	2	117583
235.182	0.25	1	2	117591
235.2	0.25	1	2	117600
235.216	0.25	0	1	117608
235.232	0.25	0	1	117616
235.25	0.25	0	1	117625
235.266	0.25	0	1	117633
235.282	0.25	0	1	117641
235.3	0.25	0	1	117650
235.316	0.25	0	1	117658
235.332	0.25	0	1	117666
235.35	0.25	0	1	117675
235.366	0.25	0	1	117683
235.382	0.25	0	1	117691
235.4	0.25	0	1	117700
235.416	0.25	0	1	117708
235.432	0.25	0	1	117716
235.45	0.25	0	1	117725
235.466	0.25	0	1	117733
235.482	0.25	0	1	117741
235.5	0.25	0	1	117750
235.516	0.25	0	1	117758
235.532	0.25	1	2	117766
235.55	0.25	1	2	117775
235.566	0.25	1	2	117783
235.582	0.25	1	2	117791
235.6	0.25	0	1	117800
235.616	0.25	0	1	117808
235.632	0.25	0	1	117816
235.65	0.25	0	1	117825
235.666	0.25	0	1	117833
235.682	0.25	0	1	117841
235.7	0.25	0	1	117850
235.716	0.25	0	1	117858
235.732	0.25	0	1	117866
235.75	0.25	0	1	117875
235.766	0.25	0	1	117883
235.782	0.25	0	1	117891
235.8	0.25	0	1	117900
235.816	0.25	0	1	117908
235.832	0.25	1	2	117916
235.85	0.25	1	2	117925
235.866	0.25	1	2	117933
235.882	0.25	1	2	117941
235.9	0.25	0	1	117950
235.916	0.25	0	1	117958
235.932	0.25	0	1	117966
235.95	0.25	0	1	117975
235.966	0.25	0	1	117983
235.982	0.25	0	1	117991
236.0	0.25	0	1	118000
236.016	0.25	0	1	118008
236.032	0.25	0	1	118016
236.05	0.25	0	1	118025
236.066	0.25	0	1	118033
236.082	0.25	0	1	118041
236.1	0.25	0	1	118050
236.116	0.25	1	2	118058
236.132	0.25	1	2	118066
236.15	0.25	1	2	118075
236.166	0.25	1	2	118083
236.182	0.25	0	1	118091
236.2	0.25	0	1	118100
236.216	0.25	0	1	118108
236.232	0.25	0	1	118116
236.25	0.25	0	1	118125
236.266	0.25	0	1	118133
236.282	0.25	0	1	118141
236.3	0.25	0	1	118150
236.316	0.25	0	1	118158
236.332	0.25	0	1	118166
236.35	0.25	0	1	118175
236.366	0.25	0	1	118183
236.382	0.25	0	1	118191
236.4	0.25	0	1	118200
236.416	0.25	0	1	118208
236.432	0.25	0	1	118216
236.45	0.25	1	2	118225
236.466	0.25	1	2	118233
236.482	0.25	1	2	118241
236.5	0.25	1	2	118250
236.516	0.25	0	1	118258
236.532	0.25	0	1	118266
236.55	0.25	0	1	118275
236.566	0.25	0	1	118283
236.582	0.25	0	1	118291
236.6	0.25	0	1	118300
236.616	0.25	0	1	118308
236.632	0.25	0	1	118316
236.65	0.25	0	1	118325
236.666	0.25	0	1	118333
236.682	0.25	0	1	118341
236.7	0.25	0	1	118350
238.182	0.25	0	1	119091
238.2	0.25	1	2	119100
238.216	0.25	1	2	119108
238.232	0.25	1	2	119116
238.25	0.25	1	2	119125
238.266	0.25	0	1	119133
238.282	0.25	0	1	119141
238.3	0.25	0	1	119150
238.316	0.25	0	1	119158
238.332	0.25	0	1	119166
238.35	0.25	0	1	119175
238.366	0.25	0	1	119183
238.382	0.25	0	1	119191
238.4	0.25	0	1	119200
238.416	0.25	0	1	119208
238.432	0.25	0	1	119216
238.45	0.25	0	1	119225
238.466	0.25	0	1	119233
238.482	0.25	0	1	119241
238.5	0.25	0	1	119250
238.516	0.25	0	1	119258
238.532	0.25	0	1	119266
238.55	0.25	0	1	119275
238.566	0.25	0	1	119283
238.582	0.25	0	1	119291
238.6	0.25	0	1	119300
238.616	0.25	0	1	119308
238.632	0.25	0	1	119316
238.65	0.25	0	1	119325
238.666	0.25	0	1	119333
238.682	0.25	1	2	119341
238.7	0.25	1	2	119350
238.716	0.25	1	2	119358
238.732	0.25	1	2	119366
238.75	0.25	0	1	119375
238.766	0.25	0	1	119383
238.782	0.25	0	1	119391
238.8	0.25	0	1	119400
238.816	0.25	0	1	119408
238.832	0.25	0	1	119416
238.85	0.25	0	1	119425
238.866	0.25	0	1	119433
238.882	0.25	0	1	119441
238.9	0.25	0	1	119450
238.916	0.25	0	1	119458
238.932	0.25	0	1	119466
238.95	0.25	0	1	119475
238.966	0.25	0	1	119483
238.982	0.25	0	1	119491
239.0	0.25	0	1	119500
239.016	0.25	0	1	119508
239.032	0.25	0	1	119516
239.05	0.25	0	1	119525
239.066	0.25	0	1	119533
239.082	0.25	0	1	119541
239.1	0.25	0	1	119550
239.116	0.25	0	1	119558
239.132	0.25	0	1	119566
239.15	0.25	1	2	119575
239.166	0.25	1	2	119583
239.182	0.25	1	2	119591
239.2	0.25	1	2	119600
239.216	0.25	0	1	119608
239.232	0.25	0	1	119616
239.25	0.25	0	1	119625
239.266	0.25	0	1	119633
239.282	0.25	0	1	119641
239.3	0.25	0	1	119650
239.316	0.25	0	1	119658
239.332	0.25	0	1	119666
239.35	0.25	0	1	119675
239.366	0.25	0	1	119683
239.382	0.25	0	1	119691
239.4	0.25	0	1	119700
239.416	0.25	0	1	119708
239.432	0.25	0	1	119716
239.45	0.25	0	1	119725
239.466	0.25	0	1	119733
239.482	0.25	0	1	119741
239.5	0.25	0	1	119750
239.516	0.25	0	1	119758
239.532	0.25	0	1	119766
239.55	0.25	0	1	119775
239.566	0.25	1	2	119783
239.582	0.25	1	2	119791
239.6	0.25	1	2	119800
239.616	0.25	1	2	119808
239.632	0.25	0	1	119816
239.65	0.25	0	1	119825
239.666	0.25	0	1	119833
239.682	0.25	0	1	119841
239.7	0.25	0	1	119850
239.716	0.25	0	1	119858
239.732	0.25	0	1	119866
239.75	0.25	0	1	119875
239.766	0.25	0	1	119883
239.782	0.25	0	1	119891
239.8	0.25	0	1	119900
239.816	0.25	0	1	119908
239.832	0.25	0	1	119916
239.85	0.25	0	1	119925
239.866	0.25	0	1	119933
239.882	0.25	0	1	119941
239.9	0.25	0	1	119950
239.916	0.25	0	1	119958
239.932	0.25	0	1	119966
239.95	0.25	0	1	119975
239.966	0.25	0	1	119983
239.982	0.25	0	1	119991
240.0	0.25	1	2	120000
240.016	0.25	1	2	120008
240.032	0.25	1	2	120016
240.05	0.25	1	2	120025
240.066	0.25	0	1	120033
240.082	0.25	0	1	120041
240.1	0.25	0	1	120050
240.116	0.25	0	1	120058
241.6	0.25	0	1	120800
241.616	0.25	0	1	120808
241.632	0.25	0	1	120816
241.65	0.25	0	1	120825
241.666	0.25	0	1	120833
241.682	0.25	0	1	120841
241.7	0.25	0	1	120850
241.716	0.25	0	1	120858
241.732	0.25	0	1	120866
241.75	0.25	0	1	120875
241.766	0.25	0	1	120883
241.782	0.25	0	1	120891
241.8	0.25	0	1	120900
241.816	0.25	0	1	120908
241.832	0.25	0	1	120916
241.85	0.25	1	2	120925
241.866	0.25	1	2	120933
241.882	0.25	1	2	120941
241.9	0.25	1	2	120950
241.916	0.25	0	1	120958
241.932	0.25	0	1	120966
241.95	0.25	0	1	120975
241.966	0.25	0	1	120983
241.982	0.25	0	1	120991
242.0	0.25	0	1	121000
242.016	0.25	0	1	121008
242.032	0.25	0	1	121016
242.05	0.25	0	1	121025
242.066	0.25	0	1	121033
242.082	0.25	0	1	121041
242.1	0.25	0	1	121050
242.116	0.25	0	1	121058
242.132	0.25	0	1	121066
242.15	0.25	0	1	121075
242.166	0.25	0	1	121083
242.182	0.25	0	1	121091
242.2	0.25	0	1	121100
242.216	0.25	0	1	121108
242.232	0.25	0	1	121116
242.25	0.25	0	1	121125
242.266	0.25	0	1	121133
242.282	0.25	1	2	121141
242.3	0.25	1	2	121150
242.316	0.25	1	2	121158
242.332	0.25	1	2	121166
242.35	0.25	0	1	121175
242.366	0.25	0	1	121183
242.382	0.25	0	1	121191
242.4	0.25	0	1	121200
242.416	0.25	0	1	121208
242.432	0.25	0	1	121216
242.45	0.25	0	1	121225
242.466	0.25	0	1	121233
242.482	0.25	0	1	121241
242.5	0.25	0	1	121250
242.516	0.25	0	1	121258
242.532	0.25	0	1	121266
242.55	0.25	0	1	121275
242.566	0.25	0	1	121283
242.582	0.25	0	1	121291
242.6	0.25	0	1	121300
242.616	0.25	0	1	121308
242.632	0.25	0	1	121316
242.65	0.25	0	1	121325
242.666	0.25	0	1	121333
242.682	0.25	0	1	121341
242.7	0.25	0	1	121350
242.716	0.25	0	1	121358
242.732	0.25	0	1	121366
242.75	0.25	1	2	121375
242.766	0.25	1	2	121383
242.782	0.25	1	2	121391
242.8	0.25	1	2	121400
242.816	0.25	0	1	121408
242.832	0.25	0	1	121416
242.85	0.25	0	1	121425
242.866	0.25	0	1	121433
242.882	0.25	0	1	121441
242.9	0.25	0	1	121450
242.916	0.25	0	1	121458
242.932	0.25	0	1	121466
242.95	0.25	0	1	121475
242.966	0.25	0	1	121483
242.982	0.25	0	1	121491
243.0	0.25	0	1	121500
243.016	0.25	0	1	121508
243.032	0.25	0	1	121516
243.05	0.25	1	2	121525
243.066	0.25	1	2	121533
243.082	0.25	1	2	121541
243.1	0.25	1	2	121550
243.116	0.25	0	1	121558
243.132	0.25	0	1	121566
243.15	0.25	0	1	121575
243.166	0.25	0	1	121583
243.182	0.25	0	1	121591
243.2	0.25	0	1	121600
243.216	0.25	0	1	121608
243.232	0.25	0	1	121616
243.25	0.25	0	1	121625
243.266	0.25	0	1	121633
243.282	0.25	0	1	121641
243.3	0.25	0	1	121650
243.316	0.25	0	1	121658
243.332	0.25	0	1	121666
243.35	0.25	0	1	121675
243.366	0.25	0	1	121683
243.382	0.25	0	1	121691
243.4	0.25	0	1	121700
243.416	0.25	0	1	121708
243.432	0.25	0	1	121716
243.45	0.25	0	1	121725
243.466	0.25	0	1	121733
243.482	0.25	1	2	121741
243.5	0.25	1	2	121750
243.516	0.25	1	2	121758
243.532	0.25	1	2	121766
245.016	0.25	0	1	122508
245.032	0.25	0	1	122516
245.05	0.25	0	1	122525
245.066	0.25	0	1	122533
245.082	0.25	0	1	122541
245.1	0.25	0	1	122550
245.116	0.25	0	1	122558
245.132	0.25	0	1	122566
245.15	0.25	0	1	122575
245.166	0.25	0	1	122583
245.182	0.25	0	1	122591
245.2	0.25	0	1	122600
245.216	0.25	0	1	122608
245.232	0.25	0	1	122616
245.25	0.25	0	1	122625
245.266	0.25	0	1	122633
245.282	0.25	0	1	122641
245.3	0.25	0	1	122650
245.316	0.25	1	2	122658
245.332	0.25	1	2	122666
245.35	0.25	1	2	122675
245.366	0.25	1	2	122683
245.382	0.25	0	1	122691
245.4	0.25	0	1	122700
245.416	0.25	0	1	122708
245.432	0.25	0	1	122716
245.45	0.25	0	1	122725
245.466	0.25	0	1	122733
245.482	0.25	0	1	122741
245.5	0.25	0	1	122750
245.516	0.25	0	1	122758
245.532	0.25	0	1	122766
245.55	0.25	0	1	122775
245.566	0.25	0	1	122783
245.582	0.25	0	1	122791
245.6	0.25	0	1	122800
245.616	0.25	0	1	122808
245.632	0.25	0	1	122816
245.65	0.25	0	1	122825
245.666	0.25	0	1	122833
245.682	0.25	0	1	122841
245.7	0.25	0	1	122850
245.716	0.25	1	2	122858
245.732	0.25	1	2	122866
245.75	0.25	1	2	122875
245.766	0.25	1	2	122883
245.782	0.25	0	1	122891
245.8	0.25	0	1	122900
245.816	0.25	0	1	122908
245.832	0.25	0	1	122916
245.85	0.25	0	1	122925
245.866	0.25	0	1	122933
245.882	0.25	0	1	122941
245.9	0.25	0	1	122950
245.916	0.25	0	1	122958
245.932	0.25	0	1	122966
245.95	0.25	0	1	122975
245.966	0.25	0	1	122983
245.982	0.25	0	1	122991
246.0	0.25	1	2	123000
246.016	0.25	1	2	123008
246.032	0.25	1	2	123016
246.05	0.25	1	2	123025
246.066	0.25	0	1	123033
246.082	0.25	0	1	123041
246.1	0.25	0	1	123050
246.116	0.25	0	1	123058
246.132	0.25	0	1	123066
246.15	0.25	0	1	123075
246.166	0.25	0	1	123083
246.182	0.25	0	1	123091
246.2	0.25	0	1	123100
246.216	0.25	0	1	123108
246.232	0.25	0	1	123116
246.25	0.25	0	1	123125
246.266	0.25	0	1	123133
246.282	0.25	0	1	123141
246.3	0.25	0	1	123150
246.316	0.25	0	1	123158
246.332	0.25	0	1	123166
246.35	0.25	0	1	123175
246.366	0.25	1	2	123183
246.382	0.25	1	2	123191
246.4	0.25	1	2	123200
246.416	0.25	1	2	123208
246.432	0.25	0	1	123216
246.45	0.25	0	1	123225
246.466	0.25	0	1	123233
246.482	0.25	0	1	123241
246.5	0.25	0	1	123250
246.516	0.25	0	1	123258
246.532	0.25	0	1	123266
246.55	0.25	0	1	123275
246.566	0.25	0	1	123283
246.582	0.25	0	1	123291
246.6	0.25	0	1	123300
246.616	0.25	0	1	123308
246.632	0.25	0	1	123316
246.65	0.25	0	1	123325
246.666	0.25	0	1	123333
246.682	0.25	0	1	123341
246.7	0.25	0	1	123350
246.716	0.25	0	1	123358
246.732	0.25	0	1	123366
246.75	0.25	0	1	123375
246.766	0.25	0	1	123383
246.782	0.25	0	1	123391
246.8	0.25	0	1	123400
246.816	0.25	0	1	123408
246.832	0.25	1	2	123416
246.85	0.25	1	2	123425
246.866	0.25	1	2	123433
246.882	0.25	1	2	123441
246.9	0.25	0	1	123450
246.916	0.25	0	1	123458
246.932	0.25	0	1	123466
246.95	0.25	0	1	123475
