onset	duration	trial_type	value	sample
11.382	0.25	0	1	5691
11.4	0.25	0	1	5700
11.416	0.25	0	1	5708
11.432	0.25	0	1	5716
11.45	0.25	0	1	5725
11.466	0.25	0	1	5733
11.482	0.25	0	1	5741
11.5	0.25	0	1	5750
11.516	0.25	0	1	5758
11.532	0.25	0	1	5766
11.55	0.25	0	1	5775
11.566	0.25	0	1	5783
11.582	0.25	0	1	5791
11.6	0.25	0	1	5800
11.616	0.25	0	1	5808
11.632	0.25	0	1	5816
11.65	0.25	0	1	5825
11.666	0.25	0	1	5833
11.682	0.25	0	1	5841
11.7	0.25	0	1	5850
11.716	0.25	0	1	5858
11.732	0.25	0	1	5866
11.75	0.25	0	1	5875
11.766	0.25	1	2	5883
11.782	0.25	1	2	5891
11.8	0.25	1	2	5900
11.816	0.25	1	2	5908
11.832	0.25	0	1	5916
11.85	0.25	0	1	5925
11.866	0.25	0	1	5933
11.882	0.25	0	1	5941
11.9	0.25	0	1	5950
11.916	0.25	0	1	5958
11.932	0.25	0	1	5966
11.95	0.25	0	1	5975
11.966	0.25	0	1	5983
11.982	0.25	0	1	5991
12.0	0.25	0	1	6000
12.016	0.25	0	1	6008
12.032	0.25	0	1	6016
12.05	0.25	0	1	6025
12.066	0.25	0	1	6033
12.082	0.25	0	1	6041
12.1	0.25	0	1	6050
12.116	0.25	0	1	6058
12.132	0.25	0	1	6066
12.15	0.25	1	2	6075
12.166	0.25	1	2	6083
12.182	0.25	1	2	6091
12.2	0.25	1	2	6100
12.216	0.25	0	1	6108
12.232	0.25	0	1	6116
12.25	0.25	0	1	6125
12.266	0.25	0	1	6133
12.282	0.25	0	1	6141
12.3	0.25	0	1	6150
12.316	0.25	0	1	6158
12.332	0.25	0	1	6166
12.35	0.25	0	1	6175
12.366	0.25	0	1	6183
12.382	0.25	0	1	6191
12.4	0.25	0	1	6200
12.416	0.25	0	1	6208
12.432	0.25	0	1	6216
12.45	0.25	1	2	6225
12.466	0.25	1	2	6233
12.482	0.25	1	2	6241
12.5	0.25	1	2	6250
12.516	0.25	0	1	6258
12.532	0.25	0	1	6266
12.55	0.25	0	1	6275
12.566	0.25	0	1	6283
12.582	0.25	0	1	6291
12.6	0.25	0	1	6300
12.616	0.25	0	1	6308
12.632	0.25	0	1	6316
12.65	0.25	0	1	6325
12.666	0.25	0	1	6333
12.682	0.25	0	1	6341
12.7	0.25	0	1	6350
12.716	0.25	0	1	6358
12.732	0.25	1	2	6366
12.75	0.25	1	2	6375
12.766	0.25	1	2	6383
12.782	0.25	1	2	6391
12.8	0.25	0	1	6400
12.816	0.25	0	1	6408
12.832	0.25	0	1	6416
12.85	0.25	0	1	6425
12.866	0.25	0	1	6433
12.882	0.25	0	1	6441
12.9	0.25	0	1	6450
12.916	0.25	0	1	6458
12.932	0.25	0	1	6466
12.95	0.25	0	1	6475
12.966	0.25	0	1	6483
12.982	0.25	0	1	6491
13.0	0.25	0	1	6500
13.016	0.25	0	1	6508
13.032	0.25	0	1	6516
13.05	0.25	0	1	6525
13.066	0.25	1	2	6533
13.082	0.25	1	2	6541
13.1	0.25	1	2	6550
13.116	0.25	1	2	6558
13.132	0.25	0	1	6566
13.15	0.25	0	1	6575
13.166	0.25	0	1	6583
13.182	0.25	0	1	6591
13.2	0.25	0	1	6600
13.216	0.25	0	1	6608
13.232	0.25	0	1	6616
13.25	0.25	0	1	6625
13.266	0.25	0	1	6633
13.282	0.25	0	1	6641
13.3	0.25	0	1	6650
13.316	0.25	0	1	6658
14.8	0.25	0	1	7400
14.816	0.25	0	1	7408
14.832	0.25	0	1	7416
14.85	0.25	0	1	7425
14.866	0.25	0	1	7433
14.882	0.25	0	1	7441
14.9	0.25	0	1	7450
14.916	0.25	0	1	7458
14.932	0.25	0	1	7466
14.95	0.25	0	1	7475
14.966	0.25	0	1	7483
14.982	0.25	0	1	7491
15.0	0.25	0	1	7500
15.016	0.25	0	1	7508
15.032	0.25	0	1	7516
15.05	0.25	1	2	7525
15.066	0.25	1	2	7533
15.082	0.25	1	2	7541
15.1	0.25	1	2	7550
15.116	0.25	0	1	7558
15.132	0.25	0	1	7566
15.15	0.25	0	1	7575
15.166	0.25	0	1	7583
15.182	0.25	0	1	7591
15.2	0.25	0	1	7600
15.216	0.25	0	1	7608
15.232	0.25	0	1	7616
15.25	0.25	0	1	7625
15.266	0.25	0	1	7633
15.282	0.25	0	1	7641
15.3	0.25	0	1	7650
15.316	0.25	0	1	7658
15.332	0.25	0	1	7666
15.35	0.25	0	1	7675
15.366	0.25	0	1	7683
15.382	0.25	0	1	7691
15.4	0.25	0	1	7700
15.416	0.25	0	1	7708
15.432	0.25	0	1	7716
15.45	0.25	0	1	7725
15.466	0.25	0	1	7733
15.482	0.25	1	2	7741
15.5	0.25	1	2	7750
15.516	0.25	1	2	7758
15.532	0.25	1	2	7766
15.55	0.25	0	1	7775
15.566	0.25	0	1	7783
15.582	0.25	0	1	7791
15.6	0.25	0	1	7800
15.616	0.25	0	1	7808
15.632	0.25	0	1	7816
15.65	0.25	0	1	7825
15.666	0.25	0	1	7833
15.682	0.25	0	1	7841
15.7	0.25	0	1	7850
15.716	0.25	0	1	7858
15.732	0.25	0	1	7866
15.75	0.25	0	1	7875
15.766	0.25	0	1	7883
15.782	0.25	0	1	7891
15.8	0.25	0	1	7900
15.816	0.25	0	1	7908
15.832	0.25	0	1	7916
15.85	0.25	0	1	7925
15.866	0.25	0	1	7933
15.882	0.25	0	1	7941
15.9	0.25	0	1	7950
15.916	0.25	0	1	7958
15.932	0.25	0	1	7966
15.95	0.25	1	2	7975
15.966	0.25	1	2	7983
15.982	0.25	1	2	7991
16.0	0.25	1	2	8000
16.016	0.25	0	1	8008
16.032	0.25	0	1	8016
16.05	0.25	0	1	8025
16.066	0.25	0	1	8033
16.082	0.25	0	1	8041
16.1	0.25	0	1	8050
16.116	0.25	0	1	8058
16.132	0.25	0	1	8066
16.148	0.25	0	1	8074
16.166	0.25	0	1	8083
16.182	0.25	0	1	8091
16.2	0.25	0	1	8100
16.216	0.25	0	1	8108
16.232	0.25	0	1	8116
16.25	0.25	1	2	8125
16.266	0.25	1	2	8133
16.282	0.25	1	2	8141
16.3	0.25	1	2	8150
16.316	0.25	0	1	8158
16.332	0.25	0	1	8166
16.35	0.25	0	1	8175
16.366	0.25	0	1	8183
16.382	0.25	0	1	8191
16.4	0.25	0	1	8200
16.416	0.25	0	1	8208
16.432	0.25	0	1	8216
16.45	0.25	0	1	8225
16.466	0.25	0	1	8233
16.482	0.25	0	1	8241
16.5	0.25	0	1	8250
16.516	0.25	0	1	8258
16.532	0.25	0	1	8266
16.55	0.25	0	1	8275
16.566	0.25	0	1	8283
16.582	0.25	0	1	8291
16.6	0.25	0	1	8300
16.616	0.25	0	1	8308
16.632	0.25	0	1	8316
16.65	0.25	0	1	8325
16.666	0.25	0	1	8333
16.682	0.25	1	2	8341
16.7	0.25	1	2	8350
16.716	0.25	1	2	8358
16.732	0.25	1	2	8366
18.216	0.25	0	1	9108
18.232	0.25	0	1	9116
18.25	0.25	0	1	9125
18.266	0.25	0	1	9133
18.282	0.25	0	1	9141
18.3	0.25	0	1	9150
18.316	0.25	0	1	9158
18.332	0.25	0	1	9166
18.35	0.25	0	1	9175
18.366	0.25	0	1	9183
18.382	0.25	0	1	9191
18.4	0.25	0	1	9200
18.416	0.25	0	1	9208
18.432	0.25	0	1	9216
18.45	0.25	0	1	9225
18.466	0.25	0	1	9233
18.482	0.25	0	1	9241
18.5	0.25	0	1	9250
18.516	0.25	1	2	9258
18.532	0.25	1	2	9266
18.55	0.25	1	2	9275
18.566	0.25	1	2	9283
18.582	0.25	0	1	9291
18.6	0.25	0	1	9300
18.616	0.25	0	1	9308
18.632	0.25	0	1	9316
18.65	0.25	0	1	9325
18.666	0.25	0	1	9333
18.682	0.25	0	1	9341
18.7	0.25	0	1	9350
18.716	0.25	0	1	9358
18.732	0.25	0	1	9366
18.75	0.25	0	1	9375
18.766	0.25	0	1	9383
18.782	0.25	0	1	9391
18.8	0.25	0	1	9400
18.816	0.25	0	1	9408
18.832	0.25	0	1	9416
18.85	0.25	0	1	9425
18.866	0.25	0	1	9433
18.882	0.25	0	1	9441
18.9	0.25	0	1	9450
18.916	0.25	1	2	9458
18.932	0.25	1	2	9466
18.95	0.25	1	2	9475
18.966	0.25	1	2	9483
18.982	0.25	0	1	9491
19.0	0.25	0	1	9500
19.016	0.25	0	1	9508
19.032	0.25	0	1	9516
19.05	0.25	0	1	9525
19.066	0.25	0	1	9533
19.082	0.25	0	1	9541
19.1	0.25	0	1	9550
19.116	0.25	0	1	9558
19.132	0.25	0	1	9566
19.15	0.25	0	1	9575
19.166	0.25	0	1	9583
19.182	0.25	0	1	9591
19.2	0.25	1	2	9600
19.216	0.25	1	2	9608
19.232	0.25	1	2	9616
19.25	0.25	1	2	9625
19.266	0.25	0	1	9633
19.282	0.25	0	1	9641
19.3	0.25	0	1	9650
19.316	0.25	0	1	9658
19.332	0.25	0	1	9666
19.35	0.25	0	1	9675
19.366	0.25	0	1	9683
19.382	0.25	0	1	9691
19.4	0.25	0	1	9700
19.416	0.25	0	1	9708
19.432	0.25	0	1	9716
19.45	0.25	0	1	9725
19.466	0.25	0	1	9733
19.482	0.25	0	1	9741
19.5	0.25	0	1	9750
19.516	0.25	0	1	9758
19.532	0.25	0	1	9766
19.55	0.25	0	1	9775
19.566	0.25	1	2	9783
19.582	0.25	1	2	9791
19.6	0.25	1	2	9800
19.616	0.25	1	2	9808
19.632	0.25	0	1	9816
19.65	0.25	0	1	9825
19.666	0.25	0	1	9833
19.682	0.25	0	1	9841
19.7	0.25	0	1	9850
19.716	0.25	0	1	9858
19.732	0.25	0	1	9866
19.75	0.25	0	1	9875
19.766	0.25	0	1	9883
19.782	0.25	0	1	9891
19.8	0.25	0	1	9900
19.816	0.25	0	1	9908
19.832	0.25	0	1	9916
19.85	0.25	0	1	9925
19.866	0.25	0	1	9933
19.882	0.25	0	1	9941
19.9	0.25	0	1	9950
19.916	0.25	0	1	9958
19.932	0.25	0	1	9966
19.95	0.25	0	1	9975
19.966	0.25	0	1	9983
19.982	0.25	0	1	9991
20.0	0.25	0	1	10000
20.016	0.25	0	1	10008
20.032	0.25	1	2	10016
20.05	0.25	1	2	10025
20.066	0.25	1	2	10033
20.082	0.25	1	2	10041
20.1	0.25	0	1	10050
20.116	0.25	0	1	10058
20.132	0.25	0	1	10066
20.15	0.25	0	1	10075
21.632	0.25	0	1	10816
21.65	0.25	1	2	10825
21.666	0.25	1	2	10833
21.682	0.25	1	2	10841
21.7	0.25	1	2	10850
21.716	0.25	0	1	10858
21.732	0.25	0	1	10866
21.75	0.25	0	1	10875
21.766	0.25	0	1	10883
21.782	0.25	0	1	10891
21.8	0.25	0	1	10900
21.816	0.25	0	1	10908
21.832	0.25	0	1	10916
21.85	0.25	0	1	10925
21.866	0.25	0	1	10933
21.882	0.25	0	1	10941
21.9	0.25	0	1	10950
21.916	0.25	0	1	10958
21.932	0.25	0	1	10966
21.95	0.25	0	1	10975
21.966	0.25	0	1	10983
21.982	0.25	0	1	10991
22.0	0.25	0	1	11000
22.016	0.25	0	1	11008
22.032	0.25	0	1	11016
22.05	0.25	0	1	11025
22.066	0.25	0	1	11033
22.082	0.25	0	1	11041
22.1	0.25	0	1	11050
22.116	0.25	0	1	11058
22.132	0.25	1	2	11066
22.15	0.25	1	2	11075
22.166	0.25	1	2	11083
22.182	0.25	1	2	11091
22.2	0.25	0	1	11100
22.216	0.25	0	1	11108
22.232	0.25	0	1	11116
22.25	0.25	0	1	11125
22.266	0.25	0	1	11133
22.282	0.25	0	1	11141
22.3	0.25	0	1	11150
22.316	0.25	0	1	11158
22.332	0.25	0	1	11166
22.35	0.25	0	1	11175
22.366	0.25	0	1	11183
22.382	0.25	0	1	11191
22.4	0.25	0	1	11200
22.416	0.25	0	1	11208
22.432	0.25	0	1	11216
22.45	0.25	0	1	11225
22.466	0.25	0	1	11233
22.482	0.25	0	1	11241
22.5	0.25	0	1	11250
22.516	0.25	0	1	11258
22.532	0.25	0	1	11266
22.55	0.25	0	1	11275
22.566	0.25	0	1	11283
22.582	0.25	0	1	11291
22.6	0.25	1	2	11300
22.616	0.25	1	2	11308
22.632	0.25	1	2	11316
22.65	0.25	1	2	11325
22.666	0.25	0	1	11333
22.682	0.25	0	1	11341
22.7	0.25	0	1	11350
22.716	0.25	0	1	11358
22.732	0.25	0	1	11366
22.75	0.25	0	1	11375
22.766	0.25	0	1	11383
22.782	0.25	0	1	11391
22.8	0.25	0	1	11400
22.816	0.25	0	1	11408
22.832	0.25	0	1	11416
22.85	0.25	0	1	11425
22.866	0.25	0	1	11433
22.882	0.25	0	1	11441
22.9	0.25	0	1	11450
22.916	0.25	0	1	11458
22.932	0.25	0	1	11466
22.95	0.25	0	1	11475
22.966	0.25	0	1	11483
22.982	0.25	0	1	11491
23.0	0.25	0	1	11500
23.016	0.25	1	2	11508
23.032	0.25	1	2	11516
23.05	0.25	1	2	11525
23.066	0.25	1	2	11533
23.082	0.25	0	1	11541
23.1	0.25	0	1	11550
23.116	0.25	0	1	11558
23.132	0.25	0	1	11566
23.15	0.25	0	1	11575
23.166	0.25	0	1	11583
23.182	0.25	0	1	11591
23.2	0.25	0	1	11600
23.216	0.25	0	1	11608
23.232	0.25	0	1	11616
23.25	0.25	0	1	11625
23.266	0.25	0	1	11633
23.282	0.25	0	1	11641
23.3	0.25	0	1	11650
23.316	0.25	0	1	11658
23.332	0.25	0	1	11666
23.35	0.25	0	1	11675
23.366	0.25	0	1	11683
23.382	0.25	0	1	11691
23.4	0.25	0	1	11700
23.416	0.25	0	1	11708
23.432	0.25	0	1	11716
23.45	0.25	1	2	11725
23.466	0.25	1	2	11733
23.482	0.25	1	2	11741
23.5	0.25	1	2	11750
23.516	0.25	0	1	11758
23.532	0.25	0	1	11766
23.55	0.25	0	1	11775
23.566	0.25	0	1	11783
26.732	0.25	0	1	13366
26.75	0.25	0	1	13375
26.766	0.25	0	1	13383
26.782	0.25	0	1	13391
26.8	0.25	0	1	13400
26.816	0.25	0	1	13408
26.832	0.25	0	1	13416
26.85	0.25	0	1	13425
26.866	0.25	0	1	13433
26.882	0.25	0	1	13441
26.9	0.25	0	1	13450
26.916	0.25	0	1	13458
26.932	0.25	0	1	13466
26.95	0.25	0	1	13475
26.966	0.25	0	1	13483
26.982	0.25	0	1	13491
27.0	0.25	0	1	13500
27.016	0.25	0	1	13508
27.032	0.25	0	1	13516
27.05	0.25	0	1	13525
27.066	0.25	0	1	13533
27.082	0.25	0	1	13541
27.1	0.25	0	1	13550
27.116	0.25	1	2	13558
27.132	0.25	1	2	13566
27.15	0.25	1	2	13575
27.166	0.25	1	2	13583
27.182	0.25	0	1	13591
27.2	0.25	0	1	13600
27.216	0.25	0	1	13608
27.232	0.25	0	1	13616
27.25	0.25	0	1	13625
27.266	0.25	0	1	13633
27.282	0.25	0	1	13641
27.3	0.25	0	1	13650
27.316	0.25	0	1	13658
27.332	0.25	0	1	13666
27.35	0.25	0	1	13675
27.366	0.25	0	1	13683
27.382	0.25	0	1	13691
27.4	0.25	0	1	13700
27.416	0.25	0	1	13708
27.432	0.25	0	1	13716
27.45	0.25	0	1	13725
27.466	0.25	0	1	13733
27.482	0.25	0	1	13741
27.5	0.25	1	2	13750
27.516	0.25	1	2	13758
27.532	0.25	1	2	13766
27.55	0.25	1	2	13775
27.566	0.25	0	1	13783
27.582	0.25	0	1	13791
27.6	0.25	0	1	13800
27.616	0.25	0	1	13808
27.632	0.25	0	1	13816
27.65	0.25	0	1	13825
27.666	0.25	0	1	13833
27.682	0.25	0	1	13841
27.7	0.25	0	1	13850
27.716	0.25	0	1	13858
27.732	0.25	0	1	13866
27.75	0.25	0	1	13875
27.766	0.25	0	1	13883
27.782	0.25	0	1	13891
27.8	0.25	1	2	13900
27.816	0.25	1	2	13908
27.832	0.25	1	2	13916
27.85	0.25	1	2	13925
27.866	0.25	0	1	13933
27.882	0.25	0	1	13941
27.9	0.25	0	1	13950
27.916	0.25	0	1	13958
27.932	0.25	0	1	13966
27.95	0.25	0	1	13975
27.966	0.25	0	1	13983
27.982	0.25	0	1	13991
28.0	0.25	0	1	14000
28.016	0.25	0	1	14008
28.032	0.25	0	1	14016
28.05	0.25	0	1	14025
28.066	0.25	0	1	14033
28.082	0.25	1	2	14041
28.1	0.25	1	2	14050
28.116	0.25	1	2	14058
28.132	0.25	1	2	14066
28.15	0.25	0	1	14075
28.166	0.25	0	1	14083
28.182	0.25	0	1	14091
28.2	0.25	0	1	14100
28.216	0.25	0	1	14108
28.232	0.25	0	1	14116
28.25	0.25	0	1	14125
28.266	0.25	0	1	14133
28.282	0.25	0	1	14141
28.3	0.25	0	1	14150
28.316	0.25	0	1	14158
28.332	0.25	0	1	14166
28.35	0.25	0	1	14175
28.366	0.25	0	1	14183
28.382	0.25	0	1	14191
28.4	0.25	0	1	14200
28.416	0.25	1	2	14208
28.432	0.25	1	2	14216
28.45	0.25	1	2	14225
28.466	0.25	1	2	14233
28.482	0.25	0	1	14241
28.5	0.25	0	1	14250
28.516	0.25	0	1	14258
28.532	0.25	0	1	14266
28.55	0.25	0	1	14275
28.566	0.25	0	1	14283
28.582	0.25	0	1	14291
28.6	0.25	0	1	14300
28.616	0.25	0	1	14308
28.632	0.25	0	1	14316
28.65	0.25	0	1	14325
28.666	0.25	0	1	14333
30.15	0.25	0	1	15075
30.166	0.25	0	1	15083
30.182	0.25	0	1	15091
30.2	0.25	0	1	15100
30.216	0.25	0	1	15108
30.232	0.25	0	1	15116
30.25	0.25	0	1	15125
30.266	0.25	0	1	15133
30.282	0.25	0	1	15141
30.3	0.25	0	1	15150
30.316	0.25	0	1	15158
30.332	0.25	0	1	15166
30.35	0.25	0	1	15175
30.366	0.25	0	1	15183
30.382	0.25	0	1	15191
30.4	0.25	0	1	15200
30.416	0.25	0	1	15208
30.432	0.25	0	1	15216
30.45	0.25	1	2	15225
30.466	0.25	1	2	15233
30.482	0.25	1	2	15241
30.5	0.25	1	2	15250
30.516	0.25	0	1	15258
30.532	0.25	0	1	15266
30.55	0.25	0	1	15275
30.566	0.25	0	1	15283
30.582	0.25	0	1	15291
30.6	0.25	0	1	15300
30.616	0.25	0	1	15308
30.632	0.25	0	1	15316
30.65	0.25	0	1	15325
30.666	0.25	0	1	15333
30.682	0.25	0	1	15341
30.7	0.25	0	1	15350
30.716	0.25	0	1	15358
30.732	0.25	0	1	15366
30.75	0.25	0	1	15375
30.766	0.25	0	1	15383
30.782	0.25	0	1	15391
30.8	0.25	0	1	15400
30.816	0.25	0	1	15408
30.832	0.25	0	1	15416
30.85	0.25	1	2	15425
30.866	0.25	1	2	15433
30.882	0.25	1	2	15441
30.9	0.25	1	2	15450
30.916	0.25	0	1	15458
30.932	0.25	0	1	15466
30.95	0.25	0	1	15475
30.966	0.25	0	1	15483
30.982	0.25	0	1	15491
31.0	0.25	0	1	15500
31.016	0.25	0	1	15508
31.032	0.25	0	1	15516
31.05	0.25	0	1	15525
31.066	0.25	0	1	15533
31.082	0.25	0	1	15541
31.1	0.25	0	1	15550
31.116	0.25	0	1	15558
31.132	0.25	1	2	15566
31.15	0.25	1	2	15575
31.166	0.25	1	2	15583
31.182	0.25	1	2	15591
31.2	0.25	0	1	15600
31.216	0.25	0	1	15608
31.232	0.25	0	1	15616
31.25	0.25	0	1	15625
31.266	0.25	0	1	15633
31.282	0.25	0	1	15641
31.3	0.25	0	1	15650
31.316	0.25	0	1	15658
31.332	0.25	0	1	15666
31.35	0.25	0	1	15675
31.366	0.25	0	1	15683
31.382	0.25	0	1	15691
31.4	0.25	0	1	15700
31.416	0.25	0	1	15708
31.432	0.25	0	1	15716
31.45	0.25	0	1	15725
31.466	0.25	0	1	15733
31.482	0.25	0	1	15741
31.5	0.25	1	2	15750
31.516	0.25	1	2	15758
31.532	0.25	1	2	15766
31.55	0.25	1	2	15775
31.566	0.25	0	1	15783
31.582	0.25	0	1	15791
31.6	0.25	0	1	15800
31.616	0.25	0	1	15808
31.632	0.25	0	1	15816
31.65	0.25	0	1	15825
31.666	0.25	0	1	15833
31.682	0.25	0	1	15841
31.7	0.25	0	1	15850
31.716	0.25	0	1	15858
31.732	0.25	0	1	15866
31.75	0.25	0	1	15875
31.766	0.25	0	1	15883
31.782	0.25	0	1	15891
31.8	0.25	0	1	15900
31.816	0.25	0	1	15908
31.832	0.25	0	1	15916
31.85	0.25	0	1	15925
31.866	0.25	0	1	15933
31.882	0.25	0	1	15941
31.9	0.25	0	1	15950
31.916	0.25	0	1	15958
31.932	0.25	0	1	15966
31.95	0.25	0	1	15975
31.966	0.25	1	2	15983
31.982	0.25	1	2	15991
32.0	0.25	1	2	16000
32.016	0.25	1	2	16008
32.032	0.25	0	1	16016
32.048	0.25	0	1	16024
32.066	0.25	0	1	16033
32.082	0.25	0	1	16041
33.566	0.25	0	1	16783
33.582	0.25	1	2	16791
33.6	0.25	1	2	16800
33.616	0.25	1	2	16808
33.632	0.25	1	2	16816
33.65	0.25	0	1	16825
33.666	0.25	0	1	16833
33.682	0.25	0	1	16841
33.7	0.25	0	1	16850
33.716	0.25	0	1	16858
33.732	0.25	0	1	16866
33.75	0.25	0	1	16875
33.766	0.25	0	1	16883
33.782	0.25	0	1	16891
33.8	0.25	0	1	16900
33.816	0.25	0	1	16908
33.832	0.25	0	1	16916
33.85	0.25	0	1	16925
33.866	0.25	0	1	16933
33.882	0.25	0	1	16941
33.9	0.25	0	1	16950
33.916	0.25	0	1	16958
33.932	0.25	0	1	16966
33.95	0.25	0	1	16975
33.966	0.25	0	1	16983
33.982	0.25	0	1	16991
34.0	0.25	0	1	17000
34.016	0.25	0	1	17008
34.032	0.25	0	1	17016
34.05	0.25	0	1	17025
34.066	0.25	1	2	17033
34.082	0.25	1	2	17041
34.1	0.25	1	2	17050
34.116	0.25	1	2	17058
34.132	0.25	0	1	17066
34.15	0.25	0	1	17075
34.166	0.25	0	1	17083
34.182	0.25	0	1	17091
34.2	0.25	0	1	17100
34.216	0.25	0	1	17108
34.232	0.25	0	1	17116
34.25	0.25	0	1	17125
34.266	0.25	0	1	17133
34.282	0.25	0	1	17141
34.3	0.25	0	1	17150
34.316	0.25	0	1	17158
34.332	0.25	0	1	17166
34.35	0.25	0	1	17175
34.366	0.25	0	1	17183
34.382	0.25	0	1	17191
34.4	0.25	0	1	17200
34.416	0.25	0	1	17208
34.432	0.25	0	1	17216
34.45	0.25	0	1	17225
34.466	0.25	0	1	17233
34.482	0.25	0	1	17241
34.5	0.25	0	1	17250
34.516	0.25	0	1	17258
34.532	0.25	1	2	17266
34.55	0.25	1	2	17275
34.566	0.25	1	2	17283
34.582	0.25	1	2	17291
34.6	0.25	0	1	17300
34.616	0.25	0	1	17308
34.632	0.25	0	1	17316
34.65	0.25	0	1	17325
34.666	0.25	0	1	17333
34.682	0.25	0	1	17341
34.7	0.25	0	1	17350
34.716	0.25	0	1	17358
34.732	0.25	0	1	17366
34.75	0.25	0	1	17375
34.766	0.25	0	1	17383
34.782	0.25	0	1	17391
34.8	0.25	0	1	17400
34.816	0.25	0	1	17408
34.832	0.25	0	1	17416
34.85	0.25	0	1	17425
34.866	0.25	0	1	17433
34.882	0.25	0	1	17441
34.9	0.25	0	1	17450
34.916	0.25	0	1	17458
34.932	0.25	0	1	17466
34.95	0.25	1	2	17475
34.966	0.25	1	2	17483
34.982	0.25	1	2	17491
35.0	0.25	1	2	17500
35.016	0.25	0	1	17508
35.032	0.25	0	1	17516
35.05	0.25	0	1	17525
35.066	0.25	0	1	17533
35.082	0.25	0	1	17541
35.1	0.25	0	1	17550
35.116	0.25	0	1	17558
35.132	0.25	0	1	17566
35.15	0.25	0	1	17575
35.166	0.25	0	1	17583
35.182	0.25	0	1	17591
35.2	0.25	0	1	17600
35.216	0.25	0	1	17608
35.232	0.25	0	1	17616
35.25	0.25	0	1	17625
35.266	0.25	0	1	17633
35.282	0.25	0	1	17641
35.3	0.25	0	1	17650
35.316	0.25	0	1	17658
35.332	0.25	0	1	17666
35.35	0.25	0	1	17675
35.366	0.25	0	1	17683
35.382	0.25	1	2	17691
35.4	0.25	1	2	17700
35.416	0.25	1	2	17708
35.432	0.25	1	2	17716
35.45	0.25	0	1	17725
35.466	0.25	0	1	17733
35.482	0.25	0	1	17741
35.5	0.25	0	1	17750
36.982	0.25	0	1	18491
37.0	0.25	0	1	18500
37.016	0.25	0	1	18508
37.032	0.25	0	1	18516
37.05	0.25	0	1	18525
37.066	0.25	0	1	18533
37.082	0.25	0	1	18541
37.1	0.25	0	1	18550
37.116	0.25	0	1	18558
37.132	0.25	0	1	18566
37.15	0.25	0	1	18575
37.166	0.25	0	1	18583
37.182	0.25	0	1	18591
37.2	0.25	0	1	18600
37.216	0.25	0	1	18608
37.232	0.25	1	2	18616
37.25	0.25	1	2	18625
37.266	0.25	1	2	18633
37.282	0.25	1	2	18641
37.3	0.25	0	1	18650
37.316	0.25	0	1	18658
37.332	0.25	0	1	18666
37.35	0.25	0	1	18675
37.366	0.25	0	1	18683
37.382	0.25	0	1	18691
37.4	0.25	0	1	18700
37.416	0.25	0	1	18708
37.432	0.25	0	1	18716
37.45	0.25	0	1	18725
37.466	0.25	0	1	18733
37.482	0.25	0	1	18741
37.5	0.25	0	1	18750
37.516	0.25	0	1	18758
37.532	0.25	0	1	18766
37.55	0.25	0	1	18775
37.566	0.25	0	1	18783
37.582	0.25	0	1	18791
37.6	0.25	0	1	18800
37.616	0.25	0	1	18808
37.632	0.25	0	1	18816
37.65	0.25	0	1	18825
37.666	0.25	1	2	18833
37.682	0.25	1	2	18841
37.7	0.25	1	2	18850
37.716	0.25	1	2	18858
37.732	0.25	0	1	18866
37.75	0.25	0	1	18875
37.766	0.25	0	1	18883
37.782	0.25	0	1	18891
37.8	0.25	0	1	18900
37.816	0.25	0	1	18908
37.832	0.25	0	1	18916
37.85	0.25	0	1	18925
37.866	0.25	0	1	18933
37.882	0.25	0	1	18941
37.9	0.25	0	1	18950
37.916	0.25	0	1	18958
37.932	0.25	0	1	18966
37.95	0.25	0	1	18975
37.966	0.25	0	1	18983
37.982	0.25	0	1	18991
38.0	0.25	0	1	19000
38.016	0.25	0	1	19008
38.032	0.25	0	1	19016
38.05	0.25	0	1	19025
38.066	0.25	0	1	19033
38.082	0.25	0	1	19041
38.1	0.25	0	1	19050
38.116	0.25	0	1	19058
38.132	0.25	1	2	19066
38.15	0.25	1	2	19075
38.166	0.25	1	2	19083
38.182	0.25	1	2	19091
38.2	0.25	0	1	19100
38.216	0.25	0	1	19108
38.232	0.25	0	1	19116
38.25	0.25	0	1	19125
38.266	0.25	0	1	19133
38.282	0.25	0	1	19141
38.3	0.25	0	1	19150
38.316	0.25	0	1	19158
38.332	0.25	0	1	19166
38.35	0.25	0	1	19175
38.366	0.25	0	1	19183
38.382	0.25	0	1	19191
38.4	0.25	0	1	19200
38.416	0.25	0	1	19208
38.432	0.25	1	2	19216
38.45	0.25	1	2	19225
38.466	0.25	1	2	19233
38.482	0.25	1	2	19241
38.5	0.25	0	1	19250
38.516	0.25	0	1	19258
38.532	0.25	0	1	19266
38.55	0.25	0	1	19275
38.566	0.25	0	1	19283
38.582	0.25	0	1	19291
38.6	0.25	0	1	19300
38.616	0.25	0	1	19308
38.632	0.25	0	1	19316
38.65	0.25	0	1	19325
38.666	0.25	0	1	19333
38.682	0.25	0	1	19341
38.7	0.25	0	1	19350
38.716	0.25	0	1	19358
38.732	0.25	0	1	19366
38.75	0.25	0	1	19375
38.766	0.25	0	1	19383
38.782	0.25	0	1	19391
38.8	0.25	0	1	19400
38.816	0.25	0	1	19408
38.832	0.25	0	1	19416
38.85	0.25	0	1	19425
38.866	0.25	1	2	19433
38.882	0.25	1	2	19441
38.9	0.25	1	2	19450
38.916	0.25	1	2	19458
42.182	0.25	0	1	21091
42.2	0.25	0	1	21100
42.216	0.25	0	1	21108
42.232	0.25	0	1	21116
42.25	0.25	0	1	21125
42.266	0.25	0	1	21133
42.282	0.25	0	1	21141
42.3	0.25	0	1	21150
42.316	0.25	0	1	21158
42.332	0.25	0	1	21166
42.35	0.25	0	1	21175
42.366	0.25	0	1	21183
42.382	0.25	0	1	21191
42.4	0.25	0	1	21200
42.416	0.25	0	1	21208
42.432	0.25	0	1	21216
42.45	0.25	0	1	21225
42.466	0.25	0	1	21233
42.482	0.25	1	2	21241
42.5	0.25	1	2	21250
42.516	0.25	1	2	21258
42.532	0.25	1	2	21266
42.55	0.25	0	1	21275
42.566	0.25	0	1	21283
42.582	0.25	0	1	21291
42.6	0.25	0	1	21300
42.616	0.25	0	1	21308
42.632	0.25	0	1	21316
42.65	0.25	0	1	21325
42.666	0.25	0	1	21333
42.682	0.25	0	1	21341
42.7	0.25	0	1	21350
42.716	0.25	0	1	21358
42.732	0.25	0	1	21366
42.75	0.25	0	1	21375
42.766	0.25	0	1	21383
42.782	0.25	0	1	21391
42.8	0.25	0	1	21400
42.816	0.25	0	1	21408
42.832	0.25	0	1	21416
42.85	0.25	0	1	21425
42.866	0.25	0	1	21433
42.882	0.25	1	2	21441
42.9	0.25	1	2	21450
42.916	0.25	1	2	21458
42.932	0.25	1	2	21466
42.95	0.25	0	1	21475
42.966	0.25	0	1	21483
42.982	0.25	0	1	21491
43.0	0.25	0	1	21500
43.016	0.25	0	1	21508
43.032	0.25	0	1	21516
43.05	0.25	0	1	21525
43.066	0.25	0	1	21533
43.082	0.25	0	1	21541
43.1	0.25	0	1	21550
43.116	0.25	0	1	21558
43.132	0.25	0	1	21566
43.15	0.25	0	1	21575
43.166	0.25	1	2	21583
43.182	0.25	1	2	21591
43.2	0.25	1	2	21600
43.216	0.25	1	2	21608
43.232	0.25	0	1	21616
43.25	0.25	0	1	21625
43.266	0.25	0	1	21633
43.282	0.25	0	1	21641
43.3	0.25	0	1	21650
43.316	0.25	0	1	21658
43.332	0.25	0	1	21666
43.35	0.25	0	1	21675
43.366	0.25	0	1	21683
43.382	0.25	0	1	21691
43.4	0.25	0	1	21700
43.416	0.25	0	1	21708
43.432	0.25	0	1	21716
43.45	0.25	0	1	21725
43.466	0.25	0	1	21733
43.482	0.25	0	1	21741
43.5	0.25	0	1	21750
43.516	0.25	0	1	21758
43.532	0.25	1	2	21766
43.55	0.25	1	2	21775
43.566	0.25	1	2	21783
43.582	0.25	1	2	21791
43.6	0.25	0	1	21800
43.616	0.25	0	1	21808
43.632	0.25	0	1	21816
43.65	0.25	0	1	21825
43.666	0.25	0	1	21833
43.682	0.25	0	1	21841
43.7	0.25	0	1	21850
43.716	0.25	0	1	21858
43.732	0.25	0	1	21866
43.75	0.25	0	1	21875
43.766	0.25	0	1	21883
43.782	0.25	0	1	21891
43.8	0.25	0	1	21900
43.816	0.25	0	1	21908
43.832	0.25	0	1	21916
43.85	0.25	0	1	21925
43.866	0.25	0	1	21933
43.882	0.25	0	1	21941
43.9	0.25	0	1	21950
43.916	0.25	0	1	21958
43.932	0.25	0	1	21966
43.95	0.25	0	1	21975
43.966	0.25	0	1	21983
43.982	0.25	0	1	21991
44.0	0.25	1	2	22000
44.016	0.25	1	2	22008
44.032	0.25	1	2	22016
44.05	0.25	1	2	22025
44.066	0.25	0	1	22033
44.082	0.25	0	1	22041
44.1	0.25	0	1	22050
44.116	0.25	0	1	22058
45.6	0.25	0	1	22800
45.616	0.25	0	1	22808
45.632	0.25	0	1	22816
45.65	0.25	0	1	22825
45.666	0.25	0	1	22833
45.682	0.25	0	1	22841
45.7	0.25	0	1	22850
45.716	0.25	0	1	22858
45.732	0.25	0	1	22866
45.75	0.25	0	1	22875
45.766	0.25	0	1	22883
45.782	0.25	0	1	22891
45.8	0.25	0	1	22900
45.816	0.25	0	1	22908
45.832	0.25	0	1	22916
45.85	0.25	1	2	22925
45.866	0.25	1	2	22933
45.882	0.25	1	2	22941
45.9	0.25	1	2	22950
45.916	0.25	0	1	22958
45.932	0.25	0	1	22966
45.95	0.25	0	1	22975
45.966	0.25	0	1	22983
45.982	0.25	0	1	22991
46.0	0.25	0	1	23000
46.016	0.25	0	1	23008
46.032	0.25	0	1	23016
46.05	0.25	0	1	23025
46.066	0.25	0	1	23033
46.082	0.25	0	1	23041
46.1	0.25	0	1	23050
46.116	0.25	0	1	23058
46.132	0.25	0	1	23066
46.15	0.25	0	1	23075
46.166	0.25	0	1	23083
46.182	0.25	0	1	23091
46.2	0.25	0	1	23100
46.216	0.25	0	1	23108
46.232	0.25	0	1	23116
46.25	0.25	0	1	23125
46.266	0.25	0	1	23133
46.282	0.25	1	2	23141
46.3	0.25	1	2	23150
46.316	0.25	1	2	23158
46.332	0.25	1	2	23166
46.35	0.25	0	1	23175
46.366	0.25	0	1	23183
46.382	0.25	0	1	23191
46.4	0.25	0	1	23200
46.416	0.25	0	1	23208
46.432	0.25	0	1	23216
46.45	0.25	0	1	23225
46.466	0.25	0	1	23233
46.482	0.25	0	1	23241
46.5	0.25	0	1	23250
46.516	0.25	0	1	23258
46.532	0.25	0	1	23266
46.55	0.25	0	1	23275
46.566	0.25	0	1	23283
46.582	0.25	0	1	23291
46.6	0.25	0	1	23300
46.616	0.25	0	1	23308
46.632	0.25	0	1	23316
46.65	0.25	0	1	23325
46.666	0.25	0	1	23333
46.682	0.25	0	1	23341
46.7	0.25	0	1	23350
46.716	0.25	0	1	23358
46.732	0.25	0	1	23366
46.75	0.25	1	2	23375
46.766	0.25	1	2	23383
46.782	0.25	1	2	23391
46.8	0.25	1	2	23400
46.816	0.25	0	1	23408
46.832	0.25	0	1	23416
46.85	0.25	0	1	23425
46.866	0.25	0	1	23433
46.882	0.25	0	1	23441
46.9	0.25	0	1	23450
46.916	0.25	0	1	23458
46.932	0.25	0	1	23466
46.95	0.25	0	1	23475
46.966	0.25	0	1	23483
46.982	0.25	0	1	23491
47.0	0.25	0	1	23500
47.016	0.25	0	1	23508
47.032	0.25	0	1	23516
47.05	0.25	1	2	23525
47.066	0.25	1	2	23533
47.082	0.25	1	2	23541
47.1	0.25	1	2	23550
47.116	0.25	0	1	23558
47.132	0.25	0	1	23566
47.15	0.25	0	1	23575
47.166	0.25	0	1	23583
47.182	0.25	0	1	23591
47.2	0.25	0	1	23600
47.216	0.25	0	1	23608
47.232	0.25	0	1	23616
47.25	0.25	0	1	23625
47.266	0.25	0	1	23633
47.282	0.25	0	1	23641
47.3	0.25	0	1	23650
47.316	0.25	0	1	23658
47.332	0.25	0	1	23666
47.35	0.25	0	1	23675
47.366	0.25	0	1	23683
47.382	0.25	0	1	23691
47.4	0.25	0	1	23700
47.416	0.25	0	1	23708
47.432	0.25	0	1	23716
47.45	0.25	0	1	23725
47.466	0.25	0	1	23733
47.482	0.25	1	2	23741
47.5	0.25	1	2	23750
47.516	0.25	1	2	23758
47.532	0.25	1	2	23766
49.016	0.25	0	1	24508
49.032	0.25	1	2	24516
49.05	0.25	1	2	24525
49.066	0.25	1	2	24533
49.082	0.25	1	2	24541
49.1	0.25	0	1	24550
49.116	0.25	0	1	24558
49.132	0.25	0	1	24566
49.15	0.25	0	1	24575
49.166	0.25	0	1	24583
49.182	0.25	0	1	24591
49.2	0.25	0	1	24600
49.216	0.25	0	1	24608
49.232	0.25	0	1	24616
49.25	0.25	0	1	24625
49.266	0.25	0	1	24633
49.282	0.25	0	1	24641
49.3	0.25	0	1	24650
49.316	0.25	0	1	24658
49.332	0.25	0	1	24666
49.35	0.25	0	1	24675
49.366	0.25	0	1	24683
49.382	0.25	0	1	24691
49.4	0.25	0	1	24700
49.416	0.25	0	1	24708
49.432	0.25	0	1	24716
49.45	0.25	0	1	24725
49.466	0.25	0	1	24733
49.482	0.25	0	1	24741
49.5	0.25	0	1	24750
49.516	0.25	1	2	24758
49.532	0.25	1	2	24766
49.55	0.25	1	2	24775
49.566	0.25	1	2	24783
49.582	0.25	0	1	24791
49.6	0.25	0	1	24800
49.616	0.25	0	1	24808
49.632	0.25	0	1	24816
49.65	0.25	0	1	24825
49.666	0.25	0	1	24833
49.682	0.25	0	1	24841
49.7	0.25	0	1	24850
49.716	0.25	0	1	24858
49.732	0.25	0	1	24866
49.75	0.25	0	1	24875
49.766	0.25	0	1	24883
49.782	0.25	0	1	24891
49.8	0.25	0	1	24900
49.816	0.25	0	1	24908
49.832	0.25	0	1	24916
49.85	0.25	0	1	24925
49.866	0.25	0	1	24933
49.882	0.25	0	1	24941
49.9	0.25	0	1	24950
49.916	0.25	0	1	24958
49.932	0.25	0	1	24966
49.95	0.25	0	1	24975
49.966	0.25	0	1	24983
49.982	0.25	1	2	24991
50.0	0.25	1	2	25000
50.016	0.25	1	2	25008
50.032	0.25	1	2	25016
50.05	0.25	0	1	25025
50.066	0.25	0	1	25033
50.082	0.25	0	1	25041
50.1	0.25	0	1	25050
50.116	0.25	0	1	25058
50.132	0.25	0	1	25066
50.15	0.25	0	1	25075
50.166	0.25	0	1	25083
50.182	0.25	0	1	25091
50.2	0.25	0	1	25100
50.216	0.25	0	1	25108
50.232	0.25	0	1	25116
50.25	0.25	0	1	25125
50.266	0.25	0	1	25133
50.282	0.25	0	1	25141
50.3	0.25	0	1	25150
50.316	0.25	0	1	25158
50.332	0.25	0	1	25166
50.35	0.25	0	1	25175
50.366	0.25	0	1	25183
50.382	0.25	0	1	25191
50.4	0.25	1	2	25200
50.416	0.25	1	2	25208
50.432	0.25	1	2	25216
50.45	0.25	1	2	25225
50.466	0.25	0	1	25233
50.482	0.25	0	1	25241
50.5	0.25	0	1	25250
50.516	0.25	0	1	25258
50.532	0.25	0	1	25266
50.55	0.25	0	1	25275
50.566	0.25	0	1	25283
50.582	0.25	0	1	25291
50.6	0.25	0	1	25300
50.616	0.25	0	1	25308
50.632	0.25	0	1	25316
50.65	0.25	0	1	25325
50.666	0.25	0	1	25333
50.682	0.25	0	1	25341
50.7	0.25	0	1	25350
50.716	0.25	0	1	25358
50.732	0.25	0	1	25366
50.75	0.25	0	1	25375
50.766	0.25	0	1	25383
50.782	0.25	0	1	25391
50.8	0.25	0	1	25400
50.816	0.25	0	1	25408
50.832	0.25	1	2	25416
50.85	0.25	1	2	25425
50.866	0.25	1	2	25433
50.882	0.25	1	2	25441
50.9	0.25	0	1	25450
50.916	0.25	0	1	25458
50.932	0.25	0	1	25466
50.95	0.25	0	1	25475
52.432	0.25	0	1	26216
52.45	0.25	0	1	26225
52.466	0.25	0	1	26233
52.482	0.25	0	1	26241
52.5	0.25	0	1	26250
52.516	0.25	0	1	26258
52.532	0.25	0	1	26266
52.55	0.25	0	1	26275
52.566	0.25	0	1	26283
52.582	0.25	0	1	26291
52.6	0.25	0	1	26300
52.616	0.25	0	1	26308
52.632	0.25	0	1	26316
52.65	0.25	0	1	26325
52.666	0.25	0	1	26333
52.682	0.25	0	1	26341
52.7	0.25	0	1	26350
52.716	0.25	0	1	26358
52.732	0.25	0	1	26366
52.75	0.25	0	1	26375
52.766	0.25	0	1	26383
52.782	0.25	0	1	26391
52.8	0.25	0	1	26400
52.816	0.25	1	2	26408
52.832	0.25	1	2	26416
52.85	0.25	1	2	26425
52.866	0.25	1	2	26433
52.882	0.25	0	1	26441
52.9	0.25	0	1	26450
52.916	0.25	0	1	26458
52.932	0.25	0	1	26466
52.95	0.25	0	1	26475
52.966	0.25	0	1	26483
52.982	0.25	0	1	26491
53.0	0.25	0	1	26500
53.016	0.25	0	1	26508
53.032	0.25	0	1	26516
53.05	0.25	0	1	26525
53.066	0.25	0	1	26533
53.082	0.25	0	1	26541
53.1	0.25	0	1	26550
53.116	0.25	0	1	26558
53.132	0.25	0	1	26566
53.15	0.25	0	1	26575
53.166	0.25	0	1	26583
53.182	0.25	0	1	26591
53.2	0.25	1	2	26600
53.216	0.25	1	2	26608
53.232	0.25	1	2	26616
53.25	0.25	1	2	26625
53.266	0.25	0	1	26633
53.282	0.25	0	1	26641
53.3	0.25	0	1	26650
53.316	0.25	0	1	26658
53.332	0.25	0	1	26666
53.35	0.25	0	1	26675
53.366	0.25	0	1	26683
53.382	0.25	0	1	26691
53.4	0.25	0	1	26700
53.416	0.25	0	1	26708
53.432	0.25	0	1	26716
53.45	0.25	0	1	26725
53.466	0.25	0	1	26733
53.482	0.25	0	1	26741
53.5	0.25	1	2	26750
53.516	0.25	1	2	26758
53.532	0.25	1	2	26766
53.55	0.25	1	2	26775
53.566	0.25	0	1	26783
53.582	0.25	0	1	26791
53.6	0.25	0	1	26800
53.616	0.25	0	1	26808
53.632	0.25	0	1	26816
53.65	0.25	0	1	26825
53.666	0.25	0	1	26833
53.682	0.25	0	1	26841
53.7	0.25	0	1	26850
53.716	0.25	0	1	26858
53.732	0.25	0	1	26866
53.75	0.25	0	1	26875
53.766	0.25	0	1	26883
53.782	0.25	1	2	26891
53.8	0.25	1	2	26900
53.816	0.25	1	2	26908
53.832	0.25	1	2	26916
53.85	0.25	0	1	26925
53.866	0.25	0	1	26933
53.882	0.25	0	1	26941
53.9	0.25	0	1	26950
53.916	0.25	0	1	26958
53.932	0.25	0	1	26966
53.95	0.25	0	1	26975
53.966	0.25	0	1	26983
53.982	0.25	0	1	26991
54.0	0.25	0	1	27000
54.016	0.25	0	1	27008
54.032	0.25	0	1	27016
54.05	0.25	0	1	27025
54.066	0.25	0	1	27033
54.082	0.25	0	1	27041
54.1	0.25	0	1	27050
54.116	0.25	1	2	27058
54.132	0.25	1	2	27066
54.15	0.25	1	2	27075
54.166	0.25	1	2	27083
54.182	0.25	0	1	27091
54.2	0.25	0	1	27100
54.216	0.25	0	1	27108
54.232	0.25	0	1	27116
54.25	0.25	0	1	27125
54.266	0.25	0	1	27133
54.282	0.25	0	1	27141
54.3	0.25	0	1	27150
54.316	0.25	0	1	27158
54.332	0.25	0	1	27166
54.35	0.25	0	1	27175
54.366	0.25	0	1	27183
57.382	0.25	0	1	28691
57.4	0.25	1	2	28700
57.416	0.25	1	2	28708
57.432	0.25	1	2	28716
57.45	0.25	1	2	28725
57.466	0.25	0	1	28733
57.482	0.25	0	1	28741
57.5	0.25	0	1	28750
57.516	0.25	0	1	28758
57.532	0.25	0	1	28766
57.55	0.25	0	1	28775
57.566	0.25	0	1	28783
57.582	0.25	0	1	28791
57.6	0.25	0	1	28800
57.616	0.25	0	1	28808
57.632	0.25	0	1	28816
57.65	0.25	0	1	28825
57.666	0.25	0	1	28833
57.682	0.25	0	1	28841
57.7	0.25	0	1	28850
57.716	0.25	0	1	28858
57.732	0.25	0	1	28866
57.75	0.25	0	1	28875
57.766	0.25	0	1	28883
57.782	0.25	0	1	28891
57.8	0.25	0	1	28900
57.816	0.25	0	1	28908
57.832	0.25	0	1	28916
57.85	0.25	0	1	28925
57.866	0.25	0	1	28933
57.882	0.25	1	2	28941
57.9	0.25	1	2	28950
57.916	0.25	1	2	28958
57.932	0.25	1	2	28966
57.95	0.25	0	1	28975
57.966	0.25	0	1	28983
57.982	0.25	0	1	28991
58.0	0.25	0	1	29000
58.016	0.25	0	1	29008
58.032	0.25	0	1	29016
58.05	0.25	0	1	29025
58.066	0.25	0	1	29033
58.082	0.25	0	1	29041
58.1	0.25	0	1	29050
58.116	0.25	0	1	29058
58.132	0.25	0	1	29066
58.15	0.25	0	1	29075
58.166	0.25	0	1	29083
58.182	0.25	0	1	29091
58.2	0.25	0	1	29100
58.216	0.25	0	1	29108
58.232	0.25	0	1	29116
58.25	0.25	0	1	29125
58.266	0.25	0	1	29133
58.282	0.25	0	1	29141
58.3	0.25	0	1	29150
58.316	0.25	0	1	29158
58.332	0.25	0	1	29166
58.35	0.25	1	2	29175
58.366	0.25	1	2	29183
58.382	0.25	1	2	29191
58.4	0.25	1	2	29200
58.416	0.25	0	1	29208
58.432	0.25	0	1	29216
58.45	0.25	0	1	29225
58.466	0.25	0	1	29233
58.482	0.25	0	1	29241
58.5	0.25	0	1	29250
58.516	0.25	0	1	29258
58.532	0.25	0	1	29266
58.55	0.25	0	1	29275
58.566	0.25	0	1	29283
58.582	0.25	0	1	29291
58.6	0.25	0	1	29300
58.616	0.25	0	1	29308
58.632	0.25	0	1	29316
58.65	0.25	0	1	29325
58.666	0.25	0	1	29333
58.682	0.25	0	1	29341
58.7	0.25	0	1	29350
58.716	0.25	0	1	29358
58.732	0.25	0	1	29366
58.75	0.25	0	1	29375
58.766	0.25	1	2	29383
58.782	0.25	1	2	29391
58.8	0.25	1	2	29400
58.816	0.25	1	2	29408
58.832	0.25	0	1	29416
58.85	0.25	0	1	29425
58.866	0.25	0	1	29433
58.882	0.25	0	1	29441
58.9	0.25	0	1	29450
58.916	0.25	0	1	29458
58.932	0.25	0	1	29466
58.95	0.25	0	1	29475
58.966	0.25	0	1	29483
58.982	0.25	0	1	29491
59.0	0.25	0	1	29500
59.016	0.25	0	1	29508
59.032	0.25	0	1	29516
59.05	0.25	0	1	29525
59.066	0.25	0	1	29533
59.082	0.25	0	1	29541
59.1	0.25	0	1	29550
59.116	0.25	0	1	29558
59.132	0.25	0	1	29566
59.15	0.25	0	1	29575
59.166	0.25	0	1	29583
59.182	0.25	0	1	29591
59.2	0.25	1	2	29600
59.216	0.25	1	2	29608
59.232	0.25	1	2	29616
59.25	0.25	1	2	29625
59.266	0.25	0	1	29633
59.282	0.25	0	1	29641
59.3	0.25	0	1	29650
59.316	0.25	0	1	29658
60.8	0.25	0	1	30400
60.816	0.25	0	1	30408
60.832	0.25	0	1	30416
60.85	0.25	0	1	30425
60.866	0.25	0	1	30433
60.882	0.25	0	1	30441
60.9	0.25	0	1	30450
60.916	0.25	0	1	30458
60.932	0.25	0	1	30466
60.95	0.25	0	1	30475
60.966	0.25	0	1	30483
60.982	0.25	0	1	30491
61.0	0.25	0	1	30500
61.016	0.25	0	1	30508
61.032	0.25	0	1	30516
61.05	0.25	1	2	30525
61.066	0.25	1	2	30533
61.082	0.25	1	2	30541
61.1	0.25	1	2	30550
61.116	0.25	0	1	30558
61.132	0.25	0	1	30566
61.15	0.25	0	1	30575
61.166	0.25	0	1	30583
61.182	0.25	0	1	30591
61.2	0.25	0	1	30600
61.216	0.25	0	1	30608
61.232	0.25	0	1	30616
61.25	0.25	0	1	30625
61.266	0.25	0	1	30633
61.282	0.25	0	1	30641
61.3	0.25	0	1	30650
61.316	0.25	0	1	30658
61.332	0.25	0	1	30666
61.35	0.25	0	1	30675
61.366	0.25	0	1	30683
61.382	0.25	0	1	30691
61.4	0.25	0	1	30700
61.416	0.25	0	1	30708
61.432	0.25	0	1	30716
61.45	0.25	0	1	30725
61.466	0.25	0	1	30733
61.482	0.25	1	2	30741
61.5	0.25	1	2	30750
61.516	0.25	1	2	30758
61.532	0.25	1	2	30766
61.55	0.25	0	1	30775
61.566	0.25	0	1	30783
61.582	0.25	0	1	30791
61.6	0.25	0	1	30800
61.616	0.25	0	1	30808
61.632	0.25	0	1	30816
61.65	0.25	0	1	30825
61.666	0.25	0	1	30833
61.682	0.25	0	1	30841
61.7	0.25	0	1	30850
61.716	0.25	0	1	30858
61.732	0.25	0	1	30866
61.75	0.25	0	1	30875
61.766	0.25	0	1	30883
61.782	0.25	0	1	30891
61.8	0.25	0	1	30900
61.816	0.25	0	1	30908
61.832	0.25	0	1	30916
61.85	0.25	0	1	30925
61.866	0.25	0	1	30933
61.882	0.25	0	1	30941
61.9	0.25	0	1	30950
61.916	0.25	0	1	30958
61.932	0.25	0	1	30966
61.95	0.25	1	2	30975
61.966	0.25	1	2	30983
61.982	0.25	1	2	30991
62.0	0.25	1	2	31000
62.016	0.25	0	1	31008
62.032	0.25	0	1	31016
62.05	0.25	0	1	31025
62.066	0.25	0	1	31033
62.082	0.25	0	1	31041
62.1	0.25	0	1	31050
62.116	0.25	0	1	31058
62.132	0.25	0	1	31066
62.15	0.25	0	1	31075
62.166	0.25	0	1	31083
62.182	0.25	0	1	31091
62.2	0.25	0	1	31100
62.216	0.25	0	1	31108
62.232	0.25	0	1	31116
62.25	0.25	1	2	31125
62.266	0.25	1	2	31133
62.282	0.25	1	2	31141
62.3	0.25	1	2	31150
62.316	0.25	0	1	31158
62.332	0.25	0	1	31166
62.35	0.25	0	1	31175
62.366	0.25	0	1	31183
62.382	0.25	0	1	31191
62.4	0.25	0	1	31200
62.416	0.25	0	1	31208
62.432	0.25	0	1	31216
62.45	0.25	0	1	31225
62.466	0.25	0	1	31233
62.482	0.25	0	1	31241
62.5	0.25	0	1	31250
62.516	0.25	0	1	31258
62.532	0.25	0	1	31266
62.55	0.25	0	1	31275
62.566	0.25	0	1	31283
62.582	0.25	0	1	31291
62.6	0.25	0	1	31300
62.616	0.25	0	1	31308
62.632	0.25	0	1	31316
62.65	0.25	0	1	31325
62.666	0.25	0	1	31333
62.682	0.25	1	2	31341
62.7	0.25	1	2	31350
62.716	0.25	1	2	31358
62.732	0.25	1	2	31366
64.216	0.25	0	1	32108
64.232	0.25	0	1	32116
64.25	0.25	0	1	32125
64.266	0.25	0	1	32133
64.282	0.25	0	1	32141
64.3	0.25	0	1	32150
64.316	0.25	0	1	32158
64.332	0.25	0	1	32166
64.348	0.25	0	1	32174
64.366	0.25	0	1	32183
64.382	0.25	0	1	32191
64.4	0.25	0	1	32200
64.416	0.25	0	1	32208
64.432	0.25	0	1	32216
64.45	0.25	0	1	32225
64.466	0.25	0	1	32233
64.482	0.25	0	1	32241
64.5	0.25	0	1	32250
64.516	0.25	0	1	32258
64.532	0.25	0	1	32266
64.55	0.25	0	1	32275
64.566	0.25	0	1	32283
64.582	0.25	0	1	32291
64.598	0.25	1	2	32299
64.616	0.25	1	2	32308
64.632	0.25	1	2	32316
64.65	0.25	1	2	32325
64.666	0.25	0	1	32333
64.682	0.25	0	1	32341
64.7	0.25	0	1	32350
64.716	0.25	0	1	32358
64.732	0.25	0	1	32366
64.75	0.25	0	1	32375
64.766	0.25	0	1	32383
64.782	0.25	0	1	32391
64.8	0.25	0	1	32400
64.816	0.25	0	1	32408
64.832	0.25	0	1	32416
64.848	0.25	0	1	32424
64.866	0.25	0	1	32433
64.882	0.25	0	1	32441
64.9	0.25	0	1	32450
64.916	0.25	0	1	32458
64.932	0.25	0	1	32466
64.95	0.25	0	1	32475
64.966	0.25	0	1	32483
64.982	0.25	1	2	32491
65.0	0.25	1	2	32500
65.016	0.25	1	2	32508
65.032	0.25	1	2	32516
65.05	0.25	0	1	32525
65.066	0.25	0	1	32533
65.082	0.25	0	1	32541
65.098	0.25	0	1	32549
65.116	0.25	0	1	32558
65.132	0.25	0	1	32566
65.15	0.25	0	1	32575
65.166	0.25	0	1	32583
65.182	0.25	0	1	32591
65.2	0.25	0	1	32600
65.216	0.25	0	1	32608
65.232	0.25	0	1	32616
65.25	0.25	0	1	32625
65.266	0.25	0	1	32633
65.282	0.25	1	2	32641
65.3	0.25	1	2	32650
65.316	0.25	1	2	32658
65.332	0.25	1	2	32666
65.348	0.25	0	1	32674
65.366	0.25	0	1	32683
65.382	0.25	0	1	32691
65.4	0.25	0	1	32700
65.416	0.25	0	1	32708
65.432	0.25	0	1	32716
65.45	0.25	0	1	32725
65.466	0.25	0	1	32733
65.482	0.25	0	1	32741
65.5	0.25	0	1	32750
65.516	0.25	0	1	32758
65.532	0.25	0	1	32766
65.55	0.25	0	1	32775
65.566	0.25	1	2	32783
65.582	0.25	1	2	32791
65.6	0.25	1	2	32800
65.616	0.25	1	2	32808
65.632	0.25	0	1	32816
65.65	0.25	0	1	32825
65.666	0.25	0	1	32833
65.682	0.25	0	1	32841
65.7	0.25	0	1	32850
65.716	0.25	0	1	32858
65.732	0.25	0	1	32866
65.75	0.25	0	1	32875
65.766	0.25	0	1	32883
65.782	0.25	0	1	32891
65.8	0.25	0	1	32900
65.816	0.25	0	1	32908
65.832	0.25	0	1	32916
65.85	0.25	0	1	32925
65.866	0.25	0	1	32933
65.882	0.25	0	1	32941
65.9	0.25	1	2	32950
65.916	0.25	1	2	32958
65.932	0.25	1	2	32966
65.95	0.25	1	2	32975
65.966	0.25	0	1	32983
65.982	0.25	0	1	32991
66.0	0.25	0	1	33000
66.016	0.25	0	1	33008
66.032	0.25	0	1	33016
66.05	0.25	0	1	33025
66.066	0.25	0	1	33033
66.082	0.25	0	1	33041
66.1	0.25	0	1	33050
66.116	0.25	0	1	33058
66.132	0.25	0	1	33066
66.15	0.25	0	1	33075
67.632	0.25	0	1	33816
67.65	0.25	0	1	33825
67.666	0.25	0	1	33833
67.682	0.25	0	1	33841
67.7	0.25	0	1	33850
67.716	0.25	0	1	33858
67.732	0.25	0	1	33866
67.75	0.25	0	1	33875
67.766	0.25	0	1	33883
67.782	0.25	0	1	33891
67.8	0.25	0	1	33900
67.816	0.25	0	1	33908
67.832	0.25	0	1	33916
67.85	0.25	0	1	33925
67.866	0.25	0	1	33933
67.882	0.25	0	1	33941
67.9	0.25	0	1	33950
67.916	0.25	0	1	33958
67.932	0.25	1	2	33966
67.95	0.25	1	2	33975
67.966	0.25	1	2	33983
67.982	0.25	1	2	33991
68.0	0.25	0	1	34000
68.016	0.25	0	1	34008
68.032	0.25	0	1	34016
68.05	0.25	0	1	34025
68.066	0.25	0	1	34033
68.082	0.25	0	1	34041
68.1	0.25	0	1	34050
68.116	0.25	0	1	34058
68.132	0.25	0	1	34066
68.15	0.25	0	1	34075
68.166	0.25	0	1	34083
68.182	0.25	0	1	34091
68.2	0.25	0	1	34100
68.216	0.25	0	1	34108
68.232	0.25	0	1	34116
68.25	0.25	0	1	34125
68.266	0.25	0	1	34133
68.282	0.25	0	1	34141
68.3	0.25	0	1	34150
68.316	0.25	0	1	34158
68.332	0.25	1	2	34166
68.35	0.25	1	2	34175
68.366	0.25	1	2	34183
68.382	0.25	1	2	34191
68.4	0.25	0	1	34200
68.416	0.25	0	1	34208
68.432	0.25	0	1	34216
68.45	0.25	0	1	34225
68.466	0.25	0	1	34233
68.482	0.25	0	1	34241
68.5	0.25	0	1	34250
68.516	0.25	0	1	34258
68.532	0.25	0	1	34266
68.55	0.25	0	1	34275
68.566	0.25	0	1	34283
68.582	0.25	0	1	34291
68.6	0.25	0	1	34300
68.616	0.25	1	2	34308
68.632	0.25	1	2	34316
68.65	0.25	1	2	34325
68.666	0.25	1	2	34333
68.682	0.25	0	1	34341
68.7	0.25	0	1	34350
68.716	0.25	0	1	34358
68.732	0.25	0	1	34366
68.75	0.25	0	1	34375
68.766	0.25	0	1	34383
68.782	0.25	0	1	34391
68.8	0.25	0	1	34400
68.816	0.25	0	1	34408
68.832	0.25	0	1	34416
68.85	0.25	0	1	34425
68.866	0.25	0	1	34433
68.882	0.25	0	1	34441
68.9	0.25	0	1	34450
68.916	0.25	0	1	34458
68.932	0.25	0	1	34466
68.95	0.25	0	1	34475
68.966	0.25	0	1	34483
68.982	0.25	1	2	34491
69.0	0.25	1	2	34500
69.016	0.25	1	2	34508
69.032	0.25	1	2	34516
69.05	0.25	0	1	34525
69.066	0.25	0	1	34533
69.082	0.25	0	1	34541
69.1	0.25	0	1	34550
69.116	0.25	0	1	34558
69.132	0.25	0	1	34566
69.15	0.25	0	1	34575
69.166	0.25	0	1	34583
69.182	0.25	0	1	34591
69.2	0.25	0	1	34600
69.216	0.25	0	1	34608
69.232	0.25	0	1	34616
69.25	0.25	0	1	34625
69.266	0.25	0	1	34633
69.282	0.25	0	1	34641
69.3	0.25	0	1	34650
69.316	0.25	0	1	34658
69.332	0.25	0	1	34666
69.35	0.25	0	1	34675
69.366	0.25	0	1	34683
69.382	0.25	0	1	34691
69.4	0.25	0	1	34700
69.416	0.25	0	1	34708
69.432	0.25	0	1	34716
69.45	0.25	1	2	34725
69.466	0.25	1	2	34733
69.482	0.25	1	2	34741
69.5	0.25	1	2	34750
69.516	0.25	0	1	34758
69.532	0.25	0	1	34766
69.55	0.25	0	1	34775
69.566	0.25	0	1	34783
72.1	0.25	0	1	36050
72.116	0.25	1	2	36058
72.132	0.25	1	2	36066
72.15	0.25	1	2	36075
72.166	0.25	1	2	36083
72.182	0.25	0	1	36091
72.2	0.25	0	1	36100
72.216	0.25	0	1	36108
72.232	0.25	0	1	36116
72.25	0.25	0	1	36125
72.266	0.25	0	1	36133
72.282	0.25	0	1	36141
72.3	0.25	0	1	36150
72.316	0.25	0	1	36158
72.332	0.25	0	1	36166
72.35	0.25	0	1	36175
72.366	0.25	0	1	36183
72.382	0.25	0	1	36191
72.4	0.25	0	1	36200
72.416	0.25	0	1	36208
72.432	0.25	0	1	36216
72.45	0.25	0	1	36225
72.466	0.25	0	1	36233
72.482	0.25	0	1	36241
72.5	0.25	0	1	36250
72.516	0.25	0	1	36258
72.532	0.25	0	1	36266
72.55	0.25	0	1	36275
72.566	0.25	0	1	36283
72.582	0.25	0	1	36291
72.6	0.25	1	2	36300
72.616	0.25	1	2	36308
72.632	0.25	1	2	36316
72.65	0.25	1	2	36325
72.666	0.25	0	1	36333
72.682	0.25	0	1	36341
72.7	0.25	0	1	36350
72.716	0.25	0	1	36358
72.732	0.25	0	1	36366
72.75	0.25	0	1	36375
72.766	0.25	0	1	36383
72.782	0.25	0	1	36391
72.8	0.25	0	1	36400
72.816	0.25	0	1	36408
72.832	0.25	0	1	36416
72.85	0.25	0	1	36425
72.866	0.25	0	1	36433
72.882	0.25	0	1	36441
72.9	0.25	0	1	36450
72.916	0.25	0	1	36458
72.932	0.25	0	1	36466
72.95	0.25	0	1	36475
72.966	0.25	0	1	36483
72.982	0.25	0	1	36491
73.0	0.25	0	1	36500
73.016	0.25	0	1	36508
73.032	0.25	0	1	36516
73.05	0.25	0	1	36525
73.066	0.25	1	2	36533
73.082	0.25	1	2	36541
73.1	0.25	1	2	36550
73.116	0.25	1	2	36558
73.132	0.25	0	1	36566
73.15	0.25	0	1	36575
73.166	0.25	0	1	36583
73.182	0.25	0	1	36591
73.2	0.25	0	1	36600
73.216	0.25	0	1	36608
73.232	0.25	0	1	36616
73.25	0.25	0	1	36625
73.266	0.25	0	1	36633
73.282	0.25	0	1	36641
73.3	0.25	0	1	36650
73.316	0.25	0	1	36658
73.332	0.25	0	1	36666
73.35	0.25	0	1	36675
73.366	0.25	0	1	36683
73.382	0.25	0	1	36691
73.4	0.25	0	1	36700
73.416	0.25	0	1	36708
73.432	0.25	0	1	36716
73.45	0.25	0	1	36725
73.466	0.25	0	1	36733
73.482	0.25	1	2	36741
73.5	0.25	1	2	36750
73.516	0.25	1	2	36758
73.532	0.25	1	2	36766
73.55	0.25	0	1	36775
73.566	0.25	0	1	36783
73.582	0.25	0	1	36791
73.6	0.25	0	1	36800
73.616	0.25	0	1	36808
73.632	0.25	0	1	36816
73.65	0.25	0	1	36825
73.666	0.25	0	1	36833
73.682	0.25	0	1	36841
73.7	0.25	0	1	36850
73.716	0.25	0	1	36858
73.732	0.25	0	1	36866
73.75	0.25	0	1	36875
73.766	0.25	0	1	36883
73.782	0.25	0	1	36891
73.8	0.25	0	1	36900
73.816	0.25	0	1	36908
73.832	0.25	0	1	36916
73.85	0.25	0	1	36925
73.866	0.25	0	1	36933
73.882	0.25	0	1	36941
73.9	0.25	0	1	36950
73.916	0.25	1	2	36958
73.932	0.25	1	2	36966
73.95	0.25	1	2	36975
73.966	0.25	1	2	36983
73.982	0.25	0	1	36991
74.0	0.25	0	1	37000
74.016	0.25	0	1	37008
74.032	0.25	0	1	37016
75.516	0.25	0	1	37758
75.532	0.25	0	1	37766
75.55	0.25	0	1	37775
75.566	0.25	0	1	37783
75.582	0.25	0	1	37791
75.6	0.25	0	1	37800
75.616	0.25	0	1	37808
75.632	0.25	0	1	37816
75.65	0.25	0	1	37825
75.666	0.25	0	1	37833
75.682	0.25	0	1	37841
75.7	0.25	0	1	37850
75.716	0.25	0	1	37858
75.732	0.25	0	1	37866
75.75	0.25	0	1	37875
75.766	0.25	0	1	37883
75.782	0.25	0	1	37891
75.8	0.25	0	1	37900
75.816	0.25	0	1	37908
75.832	0.25	0	1	37916
75.85	0.25	0	1	37925
75.866	0.25	0	1	37933
75.882	0.25	0	1	37941
75.9	0.25	1	2	37950
75.916	0.25	1	2	37958
75.932	0.25	1	2	37966
75.95	0.25	1	2	37975
75.966	0.25	0	1	37983
75.982	0.25	0	1	37991
76.0	0.25	0	1	38000
76.016	0.25	0	1	38008
76.032	0.25	0	1	38016
76.05	0.25	0	1	38025
76.066	0.25	0	1	38033
76.082	0.25	0	1	38041
76.1	0.25	0	1	38050
76.116	0.25	0	1	38058
76.132	0.25	0	1	38066
76.15	0.25	0	1	38075
76.166	0.25	0	1	38083
76.182	0.25	0	1	38091
76.2	0.25	0	1	38100
76.216	0.25	0	1	38108
76.232	0.25	0	1	38116
76.25	0.25	0	1	38125
76.266	0.25	0	1	38133
76.282	0.25	1	2	38141
76.3	0.25	1	2	38150
76.316	0.25	1	2	38158
76.332	0.25	1	2	38166
76.35	0.25	0	1	38175
76.366	0.25	0	1	38183
76.382	0.25	0	1	38191
76.4	0.25	0	1	38200
76.416	0.25	0	1	38208
76.432	0.25	0	1	38216
76.45	0.25	0	1	38225
76.466	0.25	0	1	38233
76.482	0.25	0	1	38241
76.5	0.25	0	1	38250
76.516	0.25	0	1	38258
76.532	0.25	0	1	38266
76.55	0.25	0	1	38275
76.566	0.25	0	1	38283
76.582	0.25	1	2	38291
76.6	0.25	1	2	38300
76.616	0.25	1	2	38308
76.632	0.25	1	2	38316
76.65	0.25	0	1	38325
76.666	0.25	0	1	38333
76.682	0.25	0	1	38341
76.7	0.25	0	1	38350
76.716	0.25	0	1	38358
76.732	0.25	0	1	38366
76.75	0.25	0	1	38375
76.766	0.25	0	1	38383
76.782	0.25	0	1	38391
76.8	0.25	0	1	38400
76.816	0.25	0	1	38408
76.832	0.25	0	1	38416
76.85	0.25	0	1	38425
76.866	0.25	1	2	38433
76.882	0.25	1	2	38441
76.9	0.25	1	2	38450
76.916	0.25	1	2	38458
76.932	0.25	0	1	38466
76.95	0.25	0	1	38475
76.966	0.25	0	1	38483
76.982	0.25	0	1	38491
77.0	0.25	0	1	38500
77.016	0.25	0	1	38508
77.032	0.25	0	1	38516
77.05	0.25	0	1	38525
77.066	0.25	0	1	38533
77.082	0.25	0	1	38541
77.1	0.25	0	1	38550
77.116	0.25	0	1	38558
77.132	0.25	0	1	38566
77.15	0.25	0	1	38575
77.166	0.25	0	1	38583
77.182	0.25	0	1	38591
77.2	0.25	1	2	38600
77.216	0.25	1	2	38608
77.232	0.25	1	2	38616
77.25	0.25	1	2	38625
77.266	0.25	0	1	38633
77.282	0.25	0	1	38641
77.3	0.25	0	1	38650
77.316	0.25	0	1	38658
77.332	0.25	0	1	38666
77.35	0.25	0	1	38675
77.366	0.25	0	1	38683
77.382	0.25	0	1	38691
77.4	0.25	0	1	38700
77.416	0.25	0	1	38708
77.432	0.25	0	1	38716
77.45	0.25	0	1	38725
78.932	0.25	0	1	39466
78.95	0.25	0	1	39475
78.966	0.25	0	1	39483
78.982	0.25	0	1	39491
79.0	0.25	0	1	39500
79.016	0.25	0	1	39508
79.032	0.25	0	1	39516
79.05	0.25	0	1	39525
79.066	0.25	0	1	39533
79.082	0.25	0	1	39541
79.1	0.25	0	1	39550
79.116	0.25	0	1	39558
79.132	0.25	0	1	39566
79.15	0.25	0	1	39575
79.166	0.25	0	1	39583
79.182	0.25	1	2	39591
79.2	0.25	1	2	39600
79.216	0.25	1	2	39608
79.232	0.25	1	2	39616
79.25	0.25	0	1	39625
79.266	0.25	0	1	39633
79.282	0.25	0	1	39641
79.3	0.25	0	1	39650
79.316	0.25	0	1	39658
79.332	0.25	0	1	39666
79.35	0.25	0	1	39675
79.366	0.25	0	1	39683
79.382	0.25	0	1	39691
79.4	0.25	0	1	39700
79.416	0.25	0	1	39708
79.432	0.25	0	1	39716
79.45	0.25	0	1	39725
79.466	0.25	0	1	39733
79.482	0.25	0	1	39741
79.5	0.25	0	1	39750
79.516	0.25	0	1	39758
79.532	0.25	0	1	39766
79.55	0.25	0	1	39775
79.566	0.25	0	1	39783
79.582	0.25	0	1	39791
79.6	0.25	0	1	39800
79.616	0.25	1	2	39808
79.632	0.25	1	2	39816
79.65	0.25	1	2	39825
79.666	0.25	1	2	39833
79.682	0.25	0	1	39841
79.7	0.25	0	1	39850
79.716	0.25	0	1	39858
79.732	0.25	0	1	39866
79.75	0.25	0	1	39875
79.766	0.25	0	1	39883
79.782	0.25	0	1	39891
79.8	0.25	0	1	39900
79.816	0.25	0	1	39908
79.832	0.25	0	1	39916
79.85	0.25	0	1	39925
79.866	0.25	0	1	39933
79.882	0.25	0	1	39941
79.9	0.25	0	1	39950
79.916	0.25	0	1	39958
79.932	0.25	0	1	39966
79.95	0.25	0	1	39975
79.966	0.25	0	1	39983
79.982	0.25	0	1	39991
80.0	0.25	0	1	40000
80.016	0.25	0	1	40008
80.032	0.25	0	1	40016
80.05	0.25	0	1	40025
80.066	0.25	0	1	40033
80.082	0.25	1	2	40041
80.1	0.25	1	2	40050
80.116	0.25	1	2	40058
80.132	0.25	1	2	40066
80.15	0.25	0	1	40075
80.166	0.25	0	1	40083
80.182	0.25	0	1	40091
80.2	0.25	0	1	40100
80.216	0.25	0	1	40108
80.232	0.25	0	1	40116
80.25	0.25	0	1	40125
80.266	0.25	0	1	40133
80.282	0.25	0	1	40141
80.3	0.25	0	1	40150
80.316	0.25	0	1	40158
80.332	0.25	0	1	40166
80.35	0.25	0	1	40175
80.366	0.25	0	1	40183
80.382	0.25	1	2	40191
80.4	0.25	1	2	40200
80.416	0.25	1	2	40208
80.432	0.25	1	2	40216
80.45	0.25	0	1	40225
80.466	0.25	0	1	40233
80.482	0.25	0	1	40241
80.5	0.25	0	1	40250
80.516	0.25	0	1	40258
80.532	0.25	0	1	40266
80.55	0.25	0	1	40275
80.566	0.25	0	1	40283
80.582	0.25	0	1	40291
80.6	0.25	0	1	40300
80.616	0.25	0	1	40308
80.632	0.25	0	1	40316
80.65	0.25	0	1	40325
80.666	0.25	0	1	40333
80.682	0.25	0	1	40341
80.7	0.25	0	1	40350
80.716	0.25	0	1	40358
80.732	0.25	0	1	40366
80.75	0.25	0	1	40375
80.766	0.25	0	1	40383
80.782	0.25	0	1	40391
80.8	0.25	0	1	40400
80.816	0.25	1	2	40408
80.832	0.25	1	2	40416
80.85	0.25	1	2	40425
80.866	0.25	1	2	40433
82.35	0.25	0	1	41175
82.366	0.25	0	1	41183
82.382	0.25	0	1	41191
82.4	0.25	0	1	41200
82.416	0.25	0	1	41208
82.432	0.25	0	1	41216
82.45	0.25	0	1	41225
82.466	0.25	0	1	41233
82.482	0.25	0	1	41241
82.5	0.25	0	1	41250
82.516	0.25	0	1	41258
82.532	0.25	0	1	41266
82.55	0.25	0	1	41275
82.566	0.25	0	1	41283
82.582	0.25	0	1	41291
82.6	0.25	0	1	41300
82.616	0.25	0	1	41308
82.632	0.25	0	1	41316
82.65	0.25	1	2	41325
82.666	0.25	1	2	41333
82.682	0.25	1	2	41341
82.7	0.25	1	2	41350
82.716	0.25	0	1	41358
82.732	0.25	0	1	41366
82.75	0.25	0	1	41375
82.766	0.25	0	1	41383
82.782	0.25	0	1	41391
82.8	0.25	0	1	41400
82.816	0.25	0	1	41408
82.832	0.25	0	1	41416
82.85	0.25	0	1	41425
82.866	0.25	0	1	41433
82.882	0.25	0	1	41441
82.9	0.25	0	1	41450
82.916	0.25	0	1	41458
82.932	0.25	0	1	41466
82.95	0.25	0	1	41475
82.966	0.25	0	1	41483
82.982	0.25	0	1	41491
83.0	0.25	0	1	41500
83.016	0.25	0	1	41508
83.032	0.25	0	1	41516
83.05	0.25	1	2	41525
83.066	0.25	1	2	41533
83.082	0.25	1	2	41541
83.1	0.25	1	2	41550
83.116	0.25	0	1	41558
83.132	0.25	0	1	41566
83.15	0.25	0	1	41575
83.166	0.25	0	1	41583
83.182	0.25	0	1	41591
83.2	0.25	0	1	41600
83.216	0.25	0	1	41608
83.232	0.25	0	1	41616
83.25	0.25	0	1	41625
83.266	0.25	0	1	41633
83.282	0.25	0	1	41641
83.3	0.25	0	1	41650
83.316	0.25	0	1	41658
83.332	0.25	1	2	41666
83.35	0.25	1	2	41675
83.366	0.25	1	2	41683
83.382	0.25	1	2	41691
83.4	0.25	0	1	41700
83.416	0.25	0	1	41708
83.432	0.25	0	1	41716
83.45	0.25	0	1	41725
83.466	0.25	0	1	41733
83.482	0.25	0	1	41741
83.5	0.25	0	1	41750
83.516	0.25	0	1	41758
83.532	0.25	0	1	41766
83.55	0.25	0	1	41775
83.566	0.25	0	1	41783
83.582	0.25	0	1	41791
83.6	0.25	0	1	41800
83.616	0.25	0	1	41808
83.632	0.25	0	1	41816
83.65	0.25	0	1	41825
83.666	0.25	0	1	41833
83.682	0.25	0	1	41841
83.7	0.25	1	2	41850
83.716	0.25	1	2	41858
83.732	0.25	1	2	41866
83.75	0.25	1	2	41875
83.766	0.25	0	1	41883
83.782	0.25	0	1	41891
83.8	0.25	0	1	41900
83.816	0.25	0	1	41908
83.832	0.25	0	1	41916
83.85	0.25	0	1	41925
83.866	0.25	0	1	41933
83.882	0.25	0	1	41941
83.9	0.25	0	1	41950
83.916	0.25	0	1	41958
83.932	0.25	0	1	41966
83.95	0.25	0	1	41975
83.966	0.25	0	1	41983
83.982	0.25	0	1	41991
84.0	0.25	0	1	42000
84.016	0.25	0	1	42008
84.032	0.25	0	1	42016
84.05	0.25	0	1	42025
84.066	0.25	0	1	42033
84.082	0.25	0	1	42041
84.1	0.25	0	1	42050
84.116	0.25	0	1	42058
84.132	0.25	0	1	42066
84.15	0.25	0	1	42075
84.166	0.25	1	2	42083
84.182	0.25	1	2	42091
84.2	0.25	1	2	42100
84.216	0.25	1	2	42108
84.232	0.25	0	1	42116
84.25	0.25	0	1	42125
84.266	0.25	0	1	42133
84.282	0.25	0	1	42141
86.7	0.25	0	1	43350
86.716	0.25	1	2	43358
86.732	0.25	1	2	43366
86.75	0.25	1	2	43375
86.766	0.25	1	2	43383
86.782	0.25	0	1	43391
86.8	0.25	0	1	43400
86.816	0.25	0	1	43408
86.832	0.25	0	1	43416
86.85	0.25	0	1	43425
86.866	0.25	0	1	43433
86.882	0.25	0	1	43441
86.9	0.25	0	1	43450
86.916	0.25	0	1	43458
86.932	0.25	0	1	43466
86.95	0.25	0	1	43475
86.966	0.25	0	1	43483
86.982	0.25	0	1	43491
87.0	0.25	0	1	43500
87.016	0.25	0	1	43508
87.032	0.25	0	1	43516
87.05	0.25	0	1	43525
87.066	0.25	0	1	43533
87.082	0.25	0	1	43541
87.1	0.25	0	1	43550
87.116	0.25	0	1	43558
87.132	0.25	0	1	43566
87.15	0.25	0	1	43575
87.166	0.25	0	1	43583
87.182	0.25	0	1	43591
87.2	0.25	1	2	43600
87.216	0.25	1	2	43608
87.232	0.25	1	2	43616
87.25	0.25	1	2	43625
87.266	0.25	0	1	43633
87.282	0.25	0	1	43641
87.3	0.25	0	1	43650
87.316	0.25	0	1	43658
87.332	0.25	0	1	43666
87.35	0.25	0	1	43675
87.366	0.25	0	1	43683
87.382	0.25	0	1	43691
87.4	0.25	0	1	43700
87.416	0.25	0	1	43708
87.432	0.25	0	1	43716
87.45	0.25	0	1	43725
87.466	0.25	0	1	43733
87.482	0.25	0	1	43741
87.5	0.25	0	1	43750
87.516	0.25	0	1	43758
87.532	0.25	0	1	43766
87.55	0.25	0	1	43775
87.566	0.25	0	1	43783
87.582	0.25	0	1	43791
87.6	0.25	0	1	43800
87.616	0.25	0	1	43808
87.632	0.25	0	1	43816
87.65	0.25	0	1	43825
87.666	0.25	1	2	43833
87.682	0.25	1	2	43841
87.7	0.25	1	2	43850
87.716	0.25	1	2	43858
87.732	0.25	0	1	43866
87.75	0.25	0	1	43875
87.766	0.25	0	1	43883
87.782	0.25	0	1	43891
87.8	0.25	0	1	43900
87.816	0.25	0	1	43908
87.832	0.25	0	1	43916
87.85	0.25	0	1	43925
87.866	0.25	0	1	43933
87.882	0.25	0	1	43941
87.9	0.25	0	1	43950
87.916	0.25	0	1	43958
87.932	0.25	0	1	43966
87.95	0.25	0	1	43975
87.966	0.25	0	1	43983
87.982	0.25	0	1	43991
88.0	0.25	0	1	44000
88.016	0.25	0	1	44008
88.032	0.25	0	1	44016
88.05	0.25	0	1	44025
88.066	0.25	0	1	44033
88.082	0.25	1	2	44041
88.1	0.25	1	2	44050
88.116	0.25	1	2	44058
88.132	0.25	1	2	44066
88.15	0.25	0	1	44075
88.166	0.25	0	1	44083
88.182	0.25	0	1	44091
88.2	0.25	0	1	44100
88.216	0.25	0	1	44108
88.232	0.25	0	1	44116
88.25	0.25	0	1	44125
88.266	0.25	0	1	44133
88.282	0.25	0	1	44141
88.3	0.25	0	1	44150
88.316	0.25	0	1	44158
88.332	0.25	0	1	44166
88.35	0.25	0	1	44175
88.366	0.25	0	1	44183
88.382	0.25	0	1	44191
88.4	0.25	0	1	44200
88.416	0.25	0	1	44208
88.432	0.25	0	1	44216
88.45	0.25	0	1	44225
88.466	0.25	0	1	44233
88.482	0.25	0	1	44241
88.5	0.25	0	1	44250
88.516	0.25	1	2	44258
88.532	0.25	1	2	44266
88.55	0.25	1	2	44275
88.566	0.25	1	2	44283
88.582	0.25	0	1	44291
88.6	0.25	0	1	44300
88.616	0.25	0	1	44308
88.632	0.25	0	1	44316
90.116	0.25	0	1	45058
90.132	0.25	0	1	45066
90.15	0.25	0	1	45075
90.166	0.25	0	1	45083
90.182	0.25	0	1	45091
90.2	0.25	0	1	45100
90.216	0.25	0	1	45108
90.232	0.25	0	1	45116
90.25	0.25	0	1	45125
90.266	0.25	0	1	45133
90.282	0.25	0	1	45141
90.3	0.25	0	1	45150
90.316	0.25	0	1	45158
90.332	0.25	0	1	45166
90.35	0.25	0	1	45175
90.366	0.25	0	1	45183
90.382	0.25	0	1	45191
90.4	0.25	0	1	45200
90.416	0.25	1	2	45208
90.432	0.25	1	2	45216
90.45	0.25	1	2	45225
90.466	0.25	1	2	45233
90.482	0.25	0	1	45241
90.5	0.25	0	1	45250
90.516	0.25	0	1	45258
90.532	0.25	0	1	45266
90.55	0.25	0	1	45275
90.566	0.25	0	1	45283
90.582	0.25	0	1	45291
90.6	0.25	0	1	45300
90.616	0.25	0	1	45308
90.632	0.25	0	1	45316
90.65	0.25	0	1	45325
90.666	0.25	0	1	45333
90.682	0.25	0	1	45341
90.7	0.25	0	1	45350
90.716	0.25	0	1	45358
90.732	0.25	0	1	45366
90.75	0.25	0	1	45375
90.766	0.25	0	1	45383
90.782	0.25	0	1	45391
90.8	0.25	0	1	45400
90.816	0.25	1	2	45408
90.832	0.25	1	2	45416
90.85	0.25	1	2	45425
90.866	0.25	1	2	45433
90.882	0.25	0	1	45441
90.9	0.25	0	1	45450
90.916	0.25	0	1	45458
90.932	0.25	0	1	45466
90.95	0.25	0	1	45475
90.966	0.25	0	1	45483
90.982	0.25	0	1	45491
91.0	0.25	0	1	45500
91.016	0.25	0	1	45508
91.032	0.25	0	1	45516
91.05	0.25	0	1	45525
91.066	0.25	0	1	45533
91.082	0.25	0	1	45541
91.1	0.25	1	2	45550
91.116	0.25	1	2	45558
91.132	0.25	1	2	45566
91.15	0.25	1	2	45575
91.166	0.25	0	1	45583
91.182	0.25	0	1	45591
91.2	0.25	0	1	45600
91.216	0.25	0	1	45608
91.232	0.25	0	1	45616
91.25	0.25	0	1	45625
91.266	0.25	0	1	45633
91.282	0.25	0	1	45641
91.3	0.25	0	1	45650
91.316	0.25	0	1	45658
91.332	0.25	0	1	45666
91.35	0.25	0	1	45675
91.366	0.25	0	1	45683
91.382	0.25	0	1	45691
91.4	0.25	0	1	45700
91.416	0.25	0	1	45708
91.432	0.25	0	1	45716
91.45	0.25	0	1	45725
91.466	0.25	1	2	45733
91.482	0.25	1	2	45741
91.5	0.25	1	2	45750
91.516	0.25	1	2	45758
91.532	0.25	0	1	45766
91.55	0.25	0	1	45775
91.566	0.25	0	1	45783
91.582	0.25	0	1	45791
91.6	0.25	0	1	45800
91.616	0.25	0	1	45808
91.632	0.25	0	1	45816
91.65	0.25	0	1	45825
91.666	0.25	0	1	45833
91.682	0.25	0	1	45841
91.7	0.25	0	1	45850
91.716	0.25	0	1	45858
91.732	0.25	0	1	45866
91.75	0.25	0	1	45875
91.766	0.25	0	1	45883
91.782	0.25	0	1	45891
91.8	0.25	0	1	45900
91.816	0.25	0	1	45908
91.832	0.25	0	1	45916
91.85	0.25	0	1	45925
91.866	0.25	0	1	45933
91.882	0.25	0	1	45941
91.9	0.25	0	1	45950
91.916	0.25	0	1	45958
91.932	0.25	1	2	45966
91.95	0.25	1	2	45975
91.966	0.25	1	2	45983
91.982	0.25	1	2	45991
92.0	0.25	0	1	46000
92.016	0.25	0	1	46008
92.032	0.25	0	1	46016
92.05	0.25	0	1	46025
93.532	0.25	0	1	46766
93.55	0.25	0	1	46775
93.566	0.25	0	1	46783
93.582	0.25	0	1	46791
93.6	0.25	0	1	46800
93.616	0.25	0	1	46808
93.632	0.25	0	1	46816
93.65	0.25	0	1	46825
93.666	0.25	0	1	46833
93.682	0.25	0	1	46841
93.7	0.25	0	1	46850
93.716	0.25	0	1	46858
93.732	0.25	0	1	46866
93.75	0.25	0	1	46875
93.766	0.25	0	1	46883
93.782	0.25	0	1	46891
93.8	0.25	0	1	46900
93.816	0.25	0	1	46908
93.832	0.25	0	1	46916
93.85	0.25	0	1	46925
93.866	0.25	0	1	46933
93.882	0.25	0	1	46941
93.9	0.25	0	1	46950
93.916	0.25	1	2	46958
93.932	0.25	1	2	46966
93.95	0.25	1	2	46975
93.966	0.25	1	2	46983
93.982	0.25	0	1	46991
94.0	0.25	0	1	47000
94.016	0.25	0	1	47008
94.032	0.25	0	1	47016
94.05	0.25	0	1	47025
94.066	0.25	0	1	47033
94.082	0.25	0	1	47041
94.1	0.25	0	1	47050
94.116	0.25	0	1	47058
94.132	0.25	0	1	47066
94.15	0.25	0	1	47075
94.166	0.25	0	1	47083
94.182	0.25	0	1	47091
94.2	0.25	0	1	47100
94.216	0.25	0	1	47108
94.232	0.25	0	1	47116
94.25	0.25	0	1	47125
94.266	0.25	0	1	47133
94.282	0.25	0	1	47141
94.3	0.25	1	2	47150
94.316	0.25	1	2	47158
94.332	0.25	1	2	47166
94.35	0.25	1	2	47175
94.366	0.25	0	1	47183
94.382	0.25	0	1	47191
94.4	0.25	0	1	47200
94.416	0.25	0	1	47208
94.432	0.25	0	1	47216
94.45	0.25	0	1	47225
94.466	0.25	0	1	47233
94.482	0.25	0	1	47241
94.5	0.25	0	1	47250
94.516	0.25	0	1	47258
94.532	0.25	0	1	47266
94.55	0.25	0	1	47275
94.566	0.25	0	1	47283
94.582	0.25	0	1	47291
94.6	0.25	1	2	47300
94.616	0.25	1	2	47308
94.632	0.25	1	2	47316
94.65	0.25	1	2	47325
94.666	0.25	0	1	47333
94.682	0.25	0	1	47341
94.7	0.25	0	1	47350
94.716	0.25	0	1	47358
94.732	0.25	0	1	47366
94.75	0.25	0	1	47375
94.766	0.25	0	1	47383
94.782	0.25	0	1	47391
94.8	0.25	0	1	47400
94.816	0.25	0	1	47408
94.832	0.25	0	1	47416
94.85	0.25	0	1	47425
94.866	0.25	0	1	47433
94.882	0.25	1	2	47441
94.9	0.25	1	2	47450
94.916	0.25	1	2	47458
94.932	0.25	1	2	47466
94.95	0.25	0	1	47475
94.966	0.25	0	1	47483
94.982	0.25	0	1	47491
95.0	0.25	0	1	47500
95.016	0.25	0	1	47508
95.032	0.25	0	1	47516
95.05	0.25	0	1	47525
95.066	0.25	0	1	47533
95.082	0.25	0	1	47541
95.1	0.25	0	1	47550
95.116	0.25	0	1	47558
95.132	0.25	0	1	47566
95.15	0.25	0	1	47575
95.166	0.25	0	1	47583
95.182	0.25	0	1	47591
95.2	0.25	0	1	47600
95.216	0.25	1	2	47608
95.232	0.25	1	2	47616
95.25	0.25	1	2	47625
95.266	0.25	1	2	47633
95.282	0.25	0	1	47641
95.3	0.25	0	1	47650
95.316	0.25	0	1	47658
95.332	0.25	0	1	47666
95.35	0.25	0	1	47675
95.366	0.25	0	1	47683
95.382	0.25	0	1	47691
95.4	0.25	0	1	47700
95.416	0.25	0	1	47708
95.432	0.25	0	1	47716
95.45	0.25	0	1	47725
95.466	0.25	0	1	47733
96.95	0.25	0	1	48475
96.966	0.25	0	1	48483
96.982	0.25	0	1	48491
97.0	0.25	0	1	48500
97.016	0.25	0	1	48508
97.032	0.25	0	1	48516
97.05	0.25	0	1	48525
97.066	0.25	0	1	48533
97.082	0.25	0	1	48541
97.1	0.25	0	1	48550
97.116	0.25	0	1	48558
97.132	0.25	0	1	48566
97.15	0.25	0	1	48575
97.166	0.25	0	1	48583
97.182	0.25	0	1	48591
97.2	0.25	1	2	48600
97.216	0.25	1	2	48608
97.232	0.25	1	2	48616
97.25	0.25	1	2	48625
97.266	0.25	0	1	48633
97.282	0.25	0	1	48641
97.3	0.25	0	1	48650
97.316	0.25	0	1	48658
97.332	0.25	0	1	48666
97.35	0.25	0	1	48675
97.366	0.25	0	1	48683
97.382	0.25	0	1	48691
97.4	0.25	0	1	48700
97.416	0.25	0	1	48708
97.432	0.25	0	1	48716
97.45	0.25	0	1	48725
97.466	0.25	0	1	48733
97.482	0.25	0	1	48741
97.5	0.25	0	1	48750
97.516	0.25	0	1	48758
97.532	0.25	0	1	48766
97.55	0.25	0	1	48775
97.566	0.25	0	1	48783
97.582	0.25	0	1	48791
97.6	0.25	0	1	48800
97.616	0.25	0	1	48808
97.632	0.25	1	2	48816
97.65	0.25	1	2	48825
97.666	0.25	1	2	48833
97.682	0.25	1	2	48841
97.7	0.25	0	1	48850
97.716	0.25	0	1	48858
97.732	0.25	0	1	48866
97.75	0.25	0	1	48875
97.766	0.25	0	1	48883
97.782	0.25	0	1	48891
97.8	0.25	0	1	48900
97.816	0.25	0	1	48908
97.832	0.25	0	1	48916
97.85	0.25	0	1	48925
97.866	0.25	0	1	48933
97.882	0.25	0	1	48941
97.9	0.25	0	1	48950
97.916	0.25	0	1	48958
97.932	0.25	0	1	48966
97.95	0.25	0	1	48975
97.966	0.25	0	1	48983
97.982	0.25	0	1	48991
98.0	0.25	0	1	49000
98.016	0.25	0	1	49008
98.032	0.25	0	1	49016
98.05	0.25	0	1	49025
98.066	0.25	0	1	49033
98.082	0.25	0	1	49041
98.1	0.25	1	2	49050
98.116	0.25	1	2	49058
98.132	0.25	1	2	49066
98.15	0.25	1	2	49075
98.166	0.25	0	1	49083
98.182	0.25	0	1	49091
98.2	0.25	0	1	49100
98.216	0.25	0	1	49108
98.232	0.25	0	1	49116
98.25	0.25	0	1	49125
98.266	0.25	0	1	49133
98.282	0.25	0	1	49141
98.3	0.25	0	1	49150
98.316	0.25	0	1	49158
98.332	0.25	0	1	49166
98.35	0.25	0	1	49175
98.366	0.25	0	1	49183
98.382	0.25	0	1	49191
98.4	0.25	1	2	49200
98.416	0.25	1	2	49208
98.432	0.25	1	2	49216
98.45	0.25	1	2	49225
98.466	0.25	0	1	49233
98.482	0.25	0	1	49241
98.5	0.25	0	1	49250
98.516	0.25	0	1	49258
98.532	0.25	0	1	49266
98.55	0.25	0	1	49275
98.566	0.25	0	1	49283
98.582	0.25	0	1	49291
98.6	0.25	0	1	49300
98.616	0.25	0	1	49308
98.632	0.25	0	1	49316
98.65	0.25	0	1	49325
98.666	0.25	0	1	49333
98.682	0.25	0	1	49341
98.7	0.25	0	1	49350
98.716	0.25	0	1	49358
98.732	0.25	0	1	49366
98.75	0.25	0	1	49375
98.766	0.25	0	1	49383
98.782	0.25	0	1	49391
98.8	0.25	0	1	49400
98.816	0.25	0	1	49408
98.832	0.25	1	2	49416
98.85	0.25	1	2	49425
98.866	0.25	1	2	49433
98.882	0.25	1	2	49441
101.566	0.25	0	1	50783
101.582	0.25	1	2	50791
101.6	0.25	1	2	50800
101.616	0.25	1	2	50808
101.632	0.25	1	2	50816
101.65	0.25	0	1	50825
101.666	0.25	0	1	50833
101.682	0.25	0	1	50841
101.7	0.25	0	1	50850
101.716	0.25	0	1	50858
101.732	0.25	0	1	50866
101.75	0.25	0	1	50875
101.766	0.25	0	1	50883
101.782	0.25	0	1	50891
101.8	0.25	0	1	50900
101.816	0.25	0	1	50908
101.832	0.25	0	1	50916
101.85	0.25	0	1	50925
101.866	0.25	0	1	50933
101.882	0.25	0	1	50941
101.9	0.25	0	1	50950
101.916	0.25	0	1	50958
101.932	0.25	0	1	50966
101.95	0.25	0	1	50975
101.966	0.25	0	1	50983
101.982	0.25	0	1	50991
102.0	0.25	0	1	51000
102.016	0.25	0	1	51008
102.032	0.25	0	1	51016
102.05	0.25	0	1	51025
102.066	0.25	1	2	51033
102.082	0.25	1	2	51041
102.1	0.25	1	2	51050
102.116	0.25	1	2	51058
102.132	0.25	0	1	51066
102.15	0.25	0	1	51075
102.166	0.25	0	1	51083
102.182	0.25	0	1	51091
102.2	0.25	0	1	51100
102.216	0.25	0	1	51108
102.232	0.25	0	1	51116
102.25	0.25	0	1	51125
102.266	0.25	0	1	51133
102.282	0.25	0	1	51141
102.3	0.25	0	1	51150
102.316	0.25	0	1	51158
102.332	0.25	0	1	51166
102.35	0.25	0	1	51175
102.366	0.25	0	1	51183
102.382	0.25	0	1	51191
102.4	0.25	0	1	51200
102.416	0.25	0	1	51208
102.432	0.25	0	1	51216
102.45	0.25	0	1	51225
102.466	0.25	0	1	51233
102.482	0.25	0	1	51241
102.5	0.25	0	1	51250
102.516	0.25	0	1	51258
102.532	0.25	1	2	51266
102.55	0.25	1	2	51275
102.566	0.25	1	2	51283
102.582	0.25	1	2	51291
102.6	0.25	0	1	51300
102.616	0.25	0	1	51308
102.632	0.25	0	1	51316
102.65	0.25	0	1	51325
102.666	0.25	0	1	51333
102.682	0.25	0	1	51341
102.7	0.25	0	1	51350
102.716	0.25	0	1	51358
102.732	0.25	0	1	51366
102.75	0.25	0	1	51375
102.766	0.25	0	1	51383
102.782	0.25	0	1	51391
102.8	0.25	0	1	51400
102.816	0.25	0	1	51408
102.832	0.25	0	1	51416
102.85	0.25	0	1	51425
102.866	0.25	0	1	51433
102.882	0.25	0	1	51441
102.9	0.25	0	1	51450
102.916	0.25	0	1	51458
102.932	0.25	0	1	51466
102.95	0.25	1	2	51475
102.966	0.25	1	2	51483
102.982	0.25	1	2	51491
103.0	0.25	1	2	51500
103.016	0.25	0	1	51508
103.032	0.25	0	1	51516
103.05	0.25	0	1	51525
103.066	0.25	0	1	51533
103.082	0.25	0	1	51541
103.1	0.25	0	1	51550
103.116	0.25	0	1	51558
103.132	0.25	0	1	51566
103.15	0.25	0	1	51575
103.166	0.25	0	1	51583
103.182	0.25	0	1	51591
103.2	0.25	0	1	51600
103.216	0.25	0	1	51608
103.232	0.25	0	1	51616
103.25	0.25	0	1	51625
103.266	0.25	0	1	51633
103.282	0.25	0	1	51641
103.3	0.25	0	1	51650
103.316	0.25	0	1	51658
103.332	0.25	0	1	51666
103.35	0.25	0	1	51675
103.366	0.25	0	1	51683
103.382	0.25	1	2	51691
103.4	0.25	1	2	51700
103.416	0.25	1	2	51708
103.432	0.25	1	2	51716
103.45	0.25	0	1	51725
103.466	0.25	0	1	51733
103.482	0.25	0	1	51741
103.5	0.25	0	1	51750
104.982	0.25	0	1	52491
105.0	0.25	0	1	52500
105.016	0.25	0	1	52508
105.032	0.25	0	1	52516
105.05	0.25	0	1	52525
105.066	0.25	0	1	52533
105.082	0.25	0	1	52541
105.1	0.25	0	1	52550
105.116	0.25	0	1	52558
105.132	0.25	0	1	52566
105.15	0.25	0	1	52575
105.166	0.25	0	1	52583
105.182	0.25	0	1	52591
105.2	0.25	0	1	52600
105.216	0.25	0	1	52608
105.232	0.25	0	1	52616
105.25	0.25	0	1	52625
105.266	0.25	0	1	52633
105.282	0.25	0	1	52641
105.3	0.25	0	1	52650
105.316	0.25	0	1	52658
105.332	0.25	0	1	52666
105.35	0.25	0	1	52675
105.366	0.25	1	2	52683
105.382	0.25	1	2	52691
105.4	0.25	1	2	52700
105.416	0.25	1	2	52708
105.432	0.25	0	1	52716
105.45	0.25	0	1	52725
105.466	0.25	0	1	52733
105.482	0.25	0	1	52741
105.5	0.25	0	1	52750
105.516	0.25	0	1	52758
105.532	0.25	0	1	52766
105.55	0.25	0	1	52775
105.566	0.25	0	1	52783
105.582	0.25	0	1	52791
105.6	0.25	0	1	52800
105.616	0.25	0	1	52808
105.632	0.25	0	1	52816
105.65	0.25	0	1	52825
105.666	0.25	0	1	52833
105.682	0.25	0	1	52841
105.7	0.25	0	1	52850
105.716	0.25	0	1	52858
105.732	0.25	0	1	52866
105.75	0.25	1	2	52875
105.766	0.25	1	2	52883
105.782	0.25	1	2	52891
105.8	0.25	1	2	52900
105.816	0.25	0	1	52908
105.832	0.25	0	1	52916
105.85	0.25	0	1	52925
105.866	0.25	0	1	52933
105.882	0.25	0	1	52941
105.9	0.25	0	1	52950
105.916	0.25	0	1	52958
105.932	0.25	0	1	52966
105.95	0.25	0	1	52975
105.966	0.25	0	1	52983
105.982	0.25	0	1	52991
106.0	0.25	0	1	53000
106.016	0.25	0	1	53008
106.032	0.25	0	1	53016
106.05	0.25	1	2	53025
106.066	0.25	1	2	53033
106.082	0.25	1	2	53041
106.1	0.25	1	2	53050
106.116	0.25	0	1	53058
106.132	0.25	0	1	53066
106.15	0.25	0	1	53075
106.166	0.25	0	1	53083
106.182	0.25	0	1	53091
106.2	0.25	0	1	53100
106.216	0.25	0	1	53108
106.232	0.25	0	1	53116
106.25	0.25	0	1	53125
106.266	0.25	0	1	53133
106.282	0.25	0	1	53141
106.3	0.25	0	1	53150
106.316	0.25	0	1	53158
106.332	0.25	1	2	53166
106.35	0.25	1	2	53175
106.366	0.25	1	2	53183
106.382	0.25	1	2	53191
106.4	0.25	0	1	53200
106.416	0.25	0	1	53208
106.432	0.25	0	1	53216
106.45	0.25	0	1	53225
106.466	0.25	0	1	53233
106.482	0.25	0	1	53241
106.5	0.25	0	1	53250
106.516	0.25	0	1	53258
106.532	0.25	0	1	53266
106.55	0.25	0	1	53275
106.566	0.25	0	1	53283
106.582	0.25	0	1	53291
106.6	0.25	0	1	53300
106.616	0.25	0	1	53308
106.632	0.25	0	1	53316
106.65	0.25	0	1	53325
106.666	0.25	1	2	53333
106.682	0.25	1	2	53341
106.7	0.25	1	2	53350
106.716	0.25	1	2	53358
106.732	0.25	0	1	53366
106.75	0.25	0	1	53375
106.766	0.25	0	1	53383
106.782	0.25	0	1	53391
106.8	0.25	0	1	53400
106.816	0.25	0	1	53408
106.832	0.25	0	1	53416
106.85	0.25	0	1	53425
106.866	0.25	0	1	53433
106.882	0.25	0	1	53441
106.9	0.25	0	1	53450
106.916	0.25	0	1	53458
108.4	0.25	0	1	54200
108.416	0.25	0	1	54208
108.432	0.25	0	1	54216
108.45	0.25	0	1	54225
108.466	0.25	0	1	54233
108.482	0.25	0	1	54241
108.5	0.25	0	1	54250
108.516	0.25	0	1	54258
108.532	0.25	0	1	54266
108.55	0.25	0	1	54275
108.566	0.25	0	1	54283
108.582	0.25	0	1	54291
108.6	0.25	0	1	54300
108.616	0.25	0	1	54308
108.632	0.25	0	1	54316
108.65	0.25	0	1	54325
108.666	0.25	0	1	54333
108.682	0.25	0	1	54341
108.7	0.25	1	2	54350
108.716	0.25	1	2	54358
108.732	0.25	1	2	54366
108.75	0.25	1	2	54375
108.766	0.25	0	1	54383
108.782	0.25	0	1	54391
108.8	0.25	0	1	54400
108.816	0.25	0	1	54408
108.832	0.25	0	1	54416
108.85	0.25	0	1	54425
108.866	0.25	0	1	54433
108.882	0.25	0	1	54441
108.9	0.25	0	1	54450
108.916	0.25	0	1	54458
108.932	0.25	0	1	54466
108.95	0.25	0	1	54475
108.966	0.25	0	1	54483
108.982	0.25	0	1	54491
109.0	0.25	0	1	54500
109.016	0.25	0	1	54508
109.032	0.25	0	1	54516
109.05	0.25	0	1	54525
109.066	0.25	0	1	54533
109.082	0.25	0	1	54541
109.1	0.25	1	2	54550
109.116	0.25	1	2	54558
109.132	0.25	1	2	54566
109.15	0.25	1	2	54575
109.166	0.25	0	1	54583
109.182	0.25	0	1	54591
109.2	0.25	0	1	54600
109.216	0.25	0	1	54608
109.232	0.25	0	1	54616
109.25	0.25	0	1	54625
109.266	0.25	0	1	54633
109.282	0.25	0	1	54641
109.3	0.25	0	1	54650
109.316	0.25	0	1	54658
109.332	0.25	0	1	54666
109.35	0.25	0	1	54675
109.366	0.25	0	1	54683
109.382	0.25	1	2	54691
109.4	0.25	1	2	54700
109.416	0.25	1	2	54708
109.432	0.25	1	2	54716
109.45	0.25	0	1	54725
109.466	0.25	0	1	54733
109.482	0.25	0	1	54741
109.5	0.25	0	1	54750
109.516	0.25	0	1	54758
109.532	0.25	0	1	54766
109.55	0.25	0	1	54775
109.566	0.25	0	1	54783
109.582	0.25	0	1	54791
109.6	0.25	0	1	54800
109.616	0.25	0	1	54808
109.632	0.25	0	1	54816
109.65	0.25	0	1	54825
109.666	0.25	0	1	54833
109.682	0.25	0	1	54841
109.7	0.25	0	1	54850
109.716	0.25	0	1	54858
109.732	0.25	0	1	54866
109.75	0.25	1	2	54875
109.766	0.25	1	2	54883
109.782	0.25	1	2	54891
109.8	0.25	1	2	54900
109.816	0.25	0	1	54908
109.832	0.25	0	1	54916
109.85	0.25	0	1	54925
109.866	0.25	0	1	54933
109.882	0.25	0	1	54941
109.9	0.25	0	1	54950
109.916	0.25	0	1	54958
109.932	0.25	0	1	54966
109.95	0.25	0	1	54975
109.966	0.25	0	1	54983
109.982	0.25	0	1	54991
110.0	0.25	0	1	55000
110.016	0.25	0	1	55008
110.032	0.25	0	1	55016
110.05	0.25	0	1	55025
110.066	0.25	0	1	55033
110.082	0.25	0	1	55041
110.1	0.25	0	1	55050
110.116	0.25	0	1	55058
110.132	0.25	0	1	55066
110.15	0.25	0	1	55075
110.166	0.25	0	1	55083
110.182	0.25	0	1	55091
110.2	0.25	0	1	55100
110.216	0.25	1	2	55108
110.232	0.25	1	2	55116
110.25	0.25	1	2	55125
110.266	0.25	1	2	55133
110.282	0.25	0	1	55141
110.3	0.25	0	1	55150
110.316	0.25	0	1	55158
110.332	0.25	0	1	55166
111.816	0.25	0	1	55908
111.832	0.25	0	1	55916
111.85	0.25	0	1	55925
111.866	0.25	0	1	55933
111.882	0.25	0	1	55941
111.9	0.25	0	1	55950
111.916	0.25	0	1	55958
111.932	0.25	0	1	55966
111.95	0.25	0	1	55975
111.966	0.25	0	1	55983
111.982	0.25	0	1	55991
112.0	0.25	0	1	56000
112.016	0.25	0	1	56008
112.032	0.25	0	1	56016
112.05	0.25	0	1	56025
112.066	0.25	1	2	56033
112.082	0.25	1	2	56041
112.1	0.25	1	2	56050
112.116	0.25	1	2	56058
112.132	0.25	0	1	56066
112.15	0.25	0	1	56075
112.166	0.25	0	1	56083
112.182	0.25	0	1	56091
112.2	0.25	0	1	56100
112.216	0.25	0	1	56108
112.232	0.25	0	1	56116
112.25	0.25	0	1	56125
112.266	0.25	0	1	56133
112.282	0.25	0	1	56141
112.3	0.25	0	1	56150
112.316	0.25	0	1	56158
112.332	0.25	0	1	56166
112.35	0.25	0	1	56175
112.366	0.25	0	1	56183
112.382	0.25	0	1	56191
112.4	0.25	0	1	56200
112.416	0.25	0	1	56208
112.432	0.25	0	1	56216
112.45	0.25	0	1	56225
112.466	0.25	0	1	56233
112.482	0.25	0	1	56241
112.5	0.25	1	2	56250
112.516	0.25	1	2	56258
112.532	0.25	1	2	56266
112.55	0.25	1	2	56275
112.566	0.25	0	1	56283
112.582	0.25	0	1	56291
112.6	0.25	0	1	56300
112.616	0.25	0	1	56308
112.632	0.25	0	1	56316
112.65	0.25	0	1	56325
112.666	0.25	0	1	56333
112.682	0.25	0	1	56341
112.7	0.25	0	1	56350
112.716	0.25	0	1	56358
112.732	0.25	0	1	56366
112.75	0.25	0	1	56375
112.766	0.25	0	1	56383
112.782	0.25	0	1	56391
112.8	0.25	0	1	56400
112.816	0.25	0	1	56408
112.832	0.25	0	1	56416
112.85	0.25	0	1	56425
112.866	0.25	0	1	56433
112.882	0.25	0	1	56441
112.9	0.25	0	1	56450
112.916	0.25	0	1	56458
112.932	0.25	0	1	56466
112.95	0.25	0	1	56475
112.966	0.25	1	2	56483
112.982	0.25	1	2	56491
113.0	0.25	1	2	56500
113.016	0.25	1	2	56508
113.032	0.25	0	1	56516
113.05	0.25	0	1	56525
113.066	0.25	0	1	56533
113.082	0.25	0	1	56541
113.1	0.25	0	1	56550
113.116	0.25	0	1	56558
113.132	0.25	0	1	56566
113.15	0.25	0	1	56575
113.166	0.25	0	1	56583
113.182	0.25	0	1	56591
113.2	0.25	0	1	56600
113.216	0.25	0	1	56608
113.232	0.25	0	1	56616
113.25	0.25	0	1	56625
113.266	0.25	1	2	56633
113.282	0.25	1	2	56641
113.3	0.25	1	2	56650
113.316	0.25	1	2	56658
113.332	0.25	0	1	56666
113.35	0.25	0	1	56675
113.366	0.25	0	1	56683
113.382	0.25	0	1	56691
113.4	0.25	0	1	56700
113.416	0.25	0	1	56708
113.432	0.25	0	1	56716
113.45	0.25	0	1	56725
113.466	0.25	0	1	56733
113.482	0.25	0	1	56741
113.5	0.25	0	1	56750
113.516	0.25	0	1	56758
113.532	0.25	0	1	56766
113.55	0.25	0	1	56775
113.566	0.25	0	1	56783
113.582	0.25	0	1	56791
113.6	0.25	0	1	56800
113.616	0.25	0	1	56808
113.632	0.25	0	1	56816
113.65	0.25	0	1	56825
113.666	0.25	0	1	56833
113.682	0.25	0	1	56841
113.7	0.25	1	2	56850
113.716	0.25	1	2	56858
113.732	0.25	1	2	56866
113.75	0.25	1	2	56875
116.882	0.25	0	1	58441
116.9	0.25	0	1	58450
116.916	0.25	0	1	58458
116.932	0.25	0	1	58466
116.95	0.25	0	1	58475
116.966	0.25	0	1	58483
116.982	0.25	0	1	58491
117.0	0.25	0	1	58500
117.016	0.25	0	1	58508
117.032	0.25	0	1	58516
117.05	0.25	0	1	58525
117.066	0.25	0	1	58533
117.082	0.25	0	1	58541
117.1	0.25	0	1	58550
117.116	0.25	0	1	58558
117.132	0.25	1	2	58566
117.15	0.25	1	2	58575
117.166	0.25	1	2	58583
117.182	0.25	1	2	58591
117.2	0.25	0	1	58600
117.216	0.25	0	1	58608
117.232	0.25	0	1	58616
117.25	0.25	0	1	58625
117.266	0.25	0	1	58633
117.282	0.25	0	1	58641
117.3	0.25	0	1	58650
117.316	0.25	0	1	58658
117.332	0.25	0	1	58666
117.35	0.25	0	1	58675
117.366	0.25	0	1	58683
117.382	0.25	0	1	58691
117.4	0.25	0	1	58700
117.416	0.25	0	1	58708
117.432	0.25	0	1	58716
117.45	0.25	0	1	58725
117.466	0.25	0	1	58733
117.482	0.25	0	1	58741
117.5	0.25	0	1	58750
117.516	0.25	0	1	58758
117.532	0.25	0	1	58766
117.55	0.25	0	1	58775
117.566	0.25	1	2	58783
117.582	0.25	1	2	58791
117.6	0.25	1	2	58800
117.616	0.25	1	2	58808
117.632	0.25	0	1	58816
117.65	0.25	0	1	58825
117.666	0.25	0	1	58833
117.682	0.25	0	1	58841
117.7	0.25	0	1	58850
117.716	0.25	0	1	58858
117.732	0.25	0	1	58866
117.75	0.25	0	1	58875
117.766	0.25	0	1	58883
117.782	0.25	0	1	58891
117.8	0.25	0	1	58900
117.816	0.25	0	1	58908
117.832	0.25	0	1	58916
117.85	0.25	0	1	58925
117.866	0.25	0	1	58933
117.882	0.25	0	1	58941
117.9	0.25	0	1	58950
117.916	0.25	0	1	58958
117.932	0.25	0	1	58966
117.95	0.25	0	1	58975
117.966	0.25	0	1	58983
117.982	0.25	0	1	58991
118.0	0.25	0	1	59000
118.016	0.25	0	1	59008
118.032	0.25	1	2	59016
118.05	0.25	1	2	59025
118.066	0.25	1	2	59033
118.082	0.25	1	2	59041
118.1	0.25	0	1	59050
118.116	0.25	0	1	59058
118.132	0.25	0	1	59066
118.15	0.25	0	1	59075
118.166	0.25	0	1	59083
118.182	0.25	0	1	59091
118.2	0.25	0	1	59100
118.216	0.25	0	1	59108
118.232	0.25	0	1	59116
118.25	0.25	0	1	59125
118.266	0.25	0	1	59133
118.282	0.25	0	1	59141
118.3	0.25	0	1	59150
118.316	0.25	0	1	59158
118.332	0.25	1	2	59166
118.35	0.25	1	2	59175
118.366	0.25	1	2	59183
118.382	0.25	1	2	59191
118.4	0.25	0	1	59200
118.416	0.25	0	1	59208
118.432	0.25	0	1	59216
118.45	0.25	0	1	59225
118.466	0.25	0	1	59233
118.482	0.25	0	1	59241
118.5	0.25	0	1	59250
118.516	0.25	0	1	59258
118.532	0.25	0	1	59266
118.55	0.25	0	1	59275
118.566	0.25	0	1	59283
118.582	0.25	0	1	59291
118.6	0.25	0	1	59300
118.616	0.25	0	1	59308
118.632	0.25	0	1	59316
118.65	0.25	0	1	59325
118.666	0.25	0	1	59333
118.682	0.25	0	1	59341
118.7	0.25	0	1	59350
118.716	0.25	0	1	59358
118.732	0.25	0	1	59366
118.75	0.25	0	1	59375
118.766	0.25	1	2	59383
118.782	0.25	1	2	59391
118.8	0.25	1	2	59400
118.816	0.25	1	2	59408
120.3	0.25	0	1	60150
120.316	0.25	0	1	60158
120.332	0.25	0	1	60166
120.35	0.25	0	1	60175
120.366	0.25	0	1	60183
120.382	0.25	0	1	60191
120.4	0.25	0	1	60200
120.416	0.25	0	1	60208
120.432	0.25	0	1	60216
120.45	0.25	0	1	60225
120.466	0.25	0	1	60233
120.482	0.25	0	1	60241
120.5	0.25	0	1	60250
120.516	0.25	0	1	60258
120.532	0.25	0	1	60266
120.55	0.25	0	1	60275
120.566	0.25	0	1	60283
120.582	0.25	0	1	60291
120.6	0.25	0	1	60300
120.616	0.25	0	1	60308
120.632	0.25	0	1	60316
120.65	0.25	0	1	60325
120.666	0.25	0	1	60333
120.682	0.25	1	2	60341
120.7	0.25	1	2	60350
120.716	0.25	1	2	60358
120.732	0.25	1	2	60366
120.75	0.25	0	1	60375
120.766	0.25	0	1	60383
120.782	0.25	0	1	60391
120.8	0.25	0	1	60400
120.816	0.25	0	1	60408
120.832	0.25	0	1	60416
120.85	0.25	0	1	60425
120.866	0.25	0	1	60433
120.882	0.25	0	1	60441
120.9	0.25	0	1	60450
120.916	0.25	0	1	60458
120.932	0.25	0	1	60466
120.95	0.25	0	1	60475
120.966	0.25	0	1	60483
120.982	0.25	0	1	60491
121.0	0.25	0	1	60500
121.016	0.25	0	1	60508
121.032	0.25	0	1	60516
121.05	0.25	0	1	60525
121.066	0.25	1	2	60533
121.082	0.25	1	2	60541
121.1	0.25	1	2	60550
121.116	0.25	1	2	60558
121.132	0.25	0	1	60566
121.15	0.25	0	1	60575
121.166	0.25	0	1	60583
121.182	0.25	0	1	60591
121.2	0.25	0	1	60600
121.216	0.25	0	1	60608
121.232	0.25	0	1	60616
121.25	0.25	0	1	60625
121.266	0.25	0	1	60633
121.282	0.25	0	1	60641
121.3	0.25	0	1	60650
121.316	0.25	0	1	60658
121.332	0.25	0	1	60666
121.35	0.25	0	1	60675
121.366	0.25	1	2	60683
121.382	0.25	1	2	60691
121.4	0.25	1	2	60700
121.416	0.25	1	2	60708
121.432	0.25	0	1	60716
121.45	0.25	0	1	60725
121.466	0.25	0	1	60733
121.482	0.25	0	1	60741
121.5	0.25	0	1	60750
121.516	0.25	0	1	60758
121.532	0.25	0	1	60766
121.55	0.25	0	1	60775
121.566	0.25	0	1	60783
121.582	0.25	0	1	60791
121.6	0.25	0	1	60800
121.616	0.25	0	1	60808
121.632	0.25	0	1	60816
121.65	0.25	1	2	60825
121.666	0.25	1	2	60833
121.682	0.25	1	2	60841
121.7	0.25	1	2	60850
121.716	0.25	0	1	60858
121.732	0.25	0	1	60866
121.75	0.25	0	1	60875
121.766	0.25	0	1	60883
121.782	0.25	0	1	60891
121.8	0.25	0	1	60900
121.816	0.25	0	1	60908
121.832	0.25	0	1	60916
121.85	0.25	0	1	60925
121.866	0.25	0	1	60933
121.882	0.25	0	1	60941
121.9	0.25	0	1	60950
121.916	0.25	0	1	60958
121.932	0.25	0	1	60966
121.95	0.25	0	1	60975
121.966	0.25	0	1	60983
121.982	0.25	1	2	60991
122.0	0.25	1	2	61000
122.016	0.25	1	2	61008
122.032	0.25	1	2	61016
122.05	0.25	0	1	61025
122.066	0.25	0	1	61033
122.082	0.25	0	1	61041
122.1	0.25	0	1	61050
122.116	0.25	0	1	61058
122.132	0.25	0	1	61066
122.15	0.25	0	1	61075
122.166	0.25	0	1	61083
122.182	0.25	0	1	61091
122.2	0.25	0	1	61100
122.216	0.25	0	1	61108
122.232	0.25	0	1	61116
123.716	0.25	0	1	61858
123.732	0.25	1	2	61866
123.75	0.25	1	2	61875
123.766	0.25	1	2	61883
123.782	0.25	1	2	61891
123.8	0.25	0	1	61900
123.816	0.25	0	1	61908
123.832	0.25	0	1	61916
123.85	0.25	0	1	61925
123.866	0.25	0	1	61933
123.882	0.25	0	1	61941
123.9	0.25	0	1	61950
123.916	0.25	0	1	61958
123.932	0.25	0	1	61966
123.95	0.25	0	1	61975
123.966	0.25	0	1	61983
123.982	0.25	0	1	61991
124.0	0.25	0	1	62000
124.016	0.25	0	1	62008
124.032	0.25	0	1	62016
124.05	0.25	0	1	62025
124.066	0.25	0	1	62033
124.082	0.25	0	1	62041
124.1	0.25	0	1	62050
124.116	0.25	0	1	62058
124.132	0.25	0	1	62066
124.15	0.25	0	1	62075
124.166	0.25	0	1	62083
124.182	0.25	0	1	62091
124.2	0.25	0	1	62100
124.216	0.25	1	2	62108
124.232	0.25	1	2	62116
124.25	0.25	1	2	62125
124.266	0.25	1	2	62133
124.282	0.25	0	1	62141
124.3	0.25	0	1	62150
124.316	0.25	0	1	62158
124.332	0.25	0	1	62166
124.35	0.25	0	1	62175
124.366	0.25	0	1	62183
124.382	0.25	0	1	62191
124.4	0.25	0	1	62200
124.416	0.25	0	1	62208
124.432	0.25	0	1	62216
124.45	0.25	0	1	62225
124.466	0.25	0	1	62233
124.482	0.25	0	1	62241
124.5	0.25	0	1	62250
124.516	0.25	0	1	62258
124.532	0.25	0	1	62266
124.55	0.25	0	1	62275
124.566	0.25	0	1	62283
124.582	0.25	0	1	62291
124.6	0.25	0	1	62300
124.616	0.25	0	1	62308
124.632	0.25	0	1	62316
124.65	0.25	0	1	62325
124.666	0.25	0	1	62333
124.682	0.25	1	2	62341
124.7	0.25	1	2	62350
124.716	0.25	1	2	62358
124.732	0.25	1	2	62366
124.75	0.25	0	1	62375
124.766	0.25	0	1	62383
124.782	0.25	0	1	62391
124.8	0.25	0	1	62400
124.816	0.25	0	1	62408
124.832	0.25	0	1	62416
124.85	0.25	0	1	62425
124.866	0.25	0	1	62433
124.882	0.25	0	1	62441
124.9	0.25	0	1	62450
124.916	0.25	0	1	62458
124.932	0.25	0	1	62466
124.95	0.25	0	1	62475
124.966	0.25	0	1	62483
124.982	0.25	0	1	62491
125.0	0.25	0	1	62500
125.016	0.25	0	1	62508
125.032	0.25	0	1	62516
125.05	0.25	0	1	62525
125.066	0.25	0	1	62533
125.082	0.25	0	1	62541
125.1	0.25	1	2	62550
125.116	0.25	1	2	62558
125.132	0.25	1	2	62566
125.15	0.25	1	2	62575
125.166	0.25	0	1	62583
125.182	0.25	0	1	62591
125.2	0.25	0	1	62600
125.216	0.25	0	1	62608
125.232	0.25	0	1	62616
125.25	0.25	0	1	62625
125.266	0.25	0	1	62633
125.282	0.25	0	1	62641
125.3	0.25	0	1	62650
125.316	0.25	0	1	62658
125.332	0.25	0	1	62666
125.35	0.25	0	1	62675
125.366	0.25	0	1	62683
125.382	0.25	0	1	62691
125.4	0.25	0	1	62700
125.416	0.25	0	1	62708
125.432	0.25	0	1	62716
125.45	0.25	0	1	62725
125.466	0.25	0	1	62733
125.482	0.25	0	1	62741
125.5	0.25	0	1	62750
125.516	0.25	0	1	62758
125.532	0.25	1	2	62766
125.55	0.25	1	2	62775
125.566	0.25	1	2	62783
125.582	0.25	1	2	62791
125.6	0.25	0	1	62800
125.616	0.25	0	1	62808
125.632	0.25	0	1	62816
125.65	0.25	0	1	62825
127.132	0.25	0	1	63566
127.15	0.25	0	1	63575
127.166	0.25	0	1	63583
127.182	0.25	0	1	63591
127.2	0.25	0	1	63600
127.216	0.25	0	1	63608
127.232	0.25	0	1	63616
127.25	0.25	0	1	63625
127.266	0.25	0	1	63633
127.282	0.25	0	1	63641
127.3	0.25	0	1	63650
127.316	0.25	0	1	63658
127.332	0.25	0	1	63666
127.35	0.25	0	1	63675
127.366	0.25	0	1	63683
127.382	0.25	0	1	63691
127.4	0.25	0	1	63700
127.416	0.25	0	1	63708
127.432	0.25	1	2	63716
127.45	0.25	1	2	63725
127.466	0.25	1	2	63733
127.482	0.25	1	2	63741
127.5	0.25	0	1	63750
127.516	0.25	0	1	63758
127.532	0.25	0	1	63766
127.55	0.25	0	1	63775
127.566	0.25	0	1	63783
127.582	0.25	0	1	63791
127.6	0.25	0	1	63800
127.616	0.25	0	1	63808
127.632	0.25	0	1	63816
127.65	0.25	0	1	63825
127.666	0.25	0	1	63833
127.682	0.25	0	1	63841
127.7	0.25	0	1	63850
127.716	0.25	0	1	63858
127.732	0.25	0	1	63866
127.75	0.25	0	1	63875
127.766	0.25	0	1	63883
127.782	0.25	0	1	63891
127.8	0.25	0	1	63900
127.816	0.25	0	1	63908
127.832	0.25	1	2	63916
127.85	0.25	1	2	63925
127.866	0.25	1	2	63933
127.882	0.25	1	2	63941
127.9	0.25	0	1	63950
127.916	0.25	0	1	63958
127.932	0.25	0	1	63966
127.95	0.25	0	1	63975
127.966	0.25	0	1	63983
127.982	0.25	0	1	63991
128.0	0.25	0	1	64000
128.016	0.25	0	1	64008
128.032	0.25	0	1	64016
128.05	0.25	0	1	64025
128.066	0.25	0	1	64033
128.082	0.25	0	1	64041
128.1	0.25	0	1	64050
128.116	0.25	1	2	64058
128.132	0.25	1	2	64066
128.15	0.25	1	2	64075
128.166	0.25	1	2	64083
128.182	0.25	0	1	64091
128.198	0.25	0	1	64099
128.216	0.25	0	1	64108
128.232	0.25	0	1	64116
128.25	0.25	0	1	64125
128.266	0.25	0	1	64133
128.282	0.25	0	1	64141
128.3	0.25	0	1	64150
128.316	0.25	0	1	64158
128.332	0.25	0	1	64166
128.35	0.25	0	1	64175
128.366	0.25	0	1	64183
128.382	0.25	0	1	64191
128.4	0.25	0	1	64200
128.416	0.25	0	1	64208
128.432	0.25	0	1	64216
128.448	0.25	0	1	64224
128.466	0.25	0	1	64233
128.482	0.25	1	2	64241
128.5	0.25	1	2	64250
128.516	0.25	1	2	64258
128.532	0.25	1	2	64266
128.55	0.25	0	1	64275
128.566	0.25	0	1	64283
128.582	0.25	0	1	64291
128.6	0.25	0	1	64300
128.616	0.25	0	1	64308
128.632	0.25	0	1	64316
128.65	0.25	0	1	64325
128.666	0.25	0	1	64333
128.682	0.25	0	1	64341
128.698	0.25	0	1	64349
128.716	0.25	0	1	64358
128.732	0.25	0	1	64366
128.75	0.25	0	1	64375
128.766	0.25	0	1	64383
128.782	0.25	0	1	64391
128.8	0.25	0	1	64400
128.816	0.25	0	1	64408
128.832	0.25	0	1	64416
128.85	0.25	0	1	64425
128.866	0.25	0	1	64433
128.882	0.25	0	1	64441
128.9	0.25	0	1	64450
128.916	0.25	0	1	64458
128.932	0.25	0	1	64466
128.948	0.25	1	2	64474
128.966	0.25	1	2	64483
128.982	0.25	1	2	64491
129.0	0.25	1	2	64500
129.016	0.25	0	1	64508
129.032	0.25	0	1	64516
129.05	0.25	0	1	64525
129.066	0.25	0	1	64533
133.932	0.25	0	1	66966
133.95	0.25	0	1	66975
133.966	0.25	0	1	66983
133.982	0.25	0	1	66991
134.0	0.25	0	1	67000
134.016	0.25	0	1	67008
134.032	0.25	0	1	67016
134.05	0.25	0	1	67025
134.066	0.25	0	1	67033
134.082	0.25	0	1	67041
134.1	0.25	0	1	67050
134.116	0.25	0	1	67058
134.132	0.25	0	1	67066
134.15	0.25	0	1	67075
134.166	0.25	0	1	67083
134.182	0.25	1	2	67091
134.2	0.25	1	2	67100
134.216	0.25	1	2	67108
134.232	0.25	1	2	67116
134.25	0.25	0	1	67125
134.266	0.25	0	1	67133
134.282	0.25	0	1	67141
134.3	0.25	0	1	67150
134.316	0.25	0	1	67158
134.332	0.25	0	1	67166
134.35	0.25	0	1	67175
134.366	0.25	0	1	67183
134.382	0.25	0	1	67191
134.4	0.25	0	1	67200
134.416	0.25	0	1	67208
134.432	0.25	0	1	67216
134.45	0.25	0	1	67225
134.466	0.25	0	1	67233
134.482	0.25	0	1	67241
134.5	0.25	0	1	67250
134.516	0.25	0	1	67258
134.532	0.25	0	1	67266
134.55	0.25	0	1	67275
134.566	0.25	0	1	67283
134.582	0.25	0	1	67291
134.6	0.25	0	1	67300
134.616	0.25	1	2	67308
134.632	0.25	1	2	67316
134.65	0.25	1	2	67325
134.666	0.25	1	2	67333
134.682	0.25	0	1	67341
134.7	0.25	0	1	67350
134.716	0.25	0	1	67358
134.732	0.25	0	1	67366
134.75	0.25	0	1	67375
134.766	0.25	0	1	67383
134.782	0.25	0	1	67391
134.8	0.25	0	1	67400
134.816	0.25	0	1	67408
134.832	0.25	0	1	67416
134.85	0.25	0	1	67425
134.866	0.25	0	1	67433
134.882	0.25	0	1	67441
134.9	0.25	0	1	67450
134.916	0.25	0	1	67458
134.932	0.25	0	1	67466
134.95	0.25	0	1	67475
134.966	0.25	0	1	67483
134.982	0.25	0	1	67491
135.0	0.25	0	1	67500
135.016	0.25	0	1	67508
135.032	0.25	0	1	67516
135.05	0.25	0	1	67525
135.066	0.25	0	1	67533
135.082	0.25	1	2	67541
135.1	0.25	1	2	67550
135.116	0.25	1	2	67558
135.132	0.25	1	2	67566
135.15	0.25	0	1	67575
135.166	0.25	0	1	67583
135.182	0.25	0	1	67591
135.2	0.25	0	1	67600
135.216	0.25	0	1	67608
135.232	0.25	0	1	67616
135.25	0.25	0	1	67625
135.266	0.25	0	1	67633
135.282	0.25	0	1	67641
135.3	0.25	0	1	67650
135.316	0.25	0	1	67658
135.332	0.25	0	1	67666
135.35	0.25	0	1	67675
135.366	0.25	0	1	67683
135.382	0.25	1	2	67691
135.4	0.25	1	2	67700
135.416	0.25	1	2	67708
135.432	0.25	1	2	67716
135.45	0.25	0	1	67725
135.466	0.25	0	1	67733
135.482	0.25	0	1	67741
135.5	0.25	0	1	67750
135.516	0.25	0	1	67758
135.532	0.25	0	1	67766
135.55	0.25	0	1	67775
135.566	0.25	0	1	67783
135.582	0.25	0	1	67791
135.6	0.25	0	1	67800
135.616	0.25	0	1	67808
135.632	0.25	0	1	67816
135.65	0.25	0	1	67825
135.666	0.25	0	1	67833
135.682	0.25	0	1	67841
135.7	0.25	0	1	67850
135.716	0.25	0	1	67858
135.732	0.25	0	1	67866
135.75	0.25	0	1	67875
135.766	0.25	0	1	67883
135.782	0.25	0	1	67891
135.8	0.25	0	1	67900
135.816	0.25	1	2	67908
135.832	0.25	1	2	67916
135.85	0.25	1	2	67925
135.866	0.25	1	2	67933
137.35	0.25	0	1	68675
137.366	0.25	0	1	68683
137.382	0.25	0	1	68691
137.4	0.25	0	1	68700
137.416	0.25	0	1	68708
137.432	0.25	0	1	68716
137.45	0.25	0	1	68725
137.466	0.25	0	1	68733
137.482	0.25	0	1	68741
137.5	0.25	0	1	68750
137.516	0.25	0	1	68758
137.532	0.25	0	1	68766
137.55	0.25	0	1	68775
137.566	0.25	0	1	68783
137.582	0.25	0	1	68791
137.6	0.25	0	1	68800
137.616	0.25	0	1	68808
137.632	0.25	0	1	68816
137.65	0.25	1	2	68825
137.666	0.25	1	2	68833
137.682	0.25	1	2	68841
137.7	0.25	1	2	68850
137.716	0.25	0	1	68858
137.732	0.25	0	1	68866
137.75	0.25	0	1	68875
137.766	0.25	0	1	68883
137.782	0.25	0	1	68891
137.8	0.25	0	1	68900
137.816	0.25	0	1	68908
137.832	0.25	0	1	68916
137.85	0.25	0	1	68925
137.866	0.25	0	1	68933
137.882	0.25	0	1	68941
137.9	0.25	0	1	68950
137.916	0.25	0	1	68958
137.932	0.25	0	1	68966
137.95	0.25	0	1	68975
137.966	0.25	0	1	68983
137.982	0.25	0	1	68991
138.0	0.25	0	1	69000
138.016	0.25	0	1	69008
138.032	0.25	0	1	69016
138.05	0.25	1	2	69025
138.066	0.25	1	2	69033
138.082	0.25	1	2	69041
138.1	0.25	1	2	69050
138.116	0.25	0	1	69058
138.132	0.25	0	1	69066
138.15	0.25	0	1	69075
138.166	0.25	0	1	69083
138.182	0.25	0	1	69091
138.2	0.25	0	1	69100
138.216	0.25	0	1	69108
138.232	0.25	0	1	69116
138.25	0.25	0	1	69125
138.266	0.25	0	1	69133
138.282	0.25	0	1	69141
138.3	0.25	0	1	69150
138.316	0.25	0	1	69158
138.332	0.25	1	2	69166
138.35	0.25	1	2	69175
138.366	0.25	1	2	69183
138.382	0.25	1	2	69191
138.4	0.25	0	1	69200
138.416	0.25	0	1	69208
138.432	0.25	0	1	69216
138.45	0.25	0	1	69225
138.466	0.25	0	1	69233
138.482	0.25	0	1	69241
138.5	0.25	0	1	69250
138.516	0.25	0	1	69258
138.532	0.25	0	1	69266
138.55	0.25	0	1	69275
138.566	0.25	0	1	69283
138.582	0.25	0	1	69291
138.6	0.25	0	1	69300
138.616	0.25	0	1	69308
138.632	0.25	0	1	69316
138.65	0.25	0	1	69325
138.666	0.25	0	1	69333
138.682	0.25	0	1	69341
138.7	0.25	1	2	69350
138.716	0.25	1	2	69358
138.732	0.25	1	2	69366
138.75	0.25	1	2	69375
138.766	0.25	0	1	69383
138.782	0.25	0	1	69391
138.8	0.25	0	1	69400
138.816	0.25	0	1	69408
138.832	0.25	0	1	69416
138.85	0.25	0	1	69425
138.866	0.25	0	1	69433
138.882	0.25	0	1	69441
138.9	0.25	0	1	69450
138.916	0.25	0	1	69458
138.932	0.25	0	1	69466
138.95	0.25	0	1	69475
138.966	0.25	0	1	69483
138.982	0.25	0	1	69491
139.0	0.25	0	1	69500
139.016	0.25	0	1	69508
139.032	0.25	0	1	69516
139.05	0.25	0	1	69525
139.066	0.25	0	1	69533
139.082	0.25	0	1	69541
139.1	0.25	0	1	69550
139.116	0.25	0	1	69558
139.132	0.25	0	1	69566
139.15	0.25	0	1	69575
139.166	0.25	1	2	69583
139.182	0.25	1	2	69591
139.2	0.25	1	2	69600
139.216	0.25	1	2	69608
139.232	0.25	0	1	69616
139.25	0.25	0	1	69625
139.266	0.25	0	1	69633
139.282	0.25	0	1	69641
140.766	0.25	0	1	70383
140.782	0.25	1	2	70391
140.8	0.25	1	2	70400
140.816	0.25	1	2	70408
140.832	0.25	1	2	70416
140.85	0.25	0	1	70425
140.866	0.25	0	1	70433
140.882	0.25	0	1	70441
140.9	0.25	0	1	70450
140.916	0.25	0	1	70458
140.932	0.25	0	1	70466
140.95	0.25	0	1	70475
140.966	0.25	0	1	70483
140.982	0.25	0	1	70491
141.0	0.25	0	1	70500
141.016	0.25	0	1	70508
141.032	0.25	0	1	70516
141.05	0.25	0	1	70525
141.066	0.25	0	1	70533
141.082	0.25	0	1	70541
141.1	0.25	0	1	70550
141.116	0.25	0	1	70558
141.132	0.25	0	1	70566
141.15	0.25	0	1	70575
141.166	0.25	0	1	70583
141.182	0.25	0	1	70591
141.2	0.25	0	1	70600
141.216	0.25	0	1	70608
141.232	0.25	0	1	70616
141.25	0.25	0	1	70625
141.266	0.25	1	2	70633
141.282	0.25	1	2	70641
141.3	0.25	1	2	70650
141.316	0.25	1	2	70658
141.332	0.25	0	1	70666
141.35	0.25	0	1	70675
141.366	0.25	0	1	70683
141.382	0.25	0	1	70691
141.4	0.25	0	1	70700
141.416	0.25	0	1	70708
141.432	0.25	0	1	70716
141.45	0.25	0	1	70725
141.466	0.25	0	1	70733
141.482	0.25	0	1	70741
141.5	0.25	0	1	70750
141.516	0.25	0	1	70758
141.532	0.25	0	1	70766
141.55	0.25	0	1	70775
141.566	0.25	0	1	70783
141.582	0.25	0	1	70791
141.6	0.25	0	1	70800
141.616	0.25	0	1	70808
141.632	0.25	0	1	70816
141.65	0.25	0	1	70825
141.666	0.25	0	1	70833
141.682	0.25	0	1	70841
141.7	0.25	0	1	70850
141.716	0.25	0	1	70858
141.732	0.25	1	2	70866
141.75	0.25	1	2	70875
141.766	0.25	1	2	70883
141.782	0.25	1	2	70891
141.8	0.25	0	1	70900
141.816	0.25	0	1	70908
141.832	0.25	0	1	70916
141.85	0.25	0	1	70925
141.866	0.25	0	1	70933
141.882	0.25	0	1	70941
141.9	0.25	0	1	70950
141.916	0.25	0	1	70958
141.932	0.25	0	1	70966
141.95	0.25	0	1	70975
141.966	0.25	0	1	70983
141.982	0.25	0	1	70991
142.0	0.25	0	1	71000
142.016	0.25	0	1	71008
142.032	0.25	0	1	71016
142.05	0.25	0	1	71025
142.066	0.25	0	1	71033
142.082	0.25	0	1	71041
142.1	0.25	0	1	71050
142.116	0.25	0	1	71058
142.132	0.25	0	1	71066
142.15	0.25	1	2	71075
142.166	0.25	1	2	71083
142.182	0.25	1	2	71091
142.2	0.25	1	2	71100
142.216	0.25	0	1	71108
142.232	0.25	0	1	71116
142.25	0.25	0	1	71125
142.266	0.25	0	1	71133
142.282	0.25	0	1	71141
142.3	0.25	0	1	71150
142.316	0.25	0	1	71158
142.332	0.25	0	1	71166
142.35	0.25	0	1	71175
142.366	0.25	0	1	71183
142.382	0.25	0	1	71191
142.4	0.25	0	1	71200
142.416	0.25	0	1	71208
142.432	0.25	0	1	71216
142.45	0.25	0	1	71225
142.466	0.25	0	1	71233
142.482	0.25	0	1	71241
142.5	0.25	0	1	71250
142.516	0.25	0	1	71258
142.532	0.25	0	1	71266
142.55	0.25	0	1	71275
142.566	0.25	0	1	71283
142.582	0.25	1	2	71291
142.6	0.25	1	2	71300
142.616	0.25	1	2	71308
142.632	0.25	1	2	71316
142.65	0.25	0	1	71325
142.666	0.25	0	1	71333
142.682	0.25	0	1	71341
142.7	0.25	0	1	71350
144.182	0.25	0	1	72091
144.2	0.25	0	1	72100
144.216	0.25	0	1	72108
144.232	0.25	0	1	72116
144.25	0.25	0	1	72125
144.266	0.25	0	1	72133
144.282	0.25	0	1	72141
144.3	0.25	0	1	72150
144.316	0.25	0	1	72158
144.332	0.25	0	1	72166
144.35	0.25	0	1	72175
144.366	0.25	0	1	72183
144.382	0.25	0	1	72191
144.4	0.25	0	1	72200
144.416	0.25	0	1	72208
144.432	0.25	0	1	72216
144.45	0.25	0	1	72225
144.466	0.25	0	1	72233
144.482	0.25	0	1	72241
144.5	0.25	0	1	72250
144.516	0.25	0	1	72258
144.532	0.25	0	1	72266
144.55	0.25	0	1	72275
144.566	0.25	1	2	72283
144.582	0.25	1	2	72291
144.6	0.25	1	2	72300
144.616	0.25	1	2	72308
144.632	0.25	0	1	72316
144.65	0.25	0	1	72325
144.666	0.25	0	1	72333
144.682	0.25	0	1	72341
144.7	0.25	0	1	72350
144.716	0.25	0	1	72358
144.732	0.25	0	1	72366
144.75	0.25	0	1	72375
144.766	0.25	0	1	72383
144.782	0.25	0	1	72391
144.8	0.25	0	1	72400
144.816	0.25	0	1	72408
144.832	0.25	0	1	72416
144.85	0.25	0	1	72425
144.866	0.25	0	1	72433
144.882	0.25	0	1	72441
144.9	0.25	0	1	72450
144.916	0.25	0	1	72458
144.932	0.25	0	1	72466
144.95	0.25	1	2	72475
144.966	0.25	1	2	72483
144.982	0.25	1	2	72491
145.0	0.25	1	2	72500
145.016	0.25	0	1	72508
145.032	0.25	0	1	72516
145.05	0.25	0	1	72525
145.066	0.25	0	1	72533
145.082	0.25	0	1	72541
145.1	0.25	0	1	72550
145.116	0.25	0	1	72558
145.132	0.25	0	1	72566
145.15	0.25	0	1	72575
145.166	0.25	0	1	72583
145.182	0.25	0	1	72591
145.2	0.25	0	1	72600
145.216	0.25	0	1	72608
145.232	0.25	0	1	72616
145.25	0.25	1	2	72625
145.266	0.25	1	2	72633
145.282	0.25	1	2	72641
145.3	0.25	1	2	72650
145.316	0.25	0	1	72658
145.332	0.25	0	1	72666
145.35	0.25	0	1	72675
145.366	0.25	0	1	72683
145.382	0.25	0	1	72691
145.4	0.25	0	1	72700
145.416	0.25	0	1	72708
145.432	0.25	0	1	72716
145.45	0.25	0	1	72725
145.466	0.25	0	1	72733
145.482	0.25	0	1	72741
145.5	0.25	0	1	72750
145.516	0.25	0	1	72758
145.532	0.25	1	2	72766
145.55	0.25	1	2	72775
145.566	0.25	1	2	72783
145.582	0.25	1	2	72791
145.6	0.25	0	1	72800
145.616	0.25	0	1	72808
145.632	0.25	0	1	72816
145.65	0.25	0	1	72825
145.666	0.25	0	1	72833
145.682	0.25	0	1	72841
145.7	0.25	0	1	72850
145.716	0.25	0	1	72858
145.732	0.25	0	1	72866
145.75	0.25	0	1	72875
145.766	0.25	0	1	72883
145.782	0.25	0	1	72891
145.8	0.25	0	1	72900
145.816	0.25	0	1	72908
145.832	0.25	0	1	72916
145.85	0.25	0	1	72925
145.866	0.25	1	2	72933
145.882	0.25	1	2	72941
145.9	0.25	1	2	72950
145.916	0.25	1	2	72958
145.932	0.25	0	1	72966
145.95	0.25	0	1	72975
145.966	0.25	0	1	72983
145.982	0.25	0	1	72991
146.0	0.25	0	1	73000
146.016	0.25	0	1	73008
146.032	0.25	0	1	73016
146.05	0.25	0	1	73025
146.066	0.25	0	1	73033
146.082	0.25	0	1	73041
146.1	0.25	0	1	73050
146.116	0.25	0	1	73058
150.566	0.25	0	1	75283
150.582	0.25	0	1	75291
150.6	0.25	0	1	75300
150.616	0.25	0	1	75308
150.632	0.25	0	1	75316
150.65	0.25	0	1	75325
150.666	0.25	0	1	75333
150.682	0.25	0	1	75341
150.7	0.25	0	1	75350
150.716	0.25	0	1	75358
150.732	0.25	0	1	75366
150.75	0.25	0	1	75375
150.766	0.25	0	1	75383
150.782	0.25	0	1	75391
150.8	0.25	0	1	75400
150.816	0.25	1	2	75408
150.832	0.25	1	2	75416
150.85	0.25	1	2	75425
150.866	0.25	1	2	75433
150.882	0.25	0	1	75441
150.9	0.25	0	1	75450
150.916	0.25	0	1	75458
150.932	0.25	0	1	75466
150.95	0.25	0	1	75475
150.966	0.25	0	1	75483
150.982	0.25	0	1	75491
151.0	0.25	0	1	75500
151.016	0.25	0	1	75508
151.032	0.25	0	1	75516
151.05	0.25	0	1	75525
151.066	0.25	0	1	75533
151.082	0.25	0	1	75541
151.1	0.25	0	1	75550
151.116	0.25	0	1	75558
151.132	0.25	0	1	75566
151.15	0.25	0	1	75575
151.166	0.25	0	1	75583
151.182	0.25	0	1	75591
151.2	0.25	0	1	75600
151.216	0.25	0	1	75608
151.232	0.25	0	1	75616
151.25	0.25	1	2	75625
151.266	0.25	1	2	75633
151.282	0.25	1	2	75641
151.3	0.25	1	2	75650
151.316	0.25	0	1	75658
151.332	0.25	0	1	75666
151.35	0.25	0	1	75675
151.366	0.25	0	1	75683
151.382	0.25	0	1	75691
151.4	0.25	0	1	75700
151.416	0.25	0	1	75708
151.432	0.25	0	1	75716
151.45	0.25	0	1	75725
151.466	0.25	0	1	75733
151.482	0.25	0	1	75741
151.5	0.25	0	1	75750
151.516	0.25	0	1	75758
151.532	0.25	0	1	75766
151.55	0.25	0	1	75775
151.566	0.25	0	1	75783
151.582	0.25	0	1	75791
151.6	0.25	0	1	75800
151.616	0.25	0	1	75808
151.632	0.25	0	1	75816
151.65	0.25	0	1	75825
151.666	0.25	0	1	75833
151.682	0.25	0	1	75841
151.7	0.25	0	1	75850
151.716	0.25	1	2	75858
151.732	0.25	1	2	75866
151.75	0.25	1	2	75875
151.766	0.25	1	2	75883
151.782	0.25	0	1	75891
151.8	0.25	0	1	75900
151.816	0.25	0	1	75908
151.832	0.25	0	1	75916
151.85	0.25	0	1	75925
151.866	0.25	0	1	75933
151.882	0.25	0	1	75941
151.9	0.25	0	1	75950
151.916	0.25	0	1	75958
151.932	0.25	0	1	75966
151.95	0.25	0	1	75975
151.966	0.25	0	1	75983
151.982	0.25	0	1	75991
152.0	0.25	0	1	76000
152.016	0.25	1	2	76008
152.032	0.25	1	2	76016
152.05	0.25	1	2	76025
152.066	0.25	1	2	76033
152.082	0.25	0	1	76041
152.1	0.25	0	1	76050
152.116	0.25	0	1	76058
152.132	0.25	0	1	76066
152.15	0.25	0	1	76075
152.166	0.25	0	1	76083
152.182	0.25	0	1	76091
152.2	0.25	0	1	76100
152.216	0.25	0	1	76108
152.232	0.25	0	1	76116
152.25	0.25	0	1	76125
152.266	0.25	0	1	76133
152.282	0.25	0	1	76141
152.3	0.25	0	1	76150
152.316	0.25	0	1	76158
152.332	0.25	0	1	76166
152.35	0.25	0	1	76175
152.366	0.25	0	1	76183
152.382	0.25	0	1	76191
152.4	0.25	0	1	76200
152.416	0.25	0	1	76208
152.432	0.25	0	1	76216
152.45	0.25	1	2	76225
152.466	0.25	1	2	76233
152.482	0.25	1	2	76241
152.5	0.25	1	2	76250
153.982	0.25	0	1	76991
154.0	0.25	0	1	77000
154.016	0.25	0	1	77008
154.032	0.25	0	1	77016
154.05	0.25	0	1	77025
154.066	0.25	0	1	77033
154.082	0.25	0	1	77041
154.1	0.25	0	1	77050
154.116	0.25	0	1	77058
154.132	0.25	0	1	77066
154.15	0.25	0	1	77075
154.166	0.25	0	1	77083
154.182	0.25	0	1	77091
154.2	0.25	0	1	77100
154.216	0.25	0	1	77108
154.232	0.25	0	1	77116
154.25	0.25	0	1	77125
154.266	0.25	0	1	77133
154.282	0.25	1	2	77141
154.3	0.25	1	2	77150
154.316	0.25	1	2	77158
154.332	0.25	1	2	77166
154.35	0.25	0	1	77175
154.366	0.25	0	1	77183
154.382	0.25	0	1	77191
154.4	0.25	0	1	77200
154.416	0.25	0	1	77208
154.432	0.25	0	1	77216
154.45	0.25	0	1	77225
154.466	0.25	0	1	77233
154.482	0.25	0	1	77241
154.5	0.25	0	1	77250
154.516	0.25	0	1	77258
154.532	0.25	0	1	77266
154.55	0.25	0	1	77275
154.566	0.25	0	1	77283
154.582	0.25	0	1	77291
154.6	0.25	0	1	77300
154.616	0.25	0	1	77308
154.632	0.25	0	1	77316
154.65	0.25	0	1	77325
154.666	0.25	0	1	77333
154.682	0.25	1	2	77341
154.7	0.25	1	2	77350
154.716	0.25	1	2	77358
154.732	0.25	1	2	77366
154.75	0.25	0	1	77375
154.766	0.25	0	1	77383
154.782	0.25	0	1	77391
154.8	0.25	0	1	77400
154.816	0.25	0	1	77408
154.832	0.25	0	1	77416
154.85	0.25	0	1	77425
154.866	0.25	0	1	77433
154.882	0.25	0	1	77441
154.9	0.25	0	1	77450
154.916	0.25	0	1	77458
154.932	0.25	0	1	77466
154.95	0.25	0	1	77475
154.966	0.25	1	2	77483
154.982	0.25	1	2	77491
155.0	0.25	1	2	77500
155.016	0.25	1	2	77508
155.032	0.25	0	1	77516
155.05	0.25	0	1	77525
155.066	0.25	0	1	77533
155.082	0.25	0	1	77541
155.1	0.25	0	1	77550
155.116	0.25	0	1	77558
155.132	0.25	0	1	77566
155.15	0.25	0	1	77575
155.166	0.25	0	1	77583
155.182	0.25	0	1	77591
155.2	0.25	0	1	77600
155.216	0.25	0	1	77608
155.232	0.25	0	1	77616
155.25	0.25	0	1	77625
155.266	0.25	0	1	77633
155.282	0.25	0	1	77641
155.3	0.25	0	1	77650
155.316	0.25	0	1	77658
155.332	0.25	1	2	77666
155.35	0.25	1	2	77675
155.366	0.25	1	2	77683
155.382	0.25	1	2	77691
155.4	0.25	0	1	77700
155.416	0.25	0	1	77708
155.432	0.25	0	1	77716
155.45	0.25	0	1	77725
155.466	0.25	0	1	77733
155.482	0.25	0	1	77741
155.5	0.25	0	1	77750
155.516	0.25	0	1	77758
155.532	0.25	0	1	77766
155.55	0.25	0	1	77775
155.566	0.25	0	1	77783
155.582	0.25	0	1	77791
155.6	0.25	0	1	77800
155.616	0.25	0	1	77808
155.632	0.25	0	1	77816
155.65	0.25	0	1	77825
155.666	0.25	0	1	77833
155.682	0.25	0	1	77841
155.7	0.25	0	1	77850
155.716	0.25	0	1	77858
155.732	0.25	0	1	77866
155.75	0.25	0	1	77875
155.766	0.25	0	1	77883
155.782	0.25	0	1	77891
155.8	0.25	1	2	77900
155.816	0.25	1	2	77908
155.832	0.25	1	2	77916
155.85	0.25	1	2	77925
155.866	0.25	0	1	77933
155.882	0.25	0	1	77941
155.9	0.25	0	1	77950
155.916	0.25	0	1	77958
157.4	0.25	0	1	78700
157.416	0.25	1	2	78708
157.432	0.25	1	2	78716
157.45	0.25	1	2	78725
157.466	0.25	1	2	78733
157.482	0.25	0	1	78741
157.5	0.25	0	1	78750
157.516	0.25	0	1	78758
157.532	0.25	0	1	78766
157.55	0.25	0	1	78775
157.566	0.25	0	1	78783
157.582	0.25	0	1	78791
157.6	0.25	0	1	78800
157.616	0.25	0	1	78808
157.632	0.25	0	1	78816
157.65	0.25	0	1	78825
157.666	0.25	0	1	78833
157.682	0.25	0	1	78841
157.7	0.25	0	1	78850
157.716	0.25	0	1	78858
157.732	0.25	0	1	78866
157.75	0.25	0	1	78875
157.766	0.25	0	1	78883
157.782	0.25	0	1	78891
157.8	0.25	0	1	78900
157.816	0.25	0	1	78908
157.832	0.25	0	1	78916
157.85	0.25	0	1	78925
157.866	0.25	0	1	78933
157.882	0.25	0	1	78941
157.9	0.25	1	2	78950
157.916	0.25	1	2	78958
157.932	0.25	1	2	78966
157.95	0.25	1	2	78975
157.966	0.25	0	1	78983
157.982	0.25	0	1	78991
158.0	0.25	0	1	79000
158.016	0.25	0	1	79008
158.032	0.25	0	1	79016
158.05	0.25	0	1	79025
158.066	0.25	0	1	79033
158.082	0.25	0	1	79041
158.1	0.25	0	1	79050
158.116	0.25	0	1	79058
158.132	0.25	0	1	79066
158.15	0.25	0	1	79075
158.166	0.25	0	1	79083
158.182	0.25	0	1	79091
158.2	0.25	0	1	79100
158.216	0.25	0	1	79108
158.232	0.25	0	1	79116
158.25	0.25	0	1	79125
158.266	0.25	0	1	79133
158.282	0.25	0	1	79141
158.3	0.25	0	1	79150
158.316	0.25	0	1	79158
158.332	0.25	0	1	79166
158.35	0.25	0	1	79175
158.366	0.25	1	2	79183
158.382	0.25	1	2	79191
158.4	0.25	1	2	79200
158.416	0.25	1	2	79208
158.432	0.25	0	1	79216
158.45	0.25	0	1	79225
158.466	0.25	0	1	79233
158.482	0.25	0	1	79241
158.5	0.25	0	1	79250
158.516	0.25	0	1	79258
158.532	0.25	0	1	79266
158.55	0.25	0	1	79275
158.566	0.25	0	1	79283
158.582	0.25	0	1	79291
158.6	0.25	0	1	79300
158.616	0.25	0	1	79308
158.632	0.25	0	1	79316
158.65	0.25	0	1	79325
158.666	0.25	0	1	79333
158.682	0.25	0	1	79341
158.7	0.25	0	1	79350
158.716	0.25	0	1	79358
158.732	0.25	0	1	79366
158.75	0.25	0	1	79375
158.766	0.25	0	1	79383
158.782	0.25	1	2	79391
158.8	0.25	1	2	79400
158.816	0.25	1	2	79408
158.832	0.25	1	2	79416
158.85	0.25	0	1	79425
158.866	0.25	0	1	79433
158.882	0.25	0	1	79441
158.9	0.25	0	1	79450
158.916	0.25	0	1	79458
158.932	0.25	0	1	79466
158.95	0.25	0	1	79475
158.966	0.25	0	1	79483
158.982	0.25	0	1	79491
159.0	0.25	0	1	79500
159.016	0.25	0	1	79508
159.032	0.25	0	1	79516
159.05	0.25	0	1	79525
159.066	0.25	0	1	79533
159.082	0.25	0	1	79541
159.1	0.25	0	1	79550
159.116	0.25	0	1	79558
159.132	0.25	0	1	79566
159.15	0.25	0	1	79575
159.166	0.25	0	1	79583
159.182	0.25	0	1	79591
159.2	0.25	0	1	79600
159.216	0.25	1	2	79608
159.232	0.25	1	2	79616
159.25	0.25	1	2	79625
159.266	0.25	1	2	79633
159.282	0.25	0	1	79641
159.3	0.25	0	1	79650
159.316	0.25	0	1	79658
159.332	0.25	0	1	79666
160.816	0.25	0	1	80408
160.832	0.25	0	1	80416
160.85	0.25	0	1	80425
160.866	0.25	0	1	80433
160.882	0.25	0	1	80441
160.9	0.25	0	1	80450
160.916	0.25	0	1	80458
160.932	0.25	0	1	80466
160.95	0.25	0	1	80475
160.966	0.25	0	1	80483
160.982	0.25	0	1	80491
161.0	0.25	0	1	80500
161.016	0.25	0	1	80508
161.032	0.25	0	1	80516
161.05	0.25	0	1	80525
161.066	0.25	0	1	80533
161.082	0.25	0	1	80541
161.1	0.25	0	1	80550
161.116	0.25	0	1	80558
161.132	0.25	0	1	80566
161.15	0.25	0	1	80575
161.166	0.25	0	1	80583
161.182	0.25	0	1	80591
161.2	0.25	1	2	80600
161.216	0.25	1	2	80608
161.232	0.25	1	2	80616
161.25	0.25	1	2	80625
161.266	0.25	0	1	80633
161.282	0.25	0	1	80641
161.3	0.25	0	1	80650
161.316	0.25	0	1	80658
161.332	0.25	0	1	80666
161.35	0.25	0	1	80675
161.366	0.25	0	1	80683
161.382	0.25	0	1	80691
161.4	0.25	0	1	80700
161.416	0.25	0	1	80708
161.432	0.25	0	1	80716
161.45	0.25	0	1	80725
161.466	0.25	0	1	80733
161.482	0.25	0	1	80741
161.5	0.25	0	1	80750
161.516	0.25	0	1	80758
161.532	0.25	0	1	80766
161.55	0.25	0	1	80775
161.566	0.25	0	1	80783
161.582	0.25	1	2	80791
161.6	0.25	1	2	80800
161.616	0.25	1	2	80808
161.632	0.25	1	2	80816
161.65	0.25	0	1	80825
161.666	0.25	0	1	80833
161.682	0.25	0	1	80841
161.7	0.25	0	1	80850
161.716	0.25	0	1	80858
161.732	0.25	0	1	80866
161.75	0.25	0	1	80875
161.766	0.25	0	1	80883
161.782	0.25	0	1	80891
161.8	0.25	0	1	80900
161.816	0.25	0	1	80908
161.832	0.25	0	1	80916
161.85	0.25	0	1	80925
161.866	0.25	0	1	80933
161.882	0.25	1	2	80941
161.9	0.25	1	2	80950
161.916	0.25	1	2	80958
161.932	0.25	1	2	80966
161.95	0.25	0	1	80975
161.966	0.25	0	1	80983
161.982	0.25	0	1	80991
162.0	0.25	0	1	81000
162.016	0.25	0	1	81008
162.032	0.25	0	1	81016
162.05	0.25	0	1	81025
162.066	0.25	0	1	81033
162.082	0.25	0	1	81041
162.1	0.25	0	1	81050
162.116	0.25	0	1	81058
162.132	0.25	0	1	81066
162.15	0.25	0	1	81075
162.166	0.25	1	2	81083
162.182	0.25	1	2	81091
162.2	0.25	1	2	81100
162.216	0.25	1	2	81108
162.232	0.25	0	1	81116
162.25	0.25	0	1	81125
162.266	0.25	0	1	81133
162.282	0.25	0	1	81141
162.3	0.25	0	1	81150
162.316	0.25	0	1	81158
162.332	0.25	0	1	81166
162.35	0.25	0	1	81175
162.366	0.25	0	1	81183
162.382	0.25	0	1	81191
162.4	0.25	0	1	81200
162.416	0.25	0	1	81208
162.432	0.25	0	1	81216
162.45	0.25	0	1	81225
162.466	0.25	0	1	81233
162.482	0.25	0	1	81241
162.5	0.25	1	2	81250
162.516	0.25	1	2	81258
162.532	0.25	1	2	81266
162.55	0.25	1	2	81275
162.566	0.25	0	1	81283
162.582	0.25	0	1	81291
162.6	0.25	0	1	81300
162.616	0.25	0	1	81308
162.632	0.25	0	1	81316
162.65	0.25	0	1	81325
162.666	0.25	0	1	81333
162.682	0.25	0	1	81341
162.7	0.25	0	1	81350
162.716	0.25	0	1	81358
162.732	0.25	0	1	81366
162.75	0.25	0	1	81375
166.082	0.25	0	1	83041
166.1	0.25	0	1	83050
166.116	0.25	0	1	83058
166.132	0.25	0	1	83066
166.15	0.25	0	1	83075
166.166	0.25	0	1	83083
166.182	0.25	0	1	83091
166.2	0.25	0	1	83100
166.216	0.25	0	1	83108
166.232	0.25	0	1	83116
166.25	0.25	0	1	83125
166.266	0.25	0	1	83133
166.282	0.25	0	1	83141
166.3	0.25	0	1	83150
166.316	0.25	0	1	83158
166.332	0.25	0	1	83166
166.35	0.25	0	1	83175
166.366	0.25	0	1	83183
166.382	0.25	1	2	83191
166.4	0.25	1	2	83200
166.416	0.25	1	2	83208
166.432	0.25	1	2	83216
166.45	0.25	0	1	83225
166.466	0.25	0	1	83233
166.482	0.25	0	1	83241
166.5	0.25	0	1	83250
166.516	0.25	0	1	83258
166.532	0.25	0	1	83266
166.55	0.25	0	1	83275
166.566	0.25	0	1	83283
166.582	0.25	0	1	83291
166.6	0.25	0	1	83300
166.616	0.25	0	1	83308
166.632	0.25	0	1	83316
166.65	0.25	0	1	83325
166.666	0.25	0	1	83333
166.682	0.25	0	1	83341
166.7	0.25	0	1	83350
166.716	0.25	0	1	83358
166.732	0.25	0	1	83366
166.75	0.25	0	1	83375
166.766	0.25	0	1	83383
166.782	0.25	1	2	83391
166.8	0.25	1	2	83400
166.816	0.25	1	2	83408
166.832	0.25	1	2	83416
166.85	0.25	0	1	83425
166.866	0.25	0	1	83433
166.882	0.25	0	1	83441
166.9	0.25	0	1	83450
166.916	0.25	0	1	83458
166.932	0.25	0	1	83466
166.95	0.25	0	1	83475
166.966	0.25	0	1	83483
166.982	0.25	0	1	83491
167.0	0.25	0	1	83500
167.016	0.25	0	1	83508
167.032	0.25	0	1	83516
167.05	0.25	0	1	83525
167.066	0.25	1	2	83533
167.082	0.25	1	2	83541
167.1	0.25	1	2	83550
167.116	0.25	1	2	83558
167.132	0.25	0	1	83566
167.15	0.25	0	1	83575
167.166	0.25	0	1	83583
167.182	0.25	0	1	83591
167.2	0.25	0	1	83600
167.216	0.25	0	1	83608
167.232	0.25	0	1	83616
167.25	0.25	0	1	83625
167.266	0.25	0	1	83633
167.282	0.25	0	1	83641
167.3	0.25	0	1	83650
167.316	0.25	0	1	83658
167.332	0.25	0	1	83666
167.35	0.25	0	1	83675
167.366	0.25	0	1	83683
167.382	0.25	0	1	83691
167.4	0.25	0	1	83700
167.416	0.25	0	1	83708
167.432	0.25	1	2	83716
167.45	0.25	1	2	83725
167.466	0.25	1	2	83733
167.482	0.25	1	2	83741
167.5	0.25	0	1	83750
167.516	0.25	0	1	83758
167.532	0.25	0	1	83766
167.55	0.25	0	1	83775
167.566	0.25	0	1	83783
167.582	0.25	0	1	83791
167.6	0.25	0	1	83800
167.616	0.25	0	1	83808
167.632	0.25	0	1	83816
167.65	0.25	0	1	83825
167.666	0.25	0	1	83833
167.682	0.25	0	1	83841
167.7	0.25	0	1	83850
167.716	0.25	0	1	83858
167.732	0.25	0	1	83866
167.75	0.25	0	1	83875
167.766	0.25	0	1	83883
167.782	0.25	0	1	83891
167.8	0.25	0	1	83900
167.816	0.25	0	1	83908
167.832	0.25	0	1	83916
167.85	0.25	0	1	83925
167.866	0.25	0	1	83933
167.882	0.25	0	1	83941
167.9	0.25	1	2	83950
167.916	0.25	1	2	83958
167.932	0.25	1	2	83966
167.95	0.25	1	2	83975
167.966	0.25	0	1	83983
167.982	0.25	0	1	83991
168.0	0.25	0	1	84000
168.016	0.25	0	1	84008
169.5	0.25	0	1	84750
169.516	0.25	0	1	84758
169.532	0.25	0	1	84766
169.55	0.25	0	1	84775
169.566	0.25	0	1	84783
169.582	0.25	0	1	84791
169.6	0.25	0	1	84800
169.616	0.25	0	1	84808
169.632	0.25	0	1	84816
169.65	0.25	0	1	84825
169.666	0.25	0	1	84833
169.682	0.25	0	1	84841
169.7	0.25	0	1	84850
169.716	0.25	0	1	84858
169.732	0.25	0	1	84866
169.75	0.25	1	2	84875
169.766	0.25	1	2	84883
169.782	0.25	1	2	84891
169.8	0.25	1	2	84900
169.816	0.25	0	1	84908
169.832	0.25	0	1	84916
169.85	0.25	0	1	84925
169.866	0.25	0	1	84933
169.882	0.25	0	1	84941
169.9	0.25	0	1	84950
169.916	0.25	0	1	84958
169.932	0.25	0	1	84966
169.95	0.25	0	1	84975
169.966	0.25	0	1	84983
169.982	0.25	0	1	84991
170.0	0.25	0	1	85000
170.016	0.25	0	1	85008
170.032	0.25	0	1	85016
170.05	0.25	0	1	85025
170.066	0.25	0	1	85033
170.082	0.25	0	1	85041
170.1	0.25	0	1	85050
170.116	0.25	0	1	85058
170.132	0.25	0	1	85066
170.15	0.25	0	1	85075
170.166	0.25	0	1	85083
170.182	0.25	1	2	85091
170.2	0.25	1	2	85100
170.216	0.25	1	2	85108
170.232	0.25	1	2	85116
170.25	0.25	0	1	85125
170.266	0.25	0	1	85133
170.282	0.25	0	1	85141
170.3	0.25	0	1	85150
170.316	0.25	0	1	85158
170.332	0.25	0	1	85166
170.35	0.25	0	1	85175
170.366	0.25	0	1	85183
170.382	0.25	0	1	85191
170.4	0.25	0	1	85200
170.416	0.25	0	1	85208
170.432	0.25	0	1	85216
170.45	0.25	0	1	85225
170.466	0.25	0	1	85233
170.482	0.25	0	1	85241
170.5	0.25	0	1	85250
170.516	0.25	0	1	85258
170.532	0.25	0	1	85266
170.55	0.25	0	1	85275
170.566	0.25	0	1	85283
170.582	0.25	0	1	85291
170.6	0.25	0	1	85300
170.616	0.25	0	1	85308
170.632	0.25	0	1	85316
170.65	0.25	1	2	85325
170.666	0.25	1	2	85333
170.682	0.25	1	2	85341
170.7	0.25	1	2	85350
170.716	0.25	0	1	85358
170.732	0.25	0	1	85366
170.75	0.25	0	1	85375
170.766	0.25	0	1	85383
170.782	0.25	0	1	85391
170.8	0.25	0	1	85400
170.816	0.25	0	1	85408
170.832	0.25	0	1	85416
170.85	0.25	0	1	85425
170.866	0.25	0	1	85433
170.882	0.25	0	1	85441
170.9	0.25	0	1	85450
170.916	0.25	0	1	85458
170.932	0.25	0	1	85466
170.95	0.25	1	2	85475
170.966	0.25	1	2	85483
170.982	0.25	1	2	85491
171.0	0.25	1	2	85500
171.016	0.25	0	1	85508
171.032	0.25	0	1	85516
171.05	0.25	0	1	85525
171.066	0.25	0	1	85533
171.082	0.25	0	1	85541
171.1	0.25	0	1	85550
171.116	0.25	0	1	85558
171.132	0.25	0	1	85566
171.15	0.25	0	1	85575
171.166	0.25	0	1	85583
171.182	0.25	0	1	85591
171.2	0.25	0	1	85600
171.216	0.25	0	1	85608
171.232	0.25	0	1	85616
171.25	0.25	0	1	85625
171.266	0.25	0	1	85633
171.282	0.25	0	1	85641
171.3	0.25	0	1	85650
171.316	0.25	0	1	85658
171.332	0.25	0	1	85666
171.35	0.25	0	1	85675
171.366	0.25	0	1	85683
171.382	0.25	1	2	85691
171.4	0.25	1	2	85700
171.416	0.25	1	2	85708
171.432	0.25	1	2	85716
172.916	0.25	0	1	86458
172.932	0.25	1	2	86466
172.95	0.25	1	2	86475
172.966	0.25	1	2	86483
172.982	0.25	1	2	86491
173.0	0.25	0	1	86500
173.016	0.25	0	1	86508
173.032	0.25	0	1	86516
173.05	0.25	0	1	86525
173.066	0.25	0	1	86533
173.082	0.25	0	1	86541
173.1	0.25	0	1	86550
173.116	0.25	0	1	86558
173.132	0.25	0	1	86566
173.15	0.25	0	1	86575
173.166	0.25	0	1	86583
173.182	0.25	0	1	86591
173.2	0.25	0	1	86600
173.216	0.25	0	1	86608
173.232	0.25	0	1	86616
173.25	0.25	0	1	86625
173.266	0.25	0	1	86633
173.282	0.25	0	1	86641
173.3	0.25	0	1	86650
173.316	0.25	0	1	86658
173.332	0.25	0	1	86666
173.35	0.25	0	1	86675
173.366	0.25	0	1	86683
173.382	0.25	0	1	86691
173.4	0.25	0	1	86700
173.416	0.25	1	2	86708
173.432	0.25	1	2	86716
173.45	0.25	1	2	86725
173.466	0.25	1	2	86733
173.482	0.25	0	1	86741
173.5	0.25	0	1	86750
173.516	0.25	0	1	86758
173.532	0.25	0	1	86766
173.55	0.25	0	1	86775
173.566	0.25	0	1	86783
173.582	0.25	0	1	86791
173.6	0.25	0	1	86800
173.616	0.25	0	1	86808
173.632	0.25	0	1	86816
173.65	0.25	0	1	86825
173.666	0.25	0	1	86833
173.682	0.25	0	1	86841
173.7	0.25	0	1	86850
173.716	0.25	0	1	86858
173.732	0.25	0	1	86866
173.75	0.25	0	1	86875
173.766	0.25	0	1	86883
173.782	0.25	0	1	86891
173.8	0.25	0	1	86900
173.816	0.25	0	1	86908
173.832	0.25	0	1	86916
173.85	0.25	0	1	86925
173.866	0.25	0	1	86933
173.882	0.25	1	2	86941
173.9	0.25	1	2	86950
173.916	0.25	1	2	86958
173.932	0.25	1	2	86966
173.95	0.25	0	1	86975
173.966	0.25	0	1	86983
173.982	0.25	0	1	86991
174.0	0.25	0	1	87000
174.016	0.25	0	1	87008
174.032	0.25	0	1	87016
174.05	0.25	0	1	87025
174.066	0.25	0	1	87033
174.082	0.25	0	1	87041
174.1	0.25	0	1	87050
174.116	0.25	0	1	87058
174.132	0.25	0	1	87066
174.15	0.25	0	1	87075
174.166	0.25	0	1	87083
174.182	0.25	0	1	87091
174.2	0.25	0	1	87100
174.216	0.25	0	1	87108
174.232	0.25	0	1	87116
174.25	0.25	0	1	87125
174.266	0.25	0	1	87133
174.282	0.25	0	1	87141
174.3	0.25	1	2	87150
174.316	0.25	1	2	87158
174.332	0.25	1	2	87166
174.35	0.25	1	2	87175
174.366	0.25	0	1	87183
174.382	0.25	0	1	87191
174.4	0.25	0	1	87200
174.416	0.25	0	1	87208
174.432	0.25	0	1	87216
174.45	0.25	0	1	87225
174.466	0.25	0	1	87233
174.482	0.25	0	1	87241
174.5	0.25	0	1	87250
174.516	0.25	0	1	87258
174.532	0.25	0	1	87266
174.55	0.25	0	1	87275
174.566	0.25	0	1	87283
174.582	0.25	0	1	87291
174.6	0.25	0	1	87300
174.616	0.25	0	1	87308
174.632	0.25	0	1	87316
174.65	0.25	0	1	87325
174.666	0.25	0	1	87333
174.682	0.25	0	1	87341
174.7	0.25	0	1	87350
174.716	0.25	0	1	87358
174.732	0.25	1	2	87366
174.75	0.25	1	2	87375
174.766	0.25	1	2	87383
174.782	0.25	1	2	87391
174.8	0.25	0	1	87400
174.816	0.25	0	1	87408
174.832	0.25	0	1	87416
174.85	0.25	0	1	87425
176.332	0.25	0	1	88166
176.35	0.25	0	1	88175
176.366	0.25	0	1	88183
176.382	0.25	0	1	88191
176.4	0.25	0	1	88200
176.416	0.25	0	1	88208
176.432	0.25	0	1	88216
176.45	0.25	0	1	88225
176.466	0.25	0	1	88233
176.482	0.25	0	1	88241
176.5	0.25	0	1	88250
176.516	0.25	0	1	88258
176.532	0.25	0	1	88266
176.55	0.25	0	1	88275
176.566	0.25	0	1	88283
176.582	0.25	0	1	88291
176.6	0.25	0	1	88300
176.616	0.25	0	1	88308
176.632	0.25	0	1	88316
176.65	0.25	0	1	88325
176.666	0.25	0	1	88333
176.682	0.25	0	1	88341
176.7	0.25	0	1	88350
176.716	0.25	1	2	88358
176.732	0.25	1	2	88366
176.75	0.25	1	2	88375
176.766	0.25	1	2	88383
176.782	0.25	0	1	88391
176.8	0.25	0	1	88400
176.816	0.25	0	1	88408
176.832	0.25	0	1	88416
176.85	0.25	0	1	88425
176.866	0.25	0	1	88433
176.882	0.25	0	1	88441
176.9	0.25	0	1	88450
176.916	0.25	0	1	88458
176.932	0.25	0	1	88466
176.95	0.25	0	1	88475
176.966	0.25	0	1	88483
176.982	0.25	0	1	88491
177.0	0.25	0	1	88500
177.016	0.25	0	1	88508
177.032	0.25	0	1	88516
177.05	0.25	0	1	88525
177.066	0.25	0	1	88533
177.082	0.25	0	1	88541
177.1	0.25	1	2	88550
177.116	0.25	1	2	88558
177.132	0.25	1	2	88566
177.15	0.25	1	2	88575
177.166	0.25	0	1	88583
177.182	0.25	0	1	88591
177.2	0.25	0	1	88600
177.216	0.25	0	1	88608
177.232	0.25	0	1	88616
177.25	0.25	0	1	88625
177.266	0.25	0	1	88633
177.282	0.25	0	1	88641
177.3	0.25	0	1	88650
177.316	0.25	0	1	88658
177.332	0.25	0	1	88666
177.35	0.25	0	1	88675
177.366	0.25	0	1	88683
177.382	0.25	0	1	88691
177.4	0.25	1	2	88700
177.416	0.25	1	2	88708
177.432	0.25	1	2	88716
177.45	0.25	1	2	88725
177.466	0.25	0	1	88733
177.482	0.25	0	1	88741
177.5	0.25	0	1	88750
177.516	0.25	0	1	88758
177.532	0.25	0	1	88766
177.55	0.25	0	1	88775
177.566	0.25	0	1	88783
177.582	0.25	0	1	88791
177.6	0.25	0	1	88800
177.616	0.25	0	1	88808
177.632	0.25	0	1	88816
177.65	0.25	0	1	88825
177.666	0.25	0	1	88833
177.682	0.25	1	2	88841
177.7	0.25	1	2	88850
177.716	0.25	1	2	88858
177.732	0.25	1	2	88866
177.75	0.25	0	1	88875
177.766	0.25	0	1	88883
177.782	0.25	0	1	88891
177.8	0.25	0	1	88900
177.816	0.25	0	1	88908
177.832	0.25	0	1	88916
177.85	0.25	0	1	88925
177.866	0.25	0	1	88933
177.882	0.25	0	1	88941
177.9	0.25	0	1	88950
177.916	0.25	0	1	88958
177.932	0.25	0	1	88966
177.95	0.25	0	1	88975
177.966	0.25	0	1	88983
177.982	0.25	0	1	88991
178.0	0.25	0	1	89000
178.016	0.25	1	2	89008
178.032	0.25	1	2	89016
178.05	0.25	1	2	89025
178.066	0.25	1	2	89033
178.082	0.25	0	1	89041
178.1	0.25	0	1	89050
178.116	0.25	0	1	89058
178.132	0.25	0	1	89066
178.15	0.25	0	1	89075
178.166	0.25	0	1	89083
178.182	0.25	0	1	89091
178.2	0.25	0	1	89100
178.216	0.25	0	1	89108
178.232	0.25	0	1	89116
178.25	0.25	0	1	89125
178.266	0.25	0	1	89133
184.966	0.25	0	1	92483
184.982	0.25	0	1	92491
185.0	0.25	0	1	92500
185.016	0.25	0	1	92508
185.032	0.25	0	1	92516
185.05	0.25	0	1	92525
185.066	0.25	0	1	92533
185.082	0.25	0	1	92541
185.1	0.25	0	1	92550
185.116	0.25	0	1	92558
185.132	0.25	0	1	92566
185.15	0.25	0	1	92575
185.166	0.25	0	1	92583
185.182	0.25	0	1	92591
185.2	0.25	0	1	92600
185.216	0.25	1	2	92608
185.232	0.25	1	2	92616
185.25	0.25	1	2	92625
185.266	0.25	1	2	92633
185.282	0.25	0	1	92641
185.3	0.25	0	1	92650
185.316	0.25	0	1	92658
185.332	0.25	0	1	92666
185.35	0.25	0	1	92675
185.366	0.25	0	1	92683
185.382	0.25	0	1	92691
185.4	0.25	0	1	92700
185.416	0.25	0	1	92708
185.432	0.25	0	1	92716
185.45	0.25	0	1	92725
185.466	0.25	0	1	92733
185.482	0.25	0	1	92741
185.5	0.25	0	1	92750
185.516	0.25	0	1	92758
185.532	0.25	0	1	92766
185.55	0.25	0	1	92775
185.566	0.25	0	1	92783
185.582	0.25	0	1	92791
185.6	0.25	0	1	92800
185.616	0.25	0	1	92808
185.632	0.25	0	1	92816
185.65	0.25	1	2	92825
185.666	0.25	1	2	92833
185.682	0.25	1	2	92841
185.7	0.25	1	2	92850
185.716	0.25	0	1	92858
185.732	0.25	0	1	92866
185.75	0.25	0	1	92875
185.766	0.25	0	1	92883
185.782	0.25	0	1	92891
185.8	0.25	0	1	92900
185.816	0.25	0	1	92908
185.832	0.25	0	1	92916
185.85	0.25	0	1	92925
185.866	0.25	0	1	92933
185.882	0.25	0	1	92941
185.9	0.25	0	1	92950
185.916	0.25	0	1	92958
185.932	0.25	0	1	92966
185.95	0.25	0	1	92975
185.966	0.25	0	1	92983
185.982	0.25	0	1	92991
186.0	0.25	0	1	93000
186.016	0.25	0	1	93008
186.032	0.25	0	1	93016
186.05	0.25	0	1	93025
186.066	0.25	0	1	93033
186.082	0.25	0	1	93041
186.1	0.25	0	1	93050
186.116	0.25	1	2	93058
186.132	0.25	1	2	93066
186.15	0.25	1	2	93075
186.166	0.25	1	2	93083
186.182	0.25	0	1	93091
186.2	0.25	0	1	93100
186.216	0.25	0	1	93108
186.232	0.25	0	1	93116
186.25	0.25	0	1	93125
186.266	0.25	0	1	93133
186.282	0.25	0	1	93141
186.3	0.25	0	1	93150
186.316	0.25	0	1	93158
186.332	0.25	0	1	93166
186.35	0.25	0	1	93175
186.366	0.25	0	1	93183
186.382	0.25	0	1	93191
186.4	0.25	0	1	93200
186.416	0.25	1	2	93208
186.432	0.25	1	2	93216
186.45	0.25	1	2	93225
186.466	0.25	1	2	93233
186.482	0.25	0	1	93241
186.5	0.25	0	1	93250
186.516	0.25	0	1	93258
186.532	0.25	0	1	93266
186.55	0.25	0	1	93275
186.566	0.25	0	1	93283
186.582	0.25	0	1	93291
186.6	0.25	0	1	93300
186.616	0.25	0	1	93308
186.632	0.25	0	1	93316
186.65	0.25	0	1	93325
186.666	0.25	0	1	93333
186.682	0.25	0	1	93341
186.7	0.25	0	1	93350
186.716	0.25	0	1	93358
186.732	0.25	0	1	93366
186.75	0.25	0	1	93375
186.766	0.25	0	1	93383
186.782	0.25	0	1	93391
186.8	0.25	0	1	93400
186.816	0.25	0	1	93408
186.832	0.25	0	1	93416
186.85	0.25	1	2	93425
186.866	0.25	1	2	93433
186.882	0.25	1	2	93441
186.9	0.25	1	2	93450
188.382	0.25	0	1	94191
188.4	0.25	0	1	94200
188.416	0.25	0	1	94208
188.432	0.25	0	1	94216
188.45	0.25	0	1	94225
188.466	0.25	0	1	94233
188.482	0.25	0	1	94241
188.5	0.25	0	1	94250
188.516	0.25	0	1	94258
188.532	0.25	0	1	94266
188.55	0.25	0	1	94275
188.566	0.25	0	1	94283
188.582	0.25	0	1	94291
188.6	0.25	0	1	94300
188.616	0.25	0	1	94308
188.632	0.25	0	1	94316
188.65	0.25	0	1	94325
188.666	0.25	0	1	94333
188.682	0.25	0	1	94341
188.7	0.25	0	1	94350
188.716	0.25	0	1	94358
188.732	0.25	0	1	94366
188.75	0.25	0	1	94375
188.766	0.25	1	2	94383
188.782	0.25	1	2	94391
188.8	0.25	1	2	94400
188.816	0.25	1	2	94408
188.832	0.25	0	1	94416
188.85	0.25	0	1	94425
188.866	0.25	0	1	94433
188.882	0.25	0	1	94441
188.9	0.25	0	1	94450
188.916	0.25	0	1	94458
188.932	0.25	0	1	94466
188.95	0.25	0	1	94475
188.966	0.25	0	1	94483
188.982	0.25	0	1	94491
189.0	0.25	0	1	94500
189.016	0.25	0	1	94508
189.032	0.25	0	1	94516
189.05	0.25	0	1	94525
189.066	0.25	0	1	94533
189.082	0.25	0	1	94541
189.1	0.25	0	1	94550
189.116	0.25	0	1	94558
189.132	0.25	0	1	94566
189.15	0.25	1	2	94575
189.166	0.25	1	2	94583
189.182	0.25	1	2	94591
189.2	0.25	1	2	94600
189.216	0.25	0	1	94608
189.232	0.25	0	1	94616
189.25	0.25	0	1	94625
189.266	0.25	0	1	94633
189.282	0.25	0	1	94641
189.3	0.25	0	1	94650
189.316	0.25	0	1	94658
189.332	0.25	0	1	94666
189.35	0.25	0	1	94675
189.366	0.25	0	1	94683
189.382	0.25	0	1	94691
189.4	0.25	0	1	94700
189.416	0.25	0	1	94708
189.432	0.25	0	1	94716
189.45	0.25	1	2	94725
189.466	0.25	1	2	94733
189.482	0.25	1	2	94741
189.5	0.25	1	2	94750
189.516	0.25	0	1	94758
189.532	0.25	0	1	94766
189.55	0.25	0	1	94775
189.566	0.25	0	1	94783
189.582	0.25	0	1	94791
189.6	0.25	0	1	94800
189.616	0.25	0	1	94808
189.632	0.25	0	1	94816
189.65	0.25	0	1	94825
189.666	0.25	0	1	94833
189.682	0.25	0	1	94841
189.7	0.25	0	1	94850
189.716	0.25	0	1	94858
189.732	0.25	1	2	94866
189.75	0.25	1	2	94875
189.766	0.25	1	2	94883
189.782	0.25	1	2	94891
189.8	0.25	0	1	94900
189.816	0.25	0	1	94908
189.832	0.25	0	1	94916
189.85	0.25	0	1	94925
189.866	0.25	0	1	94933
189.882	0.25	0	1	94941
189.9	0.25	0	1	94950
189.916	0.25	0	1	94958
189.932	0.25	0	1	94966
189.95	0.25	0	1	94975
189.966	0.25	0	1	94983
189.982	0.25	0	1	94991
190.0	0.25	0	1	95000
190.016	0.25	0	1	95008
190.032	0.25	0	1	95016
190.05	0.25	0	1	95025
190.066	0.25	1	2	95033
190.082	0.25	1	2	95041
190.1	0.25	1	2	95050
190.116	0.25	1	2	95058
190.132	0.25	0	1	95066
190.15	0.25	0	1	95075
190.166	0.25	0	1	95083
190.182	0.25	0	1	95091
190.2	0.25	0	1	95100
190.216	0.25	0	1	95108
190.232	0.25	0	1	95116
190.25	0.25	0	1	95125
190.266	0.25	0	1	95133
190.282	0.25	0	1	95141
190.3	0.25	0	1	95150
190.316	0.25	0	1	95158
191.8	0.25	0	1	95900
191.816	0.25	0	1	95908
191.832	0.25	0	1	95916
191.85	0.25	0	1	95925
191.866	0.25	0	1	95933
191.882	0.25	0	1	95941
191.9	0.25	0	1	95950
191.916	0.25	0	1	95958
191.932	0.25	0	1	95966
191.95	0.25	0	1	95975
191.966	0.25	0	1	95983
191.982	0.25	0	1	95991
192.0	0.25	0	1	96000
192.016	0.25	0	1	96008
192.032	0.25	0	1	96016
192.05	0.25	0	1	96025
192.066	0.25	0	1	96033
192.082	0.25	0	1	96041
192.1	0.25	1	2	96050
192.116	0.25	1	2	96058
192.132	0.25	1	2	96066
192.15	0.25	1	2	96075
192.166	0.25	0	1	96083
192.182	0.25	0	1	96091
192.2	0.25	0	1	96100
192.216	0.25	0	1	96108
192.232	0.25	0	1	96116
192.25	0.25	0	1	96125
192.266	0.25	0	1	96133
192.282	0.25	0	1	96141
192.3	0.25	0	1	96150
192.316	0.25	0	1	96158
192.332	0.25	0	1	96166
192.35	0.25	0	1	96175
192.366	0.25	0	1	96183
192.382	0.25	0	1	96191
192.4	0.25	0	1	96200
192.416	0.25	0	1	96208
192.432	0.25	0	1	96216
192.45	0.25	0	1	96225
192.466	0.25	0	1	96233
192.482	0.25	0	1	96241
192.5	0.25	1	2	96250
192.516	0.25	1	2	96258
192.532	0.25	1	2	96266
192.55	0.25	1	2	96275
192.566	0.25	0	1	96283
192.582	0.25	0	1	96291
192.6	0.25	0	1	96300
192.616	0.25	0	1	96308
192.632	0.25	0	1	96316
192.65	0.25	0	1	96325
192.666	0.25	0	1	96333
192.682	0.25	0	1	96341
192.7	0.25	0	1	96350
192.716	0.25	0	1	96358
192.732	0.25	0	1	96366
192.75	0.25	0	1	96375
192.766	0.25	0	1	96383
192.782	0.25	1	2	96391
192.8	0.25	1	2	96400
192.816	0.25	1	2	96408
192.832	0.25	1	2	96416
192.85	0.25	0	1	96425
192.866	0.25	0	1	96433
192.882	0.25	0	1	96441
192.9	0.25	0	1	96450
192.916	0.25	0	1	96458
192.932	0.25	0	1	96466
192.95	0.25	0	1	96475
192.966	0.25	0	1	96483
192.982	0.25	0	1	96491
193.0	0.25	0	1	96500
193.016	0.25	0	1	96508
193.032	0.25	0	1	96516
193.05	0.25	0	1	96525
193.066	0.25	0	1	96533
193.082	0.25	0	1	96541
193.1	0.25	0	1	96550
193.116	0.25	0	1	96558
193.132	0.25	0	1	96566
193.15	0.25	1	2	96575
193.166	0.25	1	2	96583
193.182	0.25	1	2	96591
193.2	0.25	1	2	96600
193.216	0.25	0	1	96608
193.232	0.25	0	1	96616
193.25	0.25	0	1	96625
193.266	0.25	0	1	96633
193.282	0.25	0	1	96641
193.3	0.25	0	1	96650
193.316	0.25	0	1	96658
193.332	0.25	0	1	96666
193.35	0.25	0	1	96675
193.366	0.25	0	1	96683
193.382	0.25	0	1	96691
193.4	0.25	0	1	96700
193.416	0.25	0	1	96708
193.432	0.25	0	1	96716
193.45	0.25	0	1	96725
193.466	0.25	0	1	96733
193.482	0.25	0	1	96741
193.5	0.25	0	1	96750
193.516	0.25	0	1	96758
193.532	0.25	0	1	96766
193.55	0.25	0	1	96775
193.566	0.25	0	1	96783
193.582	0.25	0	1	96791
193.6	0.25	0	1	96800
193.616	0.25	1	2	96808
193.632	0.25	1	2	96816
193.65	0.25	1	2	96825
193.666	0.25	1	2	96833
193.682	0.25	0	1	96841
193.7	0.25	0	1	96850
193.716	0.25	0	1	96858
193.732	0.25	0	1	96866
195.216	0.25	0	1	97608
195.232	0.25	1	2	97616
195.25	0.25	1	2	97625
195.266	0.25	1	2	97633
195.282	0.25	1	2	97641
195.3	0.25	0	1	97650
195.316	0.25	0	1	97658
195.332	0.25	0	1	97666
195.35	0.25	0	1	97675
195.366	0.25	0	1	97683
195.382	0.25	0	1	97691
195.4	0.25	0	1	97700
195.416	0.25	0	1	97708
195.432	0.25	0	1	97716
195.45	0.25	0	1	97725
195.466	0.25	0	1	97733
195.482	0.25	0	1	97741
195.5	0.25	0	1	97750
195.516	0.25	0	1	97758
195.532	0.25	0	1	97766
195.55	0.25	0	1	97775
195.566	0.25	0	1	97783
195.582	0.25	0	1	97791
195.6	0.25	0	1	97800
195.616	0.25	0	1	97808
195.632	0.25	0	1	97816
195.65	0.25	0	1	97825
195.666	0.25	0	1	97833
195.682	0.25	0	1	97841
195.7	0.25	0	1	97850
195.716	0.25	1	2	97858
195.732	0.25	1	2	97866
195.75	0.25	1	2	97875
195.766	0.25	1	2	97883
195.782	0.25	0	1	97891
195.8	0.25	0	1	97900
195.816	0.25	0	1	97908
195.832	0.25	0	1	97916
195.85	0.25	0	1	97925
195.866	0.25	0	1	97933
195.882	0.25	0	1	97941
195.9	0.25	0	1	97950
195.916	0.25	0	1	97958
195.932	0.25	0	1	97966
195.95	0.25	0	1	97975
195.966	0.25	0	1	97983
195.982	0.25	0	1	97991
196.0	0.25	0	1	98000
196.016	0.25	0	1	98008
196.032	0.25	0	1	98016
196.05	0.25	0	1	98025
196.066	0.25	0	1	98033
196.082	0.25	0	1	98041
196.1	0.25	0	1	98050
196.116	0.25	0	1	98058
196.132	0.25	0	1	98066
196.15	0.25	0	1	98075
196.166	0.25	0	1	98083
196.182	0.25	1	2	98091
196.2	0.25	1	2	98100
196.216	0.25	1	2	98108
196.232	0.25	1	2	98116
196.25	0.25	0	1	98125
196.266	0.25	0	1	98133
196.282	0.25	0	1	98141
196.3	0.25	0	1	98150
196.316	0.25	0	1	98158
196.332	0.25	0	1	98166
196.35	0.25	0	1	98175
196.366	0.25	0	1	98183
196.382	0.25	0	1	98191
196.4	0.25	0	1	98200
196.416	0.25	0	1	98208
196.432	0.25	0	1	98216
196.45	0.25	0	1	98225
196.466	0.25	0	1	98233
196.482	0.25	0	1	98241
196.5	0.25	0	1	98250
196.516	0.25	0	1	98258
196.532	0.25	0	1	98266
196.55	0.25	0	1	98275
196.566	0.25	0	1	98283
196.582	0.25	0	1	98291
196.6	0.25	1	2	98300
196.616	0.25	1	2	98308
196.632	0.25	1	2	98316
196.65	0.25	1	2	98325
196.666	0.25	0	1	98333
196.682	0.25	0	1	98341
196.7	0.25	0	1	98350
196.716	0.25	0	1	98358
196.732	0.25	0	1	98366
196.75	0.25	0	1	98375
196.766	0.25	0	1	98383
196.782	0.25	0	1	98391
196.8	0.25	0	1	98400
196.816	0.25	0	1	98408
196.832	0.25	0	1	98416
196.85	0.25	0	1	98425
196.866	0.25	0	1	98433
196.882	0.25	0	1	98441
196.9	0.25	0	1	98450
196.916	0.25	0	1	98458
196.932	0.25	0	1	98466
196.95	0.25	0	1	98475
196.966	0.25	0	1	98483
196.982	0.25	0	1	98491
197.0	0.25	0	1	98500
197.016	0.25	0	1	98508
197.032	0.25	1	2	98516
197.05	0.25	1	2	98525
197.066	0.25	1	2	98533
197.082	0.25	1	2	98541
197.1	0.25	0	1	98550
197.116	0.25	0	1	98558
197.132	0.25	0	1	98566
197.15	0.25	0	1	98575
201.532	0.25	0	1	100766
201.55	0.25	0	1	100775
201.566	0.25	0	1	100783
201.582	0.25	0	1	100791
201.6	0.25	0	1	100800
201.616	0.25	0	1	100808
201.632	0.25	0	1	100816
201.65	0.25	0	1	100825
201.666	0.25	0	1	100833
201.682	0.25	0	1	100841
201.7	0.25	0	1	100850
201.716	0.25	0	1	100858
201.732	0.25	0	1	100866
201.75	0.25	0	1	100875
201.766	0.25	0	1	100883
201.782	0.25	0	1	100891
201.8	0.25	0	1	100900
201.816	0.25	0	1	100908
201.832	0.25	1	2	100916
201.85	0.25	1	2	100925
201.866	0.25	1	2	100933
201.882	0.25	1	2	100941
201.9	0.25	0	1	100950
201.916	0.25	0	1	100958
201.932	0.25	0	1	100966
201.95	0.25	0	1	100975
201.966	0.25	0	1	100983
201.982	0.25	0	1	100991
202.0	0.25	0	1	101000
202.016	0.25	0	1	101008
202.032	0.25	0	1	101016
202.05	0.25	0	1	101025
202.066	0.25	0	1	101033
202.082	0.25	0	1	101041
202.1	0.25	0	1	101050
202.116	0.25	0	1	101058
202.132	0.25	0	1	101066
202.15	0.25	0	1	101075
202.166	0.25	0	1	101083
202.182	0.25	0	1	101091
202.2	0.25	0	1	101100
202.216	0.25	0	1	101108
202.232	0.25	1	2	101116
202.25	0.25	1	2	101125
202.266	0.25	1	2	101133
202.282	0.25	1	2	101141
202.3	0.25	0	1	101150
202.316	0.25	0	1	101158
202.332	0.25	0	1	101166
202.35	0.25	0	1	101175
202.366	0.25	0	1	101183
202.382	0.25	0	1	101191
202.4	0.25	0	1	101200
202.416	0.25	0	1	101208
202.432	0.25	0	1	101216
202.45	0.25	0	1	101225
202.466	0.25	0	1	101233
202.482	0.25	0	1	101241
202.5	0.25	0	1	101250
202.516	0.25	1	2	101258
202.532	0.25	1	2	101266
202.55	0.25	1	2	101275
202.566	0.25	1	2	101283
202.582	0.25	0	1	101291
202.6	0.25	0	1	101300
202.616	0.25	0	1	101308
202.632	0.25	0	1	101316
202.65	0.25	0	1	101325
202.666	0.25	0	1	101333
202.682	0.25	0	1	101341
202.7	0.25	0	1	101350
202.716	0.25	0	1	101358
202.732	0.25	0	1	101366
202.75	0.25	0	1	101375
202.766	0.25	0	1	101383
202.782	0.25	0	1	101391
202.8	0.25	0	1	101400
202.816	0.25	0	1	101408
202.832	0.25	0	1	101416
202.85	0.25	0	1	101425
202.866	0.25	0	1	101433
202.882	0.25	1	2	101441
202.9	0.25	1	2	101450
202.916	0.25	1	2	101458
202.932	0.25	1	2	101466
202.95	0.25	0	1	101475
202.966	0.25	0	1	101483
202.982	0.25	0	1	101491
203.0	0.25	0	1	101500
203.016	0.25	0	1	101508
203.032	0.25	0	1	101516
203.05	0.25	0	1	101525
203.066	0.25	0	1	101533
203.082	0.25	0	1	101541
203.1	0.25	0	1	101550
203.116	0.25	0	1	101558
203.132	0.25	0	1	101566
203.15	0.25	0	1	101575
203.166	0.25	0	1	101583
203.182	0.25	0	1	101591
203.2	0.25	0	1	101600
203.216	0.25	0	1	101608
203.232	0.25	0	1	101616
203.25	0.25	0	1	101625
203.266	0.25	0	1	101633
203.282	0.25	0	1	101641
203.3	0.25	0	1	101650
203.316	0.25	0	1	101658
203.332	0.25	0	1	101666
203.35	0.25	1	2	101675
203.366	0.25	1	2	101683
203.382	0.25	1	2	101691
203.4	0.25	1	2	101700
203.416	0.25	0	1	101708
203.432	0.25	0	1	101716
203.45	0.25	0	1	101725
203.466	0.25	0	1	101733
204.95	0.25	0	1	102475
204.966	0.25	0	1	102483
204.982	0.25	0	1	102491
205.0	0.25	0	1	102500
205.016	0.25	0	1	102508
205.032	0.25	0	1	102516
205.05	0.25	0	1	102525
205.066	0.25	0	1	102533
205.082	0.25	0	1	102541
205.1	0.25	0	1	102550
205.116	0.25	0	1	102558
205.132	0.25	0	1	102566
205.15	0.25	0	1	102575
205.166	0.25	0	1	102583
205.182	0.25	0	1	102591
205.2	0.25	1	2	102600
205.216	0.25	1	2	102608
205.232	0.25	1	2	102616
205.25	0.25	1	2	102625
205.266	0.25	0	1	102633
205.282	0.25	0	1	102641
205.3	0.25	0	1	102650
205.316	0.25	0	1	102658
205.332	0.25	0	1	102666
205.35	0.25	0	1	102675
205.366	0.25	0	1	102683
205.382	0.25	0	1	102691
205.4	0.25	0	1	102700
205.416	0.25	0	1	102708
205.432	0.25	0	1	102716
205.45	0.25	0	1	102725
205.466	0.25	0	1	102733
205.482	0.25	0	1	102741
205.5	0.25	0	1	102750
205.516	0.25	0	1	102758
205.532	0.25	0	1	102766
205.55	0.25	0	1	102775
205.566	0.25	0	1	102783
205.582	0.25	0	1	102791
205.6	0.25	0	1	102800
205.616	0.25	0	1	102808
205.632	0.25	1	2	102816
205.65	0.25	1	2	102825
205.666	0.25	1	2	102833
205.682	0.25	1	2	102841
205.7	0.25	0	1	102850
205.716	0.25	0	1	102858
205.732	0.25	0	1	102866
205.75	0.25	0	1	102875
205.766	0.25	0	1	102883
205.782	0.25	0	1	102891
205.8	0.25	0	1	102900
205.816	0.25	0	1	102908
205.832	0.25	0	1	102916
205.85	0.25	0	1	102925
205.866	0.25	0	1	102933
205.882	0.25	0	1	102941
205.9	0.25	0	1	102950
205.916	0.25	0	1	102958
205.932	0.25	0	1	102966
205.95	0.25	0	1	102975
205.966	0.25	0	1	102983
205.982	0.25	0	1	102991
206.0	0.25	0	1	103000
206.016	0.25	0	1	103008
206.032	0.25	0	1	103016
206.05	0.25	0	1	103025
206.066	0.25	0	1	103033
206.082	0.25	0	1	103041
206.1	0.25	1	2	103050
206.116	0.25	1	2	103058
206.132	0.25	1	2	103066
206.15	0.25	1	2	103075
206.166	0.25	0	1	103083
206.182	0.25	0	1	103091
206.2	0.25	0	1	103100
206.216	0.25	0	1	103108
206.232	0.25	0	1	103116
206.25	0.25	0	1	103125
206.266	0.25	0	1	103133
206.282	0.25	0	1	103141
206.3	0.25	0	1	103150
206.316	0.25	0	1	103158
206.332	0.25	0	1	103166
206.35	0.25	0	1	103175
206.366	0.25	0	1	103183
206.382	0.25	0	1	103191
206.4	0.25	1	2	103200
206.416	0.25	1	2	103208
206.432	0.25	1	2	103216
206.45	0.25	1	2	103225
206.466	0.25	0	1	103233
206.482	0.25	0	1	103241
206.5	0.25	0	1	103250
206.516	0.25	0	1	103258
206.532	0.25	0	1	103266
206.55	0.25	0	1	103275
206.566	0.25	0	1	103283
206.582	0.25	0	1	103291
206.6	0.25	0	1	103300
206.616	0.25	0	1	103308
206.632	0.25	0	1	103316
206.65	0.25	0	1	103325
206.666	0.25	0	1	103333
206.682	0.25	0	1	103341
206.7	0.25	0	1	103350
206.716	0.25	0	1	103358
206.732	0.25	0	1	103366
206.75	0.25	0	1	103375
206.766	0.25	0	1	103383
206.782	0.25	0	1	103391
206.8	0.25	0	1	103400
206.816	0.25	0	1	103408
206.832	0.25	1	2	103416
206.85	0.25	1	2	103425
206.866	0.25	1	2	103433
206.882	0.25	1	2	103441
208.366	0.25	0	1	104183
208.382	0.25	1	2	104191
208.4	0.25	1	2	104200
208.416	0.25	1	2	104208
208.432	0.25	1	2	104216
208.45	0.25	0	1	104225
208.466	0.25	0	1	104233
208.482	0.25	0	1	104241
208.5	0.25	0	1	104250
208.516	0.25	0	1	104258
208.532	0.25	0	1	104266
208.55	0.25	0	1	104275
208.566	0.25	0	1	104283
208.582	0.25	0	1	104291
208.6	0.25	0	1	104300
208.616	0.25	0	1	104308
208.632	0.25	0	1	104316
208.65	0.25	0	1	104325
208.666	0.25	0	1	104333
208.682	0.25	0	1	104341
208.7	0.25	0	1	104350
208.716	0.25	0	1	104358
208.732	0.25	0	1	104366
208.75	0.25	0	1	104375
208.766	0.25	0	1	104383
208.782	0.25	0	1	104391
208.8	0.25	0	1	104400
208.816	0.25	0	1	104408
208.832	0.25	0	1	104416
208.85	0.25	0	1	104425
208.866	0.25	1	2	104433
208.882	0.25	1	2	104441
208.9	0.25	1	2	104450
208.916	0.25	1	2	104458
208.932	0.25	0	1	104466
208.95	0.25	0	1	104475
208.966	0.25	0	1	104483
208.982	0.25	0	1	104491
209.0	0.25	0	1	104500
209.016	0.25	0	1	104508
209.032	0.25	0	1	104516
209.05	0.25	0	1	104525
209.066	0.25	0	1	104533
209.082	0.25	0	1	104541
209.1	0.25	0	1	104550
209.116	0.25	0	1	104558
209.132	0.25	0	1	104566
209.15	0.25	0	1	104575
209.166	0.25	0	1	104583
209.182	0.25	0	1	104591
209.2	0.25	0	1	104600
209.216	0.25	0	1	104608
209.232	0.25	0	1	104616
209.25	0.25	0	1	104625
209.266	0.25	0	1	104633
209.282	0.25	0	1	104641
209.3	0.25	0	1	104650
209.316	0.25	0	1	104658
209.332	0.25	1	2	104666
209.35	0.25	1	2	104675
209.366	0.25	1	2	104683
209.382	0.25	1	2	104691
209.4	0.25	0	1	104700
209.416	0.25	0	1	104708
209.432	0.25	0	1	104716
209.45	0.25	0	1	104725
209.466	0.25	0	1	104733
209.482	0.25	0	1	104741
209.5	0.25	0	1	104750
209.516	0.25	0	1	104758
209.532	0.25	0	1	104766
209.55	0.25	0	1	104775
209.566	0.25	0	1	104783
209.582	0.25	0	1	104791
209.6	0.25	0	1	104800
209.616	0.25	0	1	104808
209.632	0.25	0	1	104816
209.65	0.25	0	1	104825
209.666	0.25	0	1	104833
209.682	0.25	0	1	104841
209.7	0.25	0	1	104850
209.716	0.25	0	1	104858
209.732	0.25	0	1	104866
209.75	0.25	1	2	104875
209.766	0.25	1	2	104883
209.782	0.25	1	2	104891
209.8	0.25	1	2	104900
209.816	0.25	0	1	104908
209.832	0.25	0	1	104916
209.85	0.25	0	1	104925
209.866	0.25	0	1	104933
209.882	0.25	0	1	104941
209.9	0.25	0	1	104950
209.916	0.25	0	1	104958
209.932	0.25	0	1	104966
209.95	0.25	0	1	104975
209.966	0.25	0	1	104983
209.982	0.25	0	1	104991
210.0	0.25	0	1	105000
210.016	0.25	0	1	105008
210.032	0.25	0	1	105016
210.05	0.25	0	1	105025
210.066	0.25	0	1	105033
210.082	0.25	0	1	105041
210.1	0.25	0	1	105050
210.116	0.25	0	1	105058
210.132	0.25	0	1	105066
210.15	0.25	0	1	105075
210.166	0.25	0	1	105083
210.182	0.25	1	2	105091
210.2	0.25	1	2	105100
210.216	0.25	1	2	105108
210.232	0.25	1	2	105116
210.25	0.25	0	1	105125
210.266	0.25	0	1	105133
210.282	0.25	0	1	105141
210.3	0.25	0	1	105150
211.782	0.25	0	1	105891
211.8	0.25	0	1	105900
211.816	0.25	0	1	105908
211.832	0.25	0	1	105916
211.85	0.25	0	1	105925
211.866	0.25	0	1	105933
211.882	0.25	0	1	105941
211.9	0.25	0	1	105950
211.916	0.25	0	1	105958
211.932	0.25	0	1	105966
211.95	0.25	0	1	105975
211.966	0.25	0	1	105983
211.982	0.25	0	1	105991
212.0	0.25	0	1	106000
212.016	0.25	0	1	106008
212.032	0.25	0	1	106016
212.05	0.25	0	1	106025
212.066	0.25	0	1	106033
212.082	0.25	0	1	106041
212.1	0.25	0	1	106050
212.116	0.25	0	1	106058
212.132	0.25	0	1	106066
212.15	0.25	0	1	106075
212.166	0.25	1	2	106083
212.182	0.25	1	2	106091
212.2	0.25	1	2	106100
212.216	0.25	1	2	106108
212.232	0.25	0	1	106116
212.25	0.25	0	1	106125
212.266	0.25	0	1	106133
212.282	0.25	0	1	106141
212.3	0.25	0	1	106150
212.316	0.25	0	1	106158
212.332	0.25	0	1	106166
212.35	0.25	0	1	106175
212.366	0.25	0	1	106183
212.382	0.25	0	1	106191
212.4	0.25	0	1	106200
212.416	0.25	0	1	106208
212.432	0.25	0	1	106216
212.45	0.25	0	1	106225
212.466	0.25	0	1	106233
212.482	0.25	0	1	106241
212.5	0.25	0	1	106250
212.516	0.25	0	1	106258
212.532	0.25	0	1	106266
212.55	0.25	1	2	106275
212.566	0.25	1	2	106283
212.582	0.25	1	2	106291
212.6	0.25	1	2	106300
212.616	0.25	0	1	106308
212.632	0.25	0	1	106316
212.65	0.25	0	1	106325
212.666	0.25	0	1	106333
212.682	0.25	0	1	106341
212.7	0.25	0	1	106350
212.716	0.25	0	1	106358
212.732	0.25	0	1	106366
212.75	0.25	0	1	106375
212.766	0.25	0	1	106383
212.782	0.25	0	1	106391
212.8	0.25	0	1	106400
212.816	0.25	0	1	106408
212.832	0.25	0	1	106416
212.85	0.25	1	2	106425
212.866	0.25	1	2	106433
212.882	0.25	1	2	106441
212.9	0.25	1	2	106450
212.916	0.25	0	1	106458
212.932	0.25	0	1	106466
212.95	0.25	0	1	106475
212.966	0.25	0	1	106483
212.982	0.25	0	1	106491
213.0	0.25	0	1	106500
213.016	0.25	0	1	106508
213.032	0.25	0	1	106516
213.05	0.25	0	1	106525
213.066	0.25	0	1	106533
213.082	0.25	0	1	106541
213.1	0.25	0	1	106550
213.116	0.25	0	1	106558
213.132	0.25	1	2	106566
213.15	0.25	1	2	106575
213.166	0.25	1	2	106583
213.182	0.25	1	2	106591
213.2	0.25	0	1	106600
213.216	0.25	0	1	106608
213.232	0.25	0	1	106616
213.25	0.25	0	1	106625
213.266	0.25	0	1	106633
213.282	0.25	0	1	106641
213.3	0.25	0	1	106650
213.316	0.25	0	1	106658
213.332	0.25	0	1	106666
213.35	0.25	0	1	106675
213.366	0.25	0	1	106683
213.382	0.25	0	1	106691
213.4	0.25	0	1	106700
213.416	0.25	0	1	106708
213.432	0.25	0	1	106716
213.45	0.25	0	1	106725
213.466	0.25	1	2	106733
213.482	0.25	1	2	106741
213.5	0.25	1	2	106750
213.516	0.25	1	2	106758
213.532	0.25	0	1	106766
213.55	0.25	0	1	106775
213.566	0.25	0	1	106783
213.582	0.25	0	1	106791
213.6	0.25	0	1	106800
213.616	0.25	0	1	106808
213.632	0.25	0	1	106816
213.65	0.25	0	1	106825
213.666	0.25	0	1	106833
213.682	0.25	0	1	106841
213.7	0.25	0	1	106850
213.716	0.25	0	1	106858
217.066	0.25	0	1	108533
217.082	0.25	0	1	108541
217.1	0.25	0	1	108550
217.116	0.25	0	1	108558
217.132	0.25	0	1	108566
217.15	0.25	0	1	108575
217.166	0.25	0	1	108583
217.182	0.25	0	1	108591
217.2	0.25	0	1	108600
217.216	0.25	0	1	108608
217.232	0.25	0	1	108616
217.25	0.25	0	1	108625
217.266	0.25	0	1	108633
217.282	0.25	0	1	108641
217.3	0.25	0	1	108650
217.316	0.25	0	1	108658
217.332	0.25	0	1	108666
217.35	0.25	0	1	108675
217.366	0.25	1	2	108683
217.382	0.25	1	2	108691
217.4	0.25	1	2	108700
217.416	0.25	1	2	108708
217.432	0.25	0	1	108716
217.45	0.25	0	1	108725
217.466	0.25	0	1	108733
217.482	0.25	0	1	108741
217.5	0.25	0	1	108750
217.516	0.25	0	1	108758
217.532	0.25	0	1	108766
217.55	0.25	0	1	108775
217.566	0.25	0	1	108783
217.582	0.25	0	1	108791
217.6	0.25	0	1	108800
217.616	0.25	0	1	108808
217.632	0.25	0	1	108816
217.65	0.25	0	1	108825
217.666	0.25	0	1	108833
217.682	0.25	0	1	108841
217.7	0.25	0	1	108850
217.716	0.25	0	1	108858
217.732	0.25	0	1	108866
217.75	0.25	0	1	108875
217.766	0.25	1	2	108883
217.782	0.25	1	2	108891
217.8	0.25	1	2	108900
217.816	0.25	1	2	108908
217.832	0.25	0	1	108916
217.85	0.25	0	1	108925
217.866	0.25	0	1	108933
217.882	0.25	0	1	108941
217.9	0.25	0	1	108950
217.916	0.25	0	1	108958
217.932	0.25	0	1	108966
217.95	0.25	0	1	108975
217.966	0.25	0	1	108983
217.982	0.25	0	1	108991
218.0	0.25	0	1	109000
218.016	0.25	0	1	109008
218.032	0.25	0	1	109016
218.05	0.25	1	2	109025
218.066	0.25	1	2	109033
218.082	0.25	1	2	109041
218.1	0.25	1	2	109050
218.116	0.25	0	1	109058
218.132	0.25	0	1	109066
218.15	0.25	0	1	109075
218.166	0.25	0	1	109083
218.182	0.25	0	1	109091
218.2	0.25	0	1	109100
218.216	0.25	0	1	109108
218.232	0.25	0	1	109116
218.25	0.25	0	1	109125
218.266	0.25	0	1	109133
218.282	0.25	0	1	109141
218.3	0.25	0	1	109150
218.316	0.25	0	1	109158
218.332	0.25	0	1	109166
218.35	0.25	0	1	109175
218.366	0.25	0	1	109183
218.382	0.25	0	1	109191
218.4	0.25	0	1	109200
218.416	0.25	1	2	109208
218.432	0.25	1	2	109216
218.45	0.25	1	2	109225
218.466	0.25	1	2	109233
218.482	0.25	0	1	109241
218.5	0.25	0	1	109250
218.516	0.25	0	1	109258
218.532	0.25	0	1	109266
218.55	0.25	0	1	109275
218.566	0.25	0	1	109283
218.582	0.25	0	1	109291
218.6	0.25	0	1	109300
218.616	0.25	0	1	109308
218.632	0.25	0	1	109316
218.65	0.25	0	1	109325
218.666	0.25	0	1	109333
218.682	0.25	0	1	109341
218.7	0.25	0	1	109350
218.716	0.25	0	1	109358
218.732	0.25	0	1	109366
218.75	0.25	0	1	109375
218.766	0.25	0	1	109383
218.782	0.25	0	1	109391
218.8	0.25	0	1	109400
218.816	0.25	0	1	109408
218.832	0.25	0	1	109416
218.85	0.25	0	1	109425
218.866	0.25	0	1	109433
218.882	0.25	1	2	109441
218.9	0.25	1	2	109450
218.916	0.25	1	2	109458
218.932	0.25	1	2	109466
218.95	0.25	0	1	109475
218.966	0.25	0	1	109483
218.982	0.25	0	1	109491
219.0	0.25	0	1	109500
220.482	0.25	0	1	110241
220.5	0.25	0	1	110250
220.516	0.25	0	1	110258
220.532	0.25	0	1	110266
220.55	0.25	0	1	110275
220.566	0.25	0	1	110283
220.582	0.25	0	1	110291
220.6	0.25	0	1	110300
220.616	0.25	0	1	110308
220.632	0.25	0	1	110316
220.65	0.25	0	1	110325
220.666	0.25	0	1	110333
220.682	0.25	0	1	110341
220.7	0.25	0	1	110350
220.716	0.25	0	1	110358
220.732	0.25	0	1	110366
220.75	0.25	0	1	110375
220.766	0.25	0	1	110383
220.782	0.25	0	1	110391
220.8	0.25	0	1	110400
220.816	0.25	0	1	110408
220.832	0.25	0	1	110416
220.85	0.25	0	1	110425
220.866	0.25	1	2	110433
220.882	0.25	1	2	110441
220.9	0.25	1	2	110450
220.916	0.25	1	2	110458
220.932	0.25	0	1	110466
220.95	0.25	0	1	110475
220.966	0.25	0	1	110483
220.982	0.25	0	1	110491
221.0	0.25	0	1	110500
221.016	0.25	0	1	110508
221.032	0.25	0	1	110516
221.05	0.25	0	1	110525
221.066	0.25	0	1	110533
221.082	0.25	0	1	110541
221.1	0.25	0	1	110550
221.116	0.25	0	1	110558
221.132	0.25	0	1	110566
221.15	0.25	0	1	110575
221.166	0.25	0	1	110583
221.182	0.25	0	1	110591
221.2	0.25	0	1	110600
221.216	0.25	0	1	110608
221.232	0.25	0	1	110616
221.25	0.25	1	2	110625
221.266	0.25	1	2	110633
221.282	0.25	1	2	110641
221.3	0.25	1	2	110650
221.316	0.25	0	1	110658
221.332	0.25	0	1	110666
221.35	0.25	0	1	110675
221.366	0.25	0	1	110683
221.382	0.25	0	1	110691
221.4	0.25	0	1	110700
221.416	0.25	0	1	110708
221.432	0.25	0	1	110716
221.45	0.25	0	1	110725
221.466	0.25	0	1	110733
221.482	0.25	0	1	110741
221.5	0.25	0	1	110750
221.516	0.25	0	1	110758
221.532	0.25	0	1	110766
221.55	0.25	1	2	110775
221.566	0.25	1	2	110783
221.582	0.25	1	2	110791
221.6	0.25	1	2	110800
221.616	0.25	0	1	110808
221.632	0.25	0	1	110816
221.65	0.25	0	1	110825
221.666	0.25	0	1	110833
221.682	0.25	0	1	110841
221.7	0.25	0	1	110850
221.716	0.25	0	1	110858
221.732	0.25	0	1	110866
221.75	0.25	0	1	110875
221.766	0.25	0	1	110883
221.782	0.25	0	1	110891
221.8	0.25	0	1	110900
221.816	0.25	0	1	110908
221.832	0.25	1	2	110916
221.85	0.25	1	2	110925
221.866	0.25	1	2	110933
221.882	0.25	1	2	110941
221.9	0.25	0	1	110950
221.916	0.25	0	1	110958
221.932	0.25	0	1	110966
221.95	0.25	0	1	110975
221.966	0.25	0	1	110983
221.982	0.25	0	1	110991
222.0	0.25	0	1	111000
222.016	0.25	0	1	111008
222.032	0.25	0	1	111016
222.05	0.25	0	1	111025
222.066	0.25	0	1	111033
222.082	0.25	0	1	111041
222.1	0.25	0	1	111050
222.116	0.25	0	1	111058
222.132	0.25	0	1	111066
222.15	0.25	0	1	111075
222.166	0.25	1	2	111083
222.182	0.25	1	2	111091
222.2	0.25	1	2	111100
222.216	0.25	1	2	111108
222.232	0.25	0	1	111116
222.25	0.25	0	1	111125
222.266	0.25	0	1	111133
222.282	0.25	0	1	111141
222.3	0.25	0	1	111150
222.316	0.25	0	1	111158
222.332	0.25	0	1	111166
222.35	0.25	0	1	111175
222.366	0.25	0	1	111183
222.382	0.25	0	1	111191
222.4	0.25	0	1	111200
222.416	0.25	0	1	111208
223.9	0.25	0	1	111950
223.916	0.25	1	2	111958
223.932	0.25	1	2	111966
223.95	0.25	1	2	111975
223.966	0.25	1	2	111983
223.982	0.25	0	1	111991
224.0	0.25	0	1	112000
224.016	0.25	0	1	112008
224.032	0.25	0	1	112016
224.05	0.25	0	1	112025
224.066	0.25	0	1	112033
224.082	0.25	0	1	112041
224.1	0.25	0	1	112050
224.116	0.25	0	1	112058
224.132	0.25	0	1	112066
224.15	0.25	0	1	112075
224.166	0.25	0	1	112083
224.182	0.25	0	1	112091
224.2	0.25	0	1	112100
224.216	0.25	0	1	112108
224.232	0.25	0	1	112116
224.25	0.25	0	1	112125
224.266	0.25	0	1	112133
224.282	0.25	0	1	112141
224.3	0.25	0	1	112150
224.316	0.25	0	1	112158
224.332	0.25	0	1	112166
224.35	0.25	0	1	112175
224.366	0.25	0	1	112183
224.382	0.25	0	1	112191
224.4	0.25	1	2	112200
224.416	0.25	1	2	112208
224.432	0.25	1	2	112216
224.45	0.25	1	2	112225
224.466	0.25	0	1	112233
224.482	0.25	0	1	112241
224.5	0.25	0	1	112250
224.516	0.25	0	1	112258
224.532	0.25	0	1	112266
224.55	0.25	0	1	112275
224.566	0.25	0	1	112283
224.582	0.25	0	1	112291
224.6	0.25	0	1	112300
224.616	0.25	0	1	112308
224.632	0.25	0	1	112316
224.65	0.25	0	1	112325
224.666	0.25	0	1	112333
224.682	0.25	0	1	112341
224.7	0.25	0	1	112350
224.716	0.25	0	1	112358
224.732	0.25	0	1	112366
224.75	0.25	0	1	112375
224.766	0.25	0	1	112383
224.782	0.25	0	1	112391
224.8	0.25	0	1	112400
224.816	0.25	0	1	112408
224.832	0.25	0	1	112416
224.85	0.25	0	1	112425
224.866	0.25	1	2	112433
224.882	0.25	1	2	112441
224.9	0.25	1	2	112450
224.916	0.25	1	2	112458
224.932	0.25	0	1	112466
224.95	0.25	0	1	112475
224.966	0.25	0	1	112483
224.982	0.25	0	1	112491
225.0	0.25	0	1	112500
225.016	0.25	0	1	112508
225.032	0.25	0	1	112516
225.05	0.25	0	1	112525
225.066	0.25	0	1	112533
225.082	0.25	0	1	112541
225.1	0.25	0	1	112550
225.116	0.25	0	1	112558
225.132	0.25	0	1	112566
225.15	0.25	0	1	112575
225.166	0.25	0	1	112583
225.182	0.25	0	1	112591
225.2	0.25	0	1	112600
225.216	0.25	0	1	112608
225.232	0.25	0	1	112616
225.25	0.25	0	1	112625
225.266	0.25	0	1	112633
225.282	0.25	1	2	112641
225.3	0.25	1	2	112650
225.316	0.25	1	2	112658
225.332	0.25	1	2	112666
225.35	0.25	0	1	112675
225.366	0.25	0	1	112683
225.382	0.25	0	1	112691
225.4	0.25	0	1	112700
225.416	0.25	0	1	112708
225.432	0.25	0	1	112716
225.45	0.25	0	1	112725
225.466	0.25	0	1	112733
225.482	0.25	0	1	112741
225.5	0.25	0	1	112750
225.516	0.25	0	1	112758
225.532	0.25	0	1	112766
225.55	0.25	0	1	112775
225.566	0.25	0	1	112783
225.582	0.25	0	1	112791
225.6	0.25	0	1	112800
225.616	0.25	0	1	112808
225.632	0.25	0	1	112816
225.65	0.25	0	1	112825
225.666	0.25	0	1	112833
225.682	0.25	0	1	112841
225.7	0.25	0	1	112850
225.716	0.25	1	2	112858
225.732	0.25	1	2	112866
225.75	0.25	1	2	112875
225.766	0.25	1	2	112883
225.782	0.25	0	1	112891
225.8	0.25	0	1	112900
225.816	0.25	0	1	112908
225.832	0.25	0	1	112916
227.316	0.25	0	1	113658
227.332	0.25	0	1	113666
227.35	0.25	0	1	113675
227.366	0.25	0	1	113683
227.382	0.25	0	1	113691
227.4	0.25	0	1	113700
227.416	0.25	0	1	113708
227.432	0.25	0	1	113716
227.45	0.25	0	1	113725
227.466	0.25	0	1	113733
227.482	0.25	0	1	113741
227.5	0.25	0	1	113750
227.516	0.25	0	1	113758
227.532	0.25	0	1	113766
227.55	0.25	0	1	113775
227.566	0.25	1	2	113783
227.582	0.25	1	2	113791
227.6	0.25	1	2	113800
227.616	0.25	1	2	113808
227.632	0.25	0	1	113816
227.65	0.25	0	1	113825
227.666	0.25	0	1	113833
227.682	0.25	0	1	113841
227.7	0.25	0	1	113850
227.716	0.25	0	1	113858
227.732	0.25	0	1	113866
227.75	0.25	0	1	113875
227.766	0.25	0	1	113883
227.782	0.25	0	1	113891
227.8	0.25	0	1	113900
227.816	0.25	0	1	113908
227.832	0.25	0	1	113916
227.85	0.25	0	1	113925
227.866	0.25	0	1	113933
227.882	0.25	0	1	113941
227.9	0.25	0	1	113950
227.916	0.25	0	1	113958
227.932	0.25	0	1	113966
227.95	0.25	0	1	113975
227.966	0.25	0	1	113983
227.982	0.25	0	1	113991
228.0	0.25	1	2	114000
228.016	0.25	1	2	114008
228.032	0.25	1	2	114016
228.05	0.25	1	2	114025
228.066	0.25	0	1	114033
228.082	0.25	0	1	114041
228.1	0.25	0	1	114050
228.116	0.25	0	1	114058
228.132	0.25	0	1	114066
228.15	0.25	0	1	114075
228.166	0.25	0	1	114083
228.182	0.25	0	1	114091
228.2	0.25	0	1	114100
228.216	0.25	0	1	114108
228.232	0.25	0	1	114116
228.25	0.25	0	1	114125
228.266	0.25	0	1	114133
228.282	0.25	0	1	114141
228.3	0.25	0	1	114150
228.316	0.25	0	1	114158
228.332	0.25	0	1	114166
228.35	0.25	0	1	114175
228.366	0.25	0	1	114183
228.382	0.25	0	1	114191
228.4	0.25	0	1	114200
228.416	0.25	0	1	114208
228.432	0.25	0	1	114216
228.45	0.25	0	1	114225
228.466	0.25	1	2	114233
228.482	0.25	1	2	114241
228.5	0.25	1	2	114250
228.516	0.25	1	2	114258
228.532	0.25	0	1	114266
228.55	0.25	0	1	114275
228.566	0.25	0	1	114283
228.582	0.25	0	1	114291
228.6	0.25	0	1	114300
228.616	0.25	0	1	114308
228.632	0.25	0	1	114316
228.65	0.25	0	1	114325
228.666	0.25	0	1	114333
228.682	0.25	0	1	114341
228.7	0.25	0	1	114350
228.716	0.25	0	1	114358
228.732	0.25	0	1	114366
228.75	0.25	0	1	114375
228.766	0.25	1	2	114383
228.782	0.25	1	2	114391
228.8	0.25	1	2	114400
228.816	0.25	1	2	114408
228.832	0.25	0	1	114416
228.85	0.25	0	1	114425
228.866	0.25	0	1	114433
228.882	0.25	0	1	114441
228.9	0.25	0	1	114450
228.916	0.25	0	1	114458
228.932	0.25	0	1	114466
228.95	0.25	0	1	114475
228.966	0.25	0	1	114483
228.982	0.25	0	1	114491
229.0	0.25	0	1	114500
229.016	0.25	0	1	114508
229.032	0.25	0	1	114516
229.05	0.25	0	1	114525
229.066	0.25	0	1	114533
229.082	0.25	0	1	114541
229.1	0.25	0	1	114550
229.116	0.25	0	1	114558
229.132	0.25	0	1	114566
229.15	0.25	0	1	114575
229.166	0.25	0	1	114583
229.182	0.25	0	1	114591
229.2	0.25	1	2	114600
229.216	0.25	1	2	114608
229.232	0.25	1	2	114616
229.25	0.25	1	2	114625
233.366	0.25	0	1	116683
233.382	0.25	0	1	116691
233.4	0.25	0	1	116700
233.416	0.25	0	1	116708
233.432	0.25	0	1	116716
233.45	0.25	0	1	116725
233.466	0.25	0	1	116733
233.482	0.25	0	1	116741
233.5	0.25	0	1	116750
233.516	0.25	0	1	116758
233.532	0.25	0	1	116766
233.55	0.25	0	1	116775
233.566	0.25	0	1	116783
233.582	0.25	0	1	116791
233.6	0.25	0	1	116800
233.616	0.25	0	1	116808
233.632	0.25	0	1	116816
233.65	0.25	0	1	116825
233.666	0.25	1	2	116833
233.682	0.25	1	2	116841
233.7	0.25	1	2	116850
233.716	0.25	1	2	116858
233.732	0.25	0	1	116866
233.75	0.25	0	1	116875
233.766	0.25	0	1	116883
233.782	0.25	0	1	116891
233.8	0.25	0	1	116900
233.816	0.25	0	1	116908
233.832	0.25	0	1	116916
233.85	0.25	0	1	116925
233.866	0.25	0	1	116933
233.882	0.25	0	1	116941
233.9	0.25	0	1	116950
233.916	0.25	0	1	116958
233.932	0.25	0	1	116966
233.95	0.25	0	1	116975
233.966	0.25	0	1	116983
233.982	0.25	0	1	116991
234.0	0.25	0	1	117000
234.016	0.25	0	1	117008
234.032	0.25	0	1	117016
234.05	0.25	0	1	117025
234.066	0.25	1	2	117033
234.082	0.25	1	2	117041
234.1	0.25	1	2	117050
234.116	0.25	1	2	117058
234.132	0.25	0	1	117066
234.15	0.25	0	1	117075
234.166	0.25	0	1	117083
234.182	0.25	0	1	117091
234.2	0.25	0	1	117100
234.216	0.25	0	1	117108
234.232	0.25	0	1	117116
234.25	0.25	0	1	117125
234.266	0.25	0	1	117133
234.282	0.25	0	1	117141
234.3	0.25	0	1	117150
234.316	0.25	0	1	117158
234.332	0.25	0	1	117166
234.35	0.25	1	2	117175
234.366	0.25	1	2	117183
234.382	0.25	1	2	117191
234.4	0.25	1	2	117200
234.416	0.25	0	1	117208
234.432	0.25	0	1	117216
234.45	0.25	0	1	117225
234.466	0.25	0	1	117233
234.482	0.25	0	1	117241
234.5	0.25	0	1	117250
234.516	0.25	0	1	117258
234.532	0.25	0	1	117266
234.55	0.25	0	1	117275
234.566	0.25	0	1	117283
234.582	0.25	0	1	117291
234.6	0.25	0	1	117300
234.616	0.25	0	1	117308
234.632	0.25	0	1	117316
234.65	0.25	0	1	117325
234.666	0.25	0	1	117333
234.682	0.25	0	1	117341
234.7	0.25	0	1	117350
234.716	0.25	1	2	117358
234.732	0.25	1	2	117366
234.75	0.25	1	2	117375
234.766	0.25	1	2	117383
234.782	0.25	0	1	117391
234.8	0.25	0	1	117400
234.816	0.25	0	1	117408
234.832	0.25	0	1	117416
234.85	0.25	0	1	117425
234.866	0.25	0	1	117433
234.882	0.25	0	1	117441
234.9	0.25	0	1	117450
234.916	0.25	0	1	117458
234.932	0.25	0	1	117466
234.95	0.25	0	1	117475
234.966	0.25	0	1	117483
234.982	0.25	0	1	117491
235.0	0.25	0	1	117500
235.016	0.25	0	1	117508
235.032	0.25	0	1	117516
235.05	0.25	0	1	117525
235.066	0.25	0	1	117533
235.082	0.25	0	1	117541
235.1	0.25	0	1	117550
235.116	0.25	0	1	117558
235.132	0.25	0	1	117566
235.15	0.25	0	1	117575
235.166	0.25	0	1	117583
235.182	0.25	1	2	117591
235.2	0.25	1	2	117600
235.216	0.25	1	2	117608
235.232	0.25	1	2	117616
235.25	0.25	0	1	117625
235.266	0.25	0	1	117633
235.282	0.25	0	1	117641
235.3	0.25	0	1	117650
236.782	0.25	0	1	118391
236.8	0.25	0	1	118400
236.816	0.25	0	1	118408
236.832	0.25	0	1	118416
236.85	0.25	0	1	118425
236.866	0.25	0	1	118433
236.882	0.25	0	1	118441
236.9	0.25	0	1	118450
236.916	0.25	0	1	118458
236.932	0.25	0	1	118466
236.95	0.25	0	1	118475
236.966	0.25	0	1	118483
236.982	0.25	0	1	118491
237.0	0.25	0	1	118500
237.016	0.25	0	1	118508
237.032	0.25	0	1	118516
237.05	0.25	0	1	118525
237.066	0.25	0	1	118533
237.082	0.25	0	1	118541
237.1	0.25	0	1	118550
237.116	0.25	0	1	118558
237.132	0.25	0	1	118566
237.15	0.25	0	1	118575
237.166	0.25	1	2	118583
237.182	0.25	1	2	118591
237.2	0.25	1	2	118600
237.216	0.25	1	2	118608
237.232	0.25	0	1	118616
237.25	0.25	0	1	118625
237.266	0.25	0	1	118633
237.282	0.25	0	1	118641
237.3	0.25	0	1	118650
237.316	0.25	0	1	118658
237.332	0.25	0	1	118666
237.35	0.25	0	1	118675
237.366	0.25	0	1	118683
237.382	0.25	0	1	118691
237.4	0.25	0	1	118700
237.416	0.25	0	1	118708
237.432	0.25	0	1	118716
237.45	0.25	0	1	118725
237.466	0.25	0	1	118733
237.482	0.25	0	1	118741
237.5	0.25	0	1	118750
237.516	0.25	0	1	118758
237.532	0.25	0	1	118766
237.55	0.25	1	2	118775
237.566	0.25	1	2	118783
237.582	0.25	1	2	118791
237.6	0.25	1	2	118800
237.616	0.25	0	1	118808
237.632	0.25	0	1	118816
237.65	0.25	0	1	118825
237.666	0.25	0	1	118833
237.682	0.25	0	1	118841
237.7	0.25	0	1	118850
237.716	0.25	0	1	118858
237.732	0.25	0	1	118866
237.75	0.25	0	1	118875
237.766	0.25	0	1	118883
237.782	0.25	0	1	118891
237.8	0.25	0	1	118900
237.816	0.25	0	1	118908
237.832	0.25	0	1	118916
237.85	0.25	1	2	118925
237.866	0.25	1	2	118933
237.882	0.25	1	2	118941
237.9	0.25	1	2	118950
237.916	0.25	0	1	118958
237.932	0.25	0	1	118966
237.95	0.25	0	1	118975
237.966	0.25	0	1	118983
237.982	0.25	0	1	118991
238.0	0.25	0	1	119000
238.016	0.25	0	1	119008
238.032	0.25	0	1	119016
238.05	0.25	0	1	119025
238.066	0.25	0	1	119033
238.082	0.25	0	1	119041
238.1	0.25	0	1	119050
238.116	0.25	0	1	119058
238.132	0.25	1	2	119066
238.15	0.25	1	2	119075
238.166	0.25	1	2	119083
238.182	0.25	1	2	119091
238.2	0.25	0	1	119100
238.216	0.25	0	1	119108
238.232	0.25	0	1	119116
238.25	0.25	0	1	119125
238.266	0.25	0	1	119133
238.282	0.25	0	1	119141
238.3	0.25	0	1	119150
238.316	0.25	0	1	119158
238.332	0.25	0	1	119166
238.35	0.25	0	1	119175
238.366	0.25	0	1	119183
238.382	0.25	0	1	119191
238.4	0.25	0	1	119200
238.416	0.25	0	1	119208
238.432	0.25	0	1	119216
238.45	0.25	0	1	119225
238.466	0.25	1	2	119233
238.482	0.25	1	2	119241
238.5	0.25	1	2	119250
238.516	0.25	1	2	119258
238.532	0.25	0	1	119266
238.55	0.25	0	1	119275
238.566	0.25	0	1	119283
238.582	0.25	0	1	119291
238.6	0.25	0	1	119300
238.616	0.25	0	1	119308
238.632	0.25	0	1	119316
238.65	0.25	0	1	119325
238.666	0.25	0	1	119333
238.682	0.25	0	1	119341
238.7	0.25	0	1	119350
238.716	0.25	0	1	119358
240.2	0.25	0	1	120100
240.216	0.25	1	2	120108
240.232	0.25	1	2	120116
240.25	0.25	1	2	120125
240.266	0.25	1	2	120133
240.282	0.25	0	1	120141
240.3	0.25	0	1	120150
240.316	0.25	0	1	120158
240.332	0.25	0	1	120166
240.35	0.25	0	1	120175
240.366	0.25	0	1	120183
240.382	0.25	0	1	120191
240.4	0.25	0	1	120200
240.416	0.25	0	1	120208
240.432	0.25	0	1	120216
240.45	0.25	0	1	120225
240.466	0.25	0	1	120233
240.482	0.25	0	1	120241
240.5	0.25	0	1	120250
240.516	0.25	0	1	120258
240.532	0.25	0	1	120266
240.55	0.25	0	1	120275
240.566	0.25	0	1	120283
240.582	0.25	0	1	120291
240.6	0.25	0	1	120300
240.616	0.25	0	1	120308
240.632	0.25	0	1	120316
240.65	0.25	0	1	120325
240.666	0.25	0	1	120333
240.682	0.25	0	1	120341
240.7	0.25	1	2	120350
240.716	0.25	1	2	120358
240.732	0.25	1	2	120366
240.75	0.25	1	2	120375
240.766	0.25	0	1	120383
240.782	0.25	0	1	120391
240.8	0.25	0	1	120400
240.816	0.25	0	1	120408
240.832	0.25	0	1	120416
240.85	0.25	0	1	120425
240.866	0.25	0	1	120433
240.882	0.25	0	1	120441
240.9	0.25	0	1	120450
240.916	0.25	0	1	120458
240.932	0.25	0	1	120466
240.95	0.25	0	1	120475
240.966	0.25	0	1	120483
240.982	0.25	0	1	120491
241.0	0.25	0	1	120500
241.016	0.25	0	1	120508
241.032	0.25	0	1	120516
241.05	0.25	0	1	120525
241.066	0.25	0	1	120533
241.082	0.25	0	1	120541
241.1	0.25	0	1	120550
241.116	0.25	0	1	120558
241.132	0.25	0	1	120566
241.15	0.25	0	1	120575
241.166	0.25	1	2	120583
241.182	0.25	1	2	120591
241.2	0.25	1	2	120600
241.216	0.25	1	2	120608
241.232	0.25	0	1	120616
241.25	0.25	0	1	120625
241.266	0.25	0	1	120633
241.282	0.25	0	1	120641
241.3	0.25	0	1	120650
241.316	0.25	0	1	120658
241.332	0.25	0	1	120666
241.35	0.25	0	1	120675
241.366	0.25	0	1	120683
241.382	0.25	0	1	120691
241.4	0.25	0	1	120700
241.416	0.25	0	1	120708
241.432	0.25	0	1	120716
241.45	0.25	0	1	120725
241.466	0.25	0	1	120733
241.482	0.25	0	1	120741
241.5	0.25	0	1	120750
241.516	0.25	0	1	120758
241.532	0.25	0	1	120766
241.55	0.25	0	1	120775
241.566	0.25	0	1	120783
241.582	0.25	1	2	120791
241.6	0.25	1	2	120800
241.616	0.25	1	2	120808
241.632	0.25	1	2	120816
241.65	0.25	0	1	120825
241.666	0.25	0	1	120833
241.682	0.25	0	1	120841
241.7	0.25	0	1	120850
241.716	0.25	0	1	120858
241.732	0.25	0	1	120866
241.75	0.25	0	1	120875
241.766	0.25	0	1	120883
241.782	0.25	0	1	120891
241.8	0.25	0	1	120900
241.816	0.25	0	1	120908
241.832	0.25	0	1	120916
241.85	0.25	0	1	120925
241.866	0.25	0	1	120933
241.882	0.25	0	1	120941
241.9	0.25	0	1	120950
241.916	0.25	0	1	120958
241.932	0.25	0	1	120966
241.95	0.25	0	1	120975
241.966	0.25	0	1	120983
241.982	0.25	0	1	120991
242.0	0.25	0	1	121000
242.016	0.25	1	2	121008
242.032	0.25	1	2	121016
242.05	0.25	1	2	121025
242.066	0.25	1	2	121033
242.082	0.25	0	1	121041
242.1	0.25	0	1	121050
242.116	0.25	0	1	121058
242.132	0.25	0	1	121066
243.616	0.25	0	1	121808
243.632	0.25	0	1	121816
243.65	0.25	0	1	121825
243.666	0.25	0	1	121833
243.682	0.25	0	1	121841
243.7	0.25	0	1	121850
243.716	0.25	0	1	121858
243.732	0.25	0	1	121866
243.75	0.25	0	1	121875
243.766	0.25	0	1	121883
243.782	0.25	0	1	121891
243.8	0.25	0	1	121900
243.816	0.25	0	1	121908
243.832	0.25	0	1	121916
243.85	0.25	0	1	121925
243.866	0.25	1	2	121933
243.882	0.25	1	2	121941
243.9	0.25	1	2	121950
243.916	0.25	1	2	121958
243.932	0.25	0	1	121966
243.95	0.25	0	1	121975
243.966	0.25	0	1	121983
243.982	0.25	0	1	121991
244.0	0.25	0	1	122000
244.016	0.25	0	1	122008
244.032	0.25	0	1	122016
244.05	0.25	0	1	122025
244.066	0.25	0	1	122033
244.082	0.25	0	1	122041
244.1	0.25	0	1	122050
244.116	0.25	0	1	122058
244.132	0.25	0	1	122066
244.15	0.25	0	1	122075
244.166	0.25	0	1	122083
244.182	0.25	0	1	122091
244.2	0.25	0	1	122100
244.216	0.25	0	1	122108
244.232	0.25	0	1	122116
244.25	0.25	0	1	122125
244.266	0.25	0	1	122133
244.282	0.25	0	1	122141
244.3	0.25	1	2	122150
244.316	0.25	1	2	122158
244.332	0.25	1	2	122166
244.35	0.25	1	2	122175
244.366	0.25	0	1	122183
244.382	0.25	0	1	122191
244.4	0.25	0	1	122200
244.416	0.25	0	1	122208
244.432	0.25	0	1	122216
244.45	0.25	0	1	122225
244.466	0.25	0	1	122233
244.482	0.25	0	1	122241
244.5	0.25	0	1	122250
244.516	0.25	0	1	122258
244.532	0.25	0	1	122266
244.55	0.25	0	1	122275
244.566	0.25	0	1	122283
244.582	0.25	0	1	122291
244.6	0.25	0	1	122300
244.616	0.25	0	1	122308
244.632	0.25	0	1	122316
244.65	0.25	0	1	122325
244.666	0.25	0	1	122333
244.682	0.25	0	1	122341
244.7	0.25	0	1	122350
244.716	0.25	0	1	122358
244.732	0.25	0	1	122366
244.75	0.25	0	1	122375
244.766	0.25	1	2	122383
244.782	0.25	1	2	122391
244.8	0.25	1	2	122400
244.816	0.25	1	2	122408
244.832	0.25	0	1	122416
244.85	0.25	0	1	122425
244.866	0.25	0	1	122433
244.882	0.25	0	1	122441
244.9	0.25	0	1	122450
244.916	0.25	0	1	122458
244.932	0.25	0	1	122466
244.95	0.25	0	1	122475
244.966	0.25	0	1	122483
244.982	0.25	0	1	122491
245.0	0.25	0	1	122500
245.016	0.25	0	1	122508
245.032	0.25	0	1	122516
245.05	0.25	0	1	122525
245.066	0.25	1	2	122533
245.082	0.25	1	2	122541
245.1	0.25	1	2	122550
245.116	0.25	1	2	122558
245.132	0.25	0	1	122566
245.15	0.25	0	1	122575
245.166	0.25	0	1	122583
245.182	0.25	0	1	122591
245.2	0.25	0	1	122600
245.216	0.25	0	1	122608
245.232	0.25	0	1	122616
245.25	0.25	0	1	122625
245.266	0.25	0	1	122633
245.282	0.25	0	1	122641
245.3	0.25	0	1	122650
245.316	0.25	0	1	122658
245.332	0.25	0	1	122666
245.35	0.25	0	1	122675
245.366	0.25	0	1	122683
245.382	0.25	0	1	122691
245.4	0.25	0	1	122700
245.416	0.25	0	1	122708
245.432	0.25	0	1	122716
245.45	0.25	0	1	122725
245.466	0.25	0	1	122733
245.482	0.25	0	1	122741
245.5	0.25	1	2	122750
245.516	0.25	1	2	122758
245.532	0.25	1	2	122766
245.55	0.25	1	2	122775
