onset	duration	trial_type	value	sample
9.516	0.25	0	1	4758
9.532	0.25	0	1	4766
9.55	0.25	0	1	4775
9.566	0.25	0	1	4783
9.582	0.25	0	1	4791
9.6	0.25	0	1	4800
9.616	0.25	0	1	4808
9.632	0.25	0	1	4816
9.65	0.25	0	1	4825
9.666	0.25	0	1	4833
9.682	0.25	0	1	4841
9.7	0.25	0	1	4850
9.716	0.25	0	1	4858
9.732	0.25	0	1	4866
9.75	0.25	0	1	4875
9.766	0.25	0	1	4883
9.782	0.25	0	1	4891
9.8	0.25	0	1	4900
9.816	0.25	1	2	4908
9.832	0.25	1	2	4916
9.85	0.25	1	2	4925
9.866	0.25	1	2	4933
9.882	0.25	0	1	4941
9.9	0.25	0	1	4950
9.916	0.25	0	1	4958
9.932	0.25	0	1	4966
9.95	0.25	0	1	4975
9.966	0.25	0	1	4983
9.982	0.25	0	1	4991
10.0	0.25	0	1	5000
10.016	0.25	0	1	5008
10.032	0.25	0	1	5016
10.05	0.25	0	1	5025
10.066	0.25	0	1	5033
10.082	0.25	0	1	5041
10.1	0.25	0	1	5050
10.116	0.25	0	1	5058
10.132	0.25	0	1	5066
10.15	0.25	0	1	5075
10.166	0.25	0	1	5083
10.182	0.25	0	1	5091
10.2	0.25	0	1	5100
10.216	0.25	1	2	5108
10.232	0.25	1	2	5116
10.25	0.25	1	2	5125
10.266	0.25	1	2	5133
10.282	0.25	0	1	5141
10.3	0.25	0	1	5150
10.316	0.25	0	1	5158
10.332	0.25	0	1	5166
10.35	0.25	0	1	5175
10.366	0.25	0	1	5183
10.382	0.25	0	1	5191
10.4	0.25	0	1	5200
10.416	0.25	0	1	5208
10.432	0.25	0	1	5216
10.45	0.25	0	1	5225
10.466	0.25	0	1	5233
10.482	0.25	0	1	5241
10.5	0.25	1	2	5250
10.516	0.25	1	2	5258
10.532	0.25	1	2	5266
10.55	0.25	1	2	5275
10.566	0.25	0	1	5283
10.582	0.25	0	1	5291
10.6	0.25	0	1	5300
10.616	0.25	0	1	5308
10.632	0.25	0	1	5316
10.65	0.25	0	1	5325
10.666	0.25	0	1	5333
10.682	0.25	0	1	5341
10.7	0.25	0	1	5350
10.716	0.25	0	1	5358
10.732	0.25	0	1	5366
10.75	0.25	0	1	5375
10.766	0.25	0	1	5383
10.782	0.25	0	1	5391
10.8	0.25	0	1	5400
10.816	0.25	0	1	5408
10.832	0.25	0	1	5416
10.85	0.25	0	1	5425
10.866	0.25	1	2	5433
10.882	0.25	1	2	5441
10.9	0.25	1	2	5450
10.916	0.25	1	2	5458
10.932	0.25	0	1	5466
10.95	0.25	0	1	5475
10.966	0.25	0	1	5483
10.982	0.25	0	1	5491
11.0	0.25	0	1	5500
11.016	0.25	0	1	5508
11.032	0.25	0	1	5516
11.05	0.25	0	1	5525
11.066	0.25	0	1	5533
11.082	0.25	0	1	5541
11.1	0.25	0	1	5550
11.116	0.25	0	1	5558
11.132	0.25	0	1	5566
11.15	0.25	0	1	5575
11.166	0.25	0	1	5583
11.182	0.25	0	1	5591
11.2	0.25	0	1	5600
11.216	0.25	0	1	5608
11.232	0.25	0	1	5616
11.25	0.25	0	1	5625
11.266	0.25	0	1	5633
11.282	0.25	0	1	5641
11.3	0.25	0	1	5650
11.316	0.25	0	1	5658
11.332	0.25	1	2	5666
11.35	0.25	1	2	5675
11.366	0.25	1	2	5683
11.382	0.25	1	2	5691
11.4	0.25	0	1	5700
11.416	0.25	0	1	5708
11.432	0.25	0	1	5716
11.45	0.25	0	1	5725
12.932	0.25	0	1	6466
12.95	0.25	0	1	6475
12.966	0.25	0	1	6483
12.982	0.25	0	1	6491
13.0	0.25	0	1	6500
13.016	0.25	0	1	6508
13.032	0.25	0	1	6516
13.05	0.25	0	1	6525
13.066	0.25	0	1	6533
13.082	0.25	0	1	6541
13.1	0.25	0	1	6550
13.116	0.25	0	1	6558
13.132	0.25	0	1	6566
13.15	0.25	0	1	6575
13.166	0.25	0	1	6583
13.182	0.25	1	2	6591
13.2	0.25	1	2	6600
13.216	0.25	1	2	6608
13.232	0.25	1	2	6616
13.25	0.25	0	1	6625
13.266	0.25	0	1	6633
13.282	0.25	0	1	6641
13.3	0.25	0	1	6650
13.316	0.25	0	1	6658
13.332	0.25	0	1	6666
13.35	0.25	0	1	6675
13.366	0.25	0	1	6683
13.382	0.25	0	1	6691
13.4	0.25	0	1	6700
13.416	0.25	0	1	6708
13.432	0.25	0	1	6716
13.45	0.25	0	1	6725
13.466	0.25	0	1	6733
13.482	0.25	0	1	6741
13.5	0.25	0	1	6750
13.516	0.25	0	1	6758
13.532	0.25	0	1	6766
13.55	0.25	0	1	6775
13.566	0.25	0	1	6783
13.582	0.25	0	1	6791
13.6	0.25	0	1	6800
13.616	0.25	1	2	6808
13.632	0.25	1	2	6816
13.65	0.25	1	2	6825
13.666	0.25	1	2	6833
13.682	0.25	0	1	6841
13.7	0.25	0	1	6850
13.716	0.25	0	1	6858
13.732	0.25	0	1	6866
13.75	0.25	0	1	6875
13.766	0.25	0	1	6883
13.782	0.25	0	1	6891
13.8	0.25	0	1	6900
13.816	0.25	0	1	6908
13.832	0.25	0	1	6916
13.85	0.25	0	1	6925
13.866	0.25	0	1	6933
13.882	0.25	0	1	6941
13.9	0.25	0	1	6950
13.916	0.25	0	1	6958
13.932	0.25	0	1	6966
13.95	0.25	0	1	6975
13.966	0.25	0	1	6983
13.982	0.25	0	1	6991
14.0	0.25	0	1	7000
14.016	0.25	0	1	7008
14.032	0.25	0	1	7016
14.05	0.25	0	1	7025
14.066	0.25	0	1	7033
14.082	0.25	1	2	7041
14.1	0.25	1	2	7050
14.116	0.25	1	2	7058
14.132	0.25	1	2	7066
14.15	0.25	0	1	7075
14.166	0.25	0	1	7083
14.182	0.25	0	1	7091
14.2	0.25	0	1	7100
14.216	0.25	0	1	7108
14.232	0.25	0	1	7116
14.25	0.25	0	1	7125
14.266	0.25	0	1	7133
14.282	0.25	0	1	7141
14.3	0.25	0	1	7150
14.316	0.25	0	1	7158
14.332	0.25	0	1	7166
14.35	0.25	0	1	7175
14.366	0.25	0	1	7183
14.382	0.25	1	2	7191
14.4	0.25	1	2	7200
14.416	0.25	1	2	7208
14.432	0.25	1	2	7216
14.45	0.25	0	1	7225
14.466	0.25	0	1	7233
14.482	0.25	0	1	7241
14.5	0.25	0	1	7250
14.516	0.25	0	1	7258
14.532	0.25	0	1	7266
14.55	0.25	0	1	7275
14.566	0.25	0	1	7283
14.582	0.25	0	1	7291
14.6	0.25	0	1	7300
14.616	0.25	0	1	7308
14.632	0.25	0	1	7316
14.65	0.25	0	1	7325
14.666	0.25	0	1	7333
14.682	0.25	0	1	7341
14.7	0.25	0	1	7350
14.716	0.25	0	1	7358
14.732	0.25	0	1	7366
14.75	0.25	0	1	7375
14.766	0.25	0	1	7383
14.782	0.25	0	1	7391
14.8	0.25	0	1	7400
14.816	0.25	1	2	7408
14.832	0.25	1	2	7416
14.85	0.25	1	2	7425
14.866	0.25	1	2	7433
16.35	0.25	0	1	8175
16.366	0.25	0	1	8183
16.382	0.25	0	1	8191
16.4	0.25	0	1	8200
16.416	0.25	0	1	8208
16.432	0.25	0	1	8216
16.45	0.25	0	1	8225
16.466	0.25	0	1	8233
16.482	0.25	0	1	8241
16.5	0.25	0	1	8250
16.516	0.25	0	1	8258
16.532	0.25	0	1	8266
16.55	0.25	0	1	8275
16.566	0.25	0	1	8283
16.582	0.25	0	1	8291
16.6	0.25	0	1	8300
16.616	0.25	0	1	8308
16.632	0.25	0	1	8316
16.65	0.25	0	1	8325
16.666	0.25	0	1	8333
16.682	0.25	0	1	8341
16.7	0.25	0	1	8350
16.716	0.25	0	1	8358
16.732	0.25	1	2	8366
16.75	0.25	1	2	8375
16.766	0.25	1	2	8383
16.782	0.25	1	2	8391
16.8	0.25	0	1	8400
16.816	0.25	0	1	8408
16.832	0.25	0	1	8416
16.85	0.25	0	1	8425
16.866	0.25	0	1	8433
16.882	0.25	0	1	8441
16.9	0.25	0	1	8450
16.916	0.25	0	1	8458
16.932	0.25	0	1	8466
16.95	0.25	0	1	8475
16.966	0.25	0	1	8483
16.982	0.25	0	1	8491
17.0	0.25	0	1	8500
17.016	0.25	0	1	8508
17.032	0.25	0	1	8516
17.05	0.25	0	1	8525
17.066	0.25	0	1	8533
17.082	0.25	0	1	8541
17.1	0.25	0	1	8550
17.116	0.25	1	2	8558
17.132	0.25	1	2	8566
17.15	0.25	1	2	8575
17.166	0.25	1	2	8583
17.182	0.25	0	1	8591
17.2	0.25	0	1	8600
17.216	0.25	0	1	8608
17.232	0.25	0	1	8616
17.25	0.25	0	1	8625
17.266	0.25	0	1	8633
17.282	0.25	0	1	8641
17.3	0.25	0	1	8650
17.316	0.25	0	1	8658
17.332	0.25	0	1	8666
17.35	0.25	0	1	8675
17.366	0.25	0	1	8683
17.382	0.25	0	1	8691
17.4	0.25	0	1	8700
17.416	0.25	1	2	8708
17.432	0.25	1	2	8716
17.45	0.25	1	2	8725
17.466	0.25	1	2	8733
17.482	0.25	0	1	8741
17.5	0.25	0	1	8750
17.516	0.25	0	1	8758
17.532	0.25	0	1	8766
17.55	0.25	0	1	8775
17.566	0.25	0	1	8783
17.582	0.25	0	1	8791
17.6	0.25	0	1	8800
17.616	0.25	0	1	8808
17.632	0.25	0	1	8816
17.65	0.25	0	1	8825
17.666	0.25	0	1	8833
17.682	0.25	0	1	8841
17.7	0.25	1	2	8850
17.716	0.25	1	2	8858
17.732	0.25	1	2	8866
17.75	0.25	1	2	8875
17.766	0.25	0	1	8883
17.782	0.25	0	1	8891
17.8	0.25	0	1	8900
17.816	0.25	0	1	8908
17.832	0.25	0	1	8916
17.85	0.25	0	1	8925
17.866	0.25	0	1	8933
17.882	0.25	0	1	8941
17.9	0.25	0	1	8950
17.916	0.25	0	1	8958
17.932	0.25	0	1	8966
17.95	0.25	0	1	8975
17.966	0.25	0	1	8983
17.982	0.25	0	1	8991
18.0	0.25	0	1	9000
18.016	0.25	0	1	9008
18.032	0.25	1	2	9016
18.05	0.25	1	2	9025
18.066	0.25	1	2	9033
18.082	0.25	1	2	9041
18.1	0.25	0	1	9050
18.116	0.25	0	1	9058
18.132	0.25	0	1	9066
18.15	0.25	0	1	9075
18.166	0.25	0	1	9083
18.182	0.25	0	1	9091
18.2	0.25	0	1	9100
18.216	0.25	0	1	9108
18.232	0.25	0	1	9116
18.25	0.25	0	1	9125
18.266	0.25	0	1	9133
18.282	0.25	0	1	9141
19.766	0.25	0	1	9883
19.782	0.25	1	2	9891
19.8	0.25	1	2	9900
19.816	0.25	1	2	9908
19.832	0.25	1	2	9916
19.85	0.25	0	1	9925
19.866	0.25	0	1	9933
19.882	0.25	0	1	9941
19.9	0.25	0	1	9950
19.916	0.25	0	1	9958
19.932	0.25	0	1	9966
19.95	0.25	0	1	9975
19.966	0.25	0	1	9983
19.982	0.25	0	1	9991
20.0	0.25	0	1	10000
20.016	0.25	0	1	10008
20.032	0.25	0	1	10016
20.05	0.25	0	1	10025
20.066	0.25	0	1	10033
20.082	0.25	0	1	10041
20.1	0.25	0	1	10050
20.116	0.25	0	1	10058
20.132	0.25	0	1	10066
20.15	0.25	0	1	10075
20.166	0.25	0	1	10083
20.182	0.25	0	1	10091
20.2	0.25	0	1	10100
20.216	0.25	0	1	10108
20.232	0.25	0	1	10116
20.25	0.25	0	1	10125
20.266	0.25	1	2	10133
20.282	0.25	1	2	10141
20.3	0.25	1	2	10150
20.316	0.25	1	2	10158
20.332	0.25	0	1	10166
20.35	0.25	0	1	10175
20.366	0.25	0	1	10183
20.382	0.25	0	1	10191
20.4	0.25	0	1	10200
20.416	0.25	0	1	10208
20.432	0.25	0	1	10216
20.45	0.25	0	1	10225
20.466	0.25	0	1	10233
20.482	0.25	0	1	10241
20.5	0.25	0	1	10250
20.516	0.25	0	1	10258
20.532	0.25	0	1	10266
20.55	0.25	0	1	10275
20.566	0.25	0	1	10283
20.582	0.25	0	1	10291
20.6	0.25	0	1	10300
20.616	0.25	0	1	10308
20.632	0.25	0	1	10316
20.65	0.25	0	1	10325
20.666	0.25	0	1	10333
20.682	0.25	0	1	10341
20.7	0.25	0	1	10350
20.716	0.25	0	1	10358
20.732	0.25	1	2	10366
20.75	0.25	1	2	10375
20.766	0.25	1	2	10383
20.782	0.25	1	2	10391
20.8	0.25	0	1	10400
20.816	0.25	0	1	10408
20.832	0.25	0	1	10416
20.85	0.25	0	1	10425
20.866	0.25	0	1	10433
20.882	0.25	0	1	10441
20.9	0.25	0	1	10450
20.916	0.25	0	1	10458
20.932	0.25	0	1	10466
20.95	0.25	0	1	10475
20.966	0.25	0	1	10483
20.982	0.25	0	1	10491
21.0	0.25	0	1	10500
21.016	0.25	0	1	10508
21.032	0.25	0	1	10516
21.05	0.25	0	1	10525
21.066	0.25	0	1	10533
21.082	0.25	0	1	10541
21.1	0.25	0	1	10550
21.116	0.25	0	1	10558
21.132	0.25	0	1	10566
21.15	0.25	1	2	10575
21.166	0.25	1	2	10583
21.182	0.25	1	2	10591
21.2	0.25	1	2	10600
21.216	0.25	0	1	10608
21.232	0.25	0	1	10616
21.25	0.25	0	1	10625
21.266	0.25	0	1	10633
21.282	0.25	0	1	10641
21.3	0.25	0	1	10650
21.316	0.25	0	1	10658
21.332	0.25	0	1	10666
21.35	0.25	0	1	10675
21.366	0.25	0	1	10683
21.382	0.25	0	1	10691
21.4	0.25	0	1	10700
21.416	0.25	0	1	10708
21.432	0.25	0	1	10716
21.45	0.25	0	1	10725
21.466	0.25	0	1	10733
21.482	0.25	0	1	10741
21.5	0.25	0	1	10750
21.516	0.25	0	1	10758
21.532	0.25	0	1	10766
21.55	0.25	0	1	10775
21.566	0.25	0	1	10783
21.582	0.25	1	2	10791
21.6	0.25	1	2	10800
21.616	0.25	1	2	10808
21.632	0.25	1	2	10816
21.65	0.25	0	1	10825
21.666	0.25	0	1	10833
21.682	0.25	0	1	10841
21.7	0.25	0	1	10850
24.1	0.25	0	1	12050
24.116	0.25	1	2	12058
24.132	0.25	1	2	12066
24.15	0.25	1	2	12075
24.166	0.25	1	2	12083
24.182	0.25	0	1	12091
24.2	0.25	0	1	12100
24.216	0.25	0	1	12108
24.232	0.25	0	1	12116
24.25	0.25	0	1	12125
24.266	0.25	0	1	12133
24.282	0.25	0	1	12141
24.3	0.25	0	1	12150
24.316	0.25	0	1	12158
24.332	0.25	0	1	12166
24.35	0.25	0	1	12175
24.366	0.25	0	1	12183
24.382	0.25	0	1	12191
24.4	0.25	0	1	12200
24.416	0.25	0	1	12208
24.432	0.25	0	1	12216
24.45	0.25	0	1	12225
24.466	0.25	0	1	12233
24.482	0.25	0	1	12241
24.5	0.25	0	1	12250
24.516	0.25	0	1	12258
24.532	0.25	0	1	12266
24.55	0.25	0	1	12275
24.566	0.25	0	1	12283
24.582	0.25	0	1	12291
24.6	0.25	1	2	12300
24.616	0.25	1	2	12308
24.632	0.25	1	2	12316
24.65	0.25	1	2	12325
24.666	0.25	0	1	12333
24.682	0.25	0	1	12341
24.7	0.25	0	1	12350
24.716	0.25	0	1	12358
24.732	0.25	0	1	12366
24.75	0.25	0	1	12375
24.766	0.25	0	1	12383
24.782	0.25	0	1	12391
24.8	0.25	0	1	12400
24.816	0.25	0	1	12408
24.832	0.25	0	1	12416
24.85	0.25	0	1	12425
24.866	0.25	0	1	12433
24.882	0.25	0	1	12441
24.9	0.25	0	1	12450
24.916	0.25	0	1	12458
24.932	0.25	0	1	12466
24.95	0.25	0	1	12475
24.966	0.25	0	1	12483
24.982	0.25	0	1	12491
25.0	0.25	0	1	12500
25.016	0.25	0	1	12508
25.032	0.25	0	1	12516
25.05	0.25	0	1	12525
25.066	0.25	1	2	12533
25.082	0.25	1	2	12541
25.1	0.25	1	2	12550
25.116	0.25	1	2	12558
25.132	0.25	0	1	12566
25.15	0.25	0	1	12575
25.166	0.25	0	1	12583
25.182	0.25	0	1	12591
25.2	0.25	0	1	12600
25.216	0.25	0	1	12608
25.232	0.25	0	1	12616
25.25	0.25	0	1	12625
25.266	0.25	0	1	12633
25.282	0.25	0	1	12641
25.3	0.25	0	1	12650
25.316	0.25	0	1	12658
25.332	0.25	0	1	12666
25.35	0.25	0	1	12675
25.366	0.25	0	1	12683
25.382	0.25	0	1	12691
25.4	0.25	0	1	12700
25.416	0.25	0	1	12708
25.432	0.25	0	1	12716
25.45	0.25	0	1	12725
25.466	0.25	0	1	12733
25.482	0.25	1	2	12741
25.5	0.25	1	2	12750
25.516	0.25	1	2	12758
25.532	0.25	1	2	12766
25.55	0.25	0	1	12775
25.566	0.25	0	1	12783
25.582	0.25	0	1	12791
25.6	0.25	0	1	12800
25.616	0.25	0	1	12808
25.632	0.25	0	1	12816
25.65	0.25	0	1	12825
25.666	0.25	0	1	12833
25.682	0.25	0	1	12841
25.7	0.25	0	1	12850
25.716	0.25	0	1	12858
25.732	0.25	0	1	12866
25.75	0.25	0	1	12875
25.766	0.25	0	1	12883
25.782	0.25	0	1	12891
25.8	0.25	0	1	12900
25.816	0.25	0	1	12908
25.832	0.25	0	1	12916
25.85	0.25	0	1	12925
25.866	0.25	0	1	12933
25.882	0.25	0	1	12941
25.9	0.25	0	1	12950
25.916	0.25	1	2	12958
25.932	0.25	1	2	12966
25.95	0.25	1	2	12975
25.966	0.25	1	2	12983
25.982	0.25	0	1	12991
26.0	0.25	0	1	13000
26.016	0.25	0	1	13008
26.032	0.25	0	1	13016
27.516	0.25	0	1	13758
27.532	0.25	0	1	13766
27.55	0.25	0	1	13775
27.566	0.25	0	1	13783
27.582	0.25	0	1	13791
27.6	0.25	0	1	13800
27.616	0.25	0	1	13808
27.632	0.25	0	1	13816
27.65	0.25	0	1	13825
27.666	0.25	0	1	13833
27.682	0.25	0	1	13841
27.7	0.25	0	1	13850
27.716	0.25	0	1	13858
27.732	0.25	0	1	13866
27.75	0.25	0	1	13875
27.766	0.25	0	1	13883
27.782	0.25	0	1	13891
27.8	0.25	0	1	13900
27.816	0.25	0	1	13908
27.832	0.25	0	1	13916
27.85	0.25	0	1	13925
27.866	0.25	0	1	13933
27.882	0.25	0	1	13941
27.9	0.25	1	2	13950
27.916	0.25	1	2	13958
27.932	0.25	1	2	13966
27.95	0.25	1	2	13975
27.966	0.25	0	1	13983
27.982	0.25	0	1	13991
28.0	0.25	0	1	14000
28.016	0.25	0	1	14008
28.032	0.25	0	1	14016
28.05	0.25	0	1	14025
28.066	0.25	0	1	14033
28.082	0.25	0	1	14041
28.1	0.25	0	1	14050
28.116	0.25	0	1	14058
28.132	0.25	0	1	14066
28.15	0.25	0	1	14075
28.166	0.25	0	1	14083
28.182	0.25	0	1	14091
28.2	0.25	0	1	14100
28.216	0.25	0	1	14108
28.232	0.25	0	1	14116
28.25	0.25	0	1	14125
28.266	0.25	0	1	14133
28.282	0.25	1	2	14141
28.3	0.25	1	2	14150
28.316	0.25	1	2	14158
28.332	0.25	1	2	14166
28.35	0.25	0	1	14175
28.366	0.25	0	1	14183
28.382	0.25	0	1	14191
28.4	0.25	0	1	14200
28.416	0.25	0	1	14208
28.432	0.25	0	1	14216
28.45	0.25	0	1	14225
28.466	0.25	0	1	14233
28.482	0.25	0	1	14241
28.5	0.25	0	1	14250
28.516	0.25	0	1	14258
28.532	0.25	0	1	14266
28.55	0.25	0	1	14275
28.566	0.25	0	1	14283
28.582	0.25	1	2	14291
28.6	0.25	1	2	14300
28.616	0.25	1	2	14308
28.632	0.25	1	2	14316
28.65	0.25	0	1	14325
28.666	0.25	0	1	14333
28.682	0.25	0	1	14341
28.7	0.25	0	1	14350
28.716	0.25	0	1	14358
28.732	0.25	0	1	14366
28.75	0.25	0	1	14375
28.766	0.25	0	1	14383
28.782	0.25	0	1	14391
28.8	0.25	0	1	14400
28.816	0.25	0	1	14408
28.832	0.25	0	1	14416
28.85	0.25	0	1	14425
28.866	0.25	1	2	14433
28.882	0.25	1	2	14441
28.9	0.25	1	2	14450
28.916	0.25	1	2	14458
28.932	0.25	0	1	14466
28.95	0.25	0	1	14475
28.966	0.25	0	1	14483
28.982	0.25	0	1	14491
29.0	0.25	0	1	14500
29.016	0.25	0	1	14508
29.032	0.25	0	1	14516
29.05	0.25	0	1	14525
29.066	0.25	0	1	14533
29.082	0.25	0	1	14541
29.1	0.25	0	1	14550
29.116	0.25	0	1	14558
29.132	0.25	0	1	14566
29.15	0.25	0	1	14575
29.166	0.25	0	1	14583
29.182	0.25	0	1	14591
29.2	0.25	1	2	14600
29.216	0.25	1	2	14608
29.232	0.25	1	2	14616
29.25	0.25	1	2	14625
29.266	0.25	0	1	14633
29.282	0.25	0	1	14641
29.3	0.25	0	1	14650
29.316	0.25	0	1	14658
29.332	0.25	0	1	14666
29.35	0.25	0	1	14675
29.366	0.25	0	1	14683
29.382	0.25	0	1	14691
29.4	0.25	0	1	14700
29.416	0.25	0	1	14708
29.432	0.25	0	1	14716
29.45	0.25	0	1	14725
30.932	0.25	0	1	15466
30.95	0.25	0	1	15475
30.966	0.25	0	1	15483
30.982	0.25	0	1	15491
31.0	0.25	0	1	15500
31.016	0.25	0	1	15508
31.032	0.25	0	1	15516
31.05	0.25	0	1	15525
31.066	0.25	0	1	15533
31.082	0.25	0	1	15541
31.1	0.25	0	1	15550
31.116	0.25	0	1	15558
31.132	0.25	0	1	15566
31.15	0.25	0	1	15575
31.166	0.25	0	1	15583
31.182	0.25	1	2	15591
31.2	0.25	1	2	15600
31.216	0.25	1	2	15608
31.232	0.25	1	2	15616
31.25	0.25	0	1	15625
31.266	0.25	0	1	15633
31.282	0.25	0	1	15641
31.3	0.25	0	1	15650
31.316	0.25	0	1	15658
31.332	0.25	0	1	15666
31.35	0.25	0	1	15675
31.366	0.25	0	1	15683
31.382	0.25	0	1	15691
31.4	0.25	0	1	15700
31.416	0.25	0	1	15708
31.432	0.25	0	1	15716
31.45	0.25	0	1	15725
31.466	0.25	0	1	15733
31.482	0.25	0	1	15741
31.5	0.25	0	1	15750
31.516	0.25	0	1	15758
31.532	0.25	0	1	15766
31.55	0.25	0	1	15775
31.566	0.25	0	1	15783
31.582	0.25	0	1	15791
31.6	0.25	0	1	15800
31.616	0.25	1	2	15808
31.632	0.25	1	2	15816
31.65	0.25	1	2	15825
31.666	0.25	1	2	15833
31.682	0.25	0	1	15841
31.7	0.25	0	1	15850
31.716	0.25	0	1	15858
31.732	0.25	0	1	15866
31.75	0.25	0	1	15875
31.766	0.25	0	1	15883
31.782	0.25	0	1	15891
31.8	0.25	0	1	15900
31.816	0.25	0	1	15908
31.832	0.25	0	1	15916
31.85	0.25	0	1	15925
31.866	0.25	0	1	15933
31.882	0.25	0	1	15941
31.9	0.25	0	1	15950
31.916	0.25	0	1	15958
31.932	0.25	0	1	15966
31.95	0.25	0	1	15975
31.966	0.25	0	1	15983
31.982	0.25	0	1	15991
32.0	0.25	0	1	16000
32.016	0.25	0	1	16008
32.032	0.25	0	1	16016
32.048	0.25	0	1	16024
32.066	0.25	0	1	16033
32.082	0.25	1	2	16041
32.1	0.25	1	2	16050
32.116	0.25	1	2	16058
32.132	0.25	1	2	16066
32.15	0.25	0	1	16075
32.166	0.25	0	1	16083
32.182	0.25	0	1	16091
32.2	0.25	0	1	16100
32.216	0.25	0	1	16108
32.232	0.25	0	1	16116
32.25	0.25	0	1	16125
32.266	0.25	0	1	16133
32.282	0.25	0	1	16141
32.298	0.25	0	1	16149
32.316	0.25	0	1	16158
32.332	0.25	0	1	16166
32.35	0.25	0	1	16175
32.366	0.25	0	1	16183
32.382	0.25	1	2	16191
32.4	0.25	1	2	16200
32.416	0.25	1	2	16208
32.432	0.25	1	2	16216
32.45	0.25	0	1	16225
32.466	0.25	0	1	16233
32.482	0.25	0	1	16241
32.5	0.25	0	1	16250
32.516	0.25	0	1	16258
32.532	0.25	0	1	16266
32.548	0.25	0	1	16274
32.566	0.25	0	1	16283
32.582	0.25	0	1	16291
32.6	0.25	0	1	16300
32.616	0.25	0	1	16308
32.632	0.25	0	1	16316
32.65	0.25	0	1	16325
32.666	0.25	0	1	16333
32.682	0.25	0	1	16341
32.7	0.25	0	1	16350
32.716	0.25	0	1	16358
32.732	0.25	0	1	16366
32.75	0.25	0	1	16375
32.766	0.25	0	1	16383
32.782	0.25	0	1	16391
32.8	0.25	0	1	16400
32.816	0.25	1	2	16408
32.832	0.25	1	2	16416
32.85	0.25	1	2	16425
32.866	0.25	1	2	16433
34.35	0.25	0	1	17175
34.366	0.25	0	1	17183
34.382	0.25	0	1	17191
34.4	0.25	0	1	17200
34.416	0.25	0	1	17208
34.432	0.25	0	1	17216
34.45	0.25	0	1	17225
34.466	0.25	0	1	17233
34.482	0.25	0	1	17241
34.5	0.25	0	1	17250
34.516	0.25	0	1	17258
34.532	0.25	0	1	17266
34.55	0.25	0	1	17275
34.566	0.25	0	1	17283
34.582	0.25	0	1	17291
34.6	0.25	0	1	17300
34.616	0.25	0	1	17308
34.632	0.25	0	1	17316
34.65	0.25	1	2	17325
34.666	0.25	1	2	17333
34.682	0.25	1	2	17341
34.7	0.25	1	2	17350
34.716	0.25	0	1	17358
34.732	0.25	0	1	17366
34.75	0.25	0	1	17375
34.766	0.25	0	1	17383
34.782	0.25	0	1	17391
34.8	0.25	0	1	17400
34.816	0.25	0	1	17408
34.832	0.25	0	1	17416
34.85	0.25	0	1	17425
34.866	0.25	0	1	17433
34.882	0.25	0	1	17441
34.9	0.25	0	1	17450
34.916	0.25	0	1	17458
34.932	0.25	0	1	17466
34.95	0.25	0	1	17475
34.966	0.25	0	1	17483
34.982	0.25	0	1	17491
35.0	0.25	0	1	17500
35.016	0.25	0	1	17508
35.032	0.25	0	1	17516
35.05	0.25	1	2	17525
35.066	0.25	1	2	17533
35.082	0.25	1	2	17541
35.1	0.25	1	2	17550
35.116	0.25	0	1	17558
35.132	0.25	0	1	17566
35.15	0.25	0	1	17575
35.166	0.25	0	1	17583
35.182	0.25	0	1	17591
35.2	0.25	0	1	17600
35.216	0.25	0	1	17608
35.232	0.25	0	1	17616
35.25	0.25	0	1	17625
35.266	0.25	0	1	17633
35.282	0.25	0	1	17641
35.3	0.25	0	1	17650
35.316	0.25	0	1	17658
35.332	0.25	1	2	17666
35.35	0.25	1	2	17675
35.366	0.25	1	2	17683
35.382	0.25	1	2	17691
35.4	0.25	0	1	17700
35.416	0.25	0	1	17708
35.432	0.25	0	1	17716
35.45	0.25	0	1	17725
35.466	0.25	0	1	17733
35.482	0.25	0	1	17741
35.5	0.25	0	1	17750
35.516	0.25	0	1	17758
35.532	0.25	0	1	17766
35.55	0.25	0	1	17775
35.566	0.25	0	1	17783
35.582	0.25	0	1	17791
35.6	0.25	0	1	17800
35.616	0.25	0	1	17808
35.632	0.25	0	1	17816
35.65	0.25	0	1	17825
35.666	0.25	0	1	17833
35.682	0.25	0	1	17841
35.7	0.25	1	2	17850
35.716	0.25	1	2	17858
35.732	0.25	1	2	17866
35.75	0.25	1	2	17875
35.766	0.25	0	1	17883
35.782	0.25	0	1	17891
35.8	0.25	0	1	17900
35.816	0.25	0	1	17908
35.832	0.25	0	1	17916
35.85	0.25	0	1	17925
35.866	0.25	0	1	17933
35.882	0.25	0	1	17941
35.9	0.25	0	1	17950
35.916	0.25	0	1	17958
35.932	0.25	0	1	17966
35.95	0.25	0	1	17975
35.966	0.25	0	1	17983
35.982	0.25	0	1	17991
36.0	0.25	0	1	18000
36.016	0.25	0	1	18008
36.032	0.25	0	1	18016
36.05	0.25	0	1	18025
36.066	0.25	0	1	18033
36.082	0.25	0	1	18041
36.1	0.25	0	1	18050
36.116	0.25	0	1	18058
36.132	0.25	0	1	18066
36.15	0.25	0	1	18075
36.166	0.25	1	2	18083
36.182	0.25	1	2	18091
36.2	0.25	1	2	18100
36.216	0.25	1	2	18108
36.232	0.25	0	1	18116
36.25	0.25	0	1	18125
36.266	0.25	0	1	18133
36.282	0.25	0	1	18141
39.782	0.25	0	1	19891
39.8	0.25	0	1	19900
39.816	0.25	0	1	19908
39.832	0.25	0	1	19916
39.85	0.25	0	1	19925
39.866	0.25	0	1	19933
39.882	0.25	0	1	19941
39.9	0.25	0	1	19950
39.916	0.25	0	1	19958
39.932	0.25	0	1	19966
39.95	0.25	0	1	19975
39.966	0.25	0	1	19983
39.982	0.25	0	1	19991
40.0	0.25	0	1	20000
40.016	0.25	0	1	20008
40.032	0.25	1	2	20016
40.05	0.25	1	2	20025
40.066	0.25	1	2	20033
40.082	0.25	1	2	20041
40.1	0.25	0	1	20050
40.116	0.25	0	1	20058
40.132	0.25	0	1	20066
40.15	0.25	0	1	20075
40.166	0.25	0	1	20083
40.182	0.25	0	1	20091
40.2	0.25	0	1	20100
40.216	0.25	0	1	20108
40.232	0.25	0	1	20116
40.25	0.25	0	1	20125
40.266	0.25	0	1	20133
40.282	0.25	0	1	20141
40.3	0.25	0	1	20150
40.316	0.25	0	1	20158
40.332	0.25	0	1	20166
40.35	0.25	0	1	20175
40.366	0.25	0	1	20183
40.382	0.25	0	1	20191
40.4	0.25	0	1	20200
40.416	0.25	0	1	20208
40.432	0.25	0	1	20216
40.45	0.25	0	1	20225
40.466	0.25	1	2	20233
40.482	0.25	1	2	20241
40.5	0.25	1	2	20250
40.516	0.25	1	2	20258
40.532	0.25	0	1	20266
40.55	0.25	0	1	20275
40.566	0.25	0	1	20283
40.582	0.25	0	1	20291
40.6	0.25	0	1	20300
40.616	0.25	0	1	20308
40.632	0.25	0	1	20316
40.65	0.25	0	1	20325
40.666	0.25	0	1	20333
40.682	0.25	0	1	20341
40.7	0.25	0	1	20350
40.716	0.25	0	1	20358
40.732	0.25	0	1	20366
40.75	0.25	0	1	20375
40.766	0.25	0	1	20383
40.782	0.25	0	1	20391
40.8	0.25	0	1	20400
40.816	0.25	0	1	20408
40.832	0.25	0	1	20416
40.85	0.25	0	1	20425
40.866	0.25	0	1	20433
40.882	0.25	0	1	20441
40.9	0.25	0	1	20450
40.916	0.25	0	1	20458
40.932	0.25	1	2	20466
40.95	0.25	1	2	20475
40.966	0.25	1	2	20483
40.982	0.25	1	2	20491
41.0	0.25	0	1	20500
41.016	0.25	0	1	20508
41.032	0.25	0	1	20516
41.05	0.25	0	1	20525
41.066	0.25	0	1	20533
41.082	0.25	0	1	20541
41.1	0.25	0	1	20550
41.116	0.25	0	1	20558
41.132	0.25	0	1	20566
41.15	0.25	0	1	20575
41.166	0.25	0	1	20583
41.182	0.25	0	1	20591
41.2	0.25	0	1	20600
41.216	0.25	0	1	20608
41.232	0.25	1	2	20616
41.25	0.25	1	2	20625
41.266	0.25	1	2	20633
41.282	0.25	1	2	20641
41.3	0.25	0	1	20650
41.316	0.25	0	1	20658
41.332	0.25	0	1	20666
41.35	0.25	0	1	20675
41.366	0.25	0	1	20683
41.382	0.25	0	1	20691
41.4	0.25	0	1	20700
41.416	0.25	0	1	20708
41.432	0.25	0	1	20716
41.45	0.25	0	1	20725
41.466	0.25	0	1	20733
41.482	0.25	0	1	20741
41.5	0.25	0	1	20750
41.516	0.25	0	1	20758
41.532	0.25	0	1	20766
41.55	0.25	0	1	20775
41.566	0.25	0	1	20783
41.582	0.25	0	1	20791
41.6	0.25	0	1	20800
41.616	0.25	0	1	20808
41.632	0.25	0	1	20816
41.65	0.25	0	1	20825
41.666	0.25	1	2	20833
41.682	0.25	1	2	20841
41.7	0.25	1	2	20850
41.716	0.25	1	2	20858
43.2	0.25	0	1	21600
43.216	0.25	0	1	21608
43.232	0.25	0	1	21616
43.25	0.25	0	1	21625
43.266	0.25	0	1	21633
43.282	0.25	0	1	21641
43.3	0.25	0	1	21650
43.316	0.25	0	1	21658
43.332	0.25	0	1	21666
43.35	0.25	0	1	21675
43.366	0.25	0	1	21683
43.382	0.25	0	1	21691
43.4	0.25	0	1	21700
43.416	0.25	0	1	21708
43.432	0.25	0	1	21716
43.45	0.25	0	1	21725
43.466	0.25	0	1	21733
43.482	0.25	0	1	21741
43.5	0.25	0	1	21750
43.516	0.25	0	1	21758
43.532	0.25	0	1	21766
43.55	0.25	0	1	21775
43.566	0.25	0	1	21783
43.582	0.25	1	2	21791
43.6	0.25	1	2	21800
43.616	0.25	1	2	21808
43.632	0.25	1	2	21816
43.65	0.25	0	1	21825
43.666	0.25	0	1	21833
43.682	0.25	0	1	21841
43.7	0.25	0	1	21850
43.716	0.25	0	1	21858
43.732	0.25	0	1	21866
43.75	0.25	0	1	21875
43.766	0.25	0	1	21883
43.782	0.25	0	1	21891
43.8	0.25	0	1	21900
43.816	0.25	0	1	21908
43.832	0.25	0	1	21916
43.85	0.25	0	1	21925
43.866	0.25	0	1	21933
43.882	0.25	0	1	21941
43.9	0.25	0	1	21950
43.916	0.25	0	1	21958
43.932	0.25	0	1	21966
43.95	0.25	0	1	21975
43.966	0.25	1	2	21983
43.982	0.25	1	2	21991
44.0	0.25	1	2	22000
44.016	0.25	1	2	22008
44.032	0.25	0	1	22016
44.05	0.25	0	1	22025
44.066	0.25	0	1	22033
44.082	0.25	0	1	22041
44.1	0.25	0	1	22050
44.116	0.25	0	1	22058
44.132	0.25	0	1	22066
44.15	0.25	0	1	22075
44.166	0.25	0	1	22083
44.182	0.25	0	1	22091
44.2	0.25	0	1	22100
44.216	0.25	0	1	22108
44.232	0.25	0	1	22116
44.25	0.25	0	1	22125
44.266	0.25	1	2	22133
44.282	0.25	1	2	22141
44.3	0.25	1	2	22150
44.316	0.25	1	2	22158
44.332	0.25	0	1	22166
44.35	0.25	0	1	22175
44.366	0.25	0	1	22183
44.382	0.25	0	1	22191
44.4	0.25	0	1	22200
44.416	0.25	0	1	22208
44.432	0.25	0	1	22216
44.45	0.25	0	1	22225
44.466	0.25	0	1	22233
44.482	0.25	0	1	22241
44.5	0.25	0	1	22250
44.516	0.25	0	1	22258
44.532	0.25	0	1	22266
44.55	0.25	1	2	22275
44.566	0.25	1	2	22283
44.582	0.25	1	2	22291
44.6	0.25	1	2	22300
44.616	0.25	0	1	22308
44.632	0.25	0	1	22316
44.65	0.25	0	1	22325
44.666	0.25	0	1	22333
44.682	0.25	0	1	22341
44.7	0.25	0	1	22350
44.716	0.25	0	1	22358
44.732	0.25	0	1	22366
44.75	0.25	0	1	22375
44.766	0.25	0	1	22383
44.782	0.25	0	1	22391
44.8	0.25	0	1	22400
44.816	0.25	0	1	22408
44.832	0.25	0	1	22416
44.85	0.25	0	1	22425
44.866	0.25	0	1	22433
44.882	0.25	1	2	22441
44.9	0.25	1	2	22450
44.916	0.25	1	2	22458
44.932	0.25	1	2	22466
44.95	0.25	0	1	22475
44.966	0.25	0	1	22483
44.982	0.25	0	1	22491
45.0	0.25	0	1	22500
45.016	0.25	0	1	22508
45.032	0.25	0	1	22516
45.05	0.25	0	1	22525
45.066	0.25	0	1	22533
45.082	0.25	0	1	22541
45.1	0.25	0	1	22550
45.116	0.25	0	1	22558
45.132	0.25	0	1	22566
46.616	0.25	0	1	23308
46.632	0.25	0	1	23316
46.65	0.25	0	1	23325
46.666	0.25	0	1	23333
46.682	0.25	0	1	23341
46.7	0.25	0	1	23350
46.716	0.25	0	1	23358
46.732	0.25	0	1	23366
46.75	0.25	0	1	23375
46.766	0.25	0	1	23383
46.782	0.25	0	1	23391
46.8	0.25	0	1	23400
46.816	0.25	0	1	23408
46.832	0.25	0	1	23416
46.85	0.25	0	1	23425
46.866	0.25	0	1	23433
46.882	0.25	0	1	23441
46.9	0.25	0	1	23450
46.916	0.25	1	2	23458
46.932	0.25	1	2	23466
46.95	0.25	1	2	23475
46.966	0.25	1	2	23483
46.982	0.25	0	1	23491
47.0	0.25	0	1	23500
47.016	0.25	0	1	23508
47.032	0.25	0	1	23516
47.05	0.25	0	1	23525
47.066	0.25	0	1	23533
47.082	0.25	0	1	23541
47.1	0.25	0	1	23550
47.116	0.25	0	1	23558
47.132	0.25	0	1	23566
47.15	0.25	0	1	23575
47.166	0.25	0	1	23583
47.182	0.25	0	1	23591
47.2	0.25	0	1	23600
47.216	0.25	0	1	23608
47.232	0.25	0	1	23616
47.25	0.25	0	1	23625
47.266	0.25	0	1	23633
47.282	0.25	0	1	23641
47.3	0.25	0	1	23650
47.316	0.25	1	2	23658
47.332	0.25	1	2	23666
47.35	0.25	1	2	23675
47.366	0.25	1	2	23683
47.382	0.25	0	1	23691
47.4	0.25	0	1	23700
47.416	0.25	0	1	23708
47.432	0.25	0	1	23716
47.45	0.25	0	1	23725
47.466	0.25	0	1	23733
47.482	0.25	0	1	23741
47.5	0.25	0	1	23750
47.516	0.25	0	1	23758
47.532	0.25	0	1	23766
47.55	0.25	0	1	23775
47.566	0.25	0	1	23783
47.582	0.25	0	1	23791
47.6	0.25	1	2	23800
47.616	0.25	1	2	23808
47.632	0.25	1	2	23816
47.65	0.25	1	2	23825
47.666	0.25	0	1	23833
47.682	0.25	0	1	23841
47.7	0.25	0	1	23850
47.716	0.25	0	1	23858
47.732	0.25	0	1	23866
47.75	0.25	0	1	23875
47.766	0.25	0	1	23883
47.782	0.25	0	1	23891
47.8	0.25	0	1	23900
47.816	0.25	0	1	23908
47.832	0.25	0	1	23916
47.85	0.25	0	1	23925
47.866	0.25	0	1	23933
47.882	0.25	0	1	23941
47.9	0.25	0	1	23950
47.916	0.25	0	1	23958
47.932	0.25	0	1	23966
47.95	0.25	0	1	23975
47.966	0.25	1	2	23983
47.982	0.25	1	2	23991
48.0	0.25	1	2	24000
48.016	0.25	1	2	24008
48.032	0.25	0	1	24016
48.05	0.25	0	1	24025
48.066	0.25	0	1	24033
48.082	0.25	0	1	24041
48.1	0.25	0	1	24050
48.116	0.25	0	1	24058
48.132	0.25	0	1	24066
48.15	0.25	0	1	24075
48.166	0.25	0	1	24083
48.182	0.25	0	1	24091
48.2	0.25	0	1	24100
48.216	0.25	0	1	24108
48.232	0.25	0	1	24116
48.25	0.25	0	1	24125
48.266	0.25	0	1	24133
48.282	0.25	0	1	24141
48.3	0.25	0	1	24150
48.316	0.25	0	1	24158
48.332	0.25	0	1	24166
48.35	0.25	0	1	24175
48.366	0.25	0	1	24183
48.382	0.25	0	1	24191
48.4	0.25	0	1	24200
48.416	0.25	0	1	24208
48.432	0.25	1	2	24216
48.45	0.25	1	2	24225
48.466	0.25	1	2	24233
48.482	0.25	1	2	24241
48.5	0.25	0	1	24250
48.516	0.25	0	1	24258
48.532	0.25	0	1	24266
48.55	0.25	0	1	24275
50.032	0.25	0	1	25016
50.05	0.25	1	2	25025
50.066	0.25	1	2	25033
50.082	0.25	1	2	25041
50.1	0.25	1	2	25050
50.116	0.25	0	1	25058
50.132	0.25	0	1	25066
50.15	0.25	0	1	25075
50.166	0.25	0	1	25083
50.182	0.25	0	1	25091
50.2	0.25	0	1	25100
50.216	0.25	0	1	25108
50.232	0.25	0	1	25116
50.25	0.25	0	1	25125
50.266	0.25	0	1	25133
50.282	0.25	0	1	25141
50.3	0.25	0	1	25150
50.316	0.25	0	1	25158
50.332	0.25	0	1	25166
50.35	0.25	0	1	25175
50.366	0.25	0	1	25183
50.382	0.25	0	1	25191
50.4	0.25	0	1	25200
50.416	0.25	0	1	25208
50.432	0.25	0	1	25216
50.45	0.25	0	1	25225
50.466	0.25	0	1	25233
50.482	0.25	0	1	25241
50.5	0.25	0	1	25250
50.516	0.25	0	1	25258
50.532	0.25	1	2	25266
50.55	0.25	1	2	25275
50.566	0.25	1	2	25283
50.582	0.25	1	2	25291
50.6	0.25	0	1	25300
50.616	0.25	0	1	25308
50.632	0.25	0	1	25316
50.65	0.25	0	1	25325
50.666	0.25	0	1	25333
50.682	0.25	0	1	25341
50.7	0.25	0	1	25350
50.716	0.25	0	1	25358
50.732	0.25	0	1	25366
50.75	0.25	0	1	25375
50.766	0.25	0	1	25383
50.782	0.25	0	1	25391
50.8	0.25	0	1	25400
50.816	0.25	0	1	25408
50.832	0.25	0	1	25416
50.85	0.25	0	1	25425
50.866	0.25	0	1	25433
50.882	0.25	0	1	25441
50.9	0.25	0	1	25450
50.916	0.25	0	1	25458
50.932	0.25	0	1	25466
50.95	0.25	0	1	25475
50.966	0.25	0	1	25483
50.982	0.25	0	1	25491
51.0	0.25	1	2	25500
51.016	0.25	1	2	25508
51.032	0.25	1	2	25516
51.05	0.25	1	2	25525
51.066	0.25	0	1	25533
51.082	0.25	0	1	25541
51.1	0.25	0	1	25550
51.116	0.25	0	1	25558
51.132	0.25	0	1	25566
51.15	0.25	0	1	25575
51.166	0.25	0	1	25583
51.182	0.25	0	1	25591
51.2	0.25	0	1	25600
51.216	0.25	0	1	25608
51.232	0.25	0	1	25616
51.25	0.25	0	1	25625
51.266	0.25	0	1	25633
51.282	0.25	0	1	25641
51.3	0.25	0	1	25650
51.316	0.25	0	1	25658
51.332	0.25	0	1	25666
51.35	0.25	0	1	25675
51.366	0.25	0	1	25683
51.382	0.25	0	1	25691
51.4	0.25	0	1	25700
51.416	0.25	1	2	25708
51.432	0.25	1	2	25716
51.45	0.25	1	2	25725
51.466	0.25	1	2	25733
51.482	0.25	0	1	25741
51.5	0.25	0	1	25750
51.516	0.25	0	1	25758
51.532	0.25	0	1	25766
51.55	0.25	0	1	25775
51.566	0.25	0	1	25783
51.582	0.25	0	1	25791
51.6	0.25	0	1	25800
51.616	0.25	0	1	25808
51.632	0.25	0	1	25816
51.65	0.25	0	1	25825
51.666	0.25	0	1	25833
51.682	0.25	0	1	25841
51.7	0.25	0	1	25850
51.716	0.25	0	1	25858
51.732	0.25	0	1	25866
51.75	0.25	0	1	25875
51.766	0.25	0	1	25883
51.782	0.25	0	1	25891
51.8	0.25	0	1	25900
51.816	0.25	0	1	25908
51.832	0.25	0	1	25916
51.85	0.25	1	2	25925
51.866	0.25	1	2	25933
51.882	0.25	1	2	25941
51.9	0.25	1	2	25950
51.916	0.25	0	1	25958
51.932	0.25	0	1	25966
51.95	0.25	0	1	25975
51.966	0.25	0	1	25983
54.1	0.25	0	1	27050
54.116	0.25	0	1	27058
54.132	0.25	0	1	27066
54.15	0.25	0	1	27075
54.166	0.25	0	1	27083
54.182	0.25	0	1	27091
54.2	0.25	0	1	27100
54.216	0.25	0	1	27108
54.232	0.25	0	1	27116
54.25	0.25	0	1	27125
54.266	0.25	0	1	27133
54.282	0.25	0	1	27141
54.3	0.25	0	1	27150
54.316	0.25	0	1	27158
54.332	0.25	0	1	27166
54.35	0.25	0	1	27175
54.366	0.25	0	1	27183
54.382	0.25	0	1	27191
54.4	0.25	1	2	27200
54.416	0.25	1	2	27208
54.432	0.25	1	2	27216
54.45	0.25	1	2	27225
54.466	0.25	0	1	27233
54.482	0.25	0	1	27241
54.5	0.25	0	1	27250
54.516	0.25	0	1	27258
54.532	0.25	0	1	27266
54.55	0.25	0	1	27275
54.566	0.25	0	1	27283
54.582	0.25	0	1	27291
54.6	0.25	0	1	27300
54.616	0.25	0	1	27308
54.632	0.25	0	1	27316
54.65	0.25	0	1	27325
54.666	0.25	0	1	27333
54.682	0.25	0	1	27341
54.7	0.25	0	1	27350
54.716	0.25	0	1	27358
54.732	0.25	0	1	27366
54.75	0.25	0	1	27375
54.766	0.25	0	1	27383
54.782	0.25	0	1	27391
54.8	0.25	1	2	27400
54.816	0.25	1	2	27408
54.832	0.25	1	2	27416
54.85	0.25	1	2	27425
54.866	0.25	0	1	27433
54.882	0.25	0	1	27441
54.9	0.25	0	1	27450
54.916	0.25	0	1	27458
54.932	0.25	0	1	27466
54.95	0.25	0	1	27475
54.966	0.25	0	1	27483
54.982	0.25	0	1	27491
55.0	0.25	0	1	27500
55.016	0.25	0	1	27508
55.032	0.25	0	1	27516
55.05	0.25	0	1	27525
55.066	0.25	0	1	27533
55.082	0.25	1	2	27541
55.1	0.25	1	2	27550
55.116	0.25	1	2	27558
55.132	0.25	1	2	27566
55.15	0.25	0	1	27575
55.166	0.25	0	1	27583
55.182	0.25	0	1	27591
55.2	0.25	0	1	27600
55.216	0.25	0	1	27608
55.232	0.25	0	1	27616
55.25	0.25	0	1	27625
55.266	0.25	0	1	27633
55.282	0.25	0	1	27641
55.3	0.25	0	1	27650
55.316	0.25	0	1	27658
55.332	0.25	0	1	27666
55.35	0.25	0	1	27675
55.366	0.25	0	1	27683
55.382	0.25	0	1	27691
55.4	0.25	0	1	27700
55.416	0.25	0	1	27708
55.432	0.25	0	1	27716
55.45	0.25	1	2	27725
55.466	0.25	1	2	27733
55.482	0.25	1	2	27741
55.5	0.25	1	2	27750
55.516	0.25	0	1	27758
55.532	0.25	0	1	27766
55.55	0.25	0	1	27775
55.566	0.25	0	1	27783
55.582	0.25	0	1	27791
55.6	0.25	0	1	27800
55.616	0.25	0	1	27808
55.632	0.25	0	1	27816
55.65	0.25	0	1	27825
55.666	0.25	0	1	27833
55.682	0.25	0	1	27841
55.7	0.25	0	1	27850
55.716	0.25	0	1	27858
55.732	0.25	0	1	27866
55.75	0.25	0	1	27875
55.766	0.25	0	1	27883
55.782	0.25	0	1	27891
55.8	0.25	0	1	27900
55.816	0.25	0	1	27908
55.832	0.25	0	1	27916
55.85	0.25	0	1	27925
55.866	0.25	0	1	27933
55.882	0.25	0	1	27941
55.9	0.25	0	1	27950
55.916	0.25	1	2	27958
55.932	0.25	1	2	27966
55.95	0.25	1	2	27975
55.966	0.25	1	2	27983
55.982	0.25	0	1	27991
56.0	0.25	0	1	28000
56.016	0.25	0	1	28008
56.032	0.25	0	1	28016
57.516	0.25	0	1	28758
57.532	0.25	1	2	28766
57.55	0.25	1	2	28775
57.566	0.25	1	2	28783
57.582	0.25	1	2	28791
57.6	0.25	0	1	28800
57.616	0.25	0	1	28808
57.632	0.25	0	1	28816
57.65	0.25	0	1	28825
57.666	0.25	0	1	28833
57.682	0.25	0	1	28841
57.7	0.25	0	1	28850
57.716	0.25	0	1	28858
57.732	0.25	0	1	28866
57.75	0.25	0	1	28875
57.766	0.25	0	1	28883
57.782	0.25	0	1	28891
57.8	0.25	0	1	28900
57.816	0.25	0	1	28908
57.832	0.25	0	1	28916
57.85	0.25	0	1	28925
57.866	0.25	0	1	28933
57.882	0.25	0	1	28941
57.9	0.25	0	1	28950
57.916	0.25	0	1	28958
57.932	0.25	0	1	28966
57.95	0.25	0	1	28975
57.966	0.25	0	1	28983
57.982	0.25	0	1	28991
58.0	0.25	0	1	29000
58.016	0.25	1	2	29008
58.032	0.25	1	2	29016
58.05	0.25	1	2	29025
58.066	0.25	1	2	29033
58.082	0.25	0	1	29041
58.1	0.25	0	1	29050
58.116	0.25	0	1	29058
58.132	0.25	0	1	29066
58.15	0.25	0	1	29075
58.166	0.25	0	1	29083
58.182	0.25	0	1	29091
58.2	0.25	0	1	29100
58.216	0.25	0	1	29108
58.232	0.25	0	1	29116
58.25	0.25	0	1	29125
58.266	0.25	0	1	29133
58.282	0.25	0	1	29141
58.3	0.25	0	1	29150
58.316	0.25	0	1	29158
58.332	0.25	0	1	29166
58.35	0.25	0	1	29175
58.366	0.25	0	1	29183
58.382	0.25	0	1	29191
58.4	0.25	0	1	29200
58.416	0.25	0	1	29208
58.432	0.25	0	1	29216
58.45	0.25	0	1	29225
58.466	0.25	0	1	29233
58.482	0.25	1	2	29241
58.5	0.25	1	2	29250
58.516	0.25	1	2	29258
58.532	0.25	1	2	29266
58.55	0.25	0	1	29275
58.566	0.25	0	1	29283
58.582	0.25	0	1	29291
58.6	0.25	0	1	29300
58.616	0.25	0	1	29308
58.632	0.25	0	1	29316
58.65	0.25	0	1	29325
58.666	0.25	0	1	29333
58.682	0.25	0	1	29341
58.7	0.25	0	1	29350
58.716	0.25	0	1	29358
58.732	0.25	0	1	29366
58.75	0.25	0	1	29375
58.766	0.25	0	1	29383
58.782	0.25	0	1	29391
58.8	0.25	0	1	29400
58.816	0.25	0	1	29408
58.832	0.25	0	1	29416
58.85	0.25	0	1	29425
58.866	0.25	0	1	29433
58.882	0.25	0	1	29441
58.9	0.25	1	2	29450
58.916	0.25	1	2	29458
58.932	0.25	1	2	29466
58.95	0.25	1	2	29475
58.966	0.25	0	1	29483
58.982	0.25	0	1	29491
59.0	0.25	0	1	29500
59.016	0.25	0	1	29508
59.032	0.25	0	1	29516
59.05	0.25	0	1	29525
59.066	0.25	0	1	29533
59.082	0.25	0	1	29541
59.1	0.25	0	1	29550
59.116	0.25	0	1	29558
59.132	0.25	0	1	29566
59.15	0.25	0	1	29575
59.166	0.25	0	1	29583
59.182	0.25	0	1	29591
59.2	0.25	0	1	29600
59.216	0.25	0	1	29608
59.232	0.25	0	1	29616
59.25	0.25	0	1	29625
59.266	0.25	0	1	29633
59.282	0.25	0	1	29641
59.3	0.25	0	1	29650
59.316	0.25	0	1	29658
59.332	0.25	1	2	29666
59.35	0.25	1	2	29675
59.366	0.25	1	2	29683
59.382	0.25	1	2	29691
59.4	0.25	0	1	29700
59.416	0.25	0	1	29708
59.432	0.25	0	1	29716
59.45	0.25	0	1	29725
60.932	0.25	0	1	30466
60.95	0.25	0	1	30475
60.966	0.25	0	1	30483
60.982	0.25	0	1	30491
61.0	0.25	0	1	30500
61.016	0.25	0	1	30508
61.032	0.25	0	1	30516
61.05	0.25	0	1	30525
61.066	0.25	0	1	30533
61.082	0.25	0	1	30541
61.1	0.25	0	1	30550
61.116	0.25	0	1	30558
61.132	0.25	0	1	30566
61.15	0.25	0	1	30575
61.166	0.25	0	1	30583
61.182	0.25	0	1	30591
61.2	0.25	0	1	30600
61.216	0.25	0	1	30608
61.232	0.25	0	1	30616
61.25	0.25	0	1	30625
61.266	0.25	0	1	30633
61.282	0.25	0	1	30641
61.3	0.25	0	1	30650
61.316	0.25	1	2	30658
61.332	0.25	1	2	30666
61.35	0.25	1	2	30675
61.366	0.25	1	2	30683
61.382	0.25	0	1	30691
61.4	0.25	0	1	30700
61.416	0.25	0	1	30708
61.432	0.25	0	1	30716
61.45	0.25	0	1	30725
61.466	0.25	0	1	30733
61.482	0.25	0	1	30741
61.5	0.25	0	1	30750
61.516	0.25	0	1	30758
61.532	0.25	0	1	30766
61.55	0.25	0	1	30775
61.566	0.25	0	1	30783
61.582	0.25	0	1	30791
61.6	0.25	0	1	30800
61.616	0.25	0	1	30808
61.632	0.25	0	1	30816
61.65	0.25	0	1	30825
61.666	0.25	0	1	30833
61.682	0.25	0	1	30841
61.7	0.25	1	2	30850
61.716	0.25	1	2	30858
61.732	0.25	1	2	30866
61.75	0.25	1	2	30875
61.766	0.25	0	1	30883
61.782	0.25	0	1	30891
61.8	0.25	0	1	30900
61.816	0.25	0	1	30908
61.832	0.25	0	1	30916
61.85	0.25	0	1	30925
61.866	0.25	0	1	30933
61.882	0.25	0	1	30941
61.9	0.25	0	1	30950
61.916	0.25	0	1	30958
61.932	0.25	0	1	30966
61.95	0.25	0	1	30975
61.966	0.25	0	1	30983
61.982	0.25	0	1	30991
62.0	0.25	1	2	31000
62.016	0.25	1	2	31008
62.032	0.25	1	2	31016
62.05	0.25	1	2	31025
62.066	0.25	0	1	31033
62.082	0.25	0	1	31041
62.1	0.25	0	1	31050
62.116	0.25	0	1	31058
62.132	0.25	0	1	31066
62.15	0.25	0	1	31075
62.166	0.25	0	1	31083
62.182	0.25	0	1	31091
62.2	0.25	0	1	31100
62.216	0.25	0	1	31108
62.232	0.25	0	1	31116
62.25	0.25	0	1	31125
62.266	0.25	0	1	31133
62.282	0.25	1	2	31141
62.3	0.25	1	2	31150
62.316	0.25	1	2	31158
62.332	0.25	1	2	31166
62.35	0.25	0	1	31175
62.366	0.25	0	1	31183
62.382	0.25	0	1	31191
62.4	0.25	0	1	31200
62.416	0.25	0	1	31208
62.432	0.25	0	1	31216
62.45	0.25	0	1	31225
62.466	0.25	0	1	31233
62.482	0.25	0	1	31241
62.5	0.25	0	1	31250
62.516	0.25	0	1	31258
62.532	0.25	0	1	31266
62.55	0.25	0	1	31275
62.566	0.25	0	1	31283
62.582	0.25	0	1	31291
62.6	0.25	0	1	31300
62.616	0.25	1	2	31308
62.632	0.25	1	2	31316
62.65	0.25	1	2	31325
62.666	0.25	1	2	31333
62.682	0.25	0	1	31341
62.7	0.25	0	1	31350
62.716	0.25	0	1	31358
62.732	0.25	0	1	31366
62.75	0.25	0	1	31375
62.766	0.25	0	1	31383
62.782	0.25	0	1	31391
62.8	0.25	0	1	31400
62.816	0.25	0	1	31408
62.832	0.25	0	1	31416
62.85	0.25	0	1	31425
62.866	0.25	0	1	31433
64.348	0.25	0	1	32174
64.366	0.25	0	1	32183
64.382	0.25	0	1	32191
64.4	0.25	0	1	32200
64.416	0.25	0	1	32208
64.432	0.25	0	1	32216
64.45	0.25	0	1	32225
64.466	0.25	0	1	32233
64.482	0.25	0	1	32241
64.5	0.25	0	1	32250
64.516	0.25	0	1	32258
64.532	0.25	0	1	32266
64.55	0.25	0	1	32275
64.566	0.25	0	1	32283
64.582	0.25	0	1	32291
64.598	0.25	1	2	32299
64.616	0.25	1	2	32308
64.632	0.25	1	2	32316
64.65	0.25	1	2	32325
64.666	0.25	0	1	32333
64.682	0.25	0	1	32341
64.7	0.25	0	1	32350
64.716	0.25	0	1	32358
64.732	0.25	0	1	32366
64.75	0.25	0	1	32375
64.766	0.25	0	1	32383
64.782	0.25	0	1	32391
64.8	0.25	0	1	32400
64.816	0.25	0	1	32408
64.832	0.25	0	1	32416
64.848	0.25	0	1	32424
64.866	0.25	0	1	32433
64.882	0.25	0	1	32441
64.9	0.25	0	1	32450
64.916	0.25	0	1	32458
64.932	0.25	0	1	32466
64.95	0.25	0	1	32475
64.966	0.25	0	1	32483
64.982	0.25	0	1	32491
65.0	0.25	0	1	32500
65.016	0.25	0	1	32508
65.032	0.25	1	2	32516
65.05	0.25	1	2	32525
65.066	0.25	1	2	32533
65.082	0.25	1	2	32541
65.098	0.25	0	1	32549
65.116	0.25	0	1	32558
65.132	0.25	0	1	32566
65.15	0.25	0	1	32575
65.166	0.25	0	1	32583
65.182	0.25	0	1	32591
65.2	0.25	0	1	32600
65.216	0.25	0	1	32608
65.232	0.25	0	1	32616
65.25	0.25	0	1	32625
65.266	0.25	0	1	32633
65.282	0.25	0	1	32641
65.3	0.25	0	1	32650
65.316	0.25	0	1	32658
65.332	0.25	0	1	32666
65.348	0.25	0	1	32674
65.366	0.25	0	1	32683
65.382	0.25	0	1	32691
65.4	0.25	0	1	32700
65.416	0.25	0	1	32708
65.432	0.25	0	1	32716
65.45	0.25	0	1	32725
65.466	0.25	0	1	32733
65.482	0.25	0	1	32741
65.5	0.25	1	2	32750
65.516	0.25	1	2	32758
65.532	0.25	1	2	32766
65.55	0.25	1	2	32775
65.566	0.25	0	1	32783
65.582	0.25	0	1	32791
65.6	0.25	0	1	32800
65.616	0.25	0	1	32808
65.632	0.25	0	1	32816
65.65	0.25	0	1	32825
65.666	0.25	0	1	32833
65.682	0.25	0	1	32841
65.7	0.25	0	1	32850
65.716	0.25	0	1	32858
65.732	0.25	0	1	32866
65.75	0.25	0	1	32875
65.766	0.25	0	1	32883
65.782	0.25	0	1	32891
65.8	0.25	1	2	32900
65.816	0.25	1	2	32908
65.832	0.25	1	2	32916
65.85	0.25	1	2	32925
65.866	0.25	0	1	32933
65.882	0.25	0	1	32941
65.9	0.25	0	1	32950
65.916	0.25	0	1	32958
65.932	0.25	0	1	32966
65.95	0.25	0	1	32975
65.966	0.25	0	1	32983
65.982	0.25	0	1	32991
66.0	0.25	0	1	33000
66.016	0.25	0	1	33008
66.032	0.25	0	1	33016
66.05	0.25	0	1	33025
66.066	0.25	0	1	33033
66.082	0.25	0	1	33041
66.1	0.25	0	1	33050
66.116	0.25	0	1	33058
66.132	0.25	0	1	33066
66.15	0.25	0	1	33075
66.166	0.25	0	1	33083
66.182	0.25	0	1	33091
66.2	0.25	0	1	33100
66.216	0.25	0	1	33108
66.232	0.25	1	2	33116
66.25	0.25	1	2	33125
66.266	0.25	1	2	33133
66.282	0.25	1	2	33141
68.416	0.25	0	1	34208
68.432	0.25	1	2	34216
68.45	0.25	1	2	34225
68.466	0.25	1	2	34233
68.482	0.25	1	2	34241
68.5	0.25	0	1	34250
68.516	0.25	0	1	34258
68.532	0.25	0	1	34266
68.55	0.25	0	1	34275
68.566	0.25	0	1	34283
68.582	0.25	0	1	34291
68.6	0.25	0	1	34300
68.616	0.25	0	1	34308
68.632	0.25	0	1	34316
68.65	0.25	0	1	34325
68.666	0.25	0	1	34333
68.682	0.25	0	1	34341
68.7	0.25	0	1	34350
68.716	0.25	0	1	34358
68.732	0.25	0	1	34366
68.75	0.25	0	1	34375
68.766	0.25	0	1	34383
68.782	0.25	0	1	34391
68.8	0.25	0	1	34400
68.816	0.25	0	1	34408
68.832	0.25	0	1	34416
68.85	0.25	0	1	34425
68.866	0.25	0	1	34433
68.882	0.25	0	1	34441
68.9	0.25	0	1	34450
68.916	0.25	1	2	34458
68.932	0.25	1	2	34466
68.95	0.25	1	2	34475
68.966	0.25	1	2	34483
68.982	0.25	0	1	34491
69.0	0.25	0	1	34500
69.016	0.25	0	1	34508
69.032	0.25	0	1	34516
69.05	0.25	0	1	34525
69.066	0.25	0	1	34533
69.082	0.25	0	1	34541
69.1	0.25	0	1	34550
69.116	0.25	0	1	34558
69.132	0.25	0	1	34566
69.15	0.25	0	1	34575
69.166	0.25	0	1	34583
69.182	0.25	0	1	34591
69.2	0.25	0	1	34600
69.216	0.25	0	1	34608
69.232	0.25	0	1	34616
69.25	0.25	0	1	34625
69.266	0.25	0	1	34633
69.282	0.25	0	1	34641
69.3	0.25	0	1	34650
69.316	0.25	0	1	34658
69.332	0.25	0	1	34666
69.35	0.25	0	1	34675
69.366	0.25	0	1	34683
69.382	0.25	1	2	34691
69.4	0.25	1	2	34700
69.416	0.25	1	2	34708
69.432	0.25	1	2	34716
69.45	0.25	0	1	34725
69.466	0.25	0	1	34733
69.482	0.25	0	1	34741
69.5	0.25	0	1	34750
69.516	0.25	0	1	34758
69.532	0.25	0	1	34766
69.55	0.25	0	1	34775
69.566	0.25	0	1	34783
69.582	0.25	0	1	34791
69.6	0.25	0	1	34800
69.616	0.25	0	1	34808
69.632	0.25	0	1	34816
69.65	0.25	0	1	34825
69.666	0.25	0	1	34833
69.682	0.25	0	1	34841
69.7	0.25	0	1	34850
69.716	0.25	0	1	34858
69.732	0.25	0	1	34866
69.75	0.25	0	1	34875
69.766	0.25	0	1	34883
69.782	0.25	0	1	34891
69.8	0.25	1	2	34900
69.816	0.25	1	2	34908
69.832	0.25	1	2	34916
69.85	0.25	1	2	34925
69.866	0.25	0	1	34933
69.882	0.25	0	1	34941
69.9	0.25	0	1	34950
69.916	0.25	0	1	34958
69.932	0.25	0	1	34966
69.95	0.25	0	1	34975
69.966	0.25	0	1	34983
69.982	0.25	0	1	34991
70.0	0.25	0	1	35000
70.016	0.25	0	1	35008
70.032	0.25	0	1	35016
70.05	0.25	0	1	35025
70.066	0.25	0	1	35033
70.082	0.25	0	1	35041
70.1	0.25	0	1	35050
70.116	0.25	0	1	35058
70.132	0.25	0	1	35066
70.15	0.25	0	1	35075
70.166	0.25	0	1	35083
70.182	0.25	0	1	35091
70.2	0.25	0	1	35100
70.216	0.25	0	1	35108
70.232	0.25	1	2	35116
70.25	0.25	1	2	35125
70.266	0.25	1	2	35133
70.282	0.25	1	2	35141
70.3	0.25	0	1	35150
70.316	0.25	0	1	35158
70.332	0.25	0	1	35166
70.35	0.25	0	1	35175
71.832	0.25	0	1	35916
71.85	0.25	0	1	35925
71.866	0.25	0	1	35933
71.882	0.25	0	1	35941
71.9	0.25	0	1	35950
71.916	0.25	0	1	35958
71.932	0.25	0	1	35966
71.95	0.25	0	1	35975
71.966	0.25	0	1	35983
71.982	0.25	0	1	35991
72.0	0.25	0	1	36000
72.016	0.25	0	1	36008
72.032	0.25	0	1	36016
72.05	0.25	0	1	36025
72.066	0.25	0	1	36033
72.082	0.25	0	1	36041
72.1	0.25	0	1	36050
72.116	0.25	0	1	36058
72.132	0.25	0	1	36066
72.15	0.25	0	1	36075
72.166	0.25	0	1	36083
72.182	0.25	0	1	36091
72.2	0.25	0	1	36100
72.216	0.25	1	2	36108
72.232	0.25	1	2	36116
72.25	0.25	1	2	36125
72.266	0.25	1	2	36133
72.282	0.25	0	1	36141
72.3	0.25	0	1	36150
72.316	0.25	0	1	36158
72.332	0.25	0	1	36166
72.35	0.25	0	1	36175
72.366	0.25	0	1	36183
72.382	0.25	0	1	36191
72.4	0.25	0	1	36200
72.416	0.25	0	1	36208
72.432	0.25	0	1	36216
72.45	0.25	0	1	36225
72.466	0.25	0	1	36233
72.482	0.25	0	1	36241
72.5	0.25	0	1	36250
72.516	0.25	0	1	36258
72.532	0.25	0	1	36266
72.55	0.25	0	1	36275
72.566	0.25	0	1	36283
72.582	0.25	0	1	36291
72.6	0.25	1	2	36300
72.616	0.25	1	2	36308
72.632	0.25	1	2	36316
72.65	0.25	1	2	36325
72.666	0.25	0	1	36333
72.682	0.25	0	1	36341
72.7	0.25	0	1	36350
72.716	0.25	0	1	36358
72.732	0.25	0	1	36366
72.75	0.25	0	1	36375
72.766	0.25	0	1	36383
72.782	0.25	0	1	36391
72.8	0.25	0	1	36400
72.816	0.25	0	1	36408
72.832	0.25	0	1	36416
72.85	0.25	0	1	36425
72.866	0.25	0	1	36433
72.882	0.25	0	1	36441
72.9	0.25	1	2	36450
72.916	0.25	1	2	36458
72.932	0.25	1	2	36466
72.95	0.25	1	2	36475
72.966	0.25	0	1	36483
72.982	0.25	0	1	36491
73.0	0.25	0	1	36500
73.016	0.25	0	1	36508
73.032	0.25	0	1	36516
73.05	0.25	0	1	36525
73.066	0.25	0	1	36533
73.082	0.25	0	1	36541
73.1	0.25	0	1	36550
73.116	0.25	0	1	36558
73.132	0.25	0	1	36566
73.15	0.25	0	1	36575
73.166	0.25	0	1	36583
73.182	0.25	1	2	36591
73.2	0.25	1	2	36600
73.216	0.25	1	2	36608
73.232	0.25	1	2	36616
73.25	0.25	0	1	36625
73.266	0.25	0	1	36633
73.282	0.25	0	1	36641
73.3	0.25	0	1	36650
73.316	0.25	0	1	36658
73.332	0.25	0	1	36666
73.35	0.25	0	1	36675
73.366	0.25	0	1	36683
73.382	0.25	0	1	36691
73.4	0.25	0	1	36700
73.416	0.25	0	1	36708
73.432	0.25	0	1	36716
73.45	0.25	0	1	36725
73.466	0.25	0	1	36733
73.482	0.25	0	1	36741
73.5	0.25	0	1	36750
73.516	0.25	1	2	36758
73.532	0.25	1	2	36766
73.55	0.25	1	2	36775
73.566	0.25	1	2	36783
73.582	0.25	0	1	36791
73.6	0.25	0	1	36800
73.616	0.25	0	1	36808
73.632	0.25	0	1	36816
73.65	0.25	0	1	36825
73.666	0.25	0	1	36833
73.682	0.25	0	1	36841
73.7	0.25	0	1	36850
73.716	0.25	0	1	36858
73.732	0.25	0	1	36866
73.75	0.25	0	1	36875
73.766	0.25	0	1	36883
75.25	0.25	0	1	37625
75.266	0.25	0	1	37633
75.282	0.25	0	1	37641
75.3	0.25	0	1	37650
75.316	0.25	0	1	37658
75.332	0.25	0	1	37666
75.35	0.25	0	1	37675
75.366	0.25	0	1	37683
75.382	0.25	0	1	37691
75.4	0.25	0	1	37700
75.416	0.25	0	1	37708
75.432	0.25	0	1	37716
75.45	0.25	0	1	37725
75.466	0.25	0	1	37733
75.482	0.25	0	1	37741
75.5	0.25	0	1	37750
75.516	0.25	0	1	37758
75.532	0.25	0	1	37766
75.55	0.25	1	2	37775
75.566	0.25	1	2	37783
75.582	0.25	1	2	37791
75.6	0.25	1	2	37800
75.616	0.25	0	1	37808
75.632	0.25	0	1	37816
75.65	0.25	0	1	37825
75.666	0.25	0	1	37833
75.682	0.25	0	1	37841
75.7	0.25	0	1	37850
75.716	0.25	0	1	37858
75.732	0.25	0	1	37866
75.75	0.25	0	1	37875
75.766	0.25	0	1	37883
75.782	0.25	0	1	37891
75.8	0.25	0	1	37900
75.816	0.25	0	1	37908
75.832	0.25	0	1	37916
75.85	0.25	0	1	37925
75.866	0.25	0	1	37933
75.882	0.25	0	1	37941
75.9	0.25	0	1	37950
75.916	0.25	0	1	37958
75.932	0.25	0	1	37966
75.95	0.25	1	2	37975
75.966	0.25	1	2	37983
75.982	0.25	1	2	37991
76.0	0.25	1	2	38000
76.016	0.25	0	1	38008
76.032	0.25	0	1	38016
76.05	0.25	0	1	38025
76.066	0.25	0	1	38033
76.082	0.25	0	1	38041
76.1	0.25	0	1	38050
76.116	0.25	0	1	38058
76.132	0.25	0	1	38066
76.15	0.25	0	1	38075
76.166	0.25	0	1	38083
76.182	0.25	0	1	38091
76.2	0.25	0	1	38100
76.216	0.25	0	1	38108
76.232	0.25	1	2	38116
76.25	0.25	1	2	38125
76.266	0.25	1	2	38133
76.282	0.25	1	2	38141
76.3	0.25	0	1	38150
76.316	0.25	0	1	38158
76.332	0.25	0	1	38166
76.35	0.25	0	1	38175
76.366	0.25	0	1	38183
76.382	0.25	0	1	38191
76.4	0.25	0	1	38200
76.416	0.25	0	1	38208
76.432	0.25	0	1	38216
76.45	0.25	0	1	38225
76.466	0.25	0	1	38233
76.482	0.25	0	1	38241
76.5	0.25	0	1	38250
76.516	0.25	0	1	38258
76.532	0.25	0	1	38266
76.55	0.25	0	1	38275
76.566	0.25	0	1	38283
76.582	0.25	0	1	38291
76.6	0.25	1	2	38300
76.616	0.25	1	2	38308
76.632	0.25	1	2	38316
76.65	0.25	1	2	38325
76.666	0.25	0	1	38333
76.682	0.25	0	1	38341
76.7	0.25	0	1	38350
76.716	0.25	0	1	38358
76.732	0.25	0	1	38366
76.75	0.25	0	1	38375
76.766	0.25	0	1	38383
76.782	0.25	0	1	38391
76.8	0.25	0	1	38400
76.816	0.25	0	1	38408
76.832	0.25	0	1	38416
76.85	0.25	0	1	38425
76.866	0.25	0	1	38433
76.882	0.25	0	1	38441
76.9	0.25	0	1	38450
76.916	0.25	0	1	38458
76.932	0.25	0	1	38466
76.95	0.25	0	1	38475
76.966	0.25	0	1	38483
76.982	0.25	0	1	38491
77.0	0.25	0	1	38500
77.016	0.25	0	1	38508
77.032	0.25	0	1	38516
77.05	0.25	0	1	38525
77.066	0.25	1	2	38533
77.082	0.25	1	2	38541
77.1	0.25	1	2	38550
77.116	0.25	1	2	38558
77.132	0.25	0	1	38566
77.15	0.25	0	1	38575
77.166	0.25	0	1	38583
77.182	0.25	0	1	38591
78.666	0.25	0	1	39333
78.682	0.25	0	1	39341
78.7	0.25	0	1	39350
78.716	0.25	0	1	39358
78.732	0.25	0	1	39366
78.75	0.25	0	1	39375
78.766	0.25	0	1	39383
78.782	0.25	0	1	39391
78.8	0.25	0	1	39400
78.816	0.25	0	1	39408
78.832	0.25	0	1	39416
78.85	0.25	0	1	39425
78.866	0.25	0	1	39433
78.882	0.25	0	1	39441
78.9	0.25	0	1	39450
78.916	0.25	1	2	39458
78.932	0.25	1	2	39466
78.95	0.25	1	2	39475
78.966	0.25	1	2	39483
78.982	0.25	0	1	39491
79.0	0.25	0	1	39500
79.016	0.25	0	1	39508
79.032	0.25	0	1	39516
79.05	0.25	0	1	39525
79.066	0.25	0	1	39533
79.082	0.25	0	1	39541
79.1	0.25	0	1	39550
79.116	0.25	0	1	39558
79.132	0.25	0	1	39566
79.15	0.25	0	1	39575
79.166	0.25	0	1	39583
79.182	0.25	0	1	39591
79.2	0.25	0	1	39600
79.216	0.25	0	1	39608
79.232	0.25	0	1	39616
79.25	0.25	0	1	39625
79.266	0.25	0	1	39633
79.282	0.25	0	1	39641
79.3	0.25	0	1	39650
79.316	0.25	0	1	39658
79.332	0.25	0	1	39666
79.35	0.25	1	2	39675
79.366	0.25	1	2	39683
79.382	0.25	1	2	39691
79.4	0.25	1	2	39700
79.416	0.25	0	1	39708
79.432	0.25	0	1	39716
79.45	0.25	0	1	39725
79.466	0.25	0	1	39733
79.482	0.25	0	1	39741
79.5	0.25	0	1	39750
79.516	0.25	0	1	39758
79.532	0.25	0	1	39766
79.55	0.25	0	1	39775
79.566	0.25	0	1	39783
79.582	0.25	0	1	39791
79.6	0.25	0	1	39800
79.616	0.25	0	1	39808
79.632	0.25	0	1	39816
79.65	0.25	0	1	39825
79.666	0.25	0	1	39833
79.682	0.25	0	1	39841
79.7	0.25	0	1	39850
79.716	0.25	0	1	39858
79.732	0.25	0	1	39866
79.75	0.25	0	1	39875
79.766	0.25	0	1	39883
79.782	0.25	0	1	39891
79.8	0.25	0	1	39900
79.816	0.25	1	2	39908
79.832	0.25	1	2	39916
79.85	0.25	1	2	39925
79.866	0.25	1	2	39933
79.882	0.25	0	1	39941
79.9	0.25	0	1	39950
79.916	0.25	0	1	39958
79.932	0.25	0	1	39966
79.95	0.25	0	1	39975
79.966	0.25	0	1	39983
79.982	0.25	0	1	39991
80.0	0.25	0	1	40000
80.016	0.25	0	1	40008
80.032	0.25	0	1	40016
80.05	0.25	0	1	40025
80.066	0.25	0	1	40033
80.082	0.25	0	1	40041
80.1	0.25	0	1	40050
80.116	0.25	1	2	40058
80.132	0.25	1	2	40066
80.15	0.25	1	2	40075
80.166	0.25	1	2	40083
80.182	0.25	0	1	40091
80.2	0.25	0	1	40100
80.216	0.25	0	1	40108
80.232	0.25	0	1	40116
80.25	0.25	0	1	40125
80.266	0.25	0	1	40133
80.282	0.25	0	1	40141
80.3	0.25	0	1	40150
80.316	0.25	0	1	40158
80.332	0.25	0	1	40166
80.35	0.25	0	1	40175
80.366	0.25	0	1	40183
80.382	0.25	0	1	40191
80.4	0.25	0	1	40200
80.416	0.25	0	1	40208
80.432	0.25	0	1	40216
80.45	0.25	0	1	40225
80.466	0.25	0	1	40233
80.482	0.25	0	1	40241
80.5	0.25	0	1	40250
80.516	0.25	0	1	40258
80.532	0.25	0	1	40266
80.55	0.25	1	2	40275
80.566	0.25	1	2	40283
80.582	0.25	1	2	40291
80.6	0.25	1	2	40300
82.75	0.25	0	1	41375
82.766	0.25	1	2	41383
82.782	0.25	1	2	41391
82.8	0.25	1	2	41400
82.816	0.25	1	2	41408
82.832	0.25	0	1	41416
82.85	0.25	0	1	41425
82.866	0.25	0	1	41433
82.882	0.25	0	1	41441
82.9	0.25	0	1	41450
82.916	0.25	0	1	41458
82.932	0.25	0	1	41466
82.95	0.25	0	1	41475
82.966	0.25	0	1	41483
82.982	0.25	0	1	41491
83.0	0.25	0	1	41500
83.016	0.25	0	1	41508
83.032	0.25	0	1	41516
83.05	0.25	0	1	41525
83.066	0.25	0	1	41533
83.082	0.25	0	1	41541
83.1	0.25	0	1	41550
83.116	0.25	0	1	41558
83.132	0.25	0	1	41566
83.15	0.25	0	1	41575
83.166	0.25	0	1	41583
83.182	0.25	0	1	41591
83.2	0.25	0	1	41600
83.216	0.25	0	1	41608
83.232	0.25	0	1	41616
83.25	0.25	1	2	41625
83.266	0.25	1	2	41633
83.282	0.25	1	2	41641
83.3	0.25	1	2	41650
83.316	0.25	0	1	41658
83.332	0.25	0	1	41666
83.35	0.25	0	1	41675
83.366	0.25	0	1	41683
83.382	0.25	0	1	41691
83.4	0.25	0	1	41700
83.416	0.25	0	1	41708
83.432	0.25	0	1	41716
83.45	0.25	0	1	41725
83.466	0.25	0	1	41733
83.482	0.25	0	1	41741
83.5	0.25	0	1	41750
83.516	0.25	0	1	41758
83.532	0.25	0	1	41766
83.55	0.25	0	1	41775
83.566	0.25	0	1	41783
83.582	0.25	0	1	41791
83.6	0.25	0	1	41800
83.616	0.25	0	1	41808
83.632	0.25	0	1	41816
83.65	0.25	0	1	41825
83.666	0.25	0	1	41833
83.682	0.25	0	1	41841
83.7	0.25	0	1	41850
83.716	0.25	1	2	41858
83.732	0.25	1	2	41866
83.75	0.25	1	2	41875
83.766	0.25	1	2	41883
83.782	0.25	0	1	41891
83.8	0.25	0	1	41900
83.816	0.25	0	1	41908
83.832	0.25	0	1	41916
83.85	0.25	0	1	41925
83.866	0.25	0	1	41933
83.882	0.25	0	1	41941
83.9	0.25	0	1	41950
83.916	0.25	0	1	41958
83.932	0.25	0	1	41966
83.95	0.25	0	1	41975
83.966	0.25	0	1	41983
83.982	0.25	0	1	41991
84.0	0.25	0	1	42000
84.016	0.25	0	1	42008
84.032	0.25	0	1	42016
84.05	0.25	0	1	42025
84.066	0.25	0	1	42033
84.082	0.25	0	1	42041
84.1	0.25	0	1	42050
84.116	0.25	0	1	42058
84.132	0.25	1	2	42066
84.15	0.25	1	2	42075
84.166	0.25	1	2	42083
84.182	0.25	1	2	42091
84.2	0.25	0	1	42100
84.216	0.25	0	1	42108
84.232	0.25	0	1	42116
84.25	0.25	0	1	42125
84.266	0.25	0	1	42133
84.282	0.25	0	1	42141
84.3	0.25	0	1	42150
84.316	0.25	0	1	42158
84.332	0.25	0	1	42166
84.35	0.25	0	1	42175
84.366	0.25	0	1	42183
84.382	0.25	0	1	42191
84.4	0.25	0	1	42200
84.416	0.25	0	1	42208
84.432	0.25	0	1	42216
84.45	0.25	0	1	42225
84.466	0.25	0	1	42233
84.482	0.25	0	1	42241
84.5	0.25	0	1	42250
84.516	0.25	0	1	42258
84.532	0.25	0	1	42266
84.55	0.25	0	1	42275
84.566	0.25	1	2	42283
84.582	0.25	1	2	42291
84.6	0.25	1	2	42300
84.616	0.25	1	2	42308
84.632	0.25	0	1	42316
84.65	0.25	0	1	42325
84.666	0.25	0	1	42333
84.682	0.25	0	1	42341
86.166	0.25	0	1	43083
86.182	0.25	0	1	43091
86.2	0.25	0	1	43100
86.216	0.25	0	1	43108
86.232	0.25	0	1	43116
86.25	0.25	0	1	43125
86.266	0.25	0	1	43133
86.282	0.25	0	1	43141
86.3	0.25	0	1	43150
86.316	0.25	0	1	43158
86.332	0.25	0	1	43166
86.35	0.25	0	1	43175
86.366	0.25	0	1	43183
86.382	0.25	0	1	43191
86.4	0.25	0	1	43200
86.416	0.25	0	1	43208
86.432	0.25	0	1	43216
86.45	0.25	0	1	43225
86.466	0.25	0	1	43233
86.482	0.25	0	1	43241
86.5	0.25	0	1	43250
86.516	0.25	0	1	43258
86.532	0.25	0	1	43266
86.55	0.25	1	2	43275
86.566	0.25	1	2	43283
86.582	0.25	1	2	43291
86.6	0.25	1	2	43300
86.616	0.25	0	1	43308
86.632	0.25	0	1	43316
86.65	0.25	0	1	43325
86.666	0.25	0	1	43333
86.682	0.25	0	1	43341
86.7	0.25	0	1	43350
86.716	0.25	0	1	43358
86.732	0.25	0	1	43366
86.75	0.25	0	1	43375
86.766	0.25	0	1	43383
86.782	0.25	0	1	43391
86.8	0.25	0	1	43400
86.816	0.25	0	1	43408
86.832	0.25	0	1	43416
86.85	0.25	0	1	43425
86.866	0.25	0	1	43433
86.882	0.25	0	1	43441
86.9	0.25	0	1	43450
86.916	0.25	0	1	43458
86.932	0.25	1	2	43466
86.95	0.25	1	2	43475
86.966	0.25	1	2	43483
86.982	0.25	1	2	43491
87.0	0.25	0	1	43500
87.016	0.25	0	1	43508
87.032	0.25	0	1	43516
87.05	0.25	0	1	43525
87.066	0.25	0	1	43533
87.082	0.25	0	1	43541
87.1	0.25	0	1	43550
87.116	0.25	0	1	43558
87.132	0.25	0	1	43566
87.15	0.25	0	1	43575
87.166	0.25	0	1	43583
87.182	0.25	0	1	43591
87.2	0.25	0	1	43600
87.216	0.25	0	1	43608
87.232	0.25	1	2	43616
87.25	0.25	1	2	43625
87.266	0.25	1	2	43633
87.282	0.25	1	2	43641
87.3	0.25	0	1	43650
87.316	0.25	0	1	43658
87.332	0.25	0	1	43666
87.35	0.25	0	1	43675
87.366	0.25	0	1	43683
87.382	0.25	0	1	43691
87.4	0.25	0	1	43700
87.416	0.25	0	1	43708
87.432	0.25	0	1	43716
87.45	0.25	0	1	43725
87.466	0.25	0	1	43733
87.482	0.25	0	1	43741
87.5	0.25	0	1	43750
87.516	0.25	1	2	43758
87.532	0.25	1	2	43766
87.55	0.25	1	2	43775
87.566	0.25	1	2	43783
87.582	0.25	0	1	43791
87.6	0.25	0	1	43800
87.616	0.25	0	1	43808
87.632	0.25	0	1	43816
87.65	0.25	0	1	43825
87.666	0.25	0	1	43833
87.682	0.25	0	1	43841
87.7	0.25	0	1	43850
87.716	0.25	0	1	43858
87.732	0.25	0	1	43866
87.75	0.25	0	1	43875
87.766	0.25	0	1	43883
87.782	0.25	0	1	43891
87.8	0.25	0	1	43900
87.816	0.25	0	1	43908
87.832	0.25	0	1	43916
87.85	0.25	1	2	43925
87.866	0.25	1	2	43933
87.882	0.25	1	2	43941
87.9	0.25	1	2	43950
87.916	0.25	0	1	43958
87.932	0.25	0	1	43966
87.95	0.25	0	1	43975
87.966	0.25	0	1	43983
87.982	0.25	0	1	43991
88.0	0.25	0	1	44000
88.016	0.25	0	1	44008
88.032	0.25	0	1	44016
88.05	0.25	0	1	44025
88.066	0.25	0	1	44033
88.082	0.25	0	1	44041
88.1	0.25	0	1	44050
89.582	0.25	0	1	44791
89.6	0.25	0	1	44800
89.616	0.25	0	1	44808
89.632	0.25	0	1	44816
89.65	0.25	0	1	44825
89.666	0.25	0	1	44833
89.682	0.25	0	1	44841
89.7	0.25	0	1	44850
89.716	0.25	0	1	44858
89.732	0.25	0	1	44866
89.75	0.25	0	1	44875
89.766	0.25	0	1	44883
89.782	0.25	0	1	44891
89.8	0.25	0	1	44900
89.816	0.25	0	1	44908
89.832	0.25	0	1	44916
89.85	0.25	0	1	44925
89.866	0.25	0	1	44933
89.882	0.25	1	2	44941
89.9	0.25	1	2	44950
89.916	0.25	1	2	44958
89.932	0.25	1	2	44966
89.95	0.25	0	1	44975
89.966	0.25	0	1	44983
89.982	0.25	0	1	44991
90.0	0.25	0	1	45000
90.016	0.25	0	1	45008
90.032	0.25	0	1	45016
90.05	0.25	0	1	45025
90.066	0.25	0	1	45033
90.082	0.25	0	1	45041
90.1	0.25	0	1	45050
90.116	0.25	0	1	45058
90.132	0.25	0	1	45066
90.15	0.25	0	1	45075
90.166	0.25	0	1	45083
90.182	0.25	0	1	45091
90.2	0.25	0	1	45100
90.216	0.25	0	1	45108
90.232	0.25	0	1	45116
90.25	0.25	0	1	45125
90.266	0.25	0	1	45133
90.282	0.25	1	2	45141
90.3	0.25	1	2	45150
90.316	0.25	1	2	45158
90.332	0.25	1	2	45166
90.35	0.25	0	1	45175
90.366	0.25	0	1	45183
90.382	0.25	0	1	45191
90.4	0.25	0	1	45200
90.416	0.25	0	1	45208
90.432	0.25	0	1	45216
90.45	0.25	0	1	45225
90.466	0.25	0	1	45233
90.482	0.25	0	1	45241
90.5	0.25	0	1	45250
90.516	0.25	0	1	45258
90.532	0.25	0	1	45266
90.55	0.25	0	1	45275
90.566	0.25	1	2	45283
90.582	0.25	1	2	45291
90.6	0.25	1	2	45300
90.616	0.25	1	2	45308
90.632	0.25	0	1	45316
90.65	0.25	0	1	45325
90.666	0.25	0	1	45333
90.682	0.25	0	1	45341
90.7	0.25	0	1	45350
90.716	0.25	0	1	45358
90.732	0.25	0	1	45366
90.75	0.25	0	1	45375
90.766	0.25	0	1	45383
90.782	0.25	0	1	45391
90.8	0.25	0	1	45400
90.816	0.25	0	1	45408
90.832	0.25	0	1	45416
90.85	0.25	0	1	45425
90.866	0.25	0	1	45433
90.882	0.25	0	1	45441
90.9	0.25	0	1	45450
90.916	0.25	0	1	45458
90.932	0.25	1	2	45466
90.95	0.25	1	2	45475
90.966	0.25	1	2	45483
90.982	0.25	1	2	45491
91.0	0.25	0	1	45500
91.016	0.25	0	1	45508
91.032	0.25	0	1	45516
91.05	0.25	0	1	45525
91.066	0.25	0	1	45533
91.082	0.25	0	1	45541
91.1	0.25	0	1	45550
91.116	0.25	0	1	45558
91.132	0.25	0	1	45566
91.15	0.25	0	1	45575
91.166	0.25	0	1	45583
91.182	0.25	0	1	45591
91.2	0.25	0	1	45600
91.216	0.25	0	1	45608
91.232	0.25	0	1	45616
91.25	0.25	0	1	45625
91.266	0.25	0	1	45633
91.282	0.25	0	1	45641
91.3	0.25	0	1	45650
91.316	0.25	0	1	45658
91.332	0.25	0	1	45666
91.35	0.25	0	1	45675
91.366	0.25	0	1	45683
91.382	0.25	0	1	45691
91.4	0.25	1	2	45700
91.416	0.25	1	2	45708
91.432	0.25	1	2	45716
91.45	0.25	1	2	45725
91.466	0.25	0	1	45733
91.482	0.25	0	1	45741
91.5	0.25	0	1	45750
91.516	0.25	0	1	45758
93.0	0.25	0	1	46500
93.016	0.25	0	1	46508
93.032	0.25	0	1	46516
93.05	0.25	0	1	46525
93.066	0.25	0	1	46533
93.082	0.25	0	1	46541
93.1	0.25	0	1	46550
93.116	0.25	0	1	46558
93.132	0.25	0	1	46566
93.15	0.25	0	1	46575
93.166	0.25	0	1	46583
93.182	0.25	0	1	46591
93.2	0.25	0	1	46600
93.216	0.25	0	1	46608
93.232	0.25	0	1	46616
93.25	0.25	1	2	46625
93.266	0.25	1	2	46633
93.282	0.25	1	2	46641
93.3	0.25	1	2	46650
93.316	0.25	0	1	46658
93.332	0.25	0	1	46666
93.35	0.25	0	1	46675
93.366	0.25	0	1	46683
93.382	0.25	0	1	46691
93.4	0.25	0	1	46700
93.416	0.25	0	1	46708
93.432	0.25	0	1	46716
93.45	0.25	0	1	46725
93.466	0.25	0	1	46733
93.482	0.25	0	1	46741
93.5	0.25	0	1	46750
93.516	0.25	0	1	46758
93.532	0.25	0	1	46766
93.55	0.25	0	1	46775
93.566	0.25	0	1	46783
93.582	0.25	0	1	46791
93.6	0.25	0	1	46800
93.616	0.25	0	1	46808
93.632	0.25	0	1	46816
93.65	0.25	0	1	46825
93.666	0.25	0	1	46833
93.682	0.25	1	2	46841
93.7	0.25	1	2	46850
93.716	0.25	1	2	46858
93.732	0.25	1	2	46866
93.75	0.25	0	1	46875
93.766	0.25	0	1	46883
93.782	0.25	0	1	46891
93.8	0.25	0	1	46900
93.816	0.25	0	1	46908
93.832	0.25	0	1	46916
93.85	0.25	0	1	46925
93.866	0.25	0	1	46933
93.882	0.25	0	1	46941
93.9	0.25	0	1	46950
93.916	0.25	0	1	46958
93.932	0.25	0	1	46966
93.95	0.25	0	1	46975
93.966	0.25	0	1	46983
93.982	0.25	0	1	46991
94.0	0.25	0	1	47000
94.016	0.25	0	1	47008
94.032	0.25	0	1	47016
94.05	0.25	0	1	47025
94.066	0.25	0	1	47033
94.082	0.25	0	1	47041
94.1	0.25	0	1	47050
94.116	0.25	0	1	47058
94.132	0.25	0	1	47066
94.15	0.25	1	2	47075
94.166	0.25	1	2	47083
94.182	0.25	1	2	47091
94.2	0.25	1	2	47100
94.216	0.25	0	1	47108
94.232	0.25	0	1	47116
94.25	0.25	0	1	47125
94.266	0.25	0	1	47133
94.282	0.25	0	1	47141
94.3	0.25	0	1	47150
94.316	0.25	0	1	47158
94.332	0.25	0	1	47166
94.35	0.25	0	1	47175
94.366	0.25	0	1	47183
94.382	0.25	0	1	47191
94.4	0.25	0	1	47200
94.416	0.25	0	1	47208
94.432	0.25	0	1	47216
94.45	0.25	1	2	47225
94.466	0.25	1	2	47233
94.482	0.25	1	2	47241
94.5	0.25	1	2	47250
94.516	0.25	0	1	47258
94.532	0.25	0	1	47266
94.55	0.25	0	1	47275
94.566	0.25	0	1	47283
94.582	0.25	0	1	47291
94.6	0.25	0	1	47300
94.616	0.25	0	1	47308
94.632	0.25	0	1	47316
94.65	0.25	0	1	47325
94.666	0.25	0	1	47333
94.682	0.25	0	1	47341
94.7	0.25	0	1	47350
94.716	0.25	0	1	47358
94.732	0.25	0	1	47366
94.75	0.25	0	1	47375
94.766	0.25	0	1	47383
94.782	0.25	0	1	47391
94.8	0.25	0	1	47400
94.816	0.25	0	1	47408
94.832	0.25	0	1	47416
94.85	0.25	0	1	47425
94.866	0.25	0	1	47433
94.882	0.25	1	2	47441
94.9	0.25	1	2	47450
94.916	0.25	1	2	47458
94.932	0.25	1	2	47466
97.666	0.25	0	1	48833
97.682	0.25	1	2	48841
97.7	0.25	1	2	48850
97.716	0.25	1	2	48858
97.732	0.25	1	2	48866
97.75	0.25	0	1	48875
97.766	0.25	0	1	48883
97.782	0.25	0	1	48891
97.8	0.25	0	1	48900
97.816	0.25	0	1	48908
97.832	0.25	0	1	48916
97.85	0.25	0	1	48925
97.866	0.25	0	1	48933
97.882	0.25	0	1	48941
97.9	0.25	0	1	48950
97.916	0.25	0	1	48958
97.932	0.25	0	1	48966
97.95	0.25	0	1	48975
97.966	0.25	0	1	48983
97.982	0.25	0	1	48991
98.0	0.25	0	1	49000
98.016	0.25	0	1	49008
98.032	0.25	0	1	49016
98.05	0.25	0	1	49025
98.066	0.25	0	1	49033
98.082	0.25	0	1	49041
98.1	0.25	0	1	49050
98.116	0.25	0	1	49058
98.132	0.25	0	1	49066
98.15	0.25	0	1	49075
98.166	0.25	1	2	49083
98.182	0.25	1	2	49091
98.2	0.25	1	2	49100
98.216	0.25	1	2	49108
98.232	0.25	0	1	49116
98.25	0.25	0	1	49125
98.266	0.25	0	1	49133
98.282	0.25	0	1	49141
98.3	0.25	0	1	49150
98.316	0.25	0	1	49158
98.332	0.25	0	1	49166
98.35	0.25	0	1	49175
98.366	0.25	0	1	49183
98.382	0.25	0	1	49191
98.4	0.25	0	1	49200
98.416	0.25	0	1	49208
98.432	0.25	0	1	49216
98.45	0.25	0	1	49225
98.466	0.25	0	1	49233
98.482	0.25	0	1	49241
98.5	0.25	0	1	49250
98.516	0.25	0	1	49258
98.532	0.25	0	1	49266
98.55	0.25	0	1	49275
98.566	0.25	0	1	49283
98.582	0.25	0	1	49291
98.6	0.25	0	1	49300
98.616	0.25	0	1	49308
98.632	0.25	1	2	49316
98.65	0.25	1	2	49325
98.666	0.25	1	2	49333
98.682	0.25	1	2	49341
98.7	0.25	0	1	49350
98.716	0.25	0	1	49358
98.732	0.25	0	1	49366
98.75	0.25	0	1	49375
98.766	0.25	0	1	49383
98.782	0.25	0	1	49391
98.8	0.25	0	1	49400
98.816	0.25	0	1	49408
98.832	0.25	0	1	49416
98.85	0.25	0	1	49425
98.866	0.25	0	1	49433
98.882	0.25	0	1	49441
98.9	0.25	0	1	49450
98.916	0.25	0	1	49458
98.932	0.25	0	1	49466
98.95	0.25	0	1	49475
98.966	0.25	0	1	49483
98.982	0.25	0	1	49491
99.0	0.25	0	1	49500
99.016	0.25	0	1	49508
99.032	0.25	0	1	49516
99.05	0.25	1	2	49525
99.066	0.25	1	2	49533
99.082	0.25	1	2	49541
99.1	0.25	1	2	49550
99.116	0.25	0	1	49558
99.132	0.25	0	1	49566
99.15	0.25	0	1	49575
99.166	0.25	0	1	49583
99.182	0.25	0	1	49591
99.2	0.25	0	1	49600
99.216	0.25	0	1	49608
99.232	0.25	0	1	49616
99.25	0.25	0	1	49625
99.266	0.25	0	1	49633
99.282	0.25	0	1	49641
99.3	0.25	0	1	49650
99.316	0.25	0	1	49658
99.332	0.25	0	1	49666
99.35	0.25	0	1	49675
99.366	0.25	0	1	49683
99.382	0.25	0	1	49691
99.4	0.25	0	1	49700
99.416	0.25	0	1	49708
99.432	0.25	0	1	49716
99.45	0.25	0	1	49725
99.466	0.25	0	1	49733
99.482	0.25	1	2	49741
99.5	0.25	1	2	49750
99.516	0.25	1	2	49758
99.532	0.25	1	2	49766
99.55	0.25	0	1	49775
99.566	0.25	0	1	49783
99.582	0.25	0	1	49791
99.6	0.25	0	1	49800
101.082	0.25	0	1	50541
101.1	0.25	0	1	50550
101.116	0.25	0	1	50558
101.132	0.25	0	1	50566
101.15	0.25	0	1	50575
101.166	0.25	0	1	50583
101.182	0.25	0	1	50591
101.2	0.25	0	1	50600
101.216	0.25	0	1	50608
101.232	0.25	0	1	50616
101.25	0.25	0	1	50625
101.266	0.25	0	1	50633
101.282	0.25	0	1	50641
101.3	0.25	0	1	50650
101.316	0.25	0	1	50658
101.332	0.25	0	1	50666
101.35	0.25	0	1	50675
101.366	0.25	0	1	50683
101.382	0.25	0	1	50691
101.4	0.25	0	1	50700
101.416	0.25	0	1	50708
101.432	0.25	0	1	50716
101.45	0.25	0	1	50725
101.466	0.25	1	2	50733
101.482	0.25	1	2	50741
101.5	0.25	1	2	50750
101.516	0.25	1	2	50758
101.532	0.25	0	1	50766
101.55	0.25	0	1	50775
101.566	0.25	0	1	50783
101.582	0.25	0	1	50791
101.6	0.25	0	1	50800
101.616	0.25	0	1	50808
101.632	0.25	0	1	50816
101.65	0.25	0	1	50825
101.666	0.25	0	1	50833
101.682	0.25	0	1	50841
101.7	0.25	0	1	50850
101.716	0.25	0	1	50858
101.732	0.25	0	1	50866
101.75	0.25	0	1	50875
101.766	0.25	0	1	50883
101.782	0.25	0	1	50891
101.8	0.25	0	1	50900
101.816	0.25	0	1	50908
101.832	0.25	0	1	50916
101.85	0.25	1	2	50925
101.866	0.25	1	2	50933
101.882	0.25	1	2	50941
101.9	0.25	1	2	50950
101.916	0.25	0	1	50958
101.932	0.25	0	1	50966
101.95	0.25	0	1	50975
101.966	0.25	0	1	50983
101.982	0.25	0	1	50991
102.0	0.25	0	1	51000
102.016	0.25	0	1	51008
102.032	0.25	0	1	51016
102.05	0.25	0	1	51025
102.066	0.25	0	1	51033
102.082	0.25	0	1	51041
102.1	0.25	0	1	51050
102.116	0.25	0	1	51058
102.132	0.25	0	1	51066
102.15	0.25	1	2	51075
102.166	0.25	1	2	51083
102.182	0.25	1	2	51091
102.2	0.25	1	2	51100
102.216	0.25	0	1	51108
102.232	0.25	0	1	51116
102.25	0.25	0	1	51125
102.266	0.25	0	1	51133
102.282	0.25	0	1	51141
102.3	0.25	0	1	51150
102.316	0.25	0	1	51158
102.332	0.25	0	1	51166
102.35	0.25	0	1	51175
102.366	0.25	0	1	51183
102.382	0.25	0	1	51191
102.4	0.25	0	1	51200
102.416	0.25	0	1	51208
102.432	0.25	1	2	51216
102.45	0.25	1	2	51225
102.466	0.25	1	2	51233
102.482	0.25	1	2	51241
102.5	0.25	0	1	51250
102.516	0.25	0	1	51258
102.532	0.25	0	1	51266
102.55	0.25	0	1	51275
102.566	0.25	0	1	51283
102.582	0.25	0	1	51291
102.6	0.25	0	1	51300
102.616	0.25	0	1	51308
102.632	0.25	0	1	51316
102.65	0.25	0	1	51325
102.666	0.25	0	1	51333
102.682	0.25	0	1	51341
102.7	0.25	0	1	51350
102.716	0.25	0	1	51358
102.732	0.25	0	1	51366
102.75	0.25	0	1	51375
102.766	0.25	1	2	51383
102.782	0.25	1	2	51391
102.8	0.25	1	2	51400
102.816	0.25	1	2	51408
102.832	0.25	0	1	51416
102.85	0.25	0	1	51425
102.866	0.25	0	1	51433
102.882	0.25	0	1	51441
102.9	0.25	0	1	51450
102.916	0.25	0	1	51458
102.932	0.25	0	1	51466
102.95	0.25	0	1	51475
102.966	0.25	0	1	51483
102.982	0.25	0	1	51491
103.0	0.25	0	1	51500
103.016	0.25	0	1	51508
104.5	0.25	0	1	52250
104.516	0.25	0	1	52258
104.532	0.25	0	1	52266
104.55	0.25	0	1	52275
104.566	0.25	0	1	52283
104.582	0.25	0	1	52291
104.6	0.25	0	1	52300
104.616	0.25	0	1	52308
104.632	0.25	0	1	52316
104.65	0.25	0	1	52325
104.666	0.25	0	1	52333
104.682	0.25	0	1	52341
104.7	0.25	0	1	52350
104.716	0.25	0	1	52358
104.732	0.25	0	1	52366
104.75	0.25	1	2	52375
104.766	0.25	1	2	52383
104.782	0.25	1	2	52391
104.8	0.25	1	2	52400
104.816	0.25	0	1	52408
104.832	0.25	0	1	52416
104.85	0.25	0	1	52425
104.866	0.25	0	1	52433
104.882	0.25	0	1	52441
104.9	0.25	0	1	52450
104.916	0.25	0	1	52458
104.932	0.25	0	1	52466
104.95	0.25	0	1	52475
104.966	0.25	0	1	52483
104.982	0.25	0	1	52491
105.0	0.25	0	1	52500
105.016	0.25	0	1	52508
105.032	0.25	0	1	52516
105.05	0.25	0	1	52525
105.066	0.25	0	1	52533
105.082	0.25	0	1	52541
105.1	0.25	0	1	52550
105.116	0.25	0	1	52558
105.132	0.25	0	1	52566
105.15	0.25	0	1	52575
105.166	0.25	0	1	52583
105.182	0.25	1	2	52591
105.2	0.25	1	2	52600
105.216	0.25	1	2	52608
105.232	0.25	1	2	52616
105.25	0.25	0	1	52625
105.266	0.25	0	1	52633
105.282	0.25	0	1	52641
105.3	0.25	0	1	52650
105.316	0.25	0	1	52658
105.332	0.25	0	1	52666
105.35	0.25	0	1	52675
105.366	0.25	0	1	52683
105.382	0.25	0	1	52691
105.4	0.25	0	1	52700
105.416	0.25	0	1	52708
105.432	0.25	0	1	52716
105.45	0.25	0	1	52725
105.466	0.25	0	1	52733
105.482	0.25	0	1	52741
105.5	0.25	0	1	52750
105.516	0.25	0	1	52758
105.532	0.25	0	1	52766
105.55	0.25	0	1	52775
105.566	0.25	0	1	52783
105.582	0.25	0	1	52791
105.6	0.25	0	1	52800
105.616	0.25	0	1	52808
105.632	0.25	0	1	52816
105.65	0.25	1	2	52825
105.666	0.25	1	2	52833
105.682	0.25	1	2	52841
105.7	0.25	1	2	52850
105.716	0.25	0	1	52858
105.732	0.25	0	1	52866
105.75	0.25	0	1	52875
105.766	0.25	0	1	52883
105.782	0.25	0	1	52891
105.8	0.25	0	1	52900
105.816	0.25	0	1	52908
105.832	0.25	0	1	52916
105.85	0.25	0	1	52925
105.866	0.25	0	1	52933
105.882	0.25	0	1	52941
105.9	0.25	0	1	52950
105.916	0.25	0	1	52958
105.932	0.25	0	1	52966
105.95	0.25	1	2	52975
105.966	0.25	1	2	52983
105.982	0.25	1	2	52991
106.0	0.25	1	2	53000
106.016	0.25	0	1	53008
106.032	0.25	0	1	53016
106.05	0.25	0	1	53025
106.066	0.25	0	1	53033
106.082	0.25	0	1	53041
106.1	0.25	0	1	53050
106.116	0.25	0	1	53058
106.132	0.25	0	1	53066
106.15	0.25	0	1	53075
106.166	0.25	0	1	53083
106.182	0.25	0	1	53091
106.2	0.25	0	1	53100
106.216	0.25	0	1	53108
106.232	0.25	0	1	53116
106.25	0.25	0	1	53125
106.266	0.25	0	1	53133
106.282	0.25	0	1	53141
106.3	0.25	0	1	53150
106.316	0.25	0	1	53158
106.332	0.25	0	1	53166
106.35	0.25	0	1	53175
106.366	0.25	0	1	53183
106.382	0.25	1	2	53191
106.4	0.25	1	2	53200
106.416	0.25	1	2	53208
106.432	0.25	1	2	53216
107.916	0.25	0	1	53958
107.932	0.25	0	1	53966
107.95	0.25	0	1	53975
107.966	0.25	0	1	53983
107.982	0.25	0	1	53991
108.0	0.25	0	1	54000
108.016	0.25	0	1	54008
108.032	0.25	0	1	54016
108.05	0.25	0	1	54025
108.066	0.25	0	1	54033
108.082	0.25	0	1	54041
108.1	0.25	0	1	54050
108.116	0.25	0	1	54058
108.132	0.25	0	1	54066
108.15	0.25	0	1	54075
108.166	0.25	0	1	54083
108.182	0.25	0	1	54091
108.2	0.25	0	1	54100
108.216	0.25	1	2	54108
108.232	0.25	1	2	54116
108.25	0.25	1	2	54125
108.266	0.25	1	2	54133
108.282	0.25	0	1	54141
108.3	0.25	0	1	54150
108.316	0.25	0	1	54158
108.332	0.25	0	1	54166
108.35	0.25	0	1	54175
108.366	0.25	0	1	54183
108.382	0.25	0	1	54191
108.4	0.25	0	1	54200
108.416	0.25	0	1	54208
108.432	0.25	0	1	54216
108.45	0.25	0	1	54225
108.466	0.25	0	1	54233
108.482	0.25	0	1	54241
108.5	0.25	0	1	54250
108.516	0.25	0	1	54258
108.532	0.25	0	1	54266
108.55	0.25	0	1	54275
108.566	0.25	0	1	54283
108.582	0.25	0	1	54291
108.6	0.25	0	1	54300
108.616	0.25	1	2	54308
108.632	0.25	1	2	54316
108.65	0.25	1	2	54325
108.666	0.25	1	2	54333
108.682	0.25	0	1	54341
108.7	0.25	0	1	54350
108.716	0.25	0	1	54358
108.732	0.25	0	1	54366
108.75	0.25	0	1	54375
108.766	0.25	0	1	54383
108.782	0.25	0	1	54391
108.8	0.25	0	1	54400
108.816	0.25	0	1	54408
108.832	0.25	0	1	54416
108.85	0.25	0	1	54425
108.866	0.25	0	1	54433
108.882	0.25	0	1	54441
108.9	0.25	1	2	54450
108.916	0.25	1	2	54458
108.932	0.25	1	2	54466
108.95	0.25	1	2	54475
108.966	0.25	0	1	54483
108.982	0.25	0	1	54491
109.0	0.25	0	1	54500
109.016	0.25	0	1	54508
109.032	0.25	0	1	54516
109.05	0.25	0	1	54525
109.066	0.25	0	1	54533
109.082	0.25	0	1	54541
109.1	0.25	0	1	54550
109.116	0.25	0	1	54558
109.132	0.25	0	1	54566
109.15	0.25	0	1	54575
109.166	0.25	0	1	54583
109.182	0.25	0	1	54591
109.2	0.25	0	1	54600
109.216	0.25	0	1	54608
109.232	0.25	0	1	54616
109.25	0.25	0	1	54625
109.266	0.25	1	2	54633
109.282	0.25	1	2	54641
109.3	0.25	1	2	54650
109.316	0.25	1	2	54658
109.332	0.25	0	1	54666
109.35	0.25	0	1	54675
109.366	0.25	0	1	54683
109.382	0.25	0	1	54691
109.4	0.25	0	1	54700
109.416	0.25	0	1	54708
109.432	0.25	0	1	54716
109.45	0.25	0	1	54725
109.466	0.25	0	1	54733
109.482	0.25	0	1	54741
109.5	0.25	0	1	54750
109.516	0.25	0	1	54758
109.532	0.25	0	1	54766
109.55	0.25	0	1	54775
109.566	0.25	0	1	54783
109.582	0.25	0	1	54791
109.6	0.25	0	1	54800
109.616	0.25	0	1	54808
109.632	0.25	0	1	54816
109.65	0.25	0	1	54825
109.666	0.25	0	1	54833
109.682	0.25	0	1	54841
109.7	0.25	0	1	54850
109.716	0.25	0	1	54858
109.732	0.25	1	2	54866
109.75	0.25	1	2	54875
109.766	0.25	1	2	54883
109.782	0.25	1	2	54891
109.8	0.25	0	1	54900
109.816	0.25	0	1	54908
109.832	0.25	0	1	54916
109.85	0.25	0	1	54925
135.266	0.25	0	1	67633
135.282	0.25	1	2	67641
135.3	0.25	1	2	67650
135.316	0.25	1	2	67658
135.332	0.25	1	2	67666
135.35	0.25	0	1	67675
135.366	0.25	0	1	67683
135.382	0.25	0	1	67691
135.4	0.25	0	1	67700
135.416	0.25	0	1	67708
135.432	0.25	0	1	67716
135.45	0.25	0	1	67725
135.466	0.25	0	1	67733
135.482	0.25	0	1	67741
135.5	0.25	0	1	67750
135.516	0.25	0	1	67758
135.532	0.25	0	1	67766
135.55	0.25	0	1	67775
135.566	0.25	0	1	67783
135.582	0.25	0	1	67791
135.6	0.25	0	1	67800
135.616	0.25	0	1	67808
135.632	0.25	0	1	67816
135.65	0.25	0	1	67825
135.666	0.25	0	1	67833
135.682	0.25	0	1	67841
135.7	0.25	0	1	67850
135.716	0.25	0	1	67858
135.732	0.25	0	1	67866
135.75	0.25	0	1	67875
135.766	0.25	1	2	67883
135.782	0.25	1	2	67891
135.8	0.25	1	2	67900
135.816	0.25	1	2	67908
135.832	0.25	0	1	67916
135.85	0.25	0	1	67925
135.866	0.25	0	1	67933
135.882	0.25	0	1	67941
135.9	0.25	0	1	67950
135.916	0.25	0	1	67958
135.932	0.25	0	1	67966
135.95	0.25	0	1	67975
135.966	0.25	0	1	67983
135.982	0.25	0	1	67991
136.0	0.25	0	1	68000
136.016	0.25	0	1	68008
136.032	0.25	0	1	68016
136.05	0.25	0	1	68025
136.066	0.25	0	1	68033
136.082	0.25	0	1	68041
136.1	0.25	0	1	68050
136.116	0.25	0	1	68058
136.132	0.25	0	1	68066
136.15	0.25	0	1	68075
136.166	0.25	0	1	68083
136.182	0.25	0	1	68091
136.2	0.25	0	1	68100
136.216	0.25	0	1	68108
136.232	0.25	1	2	68116
136.25	0.25	1	2	68125
136.266	0.25	1	2	68133
136.282	0.25	1	2	68141
136.3	0.25	0	1	68150
136.316	0.25	0	1	68158
136.332	0.25	0	1	68166
136.35	0.25	0	1	68175
136.366	0.25	0	1	68183
136.382	0.25	0	1	68191
136.4	0.25	0	1	68200
136.416	0.25	0	1	68208
136.432	0.25	0	1	68216
136.45	0.25	0	1	68225
136.466	0.25	0	1	68233
136.482	0.25	0	1	68241
136.5	0.25	0	1	68250
136.516	0.25	0	1	68258
136.532	0.25	0	1	68266
136.55	0.25	0	1	68275
136.566	0.25	0	1	68283
136.582	0.25	0	1	68291
136.6	0.25	0	1	68300
136.616	0.25	0	1	68308
136.632	0.25	0	1	68316
136.65	0.25	1	2	68325
136.666	0.25	1	2	68333
136.682	0.25	1	2	68341
136.7	0.25	1	2	68350
136.716	0.25	0	1	68358
136.732	0.25	0	1	68366
136.75	0.25	0	1	68375
136.766	0.25	0	1	68383
136.782	0.25	0	1	68391
136.8	0.25	0	1	68400
136.816	0.25	0	1	68408
136.832	0.25	0	1	68416
136.85	0.25	0	1	68425
136.866	0.25	0	1	68433
136.882	0.25	0	1	68441
136.9	0.25	0	1	68450
136.916	0.25	0	1	68458
136.932	0.25	0	1	68466
136.95	0.25	0	1	68475
136.966	0.25	0	1	68483
136.982	0.25	0	1	68491
137.0	0.25	0	1	68500
137.016	0.25	0	1	68508
137.032	0.25	0	1	68516
137.05	0.25	0	1	68525
137.066	0.25	0	1	68533
137.082	0.25	1	2	68541
137.1	0.25	1	2	68550
137.116	0.25	1	2	68558
137.132	0.25	1	2	68566
137.15	0.25	0	1	68575
137.166	0.25	0	1	68583
137.182	0.25	0	1	68591
137.2	0.25	0	1	68600
138.682	0.25	0	1	69341
138.7	0.25	0	1	69350
138.716	0.25	0	1	69358
138.732	0.25	0	1	69366
138.75	0.25	0	1	69375
138.766	0.25	0	1	69383
138.782	0.25	0	1	69391
138.8	0.25	0	1	69400
138.816	0.25	0	1	69408
138.832	0.25	0	1	69416
138.85	0.25	0	1	69425
138.866	0.25	0	1	69433
138.882	0.25	0	1	69441
138.9	0.25	0	1	69450
138.916	0.25	0	1	69458
138.932	0.25	0	1	69466
138.95	0.25	0	1	69475
138.966	0.25	0	1	69483
138.982	0.25	1	2	69491
139.0	0.25	1	2	69500
139.016	0.25	1	2	69508
139.032	0.25	1	2	69516
139.05	0.25	0	1	69525
139.066	0.25	0	1	69533
139.082	0.25	0	1	69541
139.1	0.25	0	1	69550
139.116	0.25	0	1	69558
139.132	0.25	0	1	69566
139.15	0.25	0	1	69575
139.166	0.25	0	1	69583
139.182	0.25	0	1	69591
139.2	0.25	0	1	69600
139.216	0.25	0	1	69608
139.232	0.25	0	1	69616
139.25	0.25	0	1	69625
139.266	0.25	0	1	69633
139.282	0.25	0	1	69641
139.3	0.25	0	1	69650
139.316	0.25	0	1	69658
139.332	0.25	0	1	69666
139.35	0.25	0	1	69675
139.366	0.25	0	1	69683
139.382	0.25	1	2	69691
139.4	0.25	1	2	69700
139.416	0.25	1	2	69708
139.432	0.25	1	2	69716
139.45	0.25	0	1	69725
139.466	0.25	0	1	69733
139.482	0.25	0	1	69741
139.5	0.25	0	1	69750
139.516	0.25	0	1	69758
139.532	0.25	0	1	69766
139.55	0.25	0	1	69775
139.566	0.25	0	1	69783
139.582	0.25	0	1	69791
139.6	0.25	0	1	69800
139.616	0.25	0	1	69808
139.632	0.25	0	1	69816
139.65	0.25	0	1	69825
139.666	0.25	1	2	69833
139.682	0.25	1	2	69841
139.7	0.25	1	2	69850
139.716	0.25	1	2	69858
139.732	0.25	0	1	69866
139.75	0.25	0	1	69875
139.766	0.25	0	1	69883
139.782	0.25	0	1	69891
139.8	0.25	0	1	69900
139.816	0.25	0	1	69908
139.832	0.25	0	1	69916
139.85	0.25	0	1	69925
139.866	0.25	0	1	69933
139.882	0.25	0	1	69941
139.9	0.25	0	1	69950
139.916	0.25	0	1	69958
139.932	0.25	0	1	69966
139.95	0.25	0	1	69975
139.966	0.25	0	1	69983
139.982	0.25	0	1	69991
140.0	0.25	0	1	70000
140.016	0.25	0	1	70008
140.032	0.25	1	2	70016
140.05	0.25	1	2	70025
140.066	0.25	1	2	70033
140.082	0.25	1	2	70041
140.1	0.25	0	1	70050
140.116	0.25	0	1	70058
140.132	0.25	0	1	70066
140.15	0.25	0	1	70075
140.166	0.25	0	1	70083
140.182	0.25	0	1	70091
140.2	0.25	0	1	70100
140.216	0.25	0	1	70108
140.232	0.25	0	1	70116
140.25	0.25	0	1	70125
140.266	0.25	0	1	70133
140.282	0.25	0	1	70141
140.3	0.25	0	1	70150
140.316	0.25	0	1	70158
140.332	0.25	0	1	70166
140.35	0.25	0	1	70175
140.366	0.25	0	1	70183
140.382	0.25	0	1	70191
140.4	0.25	0	1	70200
140.416	0.25	0	1	70208
140.432	0.25	0	1	70216
140.45	0.25	0	1	70225
140.466	0.25	0	1	70233
140.482	0.25	0	1	70241
140.5	0.25	1	2	70250
140.516	0.25	1	2	70258
140.532	0.25	1	2	70266
140.55	0.25	1	2	70275
140.566	0.25	0	1	70283
140.582	0.25	0	1	70291
140.6	0.25	0	1	70300
140.616	0.25	0	1	70308
142.1	0.25	0	1	71050
142.116	0.25	0	1	71058
142.132	0.25	0	1	71066
142.15	0.25	0	1	71075
142.166	0.25	0	1	71083
142.182	0.25	0	1	71091
142.2	0.25	0	1	71100
142.216	0.25	0	1	71108
142.232	0.25	0	1	71116
142.25	0.25	0	1	71125
142.266	0.25	0	1	71133
142.282	0.25	0	1	71141
142.3	0.25	0	1	71150
142.316	0.25	0	1	71158
142.332	0.25	0	1	71166
142.35	0.25	0	1	71175
142.366	0.25	0	1	71183
142.382	0.25	0	1	71191
142.4	0.25	0	1	71200
142.416	0.25	0	1	71208
142.432	0.25	0	1	71216
142.45	0.25	0	1	71225
142.466	0.25	0	1	71233
142.482	0.25	1	2	71241
142.5	0.25	1	2	71250
142.516	0.25	1	2	71258
142.532	0.25	1	2	71266
142.55	0.25	0	1	71275
142.566	0.25	0	1	71283
142.582	0.25	0	1	71291
142.6	0.25	0	1	71300
142.616	0.25	0	1	71308
142.632	0.25	0	1	71316
142.65	0.25	0	1	71325
142.666	0.25	0	1	71333
142.682	0.25	0	1	71341
142.7	0.25	0	1	71350
142.716	0.25	0	1	71358
142.732	0.25	0	1	71366
142.75	0.25	0	1	71375
142.766	0.25	0	1	71383
142.782	0.25	0	1	71391
142.8	0.25	0	1	71400
142.816	0.25	0	1	71408
142.832	0.25	0	1	71416
142.85	0.25	0	1	71425
142.866	0.25	1	2	71433
142.882	0.25	1	2	71441
142.9	0.25	1	2	71450
142.916	0.25	1	2	71458
142.932	0.25	0	1	71466
142.95	0.25	0	1	71475
142.966	0.25	0	1	71483
142.982	0.25	0	1	71491
143.0	0.25	0	1	71500
143.016	0.25	0	1	71508
143.032	0.25	0	1	71516
143.05	0.25	0	1	71525
143.066	0.25	0	1	71533
143.082	0.25	0	1	71541
143.1	0.25	0	1	71550
143.116	0.25	0	1	71558
143.132	0.25	0	1	71566
143.15	0.25	0	1	71575
143.166	0.25	1	2	71583
143.182	0.25	1	2	71591
143.2	0.25	1	2	71600
143.216	0.25	1	2	71608
143.232	0.25	0	1	71616
143.25	0.25	0	1	71625
143.266	0.25	0	1	71633
143.282	0.25	0	1	71641
143.3	0.25	0	1	71650
143.316	0.25	0	1	71658
143.332	0.25	0	1	71666
143.35	0.25	0	1	71675
143.366	0.25	0	1	71683
143.382	0.25	0	1	71691
143.4	0.25	0	1	71700
143.416	0.25	0	1	71708
143.432	0.25	0	1	71716
143.45	0.25	1	2	71725
143.466	0.25	1	2	71733
143.482	0.25	1	2	71741
143.5	0.25	1	2	71750
143.516	0.25	0	1	71758
143.532	0.25	0	1	71766
143.55	0.25	0	1	71775
143.566	0.25	0	1	71783
143.582	0.25	0	1	71791
143.6	0.25	0	1	71800
143.616	0.25	0	1	71808
143.632	0.25	0	1	71816
143.65	0.25	0	1	71825
143.666	0.25	0	1	71833
143.682	0.25	0	1	71841
143.7	0.25	0	1	71850
143.716	0.25	0	1	71858
143.732	0.25	0	1	71866
143.75	0.25	0	1	71875
143.766	0.25	0	1	71883
143.782	0.25	1	2	71891
143.8	0.25	1	2	71900
143.816	0.25	1	2	71908
143.832	0.25	1	2	71916
143.85	0.25	0	1	71925
143.866	0.25	0	1	71933
143.882	0.25	0	1	71941
143.9	0.25	0	1	71950
143.916	0.25	0	1	71958
143.932	0.25	0	1	71966
143.95	0.25	0	1	71975
143.966	0.25	0	1	71983
143.982	0.25	0	1	71991
144.0	0.25	0	1	72000
144.016	0.25	0	1	72008
144.032	0.25	0	1	72016
145.516	0.25	0	1	72758
145.532	0.25	0	1	72766
145.55	0.25	0	1	72775
145.566	0.25	0	1	72783
145.582	0.25	0	1	72791
145.6	0.25	0	1	72800
145.616	0.25	0	1	72808
145.632	0.25	0	1	72816
145.65	0.25	0	1	72825
145.666	0.25	0	1	72833
145.682	0.25	0	1	72841
145.7	0.25	0	1	72850
145.716	0.25	0	1	72858
145.732	0.25	0	1	72866
145.75	0.25	0	1	72875
145.766	0.25	1	2	72883
145.782	0.25	1	2	72891
145.8	0.25	1	2	72900
145.816	0.25	1	2	72908
145.832	0.25	0	1	72916
145.85	0.25	0	1	72925
145.866	0.25	0	1	72933
145.882	0.25	0	1	72941
145.9	0.25	0	1	72950
145.916	0.25	0	1	72958
145.932	0.25	0	1	72966
145.95	0.25	0	1	72975
145.966	0.25	0	1	72983
145.982	0.25	0	1	72991
146.0	0.25	0	1	73000
146.016	0.25	0	1	73008
146.032	0.25	0	1	73016
146.05	0.25	0	1	73025
146.066	0.25	0	1	73033
146.082	0.25	0	1	73041
146.1	0.25	0	1	73050
146.116	0.25	0	1	73058
146.132	0.25	0	1	73066
146.15	0.25	0	1	73075
146.166	0.25	0	1	73083
146.182	0.25	0	1	73091
146.2	0.25	1	2	73100
146.216	0.25	1	2	73108
146.232	0.25	1	2	73116
146.25	0.25	1	2	73125
146.266	0.25	0	1	73133
146.282	0.25	0	1	73141
146.3	0.25	0	1	73150
146.316	0.25	0	1	73158
146.332	0.25	0	1	73166
146.35	0.25	0	1	73175
146.366	0.25	0	1	73183
146.382	0.25	0	1	73191
146.4	0.25	0	1	73200
146.416	0.25	0	1	73208
146.432	0.25	0	1	73216
146.45	0.25	0	1	73225
146.466	0.25	0	1	73233
146.482	0.25	0	1	73241
146.5	0.25	0	1	73250
146.516	0.25	0	1	73258
146.532	0.25	0	1	73266
146.55	0.25	0	1	73275
146.566	0.25	0	1	73283
146.582	0.25	0	1	73291
146.6	0.25	0	1	73300
146.616	0.25	0	1	73308
146.632	0.25	0	1	73316
146.65	0.25	0	1	73325
146.666	0.25	1	2	73333
146.682	0.25	1	2	73341
146.7	0.25	1	2	73350
146.716	0.25	1	2	73358
146.732	0.25	0	1	73366
146.75	0.25	0	1	73375
146.766	0.25	0	1	73383
146.782	0.25	0	1	73391
146.8	0.25	0	1	73400
146.816	0.25	0	1	73408
146.832	0.25	0	1	73416
146.85	0.25	0	1	73425
146.866	0.25	0	1	73433
146.882	0.25	0	1	73441
146.9	0.25	0	1	73450
146.916	0.25	0	1	73458
146.932	0.25	0	1	73466
146.95	0.25	0	1	73475
146.966	0.25	1	2	73483
146.982	0.25	1	2	73491
147.0	0.25	1	2	73500
147.016	0.25	1	2	73508
147.032	0.25	0	1	73516
147.05	0.25	0	1	73525
147.066	0.25	0	1	73533
147.082	0.25	0	1	73541
147.1	0.25	0	1	73550
147.116	0.25	0	1	73558
147.132	0.25	0	1	73566
147.15	0.25	0	1	73575
147.166	0.25	0	1	73583
147.182	0.25	0	1	73591
147.2	0.25	0	1	73600
147.216	0.25	0	1	73608
147.232	0.25	0	1	73616
147.25	0.25	0	1	73625
147.266	0.25	0	1	73633
147.282	0.25	0	1	73641
147.3	0.25	0	1	73650
147.316	0.25	0	1	73658
147.332	0.25	0	1	73666
147.35	0.25	0	1	73675
147.366	0.25	0	1	73683
147.382	0.25	0	1	73691
147.4	0.25	1	2	73700
147.416	0.25	1	2	73708
147.432	0.25	1	2	73716
147.45	0.25	1	2	73725
149.632	0.25	0	1	74816
149.65	0.25	1	2	74825
149.666	0.25	1	2	74833
149.682	0.25	1	2	74841
149.7	0.25	1	2	74850
149.716	0.25	0	1	74858
149.732	0.25	0	1	74866
149.75	0.25	0	1	74875
149.766	0.25	0	1	74883
149.782	0.25	0	1	74891
149.8	0.25	0	1	74900
149.816	0.25	0	1	74908
149.832	0.25	0	1	74916
149.85	0.25	0	1	74925
149.866	0.25	0	1	74933
149.882	0.25	0	1	74941
149.9	0.25	0	1	74950
149.916	0.25	0	1	74958
149.932	0.25	0	1	74966
149.95	0.25	0	1	74975
149.966	0.25	0	1	74983
149.982	0.25	0	1	74991
150.0	0.25	0	1	75000
150.016	0.25	0	1	75008
150.032	0.25	0	1	75016
150.05	0.25	0	1	75025
150.066	0.25	0	1	75033
150.082	0.25	0	1	75041
150.1	0.25	0	1	75050
150.116	0.25	0	1	75058
150.132	0.25	1	2	75066
150.15	0.25	1	2	75075
150.166	0.25	1	2	75083
150.182	0.25	1	2	75091
150.2	0.25	0	1	75100
150.216	0.25	0	1	75108
150.232	0.25	0	1	75116
150.25	0.25	0	1	75125
150.266	0.25	0	1	75133
150.282	0.25	0	1	75141
150.3	0.25	0	1	75150
150.316	0.25	0	1	75158
150.332	0.25	0	1	75166
150.35	0.25	0	1	75175
150.366	0.25	0	1	75183
150.382	0.25	0	1	75191
150.4	0.25	0	1	75200
150.416	0.25	0	1	75208
150.432	0.25	0	1	75216
150.45	0.25	0	1	75225
150.466	0.25	0	1	75233
150.482	0.25	0	1	75241
150.5	0.25	0	1	75250
150.516	0.25	0	1	75258
150.532	0.25	0	1	75266
150.55	0.25	0	1	75275
150.566	0.25	0	1	75283
150.582	0.25	0	1	75291
150.6	0.25	1	2	75300
150.616	0.25	1	2	75308
150.632	0.25	1	2	75316
150.65	0.25	1	2	75325
150.666	0.25	0	1	75333
150.682	0.25	0	1	75341
150.7	0.25	0	1	75350
150.716	0.25	0	1	75358
150.732	0.25	0	1	75366
150.75	0.25	0	1	75375
150.766	0.25	0	1	75383
150.782	0.25	0	1	75391
150.8	0.25	0	1	75400
150.816	0.25	0	1	75408
150.832	0.25	0	1	75416
150.85	0.25	0	1	75425
150.866	0.25	0	1	75433
150.882	0.25	0	1	75441
150.9	0.25	0	1	75450
150.916	0.25	0	1	75458
150.932	0.25	0	1	75466
150.95	0.25	0	1	75475
150.966	0.25	0	1	75483
150.982	0.25	0	1	75491
151.0	0.25	0	1	75500
151.016	0.25	1	2	75508
151.032	0.25	1	2	75516
151.05	0.25	1	2	75525
151.066	0.25	1	2	75533
151.082	0.25	0	1	75541
151.1	0.25	0	1	75550
151.116	0.25	0	1	75558
151.132	0.25	0	1	75566
151.15	0.25	0	1	75575
151.166	0.25	0	1	75583
151.182	0.25	0	1	75591
151.2	0.25	0	1	75600
151.216	0.25	0	1	75608
151.232	0.25	0	1	75616
151.25	0.25	0	1	75625
151.266	0.25	0	1	75633
151.282	0.25	0	1	75641
151.3	0.25	0	1	75650
151.316	0.25	0	1	75658
151.332	0.25	0	1	75666
151.35	0.25	0	1	75675
151.366	0.25	0	1	75683
151.382	0.25	0	1	75691
151.4	0.25	0	1	75700
151.416	0.25	0	1	75708
151.432	0.25	0	1	75716
151.45	0.25	1	2	75725
151.466	0.25	1	2	75733
151.482	0.25	1	2	75741
151.5	0.25	1	2	75750
151.516	0.25	0	1	75758
151.532	0.25	0	1	75766
151.55	0.25	0	1	75775
151.566	0.25	0	1	75783
153.05	0.25	0	1	76525
153.066	0.25	0	1	76533
153.082	0.25	0	1	76541
153.1	0.25	0	1	76550
153.116	0.25	0	1	76558
153.132	0.25	0	1	76566
153.15	0.25	0	1	76575
153.166	0.25	0	1	76583
153.182	0.25	0	1	76591
153.2	0.25	0	1	76600
153.216	0.25	0	1	76608
153.232	0.25	0	1	76616
153.25	0.25	0	1	76625
153.266	0.25	0	1	76633
153.282	0.25	0	1	76641
153.3	0.25	0	1	76650
153.316	0.25	0	1	76658
153.332	0.25	0	1	76666
153.35	0.25	1	2	76675
153.366	0.25	1	2	76683
153.382	0.25	1	2	76691
153.4	0.25	1	2	76700
153.416	0.25	0	1	76708
153.432	0.25	0	1	76716
153.45	0.25	0	1	76725
153.466	0.25	0	1	76733
153.482	0.25	0	1	76741
153.5	0.25	0	1	76750
153.516	0.25	0	1	76758
153.532	0.25	0	1	76766
153.55	0.25	0	1	76775
153.566	0.25	0	1	76783
153.582	0.25	0	1	76791
153.6	0.25	0	1	76800
153.616	0.25	0	1	76808
153.632	0.25	0	1	76816
153.65	0.25	0	1	76825
153.666	0.25	0	1	76833
153.682	0.25	0	1	76841
153.7	0.25	0	1	76850
153.716	0.25	0	1	76858
153.732	0.25	0	1	76866
153.75	0.25	1	2	76875
153.766	0.25	1	2	76883
153.782	0.25	1	2	76891
153.8	0.25	1	2	76900
153.816	0.25	0	1	76908
153.832	0.25	0	1	76916
153.85	0.25	0	1	76925
153.866	0.25	0	1	76933
153.882	0.25	0	1	76941
153.9	0.25	0	1	76950
153.916	0.25	0	1	76958
153.932	0.25	0	1	76966
153.95	0.25	0	1	76975
153.966	0.25	0	1	76983
153.982	0.25	0	1	76991
154.0	0.25	0	1	77000
154.016	0.25	0	1	77008
154.032	0.25	1	2	77016
154.05	0.25	1	2	77025
154.066	0.25	1	2	77033
154.082	0.25	1	2	77041
154.1	0.25	0	1	77050
154.116	0.25	0	1	77058
154.132	0.25	0	1	77066
154.15	0.25	0	1	77075
154.166	0.25	0	1	77083
154.182	0.25	0	1	77091
154.2	0.25	0	1	77100
154.216	0.25	0	1	77108
154.232	0.25	0	1	77116
154.25	0.25	0	1	77125
154.266	0.25	0	1	77133
154.282	0.25	0	1	77141
154.3	0.25	0	1	77150
154.316	0.25	0	1	77158
154.332	0.25	0	1	77166
154.35	0.25	0	1	77175
154.366	0.25	0	1	77183
154.382	0.25	0	1	77191
154.4	0.25	1	2	77200
154.416	0.25	1	2	77208
154.432	0.25	1	2	77216
154.45	0.25	1	2	77225
154.466	0.25	0	1	77233
154.482	0.25	0	1	77241
154.5	0.25	0	1	77250
154.516	0.25	0	1	77258
154.532	0.25	0	1	77266
154.55	0.25	0	1	77275
154.566	0.25	0	1	77283
154.582	0.25	0	1	77291
154.6	0.25	0	1	77300
154.616	0.25	0	1	77308
154.632	0.25	0	1	77316
154.65	0.25	0	1	77325
154.666	0.25	0	1	77333
154.682	0.25	0	1	77341
154.7	0.25	0	1	77350
154.716	0.25	0	1	77358
154.732	0.25	0	1	77366
154.75	0.25	0	1	77375
154.766	0.25	0	1	77383
154.782	0.25	0	1	77391
154.8	0.25	0	1	77400
154.816	0.25	0	1	77408
154.832	0.25	0	1	77416
154.85	0.25	0	1	77425
154.866	0.25	1	2	77433
154.882	0.25	1	2	77441
154.9	0.25	1	2	77450
154.916	0.25	1	2	77458
154.932	0.25	0	1	77466
154.95	0.25	0	1	77475
154.966	0.25	0	1	77483
154.982	0.25	0	1	77491
156.466	0.25	0	1	78233
156.482	0.25	0	1	78241
156.5	0.25	0	1	78250
156.516	0.25	0	1	78258
156.532	0.25	0	1	78266
156.55	0.25	0	1	78275
156.566	0.25	0	1	78283
156.582	0.25	0	1	78291
156.6	0.25	0	1	78300
156.616	0.25	0	1	78308
156.632	0.25	0	1	78316
156.65	0.25	0	1	78325
156.666	0.25	0	1	78333
156.682	0.25	0	1	78341
156.7	0.25	0	1	78350
156.716	0.25	0	1	78358
156.732	0.25	0	1	78366
156.75	0.25	0	1	78375
156.766	0.25	0	1	78383
156.782	0.25	0	1	78391
156.8	0.25	0	1	78400
156.816	0.25	0	1	78408
156.832	0.25	0	1	78416
156.85	0.25	1	2	78425
156.866	0.25	1	2	78433
156.882	0.25	1	2	78441
156.9	0.25	1	2	78450
156.916	0.25	0	1	78458
156.932	0.25	0	1	78466
156.95	0.25	0	1	78475
156.966	0.25	0	1	78483
156.982	0.25	0	1	78491
157.0	0.25	0	1	78500
157.016	0.25	0	1	78508
157.032	0.25	0	1	78516
157.05	0.25	0	1	78525
157.066	0.25	0	1	78533
157.082	0.25	0	1	78541
157.1	0.25	0	1	78550
157.116	0.25	0	1	78558
157.132	0.25	0	1	78566
157.15	0.25	0	1	78575
157.166	0.25	0	1	78583
157.182	0.25	0	1	78591
157.2	0.25	0	1	78600
157.216	0.25	0	1	78608
157.232	0.25	1	2	78616
157.25	0.25	1	2	78625
157.266	0.25	1	2	78633
157.282	0.25	1	2	78641
157.3	0.25	0	1	78650
157.316	0.25	0	1	78658
157.332	0.25	0	1	78666
157.35	0.25	0	1	78675
157.366	0.25	0	1	78683
157.382	0.25	0	1	78691
157.4	0.25	0	1	78700
157.416	0.25	0	1	78708
157.432	0.25	0	1	78716
157.45	0.25	0	1	78725
157.466	0.25	0	1	78733
157.482	0.25	0	1	78741
157.5	0.25	0	1	78750
157.516	0.25	0	1	78758
157.532	0.25	1	2	78766
157.55	0.25	1	2	78775
157.566	0.25	1	2	78783
157.582	0.25	1	2	78791
157.6	0.25	0	1	78800
157.616	0.25	0	1	78808
157.632	0.25	0	1	78816
157.65	0.25	0	1	78825
157.666	0.25	0	1	78833
157.682	0.25	0	1	78841
157.7	0.25	0	1	78850
157.716	0.25	0	1	78858
157.732	0.25	0	1	78866
157.75	0.25	0	1	78875
157.766	0.25	0	1	78883
157.782	0.25	0	1	78891
157.8	0.25	0	1	78900
157.816	0.25	1	2	78908
157.832	0.25	1	2	78916
157.85	0.25	1	2	78925
157.866	0.25	1	2	78933
157.882	0.25	0	1	78941
157.9	0.25	0	1	78950
157.916	0.25	0	1	78958
157.932	0.25	0	1	78966
157.95	0.25	0	1	78975
157.966	0.25	0	1	78983
157.982	0.25	0	1	78991
158.0	0.25	0	1	79000
158.016	0.25	0	1	79008
158.032	0.25	0	1	79016
158.05	0.25	0	1	79025
158.066	0.25	0	1	79033
158.082	0.25	0	1	79041
158.1	0.25	0	1	79050
158.116	0.25	0	1	79058
158.132	0.25	0	1	79066
158.15	0.25	1	2	79075
158.166	0.25	1	2	79083
158.182	0.25	1	2	79091
158.2	0.25	1	2	79100
158.216	0.25	0	1	79108
158.232	0.25	0	1	79116
158.25	0.25	0	1	79125
158.266	0.25	0	1	79133
158.282	0.25	0	1	79141
158.3	0.25	0	1	79150
158.316	0.25	0	1	79158
158.332	0.25	0	1	79166
158.35	0.25	0	1	79175
158.366	0.25	0	1	79183
158.382	0.25	0	1	79191
158.4	0.25	0	1	79200
159.882	0.25	0	1	79941
159.9	0.25	0	1	79950
159.916	0.25	0	1	79958
159.932	0.25	0	1	79966
159.95	0.25	0	1	79975
159.966	0.25	0	1	79983
159.982	0.25	0	1	79991
160.0	0.25	0	1	80000
160.016	0.25	0	1	80008
160.032	0.25	0	1	80016
160.05	0.25	0	1	80025
160.066	0.25	0	1	80033
160.082	0.25	0	1	80041
160.1	0.25	0	1	80050
160.116	0.25	0	1	80058
160.132	0.25	1	2	80066
160.15	0.25	1	2	80075
160.166	0.25	1	2	80083
160.182	0.25	1	2	80091
160.2	0.25	0	1	80100
160.216	0.25	0	1	80108
160.232	0.25	0	1	80116
160.25	0.25	0	1	80125
160.266	0.25	0	1	80133
160.282	0.25	0	1	80141
160.3	0.25	0	1	80150
160.316	0.25	0	1	80158
160.332	0.25	0	1	80166
160.35	0.25	0	1	80175
160.366	0.25	0	1	80183
160.382	0.25	0	1	80191
160.4	0.25	0	1	80200
160.416	0.25	0	1	80208
160.432	0.25	0	1	80216
160.45	0.25	0	1	80225
160.466	0.25	0	1	80233
160.482	0.25	0	1	80241
160.5	0.25	0	1	80250
160.516	0.25	0	1	80258
160.532	0.25	0	1	80266
160.55	0.25	0	1	80275
160.566	0.25	1	2	80283
160.582	0.25	1	2	80291
160.6	0.25	1	2	80300
160.616	0.25	1	2	80308
160.632	0.25	0	1	80316
160.65	0.25	0	1	80325
160.666	0.25	0	1	80333
160.682	0.25	0	1	80341
160.7	0.25	0	1	80350
160.716	0.25	0	1	80358
160.732	0.25	0	1	80366
160.75	0.25	0	1	80375
160.766	0.25	0	1	80383
160.782	0.25	0	1	80391
160.8	0.25	0	1	80400
160.816	0.25	0	1	80408
160.832	0.25	0	1	80416
160.85	0.25	0	1	80425
160.866	0.25	0	1	80433
160.882	0.25	0	1	80441
160.9	0.25	0	1	80450
160.916	0.25	0	1	80458
160.932	0.25	0	1	80466
160.95	0.25	0	1	80475
160.966	0.25	0	1	80483
160.982	0.25	0	1	80491
161.0	0.25	0	1	80500
161.016	0.25	0	1	80508
161.032	0.25	1	2	80516
161.05	0.25	1	2	80525
161.066	0.25	1	2	80533
161.082	0.25	1	2	80541
161.1	0.25	0	1	80550
161.116	0.25	0	1	80558
161.132	0.25	0	1	80566
161.15	0.25	0	1	80575
161.166	0.25	0	1	80583
161.182	0.25	0	1	80591
161.2	0.25	0	1	80600
161.216	0.25	0	1	80608
161.232	0.25	0	1	80616
161.25	0.25	0	1	80625
161.266	0.25	0	1	80633
161.282	0.25	0	1	80641
161.3	0.25	0	1	80650
161.316	0.25	0	1	80658
161.332	0.25	1	2	80666
161.35	0.25	1	2	80675
161.366	0.25	1	2	80683
161.382	0.25	1	2	80691
161.4	0.25	0	1	80700
161.416	0.25	0	1	80708
161.432	0.25	0	1	80716
161.45	0.25	0	1	80725
161.466	0.25	0	1	80733
161.482	0.25	0	1	80741
161.5	0.25	0	1	80750
161.516	0.25	0	1	80758
161.532	0.25	0	1	80766
161.55	0.25	0	1	80775
161.566	0.25	0	1	80783
161.582	0.25	0	1	80791
161.6	0.25	0	1	80800
161.616	0.25	0	1	80808
161.632	0.25	0	1	80816
161.65	0.25	0	1	80825
161.666	0.25	0	1	80833
161.682	0.25	0	1	80841
161.7	0.25	0	1	80850
161.716	0.25	0	1	80858
161.732	0.25	0	1	80866
161.75	0.25	0	1	80875
161.766	0.25	1	2	80883
161.782	0.25	1	2	80891
161.8	0.25	1	2	80900
161.816	0.25	1	2	80908
164.0	0.25	0	1	82000
164.016	0.25	0	1	82008
164.032	0.25	0	1	82016
164.05	0.25	0	1	82025
164.066	0.25	0	1	82033
164.082	0.25	0	1	82041
164.1	0.25	0	1	82050
164.116	0.25	0	1	82058
164.132	0.25	0	1	82066
164.15	0.25	0	1	82075
164.166	0.25	0	1	82083
164.182	0.25	0	1	82091
164.2	0.25	0	1	82100
164.216	0.25	0	1	82108
164.232	0.25	0	1	82116
164.25	0.25	0	1	82125
164.266	0.25	0	1	82133
164.282	0.25	0	1	82141
164.3	0.25	1	2	82150
164.316	0.25	1	2	82158
164.332	0.25	1	2	82166
164.35	0.25	1	2	82175
164.366	0.25	0	1	82183
164.382	0.25	0	1	82191
164.4	0.25	0	1	82200
164.416	0.25	0	1	82208
164.432	0.25	0	1	82216
164.45	0.25	0	1	82225
164.466	0.25	0	1	82233
164.482	0.25	0	1	82241
164.5	0.25	0	1	82250
164.516	0.25	0	1	82258
164.532	0.25	0	1	82266
164.55	0.25	0	1	82275
164.566	0.25	0	1	82283
164.582	0.25	0	1	82291
164.6	0.25	0	1	82300
164.616	0.25	0	1	82308
164.632	0.25	0	1	82316
164.65	0.25	0	1	82325
164.666	0.25	0	1	82333
164.682	0.25	0	1	82341
164.7	0.25	1	2	82350
164.716	0.25	1	2	82358
164.732	0.25	1	2	82366
164.75	0.25	1	2	82375
164.766	0.25	0	1	82383
164.782	0.25	0	1	82391
164.8	0.25	0	1	82400
164.816	0.25	0	1	82408
164.832	0.25	0	1	82416
164.85	0.25	0	1	82425
164.866	0.25	0	1	82433
164.882	0.25	0	1	82441
164.9	0.25	0	1	82450
164.916	0.25	0	1	82458
164.932	0.25	0	1	82466
164.95	0.25	0	1	82475
164.966	0.25	0	1	82483
164.982	0.25	1	2	82491
165.0	0.25	1	2	82500
165.016	0.25	1	2	82508
165.032	0.25	1	2	82516
165.05	0.25	0	1	82525
165.066	0.25	0	1	82533
165.082	0.25	0	1	82541
165.1	0.25	0	1	82550
165.116	0.25	0	1	82558
165.132	0.25	0	1	82566
165.15	0.25	0	1	82575
165.166	0.25	0	1	82583
165.182	0.25	0	1	82591
165.2	0.25	0	1	82600
165.216	0.25	0	1	82608
165.232	0.25	0	1	82616
165.25	0.25	0	1	82625
165.266	0.25	0	1	82633
165.282	0.25	0	1	82641
165.3	0.25	0	1	82650
165.316	0.25	0	1	82658
165.332	0.25	0	1	82666
165.35	0.25	1	2	82675
165.366	0.25	1	2	82683
165.382	0.25	1	2	82691
165.4	0.25	1	2	82700
165.416	0.25	0	1	82708
165.432	0.25	0	1	82716
165.45	0.25	0	1	82725
165.466	0.25	0	1	82733
165.482	0.25	0	1	82741
165.5	0.25	0	1	82750
165.516	0.25	0	1	82758
165.532	0.25	0	1	82766
165.55	0.25	0	1	82775
165.566	0.25	0	1	82783
165.582	0.25	0	1	82791
165.6	0.25	0	1	82800
165.616	0.25	0	1	82808
165.632	0.25	0	1	82816
165.65	0.25	0	1	82825
165.666	0.25	0	1	82833
165.682	0.25	0	1	82841
165.7	0.25	0	1	82850
165.716	0.25	0	1	82858
165.732	0.25	0	1	82866
165.75	0.25	0	1	82875
165.766	0.25	0	1	82883
165.782	0.25	0	1	82891
165.8	0.25	0	1	82900
165.816	0.25	1	2	82908
165.832	0.25	1	2	82916
165.85	0.25	1	2	82925
165.866	0.25	1	2	82933
165.882	0.25	0	1	82941
165.9	0.25	0	1	82950
165.916	0.25	0	1	82958
165.932	0.25	0	1	82966
167.416	0.25	0	1	83708
167.432	0.25	1	2	83716
167.45	0.25	1	2	83725
167.466	0.25	1	2	83733
167.482	0.25	1	2	83741
167.5	0.25	0	1	83750
167.516	0.25	0	1	83758
167.532	0.25	0	1	83766
167.55	0.25	0	1	83775
167.566	0.25	0	1	83783
167.582	0.25	0	1	83791
167.6	0.25	0	1	83800
167.616	0.25	0	1	83808
167.632	0.25	0	1	83816
167.65	0.25	0	1	83825
167.666	0.25	0	1	83833
167.682	0.25	0	1	83841
167.7	0.25	0	1	83850
167.716	0.25	0	1	83858
167.732	0.25	0	1	83866
167.75	0.25	0	1	83875
167.766	0.25	0	1	83883
167.782	0.25	0	1	83891
167.8	0.25	0	1	83900
167.816	0.25	0	1	83908
167.832	0.25	0	1	83916
167.85	0.25	0	1	83925
167.866	0.25	0	1	83933
167.882	0.25	0	1	83941
167.9	0.25	0	1	83950
167.916	0.25	1	2	83958
167.932	0.25	1	2	83966
167.95	0.25	1	2	83975
167.966	0.25	1	2	83983
167.982	0.25	0	1	83991
168.0	0.25	0	1	84000
168.016	0.25	0	1	84008
168.032	0.25	0	1	84016
168.05	0.25	0	1	84025
168.066	0.25	0	1	84033
168.082	0.25	0	1	84041
168.1	0.25	0	1	84050
168.116	0.25	0	1	84058
168.132	0.25	0	1	84066
168.15	0.25	0	1	84075
168.166	0.25	0	1	84083
168.182	0.25	0	1	84091
168.2	0.25	0	1	84100
168.216	0.25	0	1	84108
168.232	0.25	0	1	84116
168.25	0.25	0	1	84125
168.266	0.25	0	1	84133
168.282	0.25	0	1	84141
168.3	0.25	0	1	84150
168.316	0.25	0	1	84158
168.332	0.25	0	1	84166
168.35	0.25	0	1	84175
168.366	0.25	0	1	84183
168.382	0.25	1	2	84191
168.4	0.25	1	2	84200
168.416	0.25	1	2	84208
168.432	0.25	1	2	84216
168.45	0.25	0	1	84225
168.466	0.25	0	1	84233
168.482	0.25	0	1	84241
168.5	0.25	0	1	84250
168.516	0.25	0	1	84258
168.532	0.25	0	1	84266
168.55	0.25	0	1	84275
168.566	0.25	0	1	84283
168.582	0.25	0	1	84291
168.6	0.25	0	1	84300
168.616	0.25	0	1	84308
168.632	0.25	0	1	84316
168.65	0.25	0	1	84325
168.666	0.25	0	1	84333
168.682	0.25	0	1	84341
168.7	0.25	0	1	84350
168.716	0.25	0	1	84358
168.732	0.25	0	1	84366
168.75	0.25	0	1	84375
168.766	0.25	0	1	84383
168.782	0.25	0	1	84391
168.8	0.25	1	2	84400
168.816	0.25	1	2	84408
168.832	0.25	1	2	84416
168.85	0.25	1	2	84425
168.866	0.25	0	1	84433
168.882	0.25	0	1	84441
168.9	0.25	0	1	84450
168.916	0.25	0	1	84458
168.932	0.25	0	1	84466
168.95	0.25	0	1	84475
168.966	0.25	0	1	84483
168.982	0.25	0	1	84491
169.0	0.25	0	1	84500
169.016	0.25	0	1	84508
169.032	0.25	0	1	84516
169.05	0.25	0	1	84525
169.066	0.25	0	1	84533
169.082	0.25	0	1	84541
169.1	0.25	0	1	84550
169.116	0.25	0	1	84558
169.132	0.25	0	1	84566
169.15	0.25	0	1	84575
169.166	0.25	0	1	84583
169.182	0.25	0	1	84591
169.2	0.25	0	1	84600
169.216	0.25	0	1	84608
169.232	0.25	1	2	84616
169.25	0.25	1	2	84625
169.266	0.25	1	2	84633
169.282	0.25	1	2	84641
169.3	0.25	0	1	84650
169.316	0.25	0	1	84658
169.332	0.25	0	1	84666
169.35	0.25	0	1	84675
170.832	0.25	0	1	85416
170.85	0.25	0	1	85425
170.866	0.25	0	1	85433
170.882	0.25	0	1	85441
170.9	0.25	0	1	85450
170.916	0.25	0	1	85458
170.932	0.25	0	1	85466
170.95	0.25	0	1	85475
170.966	0.25	0	1	85483
170.982	0.25	0	1	85491
171.0	0.25	0	1	85500
171.016	0.25	0	1	85508
171.032	0.25	0	1	85516
171.05	0.25	0	1	85525
171.066	0.25	0	1	85533
171.082	0.25	1	2	85541
171.1	0.25	1	2	85550
171.116	0.25	1	2	85558
171.132	0.25	1	2	85566
171.15	0.25	0	1	85575
171.166	0.25	0	1	85583
171.182	0.25	0	1	85591
171.2	0.25	0	1	85600
171.216	0.25	0	1	85608
171.232	0.25	0	1	85616
171.25	0.25	0	1	85625
171.266	0.25	0	1	85633
171.282	0.25	0	1	85641
171.3	0.25	0	1	85650
171.316	0.25	0	1	85658
171.332	0.25	0	1	85666
171.35	0.25	0	1	85675
171.366	0.25	0	1	85683
171.382	0.25	0	1	85691
171.4	0.25	0	1	85700
171.416	0.25	0	1	85708
171.432	0.25	0	1	85716
171.45	0.25	0	1	85725
171.466	0.25	0	1	85733
171.482	0.25	0	1	85741
171.5	0.25	0	1	85750
171.516	0.25	1	2	85758
171.532	0.25	1	2	85766
171.55	0.25	1	2	85775
171.566	0.25	1	2	85783
171.582	0.25	0	1	85791
171.6	0.25	0	1	85800
171.616	0.25	0	1	85808
171.632	0.25	0	1	85816
171.65	0.25	0	1	85825
171.666	0.25	0	1	85833
171.682	0.25	0	1	85841
171.7	0.25	0	1	85850
171.716	0.25	0	1	85858
171.732	0.25	0	1	85866
171.75	0.25	0	1	85875
171.766	0.25	0	1	85883
171.782	0.25	0	1	85891
171.8	0.25	0	1	85900
171.816	0.25	0	1	85908
171.832	0.25	0	1	85916
171.85	0.25	0	1	85925
171.866	0.25	0	1	85933
171.882	0.25	0	1	85941
171.9	0.25	0	1	85950
171.916	0.25	0	1	85958
171.932	0.25	0	1	85966
171.95	0.25	0	1	85975
171.966	0.25	0	1	85983
171.982	0.25	1	2	85991
172.0	0.25	1	2	86000
172.016	0.25	1	2	86008
172.032	0.25	1	2	86016
172.05	0.25	0	1	86025
172.066	0.25	0	1	86033
172.082	0.25	0	1	86041
172.1	0.25	0	1	86050
172.116	0.25	0	1	86058
172.132	0.25	0	1	86066
172.15	0.25	0	1	86075
172.166	0.25	0	1	86083
172.182	0.25	0	1	86091
172.2	0.25	0	1	86100
172.216	0.25	0	1	86108
172.232	0.25	0	1	86116
172.25	0.25	0	1	86125
172.266	0.25	0	1	86133
172.282	0.25	1	2	86141
172.3	0.25	1	2	86150
172.316	0.25	1	2	86158
172.332	0.25	1	2	86166
172.35	0.25	0	1	86175
172.366	0.25	0	1	86183
172.382	0.25	0	1	86191
172.4	0.25	0	1	86200
172.416	0.25	0	1	86208
172.432	0.25	0	1	86216
172.45	0.25	0	1	86225
172.466	0.25	0	1	86233
172.482	0.25	0	1	86241
172.5	0.25	0	1	86250
172.516	0.25	0	1	86258
172.532	0.25	0	1	86266
172.55	0.25	0	1	86275
172.566	0.25	0	1	86283
172.582	0.25	0	1	86291
172.6	0.25	0	1	86300
172.616	0.25	0	1	86308
172.632	0.25	0	1	86316
172.65	0.25	0	1	86325
172.666	0.25	0	1	86333
172.682	0.25	0	1	86341
172.7	0.25	0	1	86350
172.716	0.25	1	2	86358
172.732	0.25	1	2	86366
172.75	0.25	1	2	86375
172.766	0.25	1	2	86383
174.25	0.25	0	1	87125
174.266	0.25	0	1	87133
174.282	0.25	0	1	87141
174.3	0.25	0	1	87150
174.316	0.25	0	1	87158
174.332	0.25	0	1	87166
174.35	0.25	0	1	87175
174.366	0.25	0	1	87183
174.382	0.25	0	1	87191
174.4	0.25	0	1	87200
174.416	0.25	0	1	87208
174.432	0.25	0	1	87216
174.45	0.25	0	1	87225
174.466	0.25	0	1	87233
174.482	0.25	0	1	87241
174.5	0.25	0	1	87250
174.516	0.25	0	1	87258
174.532	0.25	0	1	87266
174.55	0.25	0	1	87275
174.566	0.25	0	1	87283
174.582	0.25	0	1	87291
174.6	0.25	0	1	87300
174.616	0.25	0	1	87308
174.632	0.25	1	2	87316
174.65	0.25	1	2	87325
174.666	0.25	1	2	87333
174.682	0.25	1	2	87341
174.7	0.25	0	1	87350
174.716	0.25	0	1	87358
174.732	0.25	0	1	87366
174.75	0.25	0	1	87375
174.766	0.25	0	1	87383
174.782	0.25	0	1	87391
174.8	0.25	0	1	87400
174.816	0.25	0	1	87408
174.832	0.25	0	1	87416
174.85	0.25	0	1	87425
174.866	0.25	0	1	87433
174.882	0.25	0	1	87441
174.9	0.25	0	1	87450
174.916	0.25	0	1	87458
174.932	0.25	0	1	87466
174.95	0.25	0	1	87475
174.966	0.25	0	1	87483
174.982	0.25	0	1	87491
175.0	0.25	0	1	87500
175.016	0.25	1	2	87508
175.032	0.25	1	2	87516
175.05	0.25	1	2	87525
175.066	0.25	1	2	87533
175.082	0.25	0	1	87541
175.1	0.25	0	1	87550
175.116	0.25	0	1	87558
175.132	0.25	0	1	87566
175.15	0.25	0	1	87575
175.166	0.25	0	1	87583
175.182	0.25	0	1	87591
175.2	0.25	0	1	87600
175.216	0.25	0	1	87608
175.232	0.25	0	1	87616
175.25	0.25	0	1	87625
175.266	0.25	0	1	87633
175.282	0.25	0	1	87641
175.3	0.25	0	1	87650
175.316	0.25	1	2	87658
175.332	0.25	1	2	87666
175.35	0.25	1	2	87675
175.366	0.25	1	2	87683
175.382	0.25	0	1	87691
175.4	0.25	0	1	87700
175.416	0.25	0	1	87708
175.432	0.25	0	1	87716
175.45	0.25	0	1	87725
175.466	0.25	0	1	87733
175.482	0.25	0	1	87741
175.5	0.25	0	1	87750
175.516	0.25	0	1	87758
175.532	0.25	0	1	87766
175.55	0.25	0	1	87775
175.566	0.25	0	1	87783
175.582	0.25	0	1	87791
175.6	0.25	1	2	87800
175.616	0.25	1	2	87808
175.632	0.25	1	2	87816
175.65	0.25	1	2	87825
175.666	0.25	0	1	87833
175.682	0.25	0	1	87841
175.7	0.25	0	1	87850
175.716	0.25	0	1	87858
175.732	0.25	0	1	87866
175.75	0.25	0	1	87875
175.766	0.25	0	1	87883
175.782	0.25	0	1	87891
175.8	0.25	0	1	87900
175.816	0.25	0	1	87908
175.832	0.25	0	1	87916
175.85	0.25	0	1	87925
175.866	0.25	0	1	87933
175.882	0.25	0	1	87941
175.9	0.25	0	1	87950
175.916	0.25	0	1	87958
175.932	0.25	1	2	87966
175.95	0.25	1	2	87975
175.966	0.25	1	2	87983
175.982	0.25	1	2	87991
176.0	0.25	0	1	88000
176.016	0.25	0	1	88008
176.032	0.25	0	1	88016
176.05	0.25	0	1	88025
176.066	0.25	0	1	88033
176.082	0.25	0	1	88041
176.1	0.25	0	1	88050
176.116	0.25	0	1	88058
176.132	0.25	0	1	88066
176.15	0.25	0	1	88075
176.166	0.25	0	1	88083
176.182	0.25	0	1	88091
178.466	0.25	0	1	89233
178.482	0.25	0	1	89241
178.5	0.25	0	1	89250
178.516	0.25	0	1	89258
178.532	0.25	0	1	89266
178.55	0.25	0	1	89275
178.566	0.25	0	1	89283
178.582	0.25	0	1	89291
178.6	0.25	0	1	89300
178.616	0.25	0	1	89308
178.632	0.25	0	1	89316
178.65	0.25	0	1	89325
178.666	0.25	0	1	89333
178.682	0.25	0	1	89341
178.7	0.25	0	1	89350
178.716	0.25	0	1	89358
178.732	0.25	0	1	89366
178.75	0.25	0	1	89375
178.766	0.25	0	1	89383
178.782	0.25	0	1	89391
178.8	0.25	0	1	89400
178.816	0.25	0	1	89408
178.832	0.25	0	1	89416
178.85	0.25	1	2	89425
178.866	0.25	1	2	89433
178.882	0.25	1	2	89441
178.9	0.25	1	2	89450
178.916	0.25	0	1	89458
178.932	0.25	0	1	89466
178.95	0.25	0	1	89475
178.966	0.25	0	1	89483
178.982	0.25	0	1	89491
179.0	0.25	0	1	89500
179.016	0.25	0	1	89508
179.032	0.25	0	1	89516
179.05	0.25	0	1	89525
179.066	0.25	0	1	89533
179.082	0.25	0	1	89541
179.1	0.25	0	1	89550
179.116	0.25	0	1	89558
179.132	0.25	0	1	89566
179.15	0.25	0	1	89575
179.166	0.25	0	1	89583
179.182	0.25	0	1	89591
179.2	0.25	0	1	89600
179.216	0.25	0	1	89608
179.232	0.25	1	2	89616
179.25	0.25	1	2	89625
179.266	0.25	1	2	89633
179.282	0.25	1	2	89641
179.3	0.25	0	1	89650
179.316	0.25	0	1	89658
179.332	0.25	0	1	89666
179.35	0.25	0	1	89675
179.366	0.25	0	1	89683
179.382	0.25	0	1	89691
179.4	0.25	0	1	89700
179.416	0.25	0	1	89708
179.432	0.25	0	1	89716
179.45	0.25	0	1	89725
179.466	0.25	0	1	89733
179.482	0.25	0	1	89741
179.5	0.25	0	1	89750
179.516	0.25	0	1	89758
179.532	0.25	1	2	89766
179.55	0.25	1	2	89775
179.566	0.25	1	2	89783
179.582	0.25	1	2	89791
179.6	0.25	0	1	89800
179.616	0.25	0	1	89808
179.632	0.25	0	1	89816
179.65	0.25	0	1	89825
179.666	0.25	0	1	89833
179.682	0.25	0	1	89841
179.7	0.25	0	1	89850
179.716	0.25	0	1	89858
179.732	0.25	0	1	89866
179.75	0.25	0	1	89875
179.766	0.25	0	1	89883
179.782	0.25	0	1	89891
179.8	0.25	0	1	89900
179.816	0.25	1	2	89908
179.832	0.25	1	2	89916
179.85	0.25	1	2	89925
179.866	0.25	1	2	89933
179.882	0.25	0	1	89941
179.9	0.25	0	1	89950
179.916	0.25	0	1	89958
179.932	0.25	0	1	89966
179.95	0.25	0	1	89975
179.966	0.25	0	1	89983
179.982	0.25	0	1	89991
180.0	0.25	0	1	90000
180.016	0.25	0	1	90008
180.032	0.25	0	1	90016
180.05	0.25	0	1	90025
180.066	0.25	0	1	90033
180.082	0.25	0	1	90041
180.1	0.25	0	1	90050
180.116	0.25	0	1	90058
180.132	0.25	0	1	90066
180.15	0.25	1	2	90075
180.166	0.25	1	2	90083
180.182	0.25	1	2	90091
180.2	0.25	1	2	90100
180.216	0.25	0	1	90108
180.232	0.25	0	1	90116
180.25	0.25	0	1	90125
180.266	0.25	0	1	90133
180.282	0.25	0	1	90141
180.3	0.25	0	1	90150
180.316	0.25	0	1	90158
180.332	0.25	0	1	90166
180.35	0.25	0	1	90175
180.366	0.25	0	1	90183
180.382	0.25	0	1	90191
180.4	0.25	0	1	90200
181.882	0.25	0	1	90941
181.9	0.25	0	1	90950
181.916	0.25	0	1	90958
181.932	0.25	0	1	90966
181.95	0.25	0	1	90975
181.966	0.25	0	1	90983
181.982	0.25	0	1	90991
182.0	0.25	0	1	91000
182.016	0.25	0	1	91008
182.032	0.25	0	1	91016
182.05	0.25	0	1	91025
182.066	0.25	0	1	91033
182.082	0.25	0	1	91041
182.1	0.25	0	1	91050
182.116	0.25	0	1	91058
182.132	0.25	0	1	91066
182.15	0.25	0	1	91075
182.166	0.25	0	1	91083
182.182	0.25	1	2	91091
182.2	0.25	1	2	91100
182.216	0.25	1	2	91108
182.232	0.25	1	2	91116
182.25	0.25	0	1	91125
182.266	0.25	0	1	91133
182.282	0.25	0	1	91141
182.3	0.25	0	1	91150
182.316	0.25	0	1	91158
182.332	0.25	0	1	91166
182.35	0.25	0	1	91175
182.366	0.25	0	1	91183
182.382	0.25	0	1	91191
182.4	0.25	0	1	91200
182.416	0.25	0	1	91208
182.432	0.25	0	1	91216
182.45	0.25	0	1	91225
182.466	0.25	0	1	91233
182.482	0.25	0	1	91241
182.5	0.25	0	1	91250
182.516	0.25	0	1	91258
182.532	0.25	0	1	91266
182.55	0.25	0	1	91275
182.566	0.25	0	1	91283
182.582	0.25	1	2	91291
182.6	0.25	1	2	91300
182.616	0.25	1	2	91308
182.632	0.25	1	2	91316
182.65	0.25	0	1	91325
182.666	0.25	0	1	91333
182.682	0.25	0	1	91341
182.7	0.25	0	1	91350
182.716	0.25	0	1	91358
182.732	0.25	0	1	91366
182.75	0.25	0	1	91375
182.766	0.25	0	1	91383
182.782	0.25	0	1	91391
182.8	0.25	0	1	91400
182.816	0.25	0	1	91408
182.832	0.25	0	1	91416
182.85	0.25	0	1	91425
182.866	0.25	1	2	91433
182.882	0.25	1	2	91441
182.9	0.25	1	2	91450
182.916	0.25	1	2	91458
182.932	0.25	0	1	91466
182.95	0.25	0	1	91475
182.966	0.25	0	1	91483
182.982	0.25	0	1	91491
183.0	0.25	0	1	91500
183.016	0.25	0	1	91508
183.032	0.25	0	1	91516
183.05	0.25	0	1	91525
183.066	0.25	0	1	91533
183.082	0.25	0	1	91541
183.1	0.25	0	1	91550
183.116	0.25	0	1	91558
183.132	0.25	0	1	91566
183.15	0.25	0	1	91575
183.166	0.25	0	1	91583
183.182	0.25	0	1	91591
183.2	0.25	0	1	91600
183.216	0.25	0	1	91608
183.232	0.25	1	2	91616
183.25	0.25	1	2	91625
183.266	0.25	1	2	91633
183.282	0.25	1	2	91641
183.3	0.25	0	1	91650
183.316	0.25	0	1	91658
183.332	0.25	0	1	91666
183.35	0.25	0	1	91675
183.366	0.25	0	1	91683
183.382	0.25	0	1	91691
183.4	0.25	0	1	91700
183.416	0.25	0	1	91708
183.432	0.25	0	1	91716
183.45	0.25	0	1	91725
183.466	0.25	0	1	91733
183.482	0.25	0	1	91741
183.5	0.25	0	1	91750
183.516	0.25	0	1	91758
183.532	0.25	0	1	91766
183.55	0.25	0	1	91775
183.566	0.25	0	1	91783
183.582	0.25	0	1	91791
183.6	0.25	0	1	91800
183.616	0.25	0	1	91808
183.632	0.25	0	1	91816
183.65	0.25	0	1	91825
183.666	0.25	0	1	91833
183.682	0.25	0	1	91841
183.7	0.25	1	2	91850
183.716	0.25	1	2	91858
183.732	0.25	1	2	91866
183.75	0.25	1	2	91875
183.766	0.25	0	1	91883
183.782	0.25	0	1	91891
183.8	0.25	0	1	91900
183.816	0.25	0	1	91908
185.3	0.25	0	1	92650
185.316	0.25	0	1	92658
185.332	0.25	0	1	92666
185.35	0.25	0	1	92675
185.366	0.25	0	1	92683
185.382	0.25	0	1	92691
185.4	0.25	0	1	92700
185.416	0.25	0	1	92708
185.432	0.25	0	1	92716
185.45	0.25	0	1	92725
185.466	0.25	0	1	92733
185.482	0.25	0	1	92741
185.5	0.25	0	1	92750
185.516	0.25	0	1	92758
185.532	0.25	0	1	92766
185.55	0.25	1	2	92775
185.566	0.25	1	2	92783
185.582	0.25	1	2	92791
185.6	0.25	1	2	92800
185.616	0.25	0	1	92808
185.632	0.25	0	1	92816
185.65	0.25	0	1	92825
185.666	0.25	0	1	92833
185.682	0.25	0	1	92841
185.7	0.25	0	1	92850
185.716	0.25	0	1	92858
185.732	0.25	0	1	92866
185.75	0.25	0	1	92875
185.766	0.25	0	1	92883
185.782	0.25	0	1	92891
185.8	0.25	0	1	92900
185.816	0.25	0	1	92908
185.832	0.25	0	1	92916
185.85	0.25	0	1	92925
185.866	0.25	0	1	92933
185.882	0.25	0	1	92941
185.9	0.25	0	1	92950
185.916	0.25	0	1	92958
185.932	0.25	0	1	92966
185.95	0.25	0	1	92975
185.966	0.25	0	1	92983
185.982	0.25	1	2	92991
186.0	0.25	1	2	93000
186.016	0.25	1	2	93008
186.032	0.25	1	2	93016
186.05	0.25	0	1	93025
186.066	0.25	0	1	93033
186.082	0.25	0	1	93041
186.1	0.25	0	1	93050
186.116	0.25	0	1	93058
186.132	0.25	0	1	93066
186.15	0.25	0	1	93075
186.166	0.25	0	1	93083
186.182	0.25	0	1	93091
186.2	0.25	0	1	93100
186.216	0.25	0	1	93108
186.232	0.25	0	1	93116
186.25	0.25	0	1	93125
186.266	0.25	0	1	93133
186.282	0.25	0	1	93141
186.3	0.25	0	1	93150
186.316	0.25	0	1	93158
186.332	0.25	0	1	93166
186.35	0.25	0	1	93175
186.366	0.25	0	1	93183
186.382	0.25	0	1	93191
186.4	0.25	0	1	93200
186.416	0.25	0	1	93208
186.432	0.25	0	1	93216
186.45	0.25	1	2	93225
186.466	0.25	1	2	93233
186.482	0.25	1	2	93241
186.5	0.25	1	2	93250
186.516	0.25	0	1	93258
186.532	0.25	0	1	93266
186.55	0.25	0	1	93275
186.566	0.25	0	1	93283
186.582	0.25	0	1	93291
186.6	0.25	0	1	93300
186.616	0.25	0	1	93308
186.632	0.25	0	1	93316
186.65	0.25	0	1	93325
186.666	0.25	0	1	93333
186.682	0.25	0	1	93341
186.7	0.25	0	1	93350
186.716	0.25	0	1	93358
186.732	0.25	0	1	93366
186.75	0.25	1	2	93375
186.766	0.25	1	2	93383
186.782	0.25	1	2	93391
186.8	0.25	1	2	93400
186.816	0.25	0	1	93408
186.832	0.25	0	1	93416
186.85	0.25	0	1	93425
186.866	0.25	0	1	93433
186.882	0.25	0	1	93441
186.9	0.25	0	1	93450
186.916	0.25	0	1	93458
186.932	0.25	0	1	93466
186.95	0.25	0	1	93475
186.966	0.25	0	1	93483
186.982	0.25	0	1	93491
187.0	0.25	0	1	93500
187.016	0.25	0	1	93508
187.032	0.25	0	1	93516
187.05	0.25	0	1	93525
187.066	0.25	0	1	93533
187.082	0.25	0	1	93541
187.1	0.25	0	1	93550
187.116	0.25	0	1	93558
187.132	0.25	0	1	93566
187.15	0.25	0	1	93575
187.166	0.25	0	1	93583
187.182	0.25	1	2	93591
187.2	0.25	1	2	93600
187.216	0.25	1	2	93608
187.232	0.25	1	2	93616
188.716	0.25	0	1	94358
188.732	0.25	1	2	94366
188.75	0.25	1	2	94375
188.766	0.25	1	2	94383
188.782	0.25	1	2	94391
188.8	0.25	0	1	94400
188.816	0.25	0	1	94408
188.832	0.25	0	1	94416
188.85	0.25	0	1	94425
188.866	0.25	0	1	94433
188.882	0.25	0	1	94441
188.9	0.25	0	1	94450
188.916	0.25	0	1	94458
188.932	0.25	0	1	94466
188.95	0.25	0	1	94475
188.966	0.25	0	1	94483
188.982	0.25	0	1	94491
189.0	0.25	0	1	94500
189.016	0.25	0	1	94508
189.032	0.25	0	1	94516
189.05	0.25	0	1	94525
189.066	0.25	0	1	94533
189.082	0.25	0	1	94541
189.1	0.25	0	1	94550
189.116	0.25	0	1	94558
189.132	0.25	0	1	94566
189.15	0.25	0	1	94575
189.166	0.25	0	1	94583
189.182	0.25	0	1	94591
189.2	0.25	0	1	94600
189.216	0.25	1	2	94608
189.232	0.25	1	2	94616
189.25	0.25	1	2	94625
189.266	0.25	1	2	94633
189.282	0.25	0	1	94641
189.3	0.25	0	1	94650
189.316	0.25	0	1	94658
189.332	0.25	0	1	94666
189.35	0.25	0	1	94675
189.366	0.25	0	1	94683
189.382	0.25	0	1	94691
189.4	0.25	0	1	94700
189.416	0.25	0	1	94708
189.432	0.25	0	1	94716
189.45	0.25	0	1	94725
189.466	0.25	0	1	94733
189.482	0.25	0	1	94741
189.5	0.25	0	1	94750
189.516	0.25	0	1	94758
189.532	0.25	0	1	94766
189.55	0.25	0	1	94775
189.566	0.25	0	1	94783
189.582	0.25	0	1	94791
189.6	0.25	0	1	94800
189.616	0.25	0	1	94808
189.632	0.25	0	1	94816
189.65	0.25	0	1	94825
189.666	0.25	0	1	94833
189.682	0.25	1	2	94841
189.7	0.25	1	2	94850
189.716	0.25	1	2	94858
189.732	0.25	1	2	94866
189.75	0.25	0	1	94875
189.766	0.25	0	1	94883
189.782	0.25	0	1	94891
189.8	0.25	0	1	94900
189.816	0.25	0	1	94908
189.832	0.25	0	1	94916
189.85	0.25	0	1	94925
189.866	0.25	0	1	94933
189.882	0.25	0	1	94941
189.9	0.25	0	1	94950
189.916	0.25	0	1	94958
189.932	0.25	0	1	94966
189.95	0.25	0	1	94975
189.966	0.25	0	1	94983
189.982	0.25	0	1	94991
190.0	0.25	0	1	95000
190.016	0.25	0	1	95008
190.032	0.25	0	1	95016
190.05	0.25	0	1	95025
190.066	0.25	0	1	95033
190.082	0.25	0	1	95041
190.1	0.25	1	2	95050
190.116	0.25	1	2	95058
190.132	0.25	1	2	95066
190.15	0.25	1	2	95075
190.166	0.25	0	1	95083
190.182	0.25	0	1	95091
190.2	0.25	0	1	95100
190.216	0.25	0	1	95108
190.232	0.25	0	1	95116
190.25	0.25	0	1	95125
190.266	0.25	0	1	95133
190.282	0.25	0	1	95141
190.3	0.25	0	1	95150
190.316	0.25	0	1	95158
190.332	0.25	0	1	95166
190.35	0.25	0	1	95175
190.366	0.25	0	1	95183
190.382	0.25	0	1	95191
190.4	0.25	0	1	95200
190.416	0.25	0	1	95208
190.432	0.25	0	1	95216
190.45	0.25	0	1	95225
190.466	0.25	0	1	95233
190.482	0.25	0	1	95241
190.5	0.25	0	1	95250
190.516	0.25	0	1	95258
190.532	0.25	1	2	95266
190.55	0.25	1	2	95275
190.566	0.25	1	2	95283
190.582	0.25	1	2	95291
190.6	0.25	0	1	95300
190.616	0.25	0	1	95308
190.632	0.25	0	1	95316
190.65	0.25	0	1	95325
192.782	0.25	0	1	96391
192.8	0.25	1	2	96400
192.816	0.25	1	2	96408
192.832	0.25	1	2	96416
192.85	0.25	1	2	96425
192.866	0.25	0	1	96433
192.882	0.25	0	1	96441
192.9	0.25	0	1	96450
192.916	0.25	0	1	96458
192.932	0.25	0	1	96466
192.95	0.25	0	1	96475
192.966	0.25	0	1	96483
192.982	0.25	0	1	96491
193.0	0.25	0	1	96500
193.016	0.25	0	1	96508
193.032	0.25	0	1	96516
193.05	0.25	0	1	96525
193.066	0.25	0	1	96533
193.082	0.25	0	1	96541
193.1	0.25	0	1	96550
193.116	0.25	0	1	96558
193.132	0.25	0	1	96566
193.15	0.25	0	1	96575
193.166	0.25	0	1	96583
193.182	0.25	0	1	96591
193.2	0.25	0	1	96600
193.216	0.25	0	1	96608
193.232	0.25	0	1	96616
193.25	0.25	0	1	96625
193.266	0.25	0	1	96633
193.282	0.25	1	2	96641
193.3	0.25	1	2	96650
193.316	0.25	1	2	96658
193.332	0.25	1	2	96666
193.35	0.25	0	1	96675
193.366	0.25	0	1	96683
193.382	0.25	0	1	96691
193.4	0.25	0	1	96700
193.416	0.25	0	1	96708
193.432	0.25	0	1	96716
193.45	0.25	0	1	96725
193.466	0.25	0	1	96733
193.482	0.25	0	1	96741
193.5	0.25	0	1	96750
193.516	0.25	0	1	96758
193.532	0.25	0	1	96766
193.55	0.25	0	1	96775
193.566	0.25	0	1	96783
193.582	0.25	0	1	96791
193.6	0.25	0	1	96800
193.616	0.25	0	1	96808
193.632	0.25	0	1	96816
193.65	0.25	0	1	96825
193.666	0.25	0	1	96833
193.682	0.25	0	1	96841
193.7	0.25	0	1	96850
193.716	0.25	0	1	96858
193.732	0.25	0	1	96866
193.75	0.25	1	2	96875
193.766	0.25	1	2	96883
193.782	0.25	1	2	96891
193.8	0.25	1	2	96900
193.816	0.25	0	1	96908
193.832	0.25	0	1	96916
193.85	0.25	0	1	96925
193.866	0.25	0	1	96933
193.882	0.25	0	1	96941
193.9	0.25	0	1	96950
193.916	0.25	0	1	96958
193.932	0.25	0	1	96966
193.95	0.25	0	1	96975
193.966	0.25	0	1	96983
193.982	0.25	0	1	96991
194.0	0.25	0	1	97000
194.016	0.25	0	1	97008
194.032	0.25	0	1	97016
194.05	0.25	0	1	97025
194.066	0.25	0	1	97033
194.082	0.25	0	1	97041
194.1	0.25	0	1	97050
194.116	0.25	0	1	97058
194.132	0.25	0	1	97066
194.15	0.25	0	1	97075
194.166	0.25	1	2	97083
194.182	0.25	1	2	97091
194.2	0.25	1	2	97100
194.216	0.25	1	2	97108
194.232	0.25	0	1	97116
194.25	0.25	0	1	97125
194.266	0.25	0	1	97133
194.282	0.25	0	1	97141
194.3	0.25	0	1	97150
194.316	0.25	0	1	97158
194.332	0.25	0	1	97166
194.35	0.25	0	1	97175
194.366	0.25	0	1	97183
194.382	0.25	0	1	97191
194.4	0.25	0	1	97200
194.416	0.25	0	1	97208
194.432	0.25	0	1	97216
194.45	0.25	0	1	97225
194.466	0.25	0	1	97233
194.482	0.25	0	1	97241
194.5	0.25	0	1	97250
194.516	0.25	0	1	97258
194.532	0.25	0	1	97266
194.55	0.25	0	1	97275
194.566	0.25	0	1	97283
194.582	0.25	0	1	97291
194.6	0.25	1	2	97300
194.616	0.25	1	2	97308
194.632	0.25	1	2	97316
194.65	0.25	1	2	97325
194.666	0.25	0	1	97333
194.682	0.25	0	1	97341
194.7	0.25	0	1	97350
194.716	0.25	0	1	97358
196.2	0.25	0	1	98100
196.216	0.25	0	1	98108
196.232	0.25	0	1	98116
196.25	0.25	0	1	98125
196.266	0.25	0	1	98133
196.282	0.25	0	1	98141
196.3	0.25	0	1	98150
196.316	0.25	0	1	98158
196.332	0.25	0	1	98166
196.35	0.25	0	1	98175
196.366	0.25	0	1	98183
196.382	0.25	0	1	98191
196.4	0.25	0	1	98200
196.416	0.25	0	1	98208
196.432	0.25	0	1	98216
196.45	0.25	1	2	98225
196.466	0.25	1	2	98233
196.482	0.25	1	2	98241
196.5	0.25	1	2	98250
196.516	0.25	0	1	98258
196.532	0.25	0	1	98266
196.55	0.25	0	1	98275
196.566	0.25	0	1	98283
196.582	0.25	0	1	98291
196.6	0.25	0	1	98300
196.616	0.25	0	1	98308
196.632	0.25	0	1	98316
196.65	0.25	0	1	98325
196.666	0.25	0	1	98333
196.682	0.25	0	1	98341
196.7	0.25	0	1	98350
196.716	0.25	0	1	98358
196.732	0.25	0	1	98366
196.75	0.25	0	1	98375
196.766	0.25	0	1	98383
196.782	0.25	0	1	98391
196.8	0.25	0	1	98400
196.816	0.25	0	1	98408
196.832	0.25	0	1	98416
196.85	0.25	0	1	98425
196.866	0.25	0	1	98433
196.882	0.25	1	2	98441
196.9	0.25	1	2	98450
196.916	0.25	1	2	98458
196.932	0.25	1	2	98466
196.95	0.25	0	1	98475
196.966	0.25	0	1	98483
196.982	0.25	0	1	98491
197.0	0.25	0	1	98500
197.016	0.25	0	1	98508
197.032	0.25	0	1	98516
197.05	0.25	0	1	98525
197.066	0.25	0	1	98533
197.082	0.25	0	1	98541
197.1	0.25	0	1	98550
197.116	0.25	0	1	98558
197.132	0.25	0	1	98566
197.15	0.25	0	1	98575
197.166	0.25	0	1	98583
197.182	0.25	0	1	98591
197.2	0.25	0	1	98600
197.216	0.25	0	1	98608
197.232	0.25	0	1	98616
197.25	0.25	0	1	98625
197.266	0.25	0	1	98633
197.282	0.25	0	1	98641
197.3	0.25	0	1	98650
197.316	0.25	0	1	98658
197.332	0.25	0	1	98666
197.35	0.25	1	2	98675
197.366	0.25	1	2	98683
197.382	0.25	1	2	98691
197.4	0.25	1	2	98700
197.416	0.25	0	1	98708
197.432	0.25	0	1	98716
197.45	0.25	0	1	98725
197.466	0.25	0	1	98733
197.482	0.25	0	1	98741
197.5	0.25	0	1	98750
197.516	0.25	0	1	98758
197.532	0.25	0	1	98766
197.55	0.25	0	1	98775
197.566	0.25	0	1	98783
197.582	0.25	0	1	98791
197.6	0.25	0	1	98800
197.616	0.25	0	1	98808
197.632	0.25	0	1	98816
197.65	0.25	1	2	98825
197.666	0.25	1	2	98833
197.682	0.25	1	2	98841
197.7	0.25	1	2	98850
197.716	0.25	0	1	98858
197.732	0.25	0	1	98866
197.75	0.25	0	1	98875
197.766	0.25	0	1	98883
197.782	0.25	0	1	98891
197.8	0.25	0	1	98900
197.816	0.25	0	1	98908
197.832	0.25	0	1	98916
197.85	0.25	0	1	98925
197.866	0.25	0	1	98933
197.882	0.25	0	1	98941
197.9	0.25	0	1	98950
197.916	0.25	0	1	98958
197.932	0.25	0	1	98966
197.95	0.25	0	1	98975
197.966	0.25	0	1	98983
197.982	0.25	0	1	98991
198.0	0.25	0	1	99000
198.016	0.25	0	1	99008
198.032	0.25	0	1	99016
198.05	0.25	0	1	99025
198.066	0.25	0	1	99033
198.082	0.25	1	2	99041
198.1	0.25	1	2	99050
198.116	0.25	1	2	99058
198.132	0.25	1	2	99066
199.616	0.25	0	1	99808
199.632	0.25	0	1	99816
199.65	0.25	0	1	99825
199.666	0.25	0	1	99833
199.682	0.25	0	1	99841
199.7	0.25	0	1	99850
199.716	0.25	0	1	99858
199.732	0.25	0	1	99866
199.75	0.25	0	1	99875
199.766	0.25	0	1	99883
199.782	0.25	0	1	99891
199.8	0.25	0	1	99900
199.816	0.25	0	1	99908
199.832	0.25	0	1	99916
199.85	0.25	0	1	99925
199.866	0.25	0	1	99933
199.882	0.25	0	1	99941
199.9	0.25	0	1	99950
199.916	0.25	0	1	99958
199.932	0.25	0	1	99966
199.95	0.25	0	1	99975
199.966	0.25	0	1	99983
199.982	0.25	0	1	99991
200.0	0.25	1	2	100000
200.016	0.25	1	2	100008
200.032	0.25	1	2	100016
200.05	0.25	1	2	100025
200.066	0.25	0	1	100033
200.082	0.25	0	1	100041
200.1	0.25	0	1	100050
200.116	0.25	0	1	100058
200.132	0.25	0	1	100066
200.15	0.25	0	1	100075
200.166	0.25	0	1	100083
200.182	0.25	0	1	100091
200.2	0.25	0	1	100100
200.216	0.25	0	1	100108
200.232	0.25	0	1	100116
200.25	0.25	0	1	100125
200.266	0.25	0	1	100133
200.282	0.25	0	1	100141
200.3	0.25	0	1	100150
200.316	0.25	0	1	100158
200.332	0.25	0	1	100166
200.35	0.25	0	1	100175
200.366	0.25	0	1	100183
200.382	0.25	1	2	100191
200.4	0.25	1	2	100200
200.416	0.25	1	2	100208
200.432	0.25	1	2	100216
200.45	0.25	0	1	100225
200.466	0.25	0	1	100233
200.482	0.25	0	1	100241
200.5	0.25	0	1	100250
200.516	0.25	0	1	100258
200.532	0.25	0	1	100266
200.55	0.25	0	1	100275
200.566	0.25	0	1	100283
200.582	0.25	0	1	100291
200.6	0.25	0	1	100300
200.616	0.25	0	1	100308
200.632	0.25	0	1	100316
200.65	0.25	0	1	100325
200.666	0.25	0	1	100333
200.682	0.25	1	2	100341
200.7	0.25	1	2	100350
200.716	0.25	1	2	100358
200.732	0.25	1	2	100366
200.75	0.25	0	1	100375
200.766	0.25	0	1	100383
200.782	0.25	0	1	100391
200.8	0.25	0	1	100400
200.816	0.25	0	1	100408
200.832	0.25	0	1	100416
200.85	0.25	0	1	100425
200.866	0.25	0	1	100433
200.882	0.25	0	1	100441
200.9	0.25	0	1	100450
200.916	0.25	0	1	100458
200.932	0.25	0	1	100466
200.95	0.25	0	1	100475
200.966	0.25	1	2	100483
200.982	0.25	1	2	100491
201.0	0.25	1	2	100500
201.016	0.25	1	2	100508
201.032	0.25	0	1	100516
201.05	0.25	0	1	100525
201.066	0.25	0	1	100533
201.082	0.25	0	1	100541
201.1	0.25	0	1	100550
201.116	0.25	0	1	100558
201.132	0.25	0	1	100566
201.15	0.25	0	1	100575
201.166	0.25	0	1	100583
201.182	0.25	0	1	100591
201.2	0.25	0	1	100600
201.216	0.25	0	1	100608
201.232	0.25	0	1	100616
201.25	0.25	0	1	100625
201.266	0.25	0	1	100633
201.282	0.25	0	1	100641
201.3	0.25	1	2	100650
201.316	0.25	1	2	100658
201.332	0.25	1	2	100666
201.35	0.25	1	2	100675
201.366	0.25	0	1	100683
201.382	0.25	0	1	100691
201.4	0.25	0	1	100700
201.416	0.25	0	1	100708
201.432	0.25	0	1	100716
201.45	0.25	0	1	100725
201.466	0.25	0	1	100733
201.482	0.25	0	1	100741
201.5	0.25	0	1	100750
201.516	0.25	0	1	100758
201.532	0.25	0	1	100766
201.55	0.25	0	1	100775
203.032	0.25	0	1	101516
203.05	0.25	0	1	101525
203.066	0.25	0	1	101533
203.082	0.25	0	1	101541
203.1	0.25	0	1	101550
203.116	0.25	0	1	101558
203.132	0.25	0	1	101566
203.15	0.25	0	1	101575
203.166	0.25	0	1	101583
203.182	0.25	0	1	101591
203.2	0.25	0	1	101600
203.216	0.25	0	1	101608
203.232	0.25	0	1	101616
203.25	0.25	0	1	101625
203.266	0.25	0	1	101633
203.282	0.25	0	1	101641
203.3	0.25	0	1	101650
203.316	0.25	0	1	101658
203.332	0.25	1	2	101666
203.35	0.25	1	2	101675
203.366	0.25	1	2	101683
203.382	0.25	1	2	101691
203.4	0.25	0	1	101700
203.416	0.25	0	1	101708
203.432	0.25	0	1	101716
203.45	0.25	0	1	101725
203.466	0.25	0	1	101733
203.482	0.25	0	1	101741
203.5	0.25	0	1	101750
203.516	0.25	0	1	101758
203.532	0.25	0	1	101766
203.55	0.25	0	1	101775
203.566	0.25	0	1	101783
203.582	0.25	0	1	101791
203.6	0.25	0	1	101800
203.616	0.25	0	1	101808
203.632	0.25	0	1	101816
203.65	0.25	0	1	101825
203.666	0.25	0	1	101833
203.682	0.25	0	1	101841
203.7	0.25	0	1	101850
203.716	0.25	0	1	101858
203.732	0.25	1	2	101866
203.75	0.25	1	2	101875
203.766	0.25	1	2	101883
203.782	0.25	1	2	101891
203.8	0.25	0	1	101900
203.816	0.25	0	1	101908
203.832	0.25	0	1	101916
203.85	0.25	0	1	101925
203.866	0.25	0	1	101933
203.882	0.25	0	1	101941
203.9	0.25	0	1	101950
203.916	0.25	0	1	101958
203.932	0.25	0	1	101966
203.95	0.25	0	1	101975
203.966	0.25	0	1	101983
203.982	0.25	0	1	101991
204.0	0.25	0	1	102000
204.016	0.25	1	2	102008
204.032	0.25	1	2	102016
204.05	0.25	1	2	102025
204.066	0.25	1	2	102033
204.082	0.25	0	1	102041
204.1	0.25	0	1	102050
204.116	0.25	0	1	102058
204.132	0.25	0	1	102066
204.15	0.25	0	1	102075
204.166	0.25	0	1	102083
204.182	0.25	0	1	102091
204.2	0.25	0	1	102100
204.216	0.25	0	1	102108
204.232	0.25	0	1	102116
204.25	0.25	0	1	102125
204.266	0.25	0	1	102133
204.282	0.25	0	1	102141
204.3	0.25	0	1	102150
204.316	0.25	0	1	102158
204.332	0.25	0	1	102166
204.35	0.25	0	1	102175
204.366	0.25	0	1	102183
204.382	0.25	1	2	102191
204.4	0.25	1	2	102200
204.416	0.25	1	2	102208
204.432	0.25	1	2	102216
204.45	0.25	0	1	102225
204.466	0.25	0	1	102233
204.482	0.25	0	1	102241
204.5	0.25	0	1	102250
204.516	0.25	0	1	102258
204.532	0.25	0	1	102266
204.55	0.25	0	1	102275
204.566	0.25	0	1	102283
204.582	0.25	0	1	102291
204.6	0.25	0	1	102300
204.616	0.25	0	1	102308
204.632	0.25	0	1	102316
204.65	0.25	0	1	102325
204.666	0.25	0	1	102333
204.682	0.25	0	1	102341
204.7	0.25	0	1	102350
204.716	0.25	0	1	102358
204.732	0.25	0	1	102366
204.75	0.25	0	1	102375
204.766	0.25	0	1	102383
204.782	0.25	0	1	102391
204.8	0.25	0	1	102400
204.816	0.25	0	1	102408
204.832	0.25	0	1	102416
204.85	0.25	1	2	102425
204.866	0.25	1	2	102433
204.882	0.25	1	2	102441
204.9	0.25	1	2	102450
204.916	0.25	0	1	102458
204.932	0.25	0	1	102466
204.95	0.25	0	1	102475
204.966	0.25	0	1	102483
207.116	0.25	0	1	103558
207.132	0.25	0	1	103566
207.15	0.25	0	1	103575
207.166	0.25	0	1	103583
207.182	0.25	0	1	103591
207.2	0.25	0	1	103600
207.216	0.25	0	1	103608
207.232	0.25	0	1	103616
207.25	0.25	0	1	103625
207.266	0.25	0	1	103633
207.282	0.25	0	1	103641
207.3	0.25	0	1	103650
207.316	0.25	0	1	103658
207.332	0.25	0	1	103666
207.35	0.25	0	1	103675
207.366	0.25	0	1	103683
207.382	0.25	0	1	103691
207.4	0.25	0	1	103700
207.416	0.25	0	1	103708
207.432	0.25	0	1	103716
207.45	0.25	0	1	103725
207.466	0.25	0	1	103733
207.482	0.25	0	1	103741
207.5	0.25	1	2	103750
207.516	0.25	1	2	103758
207.532	0.25	1	2	103766
207.55	0.25	1	2	103775
207.566	0.25	0	1	103783
207.582	0.25	0	1	103791
207.6	0.25	0	1	103800
207.616	0.25	0	1	103808
207.632	0.25	0	1	103816
207.65	0.25	0	1	103825
207.666	0.25	0	1	103833
207.682	0.25	0	1	103841
207.7	0.25	0	1	103850
207.716	0.25	0	1	103858
207.732	0.25	0	1	103866
207.75	0.25	0	1	103875
207.766	0.25	0	1	103883
207.782	0.25	0	1	103891
207.8	0.25	0	1	103900
207.816	0.25	0	1	103908
207.832	0.25	0	1	103916
207.85	0.25	0	1	103925
207.866	0.25	0	1	103933
207.882	0.25	1	2	103941
207.9	0.25	1	2	103950
207.916	0.25	1	2	103958
207.932	0.25	1	2	103966
207.95	0.25	0	1	103975
207.966	0.25	0	1	103983
207.982	0.25	0	1	103991
208.0	0.25	0	1	104000
208.016	0.25	0	1	104008
208.032	0.25	0	1	104016
208.05	0.25	0	1	104025
208.066	0.25	0	1	104033
208.082	0.25	0	1	104041
208.1	0.25	0	1	104050
208.116	0.25	0	1	104058
208.132	0.25	0	1	104066
208.15	0.25	0	1	104075
208.166	0.25	0	1	104083
208.182	0.25	1	2	104091
208.2	0.25	1	2	104100
208.216	0.25	1	2	104108
208.232	0.25	1	2	104116
208.25	0.25	0	1	104125
208.266	0.25	0	1	104133
208.282	0.25	0	1	104141
208.3	0.25	0	1	104150
208.316	0.25	0	1	104158
208.332	0.25	0	1	104166
208.35	0.25	0	1	104175
208.366	0.25	0	1	104183
208.382	0.25	0	1	104191
208.4	0.25	0	1	104200
208.416	0.25	0	1	104208
208.432	0.25	0	1	104216
208.45	0.25	0	1	104225
208.466	0.25	1	2	104233
208.482	0.25	1	2	104241
208.5	0.25	1	2	104250
208.516	0.25	1	2	104258
208.532	0.25	0	1	104266
208.55	0.25	0	1	104275
208.566	0.25	0	1	104283
208.582	0.25	0	1	104291
208.6	0.25	0	1	104300
208.616	0.25	0	1	104308
208.632	0.25	0	1	104316
208.65	0.25	0	1	104325
208.666	0.25	0	1	104333
208.682	0.25	0	1	104341
208.7	0.25	0	1	104350
208.716	0.25	0	1	104358
208.732	0.25	0	1	104366
208.75	0.25	0	1	104375
208.766	0.25	0	1	104383
208.782	0.25	0	1	104391
208.8	0.25	1	2	104400
208.816	0.25	1	2	104408
208.832	0.25	1	2	104416
208.85	0.25	1	2	104425
208.866	0.25	0	1	104433
208.882	0.25	0	1	104441
208.9	0.25	0	1	104450
208.916	0.25	0	1	104458
208.932	0.25	0	1	104466
208.95	0.25	0	1	104475
208.966	0.25	0	1	104483
208.982	0.25	0	1	104491
209.0	0.25	0	1	104500
209.016	0.25	0	1	104508
209.032	0.25	0	1	104516
209.05	0.25	0	1	104525
210.532	0.25	0	1	105266
210.55	0.25	0	1	105275
210.566	0.25	0	1	105283
210.582	0.25	0	1	105291
210.6	0.25	0	1	105300
210.616	0.25	0	1	105308
210.632	0.25	0	1	105316
210.65	0.25	0	1	105325
210.666	0.25	0	1	105333
210.682	0.25	0	1	105341
210.7	0.25	0	1	105350
210.716	0.25	0	1	105358
210.732	0.25	0	1	105366
210.75	0.25	0	1	105375
210.766	0.25	0	1	105383
210.782	0.25	1	2	105391
210.8	0.25	1	2	105400
210.816	0.25	1	2	105408
210.832	0.25	1	2	105416
210.85	0.25	0	1	105425
210.866	0.25	0	1	105433
210.882	0.25	0	1	105441
210.9	0.25	0	1	105450
210.916	0.25	0	1	105458
210.932	0.25	0	1	105466
210.95	0.25	0	1	105475
210.966	0.25	0	1	105483
210.982	0.25	0	1	105491
211.0	0.25	0	1	105500
211.016	0.25	0	1	105508
211.032	0.25	0	1	105516
211.05	0.25	0	1	105525
211.066	0.25	0	1	105533
211.082	0.25	0	1	105541
211.1	0.25	0	1	105550
211.116	0.25	0	1	105558
211.132	0.25	0	1	105566
211.15	0.25	0	1	105575
211.166	0.25	0	1	105583
211.182	0.25	0	1	105591
211.2	0.25	0	1	105600
211.216	0.25	1	2	105608
211.232	0.25	1	2	105616
211.25	0.25	1	2	105625
211.266	0.25	1	2	105633
211.282	0.25	0	1	105641
211.3	0.25	0	1	105650
211.316	0.25	0	1	105658
211.332	0.25	0	1	105666
211.35	0.25	0	1	105675
211.366	0.25	0	1	105683
211.382	0.25	0	1	105691
211.4	0.25	0	1	105700
211.416	0.25	0	1	105708
211.432	0.25	0	1	105716
211.45	0.25	0	1	105725
211.466	0.25	0	1	105733
211.482	0.25	0	1	105741
211.5	0.25	0	1	105750
211.516	0.25	0	1	105758
211.532	0.25	0	1	105766
211.55	0.25	0	1	105775
211.566	0.25	0	1	105783
211.582	0.25	0	1	105791
211.6	0.25	0	1	105800
211.616	0.25	0	1	105808
211.632	0.25	0	1	105816
211.65	0.25	0	1	105825
211.666	0.25	0	1	105833
211.682	0.25	1	2	105841
211.7	0.25	1	2	105850
211.716	0.25	1	2	105858
211.732	0.25	1	2	105866
211.75	0.25	0	1	105875
211.766	0.25	0	1	105883
211.782	0.25	0	1	105891
211.8	0.25	0	1	105900
211.816	0.25	0	1	105908
211.832	0.25	0	1	105916
211.85	0.25	0	1	105925
211.866	0.25	0	1	105933
211.882	0.25	0	1	105941
211.9	0.25	0	1	105950
211.916	0.25	0	1	105958
211.932	0.25	0	1	105966
211.95	0.25	0	1	105975
211.966	0.25	0	1	105983
211.982	0.25	1	2	105991
212.0	0.25	1	2	106000
212.016	0.25	1	2	106008
212.032	0.25	1	2	106016
212.05	0.25	0	1	106025
212.066	0.25	0	1	106033
212.082	0.25	0	1	106041
212.1	0.25	0	1	106050
212.116	0.25	0	1	106058
212.132	0.25	0	1	106066
212.15	0.25	0	1	106075
212.166	0.25	0	1	106083
212.182	0.25	0	1	106091
212.2	0.25	0	1	106100
212.216	0.25	0	1	106108
212.232	0.25	0	1	106116
212.25	0.25	0	1	106125
212.266	0.25	0	1	106133
212.282	0.25	0	1	106141
212.3	0.25	0	1	106150
212.316	0.25	0	1	106158
212.332	0.25	0	1	106166
212.35	0.25	0	1	106175
212.366	0.25	0	1	106183
212.382	0.25	0	1	106191
212.4	0.25	0	1	106200
212.416	0.25	1	2	106208
212.432	0.25	1	2	106216
212.45	0.25	1	2	106225
212.466	0.25	1	2	106233
213.95	0.25	0	1	106975
213.966	0.25	0	1	106983
213.982	0.25	0	1	106991
214.0	0.25	0	1	107000
214.016	0.25	0	1	107008
214.032	0.25	0	1	107016
214.05	0.25	0	1	107025
214.066	0.25	0	1	107033
214.082	0.25	0	1	107041
214.1	0.25	0	1	107050
214.116	0.25	0	1	107058
214.132	0.25	0	1	107066
214.15	0.25	0	1	107075
214.166	0.25	0	1	107083
214.182	0.25	0	1	107091
214.2	0.25	0	1	107100
214.216	0.25	0	1	107108
214.232	0.25	0	1	107116
214.25	0.25	1	2	107125
214.266	0.25	1	2	107133
214.282	0.25	1	2	107141
214.3	0.25	1	2	107150
214.316	0.25	0	1	107158
214.332	0.25	0	1	107166
214.35	0.25	0	1	107175
214.366	0.25	0	1	107183
214.382	0.25	0	1	107191
214.4	0.25	0	1	107200
214.416	0.25	0	1	107208
214.432	0.25	0	1	107216
214.45	0.25	0	1	107225
214.466	0.25	0	1	107233
214.482	0.25	0	1	107241
214.5	0.25	0	1	107250
214.516	0.25	0	1	107258
214.532	0.25	0	1	107266
214.55	0.25	0	1	107275
214.566	0.25	0	1	107283
214.582	0.25	0	1	107291
214.6	0.25	0	1	107300
214.616	0.25	0	1	107308
214.632	0.25	0	1	107316
214.65	0.25	1	2	107325
214.666	0.25	1	2	107333
214.682	0.25	1	2	107341
214.7	0.25	1	2	107350
214.716	0.25	0	1	107358
214.732	0.25	0	1	107366
214.75	0.25	0	1	107375
214.766	0.25	0	1	107383
214.782	0.25	0	1	107391
214.8	0.25	0	1	107400
214.816	0.25	0	1	107408
214.832	0.25	0	1	107416
214.85	0.25	0	1	107425
214.866	0.25	0	1	107433
214.882	0.25	0	1	107441
214.9	0.25	0	1	107450
214.916	0.25	0	1	107458
214.932	0.25	1	2	107466
214.95	0.25	1	2	107475
214.966	0.25	1	2	107483
214.982	0.25	1	2	107491
215.0	0.25	0	1	107500
215.016	0.25	0	1	107508
215.032	0.25	0	1	107516
215.05	0.25	0	1	107525
215.066	0.25	0	1	107533
215.082	0.25	0	1	107541
215.1	0.25	0	1	107550
215.116	0.25	0	1	107558
215.132	0.25	0	1	107566
215.15	0.25	0	1	107575
215.166	0.25	0	1	107583
215.182	0.25	0	1	107591
215.2	0.25	0	1	107600
215.216	0.25	0	1	107608
215.232	0.25	0	1	107616
215.25	0.25	0	1	107625
215.266	0.25	0	1	107633
215.282	0.25	0	1	107641
215.3	0.25	1	2	107650
215.316	0.25	1	2	107658
215.332	0.25	1	2	107666
215.35	0.25	1	2	107675
215.366	0.25	0	1	107683
215.382	0.25	0	1	107691
215.4	0.25	0	1	107700
215.416	0.25	0	1	107708
215.432	0.25	0	1	107716
215.45	0.25	0	1	107725
215.466	0.25	0	1	107733
215.482	0.25	0	1	107741
215.5	0.25	0	1	107750
215.516	0.25	0	1	107758
215.532	0.25	0	1	107766
215.55	0.25	0	1	107775
215.566	0.25	0	1	107783
215.582	0.25	0	1	107791
215.6	0.25	0	1	107800
215.616	0.25	0	1	107808
215.632	0.25	0	1	107816
215.65	0.25	0	1	107825
215.666	0.25	0	1	107833
215.682	0.25	0	1	107841
215.7	0.25	0	1	107850
215.716	0.25	0	1	107858
215.732	0.25	0	1	107866
215.75	0.25	0	1	107875
215.766	0.25	1	2	107883
215.782	0.25	1	2	107891
215.8	0.25	1	2	107900
215.816	0.25	1	2	107908
215.832	0.25	0	1	107916
215.85	0.25	0	1	107925
215.866	0.25	0	1	107933
215.882	0.25	0	1	107941
217.366	0.25	0	1	108683
217.382	0.25	1	2	108691
217.4	0.25	1	2	108700
217.416	0.25	1	2	108708
217.432	0.25	1	2	108716
217.45	0.25	0	1	108725
217.466	0.25	0	1	108733
217.482	0.25	0	1	108741
217.5	0.25	0	1	108750
217.516	0.25	0	1	108758
217.532	0.25	0	1	108766
217.55	0.25	0	1	108775
217.566	0.25	0	1	108783
217.582	0.25	0	1	108791
217.6	0.25	0	1	108800
217.616	0.25	0	1	108808
217.632	0.25	0	1	108816
217.65	0.25	0	1	108825
217.666	0.25	0	1	108833
217.682	0.25	0	1	108841
217.7	0.25	0	1	108850
217.716	0.25	0	1	108858
217.732	0.25	0	1	108866
217.75	0.25	0	1	108875
217.766	0.25	0	1	108883
217.782	0.25	0	1	108891
217.8	0.25	0	1	108900
217.816	0.25	0	1	108908
217.832	0.25	0	1	108916
217.85	0.25	0	1	108925
217.866	0.25	1	2	108933
217.882	0.25	1	2	108941
217.9	0.25	1	2	108950
217.916	0.25	1	2	108958
217.932	0.25	0	1	108966
217.95	0.25	0	1	108975
217.966	0.25	0	1	108983
217.982	0.25	0	1	108991
218.0	0.25	0	1	109000
218.016	0.25	0	1	109008
218.032	0.25	0	1	109016
218.05	0.25	0	1	109025
218.066	0.25	0	1	109033
218.082	0.25	0	1	109041
218.1	0.25	0	1	109050
218.116	0.25	0	1	109058
218.132	0.25	0	1	109066
218.15	0.25	0	1	109075
218.166	0.25	0	1	109083
218.182	0.25	0	1	109091
218.2	0.25	0	1	109100
218.216	0.25	0	1	109108
218.232	0.25	0	1	109116
218.25	0.25	0	1	109125
218.266	0.25	0	1	109133
218.282	0.25	0	1	109141
218.3	0.25	0	1	109150
218.316	0.25	0	1	109158
218.332	0.25	1	2	109166
218.35	0.25	1	2	109175
218.366	0.25	1	2	109183
218.382	0.25	1	2	109191
218.4	0.25	0	1	109200
218.416	0.25	0	1	109208
218.432	0.25	0	1	109216
218.45	0.25	0	1	109225
218.466	0.25	0	1	109233
218.482	0.25	0	1	109241
218.5	0.25	0	1	109250
218.516	0.25	0	1	109258
218.532	0.25	0	1	109266
218.55	0.25	0	1	109275
218.566	0.25	0	1	109283
218.582	0.25	0	1	109291
218.6	0.25	0	1	109300
218.616	0.25	0	1	109308
218.632	0.25	0	1	109316
218.65	0.25	0	1	109325
218.666	0.25	0	1	109333
218.682	0.25	0	1	109341
218.7	0.25	0	1	109350
218.716	0.25	0	1	109358
218.732	0.25	0	1	109366
218.75	0.25	1	2	109375
218.766	0.25	1	2	109383
218.782	0.25	1	2	109391
218.8	0.25	1	2	109400
218.816	0.25	0	1	109408
218.832	0.25	0	1	109416
218.85	0.25	0	1	109425
218.866	0.25	0	1	109433
218.882	0.25	0	1	109441
218.9	0.25	0	1	109450
218.916	0.25	0	1	109458
218.932	0.25	0	1	109466
218.95	0.25	0	1	109475
218.966	0.25	0	1	109483
218.982	0.25	0	1	109491
219.0	0.25	0	1	109500
219.016	0.25	0	1	109508
219.032	0.25	0	1	109516
219.05	0.25	0	1	109525
219.066	0.25	0	1	109533
219.082	0.25	0	1	109541
219.1	0.25	0	1	109550
219.116	0.25	0	1	109558
219.132	0.25	0	1	109566
219.15	0.25	0	1	109575
219.166	0.25	0	1	109583
219.182	0.25	1	2	109591
219.2	0.25	1	2	109600
219.216	0.25	1	2	109608
219.232	0.25	1	2	109616
219.25	0.25	0	1	109625
219.266	0.25	0	1	109633
219.282	0.25	0	1	109641
219.3	0.25	0	1	109650
221.4	0.25	0	1	110700
221.416	0.25	1	2	110708
221.432	0.25	1	2	110716
221.45	0.25	1	2	110725
221.466	0.25	1	2	110733
221.482	0.25	0	1	110741
221.5	0.25	0	1	110750
221.516	0.25	0	1	110758
221.532	0.25	0	1	110766
221.55	0.25	0	1	110775
221.566	0.25	0	1	110783
221.582	0.25	0	1	110791
221.6	0.25	0	1	110800
221.616	0.25	0	1	110808
221.632	0.25	0	1	110816
221.65	0.25	0	1	110825
221.666	0.25	0	1	110833
221.682	0.25	0	1	110841
221.7	0.25	0	1	110850
221.716	0.25	0	1	110858
221.732	0.25	0	1	110866
221.75	0.25	0	1	110875
221.766	0.25	0	1	110883
221.782	0.25	0	1	110891
221.8	0.25	0	1	110900
221.816	0.25	0	1	110908
221.832	0.25	0	1	110916
221.85	0.25	0	1	110925
221.866	0.25	0	1	110933
221.882	0.25	0	1	110941
221.9	0.25	1	2	110950
221.916	0.25	1	2	110958
221.932	0.25	1	2	110966
221.95	0.25	1	2	110975
221.966	0.25	0	1	110983
221.982	0.25	0	1	110991
222.0	0.25	0	1	111000
222.016	0.25	0	1	111008
222.032	0.25	0	1	111016
222.05	0.25	0	1	111025
222.066	0.25	0	1	111033
222.082	0.25	0	1	111041
222.1	0.25	0	1	111050
222.116	0.25	0	1	111058
222.132	0.25	0	1	111066
222.15	0.25	0	1	111075
222.166	0.25	0	1	111083
222.182	0.25	0	1	111091
222.2	0.25	0	1	111100
222.216	0.25	0	1	111108
222.232	0.25	0	1	111116
222.25	0.25	0	1	111125
222.266	0.25	0	1	111133
222.282	0.25	0	1	111141
222.3	0.25	0	1	111150
222.316	0.25	0	1	111158
222.332	0.25	0	1	111166
222.35	0.25	0	1	111175
222.366	0.25	1	2	111183
222.382	0.25	1	2	111191
222.4	0.25	1	2	111200
222.416	0.25	1	2	111208
222.432	0.25	0	1	111216
222.45	0.25	0	1	111225
222.466	0.25	0	1	111233
222.482	0.25	0	1	111241
222.5	0.25	0	1	111250
222.516	0.25	0	1	111258
222.532	0.25	0	1	111266
222.55	0.25	0	1	111275
222.566	0.25	0	1	111283
222.582	0.25	0	1	111291
222.6	0.25	0	1	111300
222.616	0.25	0	1	111308
222.632	0.25	0	1	111316
222.65	0.25	0	1	111325
222.666	0.25	0	1	111333
222.682	0.25	0	1	111341
222.7	0.25	0	1	111350
222.716	0.25	0	1	111358
222.732	0.25	0	1	111366
222.75	0.25	0	1	111375
222.766	0.25	0	1	111383
222.782	0.25	1	2	111391
222.8	0.25	1	2	111400
222.816	0.25	1	2	111408
222.832	0.25	1	2	111416
222.85	0.25	0	1	111425
222.866	0.25	0	1	111433
222.882	0.25	0	1	111441
222.9	0.25	0	1	111450
222.916	0.25	0	1	111458
222.932	0.25	0	1	111466
222.95	0.25	0	1	111475
222.966	0.25	0	1	111483
222.982	0.25	0	1	111491
223.0	0.25	0	1	111500
223.016	0.25	0	1	111508
223.032	0.25	0	1	111516
223.05	0.25	0	1	111525
223.066	0.25	0	1	111533
223.082	0.25	0	1	111541
223.1	0.25	0	1	111550
223.116	0.25	0	1	111558
223.132	0.25	0	1	111566
223.15	0.25	0	1	111575
223.166	0.25	0	1	111583
223.182	0.25	0	1	111591
223.2	0.25	0	1	111600
223.216	0.25	1	2	111608
223.232	0.25	1	2	111616
223.25	0.25	1	2	111625
223.266	0.25	1	2	111633
223.282	0.25	0	1	111641
223.3	0.25	0	1	111650
223.316	0.25	0	1	111658
223.332	0.25	0	1	111666
224.816	0.25	0	1	112408
224.832	0.25	0	1	112416
224.85	0.25	0	1	112425
224.866	0.25	0	1	112433
224.882	0.25	0	1	112441
224.9	0.25	0	1	112450
224.916	0.25	0	1	112458
224.932	0.25	0	1	112466
224.95	0.25	0	1	112475
224.966	0.25	0	1	112483
224.982	0.25	0	1	112491
225.0	0.25	0	1	112500
225.016	0.25	0	1	112508
225.032	0.25	0	1	112516
225.05	0.25	0	1	112525
225.066	0.25	1	2	112533
225.082	0.25	1	2	112541
225.1	0.25	1	2	112550
225.116	0.25	1	2	112558
225.132	0.25	0	1	112566
225.15	0.25	0	1	112575
225.166	0.25	0	1	112583
225.182	0.25	0	1	112591
225.2	0.25	0	1	112600
225.216	0.25	0	1	112608
225.232	0.25	0	1	112616
225.25	0.25	0	1	112625
225.266	0.25	0	1	112633
225.282	0.25	0	1	112641
225.3	0.25	0	1	112650
225.316	0.25	0	1	112658
225.332	0.25	0	1	112666
225.35	0.25	0	1	112675
225.366	0.25	0	1	112683
225.382	0.25	0	1	112691
225.4	0.25	0	1	112700
225.416	0.25	0	1	112708
225.432	0.25	0	1	112716
225.45	0.25	0	1	112725
225.466	0.25	0	1	112733
225.482	0.25	0	1	112741
225.5	0.25	1	2	112750
225.516	0.25	1	2	112758
225.532	0.25	1	2	112766
225.55	0.25	1	2	112775
225.566	0.25	0	1	112783
225.582	0.25	0	1	112791
225.6	0.25	0	1	112800
225.616	0.25	0	1	112808
225.632	0.25	0	1	112816
225.65	0.25	0	1	112825
225.666	0.25	0	1	112833
225.682	0.25	0	1	112841
225.7	0.25	0	1	112850
225.716	0.25	0	1	112858
225.732	0.25	0	1	112866
225.75	0.25	0	1	112875
225.766	0.25	0	1	112883
225.782	0.25	0	1	112891
225.8	0.25	0	1	112900
225.816	0.25	0	1	112908
225.832	0.25	0	1	112916
225.85	0.25	0	1	112925
225.866	0.25	0	1	112933
225.882	0.25	0	1	112941
225.9	0.25	0	1	112950
225.916	0.25	0	1	112958
225.932	0.25	0	1	112966
225.95	0.25	0	1	112975
225.966	0.25	1	2	112983
225.982	0.25	1	2	112991
226.0	0.25	1	2	113000
226.016	0.25	1	2	113008
226.032	0.25	0	1	113016
226.05	0.25	0	1	113025
226.066	0.25	0	1	113033
226.082	0.25	0	1	113041
226.1	0.25	0	1	113050
226.116	0.25	0	1	113058
226.132	0.25	0	1	113066
226.15	0.25	0	1	113075
226.166	0.25	0	1	113083
226.182	0.25	0	1	113091
226.2	0.25	0	1	113100
226.216	0.25	0	1	113108
226.232	0.25	0	1	113116
226.25	0.25	0	1	113125
226.266	0.25	1	2	113133
226.282	0.25	1	2	113141
226.3	0.25	1	2	113150
226.316	0.25	1	2	113158
226.332	0.25	0	1	113166
226.35	0.25	0	1	113175
226.366	0.25	0	1	113183
226.382	0.25	0	1	113191
226.4	0.25	0	1	113200
226.416	0.25	0	1	113208
226.432	0.25	0	1	113216
226.45	0.25	0	1	113225
226.466	0.25	0	1	113233
226.482	0.25	0	1	113241
226.5	0.25	0	1	113250
226.516	0.25	0	1	113258
226.532	0.25	0	1	113266
226.55	0.25	0	1	113275
226.566	0.25	0	1	113283
226.582	0.25	0	1	113291
226.6	0.25	0	1	113300
226.616	0.25	0	1	113308
226.632	0.25	0	1	113316
226.65	0.25	0	1	113325
226.666	0.25	0	1	113333
226.682	0.25	0	1	113341
226.7	0.25	1	2	113350
226.716	0.25	1	2	113358
226.732	0.25	1	2	113366
226.75	0.25	1	2	113375
228.232	0.25	0	1	114116
228.25	0.25	0	1	114125
228.266	0.25	0	1	114133
228.282	0.25	0	1	114141
228.3	0.25	0	1	114150
228.316	0.25	0	1	114158
228.332	0.25	0	1	114166
228.35	0.25	0	1	114175
228.366	0.25	0	1	114183
228.382	0.25	0	1	114191
228.4	0.25	0	1	114200
228.416	0.25	0	1	114208
228.432	0.25	0	1	114216
228.45	0.25	0	1	114225
228.466	0.25	0	1	114233
228.482	0.25	0	1	114241
228.5	0.25	0	1	114250
228.516	0.25	0	1	114258
228.532	0.25	1	2	114266
228.55	0.25	1	2	114275
228.566	0.25	1	2	114283
228.582	0.25	1	2	114291
228.6	0.25	0	1	114300
228.616	0.25	0	1	114308
228.632	0.25	0	1	114316
228.65	0.25	0	1	114325
228.666	0.25	0	1	114333
228.682	0.25	0	1	114341
228.7	0.25	0	1	114350
228.716	0.25	0	1	114358
228.732	0.25	0	1	114366
228.75	0.25	0	1	114375
228.766	0.25	0	1	114383
228.782	0.25	0	1	114391
228.8	0.25	0	1	114400
228.816	0.25	0	1	114408
228.832	0.25	0	1	114416
228.85	0.25	0	1	114425
228.866	0.25	0	1	114433
228.882	0.25	0	1	114441
228.9	0.25	0	1	114450
228.916	0.25	0	1	114458
228.932	0.25	1	2	114466
228.95	0.25	1	2	114475
228.966	0.25	1	2	114483
228.982	0.25	1	2	114491
229.0	0.25	0	1	114500
229.016	0.25	0	1	114508
229.032	0.25	0	1	114516
229.05	0.25	0	1	114525
229.066	0.25	0	1	114533
229.082	0.25	0	1	114541
229.1	0.25	0	1	114550
229.116	0.25	0	1	114558
229.132	0.25	0	1	114566
229.15	0.25	0	1	114575
229.166	0.25	0	1	114583
229.182	0.25	0	1	114591
229.2	0.25	0	1	114600
229.216	0.25	1	2	114608
229.232	0.25	1	2	114616
229.25	0.25	1	2	114625
229.266	0.25	1	2	114633
229.282	0.25	0	1	114641
229.3	0.25	0	1	114650
229.316	0.25	0	1	114658
229.332	0.25	0	1	114666
229.35	0.25	0	1	114675
229.366	0.25	0	1	114683
229.382	0.25	0	1	114691
229.4	0.25	0	1	114700
229.416	0.25	0	1	114708
229.432	0.25	0	1	114716
229.45	0.25	0	1	114725
229.466	0.25	0	1	114733
229.482	0.25	0	1	114741
229.5	0.25	0	1	114750
229.516	0.25	0	1	114758
229.532	0.25	0	1	114766
229.55	0.25	0	1	114775
229.566	0.25	0	1	114783
229.582	0.25	1	2	114791
229.6	0.25	1	2	114800
229.616	0.25	1	2	114808
229.632	0.25	1	2	114816
229.65	0.25	0	1	114825
229.666	0.25	0	1	114833
229.682	0.25	0	1	114841
229.7	0.25	0	1	114850
229.716	0.25	0	1	114858
229.732	0.25	0	1	114866
229.75	0.25	0	1	114875
229.766	0.25	0	1	114883
229.782	0.25	0	1	114891
229.8	0.25	0	1	114900
229.816	0.25	0	1	114908
229.832	0.25	0	1	114916
229.85	0.25	0	1	114925
229.866	0.25	0	1	114933
229.882	0.25	0	1	114941
229.9	0.25	0	1	114950
229.916	0.25	0	1	114958
229.932	0.25	0	1	114966
229.95	0.25	0	1	114975
229.966	0.25	0	1	114983
229.982	0.25	0	1	114991
230.0	0.25	0	1	115000
230.016	0.25	0	1	115008
230.032	0.25	0	1	115016
230.05	0.25	1	2	115025
230.066	0.25	1	2	115033
230.082	0.25	1	2	115041
230.1	0.25	1	2	115050
230.116	0.25	0	1	115058
230.132	0.25	0	1	115066
230.15	0.25	0	1	115075
230.166	0.25	0	1	115083
231.65	0.25	0	1	115825
231.666	0.25	0	1	115833
231.682	0.25	0	1	115841
231.7	0.25	0	1	115850
231.716	0.25	0	1	115858
231.732	0.25	0	1	115866
231.75	0.25	0	1	115875
231.766	0.25	0	1	115883
231.782	0.25	0	1	115891
231.8	0.25	0	1	115900
231.816	0.25	0	1	115908
231.832	0.25	0	1	115916
231.85	0.25	0	1	115925
231.866	0.25	0	1	115933
231.882	0.25	0	1	115941
231.9	0.25	0	1	115950
231.916	0.25	0	1	115958
231.932	0.25	0	1	115966
231.95	0.25	0	1	115975
231.966	0.25	0	1	115983
231.982	0.25	0	1	115991
232.0	0.25	0	1	116000
232.016	0.25	0	1	116008
232.032	0.25	1	2	116016
232.05	0.25	1	2	116025
232.066	0.25	1	2	116033
232.082	0.25	1	2	116041
232.1	0.25	0	1	116050
232.116	0.25	0	1	116058
232.132	0.25	0	1	116066
232.15	0.25	0	1	116075
232.166	0.25	0	1	116083
232.182	0.25	0	1	116091
232.2	0.25	0	1	116100
232.216	0.25	0	1	116108
232.232	0.25	0	1	116116
232.25	0.25	0	1	116125
232.266	0.25	0	1	116133
232.282	0.25	0	1	116141
232.3	0.25	0	1	116150
232.316	0.25	0	1	116158
232.332	0.25	0	1	116166
232.35	0.25	0	1	116175
232.366	0.25	0	1	116183
232.382	0.25	0	1	116191
232.4	0.25	0	1	116200
232.416	0.25	1	2	116208
232.432	0.25	1	2	116216
232.45	0.25	1	2	116225
232.466	0.25	1	2	116233
232.482	0.25	0	1	116241
232.5	0.25	0	1	116250
232.516	0.25	0	1	116258
232.532	0.25	0	1	116266
232.55	0.25	0	1	116275
232.566	0.25	0	1	116283
232.582	0.25	0	1	116291
232.6	0.25	0	1	116300
232.616	0.25	0	1	116308
232.632	0.25	0	1	116316
232.65	0.25	0	1	116325
232.666	0.25	0	1	116333
232.682	0.25	0	1	116341
232.7	0.25	0	1	116350
232.716	0.25	1	2	116358
232.732	0.25	1	2	116366
232.75	0.25	1	2	116375
232.766	0.25	1	2	116383
232.782	0.25	0	1	116391
232.8	0.25	0	1	116400
232.816	0.25	0	1	116408
232.832	0.25	0	1	116416
232.85	0.25	0	1	116425
232.866	0.25	0	1	116433
232.882	0.25	0	1	116441
232.9	0.25	0	1	116450
232.916	0.25	0	1	116458
232.932	0.25	0	1	116466
232.95	0.25	0	1	116475
232.966	0.25	0	1	116483
232.982	0.25	0	1	116491
233.0	0.25	1	2	116500
233.016	0.25	1	2	116508
233.032	0.25	1	2	116516
233.05	0.25	1	2	116525
233.066	0.25	0	1	116533
233.082	0.25	0	1	116541
233.1	0.25	0	1	116550
233.116	0.25	0	1	116558
233.132	0.25	0	1	116566
233.15	0.25	0	1	116575
233.166	0.25	0	1	116583
233.182	0.25	0	1	116591
233.2	0.25	0	1	116600
233.216	0.25	0	1	116608
233.232	0.25	0	1	116616
233.25	0.25	0	1	116625
233.266	0.25	0	1	116633
233.282	0.25	0	1	116641
233.3	0.25	0	1	116650
233.316	0.25	0	1	116658
233.332	0.25	1	2	116666
233.35	0.25	1	2	116675
233.366	0.25	1	2	116683
233.382	0.25	1	2	116691
233.4	0.25	0	1	116700
233.416	0.25	0	1	116708
233.432	0.25	0	1	116716
233.45	0.25	0	1	116725
233.466	0.25	0	1	116733
233.482	0.25	0	1	116741
233.5	0.25	0	1	116750
233.516	0.25	0	1	116758
233.532	0.25	0	1	116766
233.55	0.25	0	1	116775
233.566	0.25	0	1	116783
233.582	0.25	0	1	116791
235.7	0.25	0	1	117850
235.716	0.25	0	1	117858
235.732	0.25	0	1	117866
235.75	0.25	0	1	117875
235.766	0.25	0	1	117883
235.782	0.25	0	1	117891
235.8	0.25	0	1	117900
235.816	0.25	0	1	117908
235.832	0.25	0	1	117916
235.85	0.25	0	1	117925
235.866	0.25	0	1	117933
235.882	0.25	0	1	117941
235.9	0.25	0	1	117950
235.916	0.25	0	1	117958
235.932	0.25	0	1	117966
235.95	0.25	0	1	117975
235.966	0.25	0	1	117983
235.982	0.25	0	1	117991
236.0	0.25	0	1	118000
236.016	0.25	0	1	118008
236.032	0.25	0	1	118016
236.05	0.25	0	1	118025
236.066	0.25	0	1	118033
236.082	0.25	1	2	118041
236.1	0.25	1	2	118050
236.116	0.25	1	2	118058
236.132	0.25	1	2	118066
236.15	0.25	0	1	118075
236.166	0.25	0	1	118083
236.182	0.25	0	1	118091
236.2	0.25	0	1	118100
236.216	0.25	0	1	118108
236.232	0.25	0	1	118116
236.25	0.25	0	1	118125
236.266	0.25	0	1	118133
236.282	0.25	0	1	118141
236.3	0.25	0	1	118150
236.316	0.25	0	1	118158
236.332	0.25	0	1	118166
236.35	0.25	0	1	118175
236.366	0.25	0	1	118183
236.382	0.25	0	1	118191
236.4	0.25	0	1	118200
236.416	0.25	0	1	118208
236.432	0.25	0	1	118216
236.45	0.25	0	1	118225
236.466	0.25	1	2	118233
236.482	0.25	1	2	118241
236.5	0.25	1	2	118250
236.516	0.25	1	2	118258
236.532	0.25	0	1	118266
236.55	0.25	0	1	118275
236.566	0.25	0	1	118283
236.582	0.25	0	1	118291
236.6	0.25	0	1	118300
236.616	0.25	0	1	118308
236.632	0.25	0	1	118316
236.65	0.25	0	1	118325
236.666	0.25	0	1	118333
236.682	0.25	0	1	118341
236.7	0.25	0	1	118350
236.716	0.25	0	1	118358
236.732	0.25	0	1	118366
236.75	0.25	0	1	118375
236.766	0.25	1	2	118383
236.782	0.25	1	2	118391
236.8	0.25	1	2	118400
236.816	0.25	1	2	118408
236.832	0.25	0	1	118416
236.85	0.25	0	1	118425
236.866	0.25	0	1	118433
236.882	0.25	0	1	118441
236.9	0.25	0	1	118450
236.916	0.25	0	1	118458
236.932	0.25	0	1	118466
236.95	0.25	0	1	118475
236.966	0.25	0	1	118483
236.982	0.25	0	1	118491
237.0	0.25	0	1	118500
237.016	0.25	0	1	118508
237.032	0.25	0	1	118516
237.05	0.25	1	2	118525
237.066	0.25	1	2	118533
237.082	0.25	1	2	118541
237.1	0.25	1	2	118550
237.116	0.25	0	1	118558
237.132	0.25	0	1	118566
237.15	0.25	0	1	118575
237.166	0.25	0	1	118583
237.182	0.25	0	1	118591
237.2	0.25	0	1	118600
237.216	0.25	0	1	118608
237.232	0.25	0	1	118616
237.25	0.25	0	1	118625
237.266	0.25	0	1	118633
237.282	0.25	0	1	118641
237.3	0.25	0	1	118650
237.316	0.25	0	1	118658
237.332	0.25	0	1	118666
237.35	0.25	0	1	118675
237.366	0.25	0	1	118683
237.382	0.25	1	2	118691
237.4	0.25	1	2	118700
237.416	0.25	1	2	118708
237.432	0.25	1	2	118716
237.45	0.25	0	1	118725
237.466	0.25	0	1	118733
237.482	0.25	0	1	118741
237.5	0.25	0	1	118750
237.516	0.25	0	1	118758
237.532	0.25	0	1	118766
237.55	0.25	0	1	118775
237.566	0.25	0	1	118783
237.582	0.25	0	1	118791
237.6	0.25	0	1	118800
237.616	0.25	0	1	118808
237.632	0.25	0	1	118816
239.116	0.25	0	1	119558
239.132	0.25	0	1	119566
239.15	0.25	0	1	119575
239.166	0.25	0	1	119583
239.182	0.25	0	1	119591
239.2	0.25	0	1	119600
239.216	0.25	0	1	119608
239.232	0.25	0	1	119616
239.25	0.25	0	1	119625
239.266	0.25	0	1	119633
239.282	0.25	0	1	119641
239.3	0.25	0	1	119650
239.316	0.25	0	1	119658
239.332	0.25	0	1	119666
239.35	0.25	0	1	119675
239.366	0.25	1	2	119683
239.382	0.25	1	2	119691
239.4	0.25	1	2	119700
239.416	0.25	1	2	119708
239.432	0.25	0	1	119716
239.45	0.25	0	1	119725
239.466	0.25	0	1	119733
239.482	0.25	0	1	119741
239.5	0.25	0	1	119750
239.516	0.25	0	1	119758
239.532	0.25	0	1	119766
239.55	0.25	0	1	119775
239.566	0.25	0	1	119783
239.582	0.25	0	1	119791
239.6	0.25	0	1	119800
239.616	0.25	0	1	119808
239.632	0.25	0	1	119816
239.65	0.25	0	1	119825
239.666	0.25	0	1	119833
239.682	0.25	0	1	119841
239.7	0.25	0	1	119850
239.716	0.25	0	1	119858
239.732	0.25	0	1	119866
239.75	0.25	0	1	119875
239.766	0.25	0	1	119883
239.782	0.25	0	1	119891
239.8	0.25	1	2	119900
239.816	0.25	1	2	119908
239.832	0.25	1	2	119916
239.85	0.25	1	2	119925
239.866	0.25	0	1	119933
239.882	0.25	0	1	119941
239.9	0.25	0	1	119950
239.916	0.25	0	1	119958
239.932	0.25	0	1	119966
239.95	0.25	0	1	119975
239.966	0.25	0	1	119983
239.982	0.25	0	1	119991
240.0	0.25	0	1	120000
240.016	0.25	0	1	120008
240.032	0.25	0	1	120016
240.05	0.25	0	1	120025
240.066	0.25	0	1	120033
240.082	0.25	0	1	120041
240.1	0.25	0	1	120050
240.116	0.25	0	1	120058
240.132	0.25	0	1	120066
240.15	0.25	0	1	120075
240.166	0.25	0	1	120083
240.182	0.25	0	1	120091
240.2	0.25	0	1	120100
240.216	0.25	0	1	120108
240.232	0.25	0	1	120116
240.25	0.25	0	1	120125
240.266	0.25	1	2	120133
240.282	0.25	1	2	120141
240.3	0.25	1	2	120150
240.316	0.25	1	2	120158
240.332	0.25	0	1	120166
240.35	0.25	0	1	120175
240.366	0.25	0	1	120183
240.382	0.25	0	1	120191
240.4	0.25	0	1	120200
240.416	0.25	0	1	120208
240.432	0.25	0	1	120216
240.45	0.25	0	1	120225
240.466	0.25	0	1	120233
240.482	0.25	0	1	120241
240.5	0.25	0	1	120250
240.516	0.25	0	1	120258
240.532	0.25	0	1	120266
240.55	0.25	0	1	120275
240.566	0.25	1	2	120283
240.582	0.25	1	2	120291
240.6	0.25	1	2	120300
240.616	0.25	1	2	120308
240.632	0.25	0	1	120316
240.65	0.25	0	1	120325
240.666	0.25	0	1	120333
240.682	0.25	0	1	120341
240.7	0.25	0	1	120350
240.716	0.25	0	1	120358
240.732	0.25	0	1	120366
240.75	0.25	0	1	120375
240.766	0.25	0	1	120383
240.782	0.25	0	1	120391
240.8	0.25	0	1	120400
240.816	0.25	0	1	120408
240.832	0.25	0	1	120416
240.85	0.25	0	1	120425
240.866	0.25	0	1	120433
240.882	0.25	0	1	120441
240.9	0.25	0	1	120450
240.916	0.25	0	1	120458
240.932	0.25	0	1	120466
240.95	0.25	0	1	120475
240.966	0.25	0	1	120483
240.982	0.25	0	1	120491
241.0	0.25	1	2	120500
241.016	0.25	1	2	120508
241.032	0.25	1	2	120516
241.05	0.25	1	2	120525
242.532	0.25	0	1	121266
242.55	0.25	1	2	121275
242.566	0.25	1	2	121283
242.582	0.25	1	2	121291
242.6	0.25	1	2	121300
242.616	0.25	0	1	121308
242.632	0.25	0	1	121316
242.65	0.25	0	1	121325
242.666	0.25	0	1	121333
242.682	0.25	0	1	121341
242.7	0.25	0	1	121350
242.716	0.25	0	1	121358
242.732	0.25	0	1	121366
242.75	0.25	0	1	121375
242.766	0.25	0	1	121383
242.782	0.25	0	1	121391
242.8	0.25	0	1	121400
242.816	0.25	0	1	121408
242.832	0.25	0	1	121416
242.85	0.25	0	1	121425
242.866	0.25	0	1	121433
242.882	0.25	0	1	121441
242.9	0.25	0	1	121450
242.916	0.25	0	1	121458
242.932	0.25	0	1	121466
242.95	0.25	0	1	121475
242.966	0.25	0	1	121483
242.982	0.25	0	1	121491
243.0	0.25	0	1	121500
243.016	0.25	0	1	121508
243.032	0.25	1	2	121516
243.05	0.25	1	2	121525
243.066	0.25	1	2	121533
243.082	0.25	1	2	121541
243.1	0.25	0	1	121550
243.116	0.25	0	1	121558
243.132	0.25	0	1	121566
243.15	0.25	0	1	121575
243.166	0.25	0	1	121583
243.182	0.25	0	1	121591
243.2	0.25	0	1	121600
243.216	0.25	0	1	121608
243.232	0.25	0	1	121616
243.25	0.25	0	1	121625
243.266	0.25	0	1	121633
243.282	0.25	0	1	121641
243.3	0.25	0	1	121650
243.316	0.25	0	1	121658
243.332	0.25	0	1	121666
243.35	0.25	0	1	121675
243.366	0.25	0	1	121683
243.382	0.25	0	1	121691
243.4	0.25	0	1	121700
243.416	0.25	0	1	121708
243.432	0.25	0	1	121716
243.45	0.25	0	1	121725
243.466	0.25	0	1	121733
243.482	0.25	0	1	121741
243.5	0.25	1	2	121750
243.516	0.25	1	2	121758
243.532	0.25	1	2	121766
243.55	0.25	1	2	121775
243.566	0.25	0	1	121783
243.582	0.25	0	1	121791
243.6	0.25	0	1	121800
243.616	0.25	0	1	121808
243.632	0.25	0	1	121816
243.65	0.25	0	1	121825
243.666	0.25	0	1	121833
243.682	0.25	0	1	121841
243.7	0.25	0	1	121850
243.716	0.25	0	1	121858
243.732	0.25	0	1	121866
243.75	0.25	0	1	121875
243.766	0.25	0	1	121883
243.782	0.25	0	1	121891
243.8	0.25	0	1	121900
243.816	0.25	0	1	121908
243.832	0.25	0	1	121916
243.85	0.25	0	1	121925
243.866	0.25	0	1	121933
243.882	0.25	0	1	121941
243.9	0.25	0	1	121950
243.916	0.25	1	2	121958
243.932	0.25	1	2	121966
243.95	0.25	1	2	121975
243.966	0.25	1	2	121983
243.982	0.25	0	1	121991
244.0	0.25	0	1	122000
244.016	0.25	0	1	122008
244.032	0.25	0	1	122016
244.05	0.25	0	1	122025
244.066	0.25	0	1	122033
244.082	0.25	0	1	122041
244.1	0.25	0	1	122050
244.116	0.25	0	1	122058
244.132	0.25	0	1	122066
244.15	0.25	0	1	122075
244.166	0.25	0	1	122083
244.182	0.25	0	1	122091
244.2	0.25	0	1	122100
244.216	0.25	0	1	122108
244.232	0.25	0	1	122116
244.25	0.25	0	1	122125
244.266	0.25	0	1	122133
244.282	0.25	0	1	122141
244.3	0.25	0	1	122150
244.316	0.25	0	1	122158
244.332	0.25	0	1	122166
244.35	0.25	1	2	122175
244.366	0.25	1	2	122183
244.382	0.25	1	2	122191
244.4	0.25	1	2	122200
244.416	0.25	0	1	122208
244.432	0.25	0	1	122216
244.45	0.25	0	1	122225
244.466	0.25	0	1	122233
245.95	0.25	0	1	122975
245.966	0.25	0	1	122983
245.982	0.25	0	1	122991
246.0	0.25	0	1	123000
246.016	0.25	0	1	123008
246.032	0.25	0	1	123016
246.05	0.25	0	1	123025
246.066	0.25	0	1	123033
246.082	0.25	0	1	123041
246.1	0.25	0	1	123050
246.116	0.25	0	1	123058
246.132	0.25	0	1	123066
246.15	0.25	0	1	123075
246.166	0.25	0	1	123083
246.182	0.25	0	1	123091
246.2	0.25	0	1	123100
246.216	0.25	0	1	123108
246.232	0.25	0	1	123116
246.25	0.25	1	2	123125
246.266	0.25	1	2	123133
246.282	0.25	1	2	123141
246.3	0.25	1	2	123150
246.316	0.25	0	1	123158
246.332	0.25	0	1	123166
246.35	0.25	0	1	123175
246.366	0.25	0	1	123183
246.382	0.25	0	1	123191
246.4	0.25	0	1	123200
246.416	0.25	0	1	123208
246.432	0.25	0	1	123216
246.45	0.25	0	1	123225
246.466	0.25	0	1	123233
246.482	0.25	0	1	123241
246.5	0.25	0	1	123250
246.516	0.25	0	1	123258
246.532	0.25	0	1	123266
246.55	0.25	0	1	123275
246.566	0.25	0	1	123283
246.582	0.25	0	1	123291
246.6	0.25	0	1	123300
246.616	0.25	0	1	123308
246.632	0.25	0	1	123316
246.65	0.25	1	2	123325
246.666	0.25	1	2	123333
246.682	0.25	1	2	123341
246.7	0.25	1	2	123350
246.716	0.25	0	1	123358
246.732	0.25	0	1	123366
246.75	0.25	0	1	123375
246.766	0.25	0	1	123383
246.782	0.25	0	1	123391
246.8	0.25	0	1	123400
246.816	0.25	0	1	123408
246.832	0.25	0	1	123416
246.85	0.25	0	1	123425
246.866	0.25	0	1	123433
246.882	0.25	0	1	123441
246.9	0.25	0	1	123450
246.916	0.25	0	1	123458
246.932	0.25	1	2	123466
246.95	0.25	1	2	123475
246.966	0.25	1	2	123483
246.982	0.25	1	2	123491
247.0	0.25	0	1	123500
247.016	0.25	0	1	123508
247.032	0.25	0	1	123516
247.05	0.25	0	1	123525
247.066	0.25	0	1	123533
247.082	0.25	0	1	123541
247.1	0.25	0	1	123550
247.116	0.25	0	1	123558
247.132	0.25	0	1	123566
247.15	0.25	0	1	123575
247.166	0.25	0	1	123583
247.182	0.25	0	1	123591
247.2	0.25	0	1	123600
247.216	0.25	0	1	123608
247.232	0.25	0	1	123616
247.25	0.25	0	1	123625
247.266	0.25	0	1	123633
247.282	0.25	0	1	123641
247.3	0.25	1	2	123650
247.316	0.25	1	2	123658
247.332	0.25	1	2	123666
247.35	0.25	1	2	123675
247.366	0.25	0	1	123683
247.382	0.25	0	1	123691
247.4	0.25	0	1	123700
247.416	0.25	0	1	123708
247.432	0.25	0	1	123716
247.45	0.25	0	1	123725
247.466	0.25	0	1	123733
247.482	0.25	0	1	123741
247.5	0.25	0	1	123750
247.516	0.25	0	1	123758
247.532	0.25	0	1	123766
247.55	0.25	0	1	123775
247.566	0.25	0	1	123783
247.582	0.25	0	1	123791
247.6	0.25	0	1	123800
247.616	0.25	0	1	123808
247.632	0.25	0	1	123816
247.65	0.25	0	1	123825
247.666	0.25	0	1	123833
247.682	0.25	0	1	123841
247.7	0.25	0	1	123850
247.716	0.25	0	1	123858
247.732	0.25	0	1	123866
247.75	0.25	0	1	123875
247.766	0.25	1	2	123883
247.782	0.25	1	2	123891
247.8	0.25	1	2	123900
247.816	0.25	1	2	123908
247.832	0.25	0	1	123916
247.85	0.25	0	1	123925
247.866	0.25	0	1	123933
247.882	0.25	0	1	123941
