onset	duration	trial_type	value	sample
12.232	0.25	0	1	6116
12.25	0.25	0	1	6125
12.266	0.25	0	1	6133
12.282	0.25	0	1	6141
12.3	0.25	0	1	6150
12.316	0.25	0	1	6158
12.332	0.25	0	1	6166
12.35	0.25	0	1	6175
12.366	0.25	0	1	6183
12.382	0.25	0	1	6191
12.4	0.25	0	1	6200
12.416	0.25	0	1	6208
12.432	0.25	0	1	6216
12.45	0.25	0	1	6225
12.466	0.25	0	1	6233
12.482	0.25	0	1	6241
12.5	0.25	0	1	6250
12.516	0.25	0	1	6258
12.532	0.25	1	2	6266
12.55	0.25	1	2	6275
12.566	0.25	1	2	6283
12.582	0.25	1	2	6291
12.6	0.25	0	1	6300
12.616	0.25	0	1	6308
12.632	0.25	0	1	6316
12.65	0.25	0	1	6325
12.666	0.25	0	1	6333
12.682	0.25	0	1	6341
12.7	0.25	0	1	6350
12.716	0.25	0	1	6358
12.732	0.25	0	1	6366
12.75	0.25	0	1	6375
12.766	0.25	0	1	6383
12.782	0.25	0	1	6391
12.8	0.25	0	1	6400
12.816	0.25	0	1	6408
12.832	0.25	0	1	6416
12.85	0.25	0	1	6425
12.866	0.25	0	1	6433
12.882	0.25	0	1	6441
12.9	0.25	0	1	6450
12.916	0.25	0	1	6458
12.932	0.25	1	2	6466
12.95	0.25	1	2	6475
12.966	0.25	1	2	6483
12.982	0.25	1	2	6491
13.0	0.25	0	1	6500
13.016	0.25	0	1	6508
13.032	0.25	0	1	6516
13.05	0.25	0	1	6525
13.066	0.25	0	1	6533
13.082	0.25	0	1	6541
13.1	0.25	0	1	6550
13.116	0.25	0	1	6558
13.132	0.25	0	1	6566
13.15	0.25	0	1	6575
13.166	0.25	0	1	6583
13.182	0.25	0	1	6591
13.2	0.25	0	1	6600
13.216	0.25	1	2	6608
13.232	0.25	1	2	6616
13.25	0.25	1	2	6625
13.266	0.25	1	2	6633
13.282	0.25	0	1	6641
13.3	0.25	0	1	6650
13.316	0.25	0	1	6658
13.332	0.25	0	1	6666
13.35	0.25	0	1	6675
13.366	0.25	0	1	6683
13.382	0.25	0	1	6691
13.4	0.25	0	1	6700
13.416	0.25	0	1	6708
13.432	0.25	0	1	6716
13.45	0.25	0	1	6725
13.466	0.25	0	1	6733
13.482	0.25	0	1	6741
13.5	0.25	0	1	6750
13.516	0.25	0	1	6758
13.532	0.25	0	1	6766
13.55	0.25	0	1	6775
13.566	0.25	0	1	6783
13.582	0.25	1	2	6791
13.6	0.25	1	2	6800
13.616	0.25	1	2	6808
13.632	0.25	1	2	6816
13.65	0.25	0	1	6825
13.666	0.25	0	1	6833
13.682	0.25	0	1	6841
13.7	0.25	0	1	6850
13.716	0.25	0	1	6858
13.732	0.25	0	1	6866
13.75	0.25	0	1	6875
13.766	0.25	0	1	6883
13.782	0.25	0	1	6891
13.8	0.25	0	1	6900
13.816	0.25	0	1	6908
13.832	0.25	0	1	6916
13.85	0.25	0	1	6925
13.866	0.25	0	1	6933
13.882	0.25	0	1	6941
13.9	0.25	0	1	6950
13.916	0.25	0	1	6958
13.932	0.25	0	1	6966
13.95	0.25	0	1	6975
13.966	0.25	0	1	6983
13.982	0.25	0	1	6991
14.0	0.25	0	1	7000
14.016	0.25	0	1	7008
14.032	0.25	0	1	7016
14.05	0.25	1	2	7025
14.066	0.25	1	2	7033
14.082	0.25	1	2	7041
14.1	0.25	1	2	7050
14.116	0.25	0	1	7058
14.132	0.25	0	1	7066
14.15	0.25	0	1	7075
14.166	0.25	0	1	7083
15.65	0.25	0	1	7825
15.666	0.25	0	1	7833
15.682	0.25	0	1	7841
15.7	0.25	0	1	7850
15.716	0.25	0	1	7858
15.732	0.25	0	1	7866
15.75	0.25	0	1	7875
15.766	0.25	0	1	7883
15.782	0.25	0	1	7891
15.8	0.25	0	1	7900
15.816	0.25	0	1	7908
15.832	0.25	0	1	7916
15.85	0.25	0	1	7925
15.866	0.25	0	1	7933
15.882	0.25	0	1	7941
15.9	0.25	0	1	7950
15.916	0.25	0	1	7958
15.932	0.25	0	1	7966
15.95	0.25	0	1	7975
15.966	0.25	0	1	7983
15.982	0.25	0	1	7991
16.0	0.25	0	1	8000
16.016	0.25	0	1	8008
16.032	0.25	1	2	8016
16.05	0.25	1	2	8025
16.066	0.25	1	2	8033
16.082	0.25	1	2	8041
16.1	0.25	0	1	8050
16.116	0.25	0	1	8058
16.132	0.25	0	1	8066
16.148	0.25	0	1	8074
16.166	0.25	0	1	8083
16.182	0.25	0	1	8091
16.2	0.25	0	1	8100
16.216	0.25	0	1	8108
16.232	0.25	0	1	8116
16.25	0.25	0	1	8125
16.266	0.25	0	1	8133
16.282	0.25	0	1	8141
16.3	0.25	0	1	8150
16.316	0.25	0	1	8158
16.332	0.25	0	1	8166
16.35	0.25	0	1	8175
16.366	0.25	0	1	8183
16.382	0.25	0	1	8191
16.4	0.25	0	1	8200
16.416	0.25	1	2	8208
16.432	0.25	1	2	8216
16.45	0.25	1	2	8225
16.466	0.25	1	2	8233
16.482	0.25	0	1	8241
16.5	0.25	0	1	8250
16.516	0.25	0	1	8258
16.532	0.25	0	1	8266
16.55	0.25	0	1	8275
16.566	0.25	0	1	8283
16.582	0.25	0	1	8291
16.6	0.25	0	1	8300
16.616	0.25	0	1	8308
16.632	0.25	0	1	8316
16.65	0.25	0	1	8325
16.666	0.25	0	1	8333
16.682	0.25	0	1	8341
16.7	0.25	0	1	8350
16.716	0.25	1	2	8358
16.732	0.25	1	2	8366
16.75	0.25	1	2	8375
16.766	0.25	1	2	8383
16.782	0.25	0	1	8391
16.8	0.25	0	1	8400
16.816	0.25	0	1	8408
16.832	0.25	0	1	8416
16.85	0.25	0	1	8425
16.866	0.25	0	1	8433
16.882	0.25	0	1	8441
16.9	0.25	0	1	8450
16.916	0.25	0	1	8458
16.932	0.25	0	1	8466
16.95	0.25	0	1	8475
16.966	0.25	0	1	8483
16.982	0.25	0	1	8491
17.0	0.25	1	2	8500
17.016	0.25	1	2	8508
17.032	0.25	1	2	8516
17.05	0.25	1	2	8525
17.066	0.25	0	1	8533
17.082	0.25	0	1	8541
17.1	0.25	0	1	8550
17.116	0.25	0	1	8558
17.132	0.25	0	1	8566
17.15	0.25	0	1	8575
17.166	0.25	0	1	8583
17.182	0.25	0	1	8591
17.2	0.25	0	1	8600
17.216	0.25	0	1	8608
17.232	0.25	0	1	8616
17.25	0.25	0	1	8625
17.266	0.25	0	1	8633
17.282	0.25	0	1	8641
17.3	0.25	0	1	8650
17.316	0.25	0	1	8658
17.332	0.25	1	2	8666
17.35	0.25	1	2	8675
17.366	0.25	1	2	8683
17.382	0.25	1	2	8691
17.4	0.25	0	1	8700
17.416	0.25	0	1	8708
17.432	0.25	0	1	8716
17.45	0.25	0	1	8725
17.466	0.25	0	1	8733
17.482	0.25	0	1	8741
17.5	0.25	0	1	8750
17.516	0.25	0	1	8758
17.532	0.25	0	1	8766
17.55	0.25	0	1	8775
17.566	0.25	0	1	8783
17.582	0.25	0	1	8791
19.066	0.25	0	1	9533
19.082	0.25	1	2	9541
19.1	0.25	1	2	9550
19.116	0.25	1	2	9558
19.132	0.25	1	2	9566
19.15	0.25	0	1	9575
19.166	0.25	0	1	9583
19.182	0.25	0	1	9591
19.2	0.25	0	1	9600
19.216	0.25	0	1	9608
19.232	0.25	0	1	9616
19.25	0.25	0	1	9625
19.266	0.25	0	1	9633
19.282	0.25	0	1	9641
19.3	0.25	0	1	9650
19.316	0.25	0	1	9658
19.332	0.25	0	1	9666
19.35	0.25	0	1	9675
19.366	0.25	0	1	9683
19.382	0.25	0	1	9691
19.4	0.25	0	1	9700
19.416	0.25	0	1	9708
19.432	0.25	0	1	9716
19.45	0.25	0	1	9725
19.466	0.25	0	1	9733
19.482	0.25	0	1	9741
19.5	0.25	0	1	9750
19.516	0.25	0	1	9758
19.532	0.25	0	1	9766
19.55	0.25	0	1	9775
19.566	0.25	1	2	9783
19.582	0.25	1	2	9791
19.6	0.25	1	2	9800
19.616	0.25	1	2	9808
19.632	0.25	0	1	9816
19.65	0.25	0	1	9825
19.666	0.25	0	1	9833
19.682	0.25	0	1	9841
19.7	0.25	0	1	9850
19.716	0.25	0	1	9858
19.732	0.25	0	1	9866
19.75	0.25	0	1	9875
19.766	0.25	0	1	9883
19.782	0.25	0	1	9891
19.8	0.25	0	1	9900
19.816	0.25	0	1	9908
19.832	0.25	0	1	9916
19.85	0.25	0	1	9925
19.866	0.25	0	1	9933
19.882	0.25	0	1	9941
19.9	0.25	0	1	9950
19.916	0.25	0	1	9958
19.932	0.25	0	1	9966
19.95	0.25	0	1	9975
19.966	0.25	0	1	9983
19.982	0.25	0	1	9991
20.0	0.25	0	1	10000
20.016	0.25	0	1	10008
20.032	0.25	1	2	10016
20.05	0.25	1	2	10025
20.066	0.25	1	2	10033
20.082	0.25	1	2	10041
20.1	0.25	0	1	10050
20.116	0.25	0	1	10058
20.132	0.25	0	1	10066
20.15	0.25	0	1	10075
20.166	0.25	0	1	10083
20.182	0.25	0	1	10091
20.2	0.25	0	1	10100
20.216	0.25	0	1	10108
20.232	0.25	0	1	10116
20.25	0.25	0	1	10125
20.266	0.25	0	1	10133
20.282	0.25	0	1	10141
20.3	0.25	0	1	10150
20.316	0.25	0	1	10158
20.332	0.25	0	1	10166
20.35	0.25	0	1	10175
20.366	0.25	0	1	10183
20.382	0.25	0	1	10191
20.4	0.25	0	1	10200
20.416	0.25	0	1	10208
20.432	0.25	0	1	10216
20.45	0.25	1	2	10225
20.466	0.25	1	2	10233
20.482	0.25	1	2	10241
20.5	0.25	1	2	10250
20.516	0.25	0	1	10258
20.532	0.25	0	1	10266
20.55	0.25	0	1	10275
20.566	0.25	0	1	10283
20.582	0.25	0	1	10291
20.6	0.25	0	1	10300
20.616	0.25	0	1	10308
20.632	0.25	0	1	10316
20.65	0.25	0	1	10325
20.666	0.25	0	1	10333
20.682	0.25	0	1	10341
20.7	0.25	0	1	10350
20.716	0.25	0	1	10358
20.732	0.25	0	1	10366
20.75	0.25	0	1	10375
20.766	0.25	0	1	10383
20.782	0.25	0	1	10391
20.8	0.25	0	1	10400
20.816	0.25	0	1	10408
20.832	0.25	0	1	10416
20.85	0.25	0	1	10425
20.866	0.25	0	1	10433
20.882	0.25	1	2	10441
20.9	0.25	1	2	10450
20.916	0.25	1	2	10458
20.932	0.25	1	2	10466
20.95	0.25	0	1	10475
20.966	0.25	0	1	10483
20.982	0.25	0	1	10491
21.0	0.25	0	1	10500
22.482	0.25	0	1	11241
22.5	0.25	0	1	11250
22.516	0.25	0	1	11258
22.532	0.25	0	1	11266
22.55	0.25	0	1	11275
22.566	0.25	0	1	11283
22.582	0.25	0	1	11291
22.6	0.25	0	1	11300
22.616	0.25	0	1	11308
22.632	0.25	0	1	11316
22.65	0.25	0	1	11325
22.666	0.25	0	1	11333
22.682	0.25	0	1	11341
22.7	0.25	0	1	11350
22.716	0.25	0	1	11358
22.732	0.25	1	2	11366
22.75	0.25	1	2	11375
22.766	0.25	1	2	11383
22.782	0.25	1	2	11391
22.8	0.25	0	1	11400
22.816	0.25	0	1	11408
22.832	0.25	0	1	11416
22.85	0.25	0	1	11425
22.866	0.25	0	1	11433
22.882	0.25	0	1	11441
22.9	0.25	0	1	11450
22.916	0.25	0	1	11458
22.932	0.25	0	1	11466
22.95	0.25	0	1	11475
22.966	0.25	0	1	11483
22.982	0.25	0	1	11491
23.0	0.25	0	1	11500
23.016	0.25	0	1	11508
23.032	0.25	0	1	11516
23.05	0.25	0	1	11525
23.066	0.25	0	1	11533
23.082	0.25	0	1	11541
23.1	0.25	0	1	11550
23.116	0.25	0	1	11558
23.132	0.25	0	1	11566
23.15	0.25	0	1	11575
23.166	0.25	1	2	11583
23.182	0.25	1	2	11591
23.2	0.25	1	2	11600
23.216	0.25	1	2	11608
23.232	0.25	0	1	11616
23.25	0.25	0	1	11625
23.266	0.25	0	1	11633
23.282	0.25	0	1	11641
23.3	0.25	0	1	11650
23.316	0.25	0	1	11658
23.332	0.25	0	1	11666
23.35	0.25	0	1	11675
23.366	0.25	0	1	11683
23.382	0.25	0	1	11691
23.4	0.25	0	1	11700
23.416	0.25	0	1	11708
23.432	0.25	0	1	11716
23.45	0.25	0	1	11725
23.466	0.25	0	1	11733
23.482	0.25	0	1	11741
23.5	0.25	0	1	11750
23.516	0.25	0	1	11758
23.532	0.25	0	1	11766
23.55	0.25	0	1	11775
23.566	0.25	0	1	11783
23.582	0.25	0	1	11791
23.6	0.25	0	1	11800
23.616	0.25	0	1	11808
23.632	0.25	1	2	11816
23.65	0.25	1	2	11825
23.666	0.25	1	2	11833
23.682	0.25	1	2	11841
23.7	0.25	0	1	11850
23.716	0.25	0	1	11858
23.732	0.25	0	1	11866
23.75	0.25	0	1	11875
23.766	0.25	0	1	11883
23.782	0.25	0	1	11891
23.8	0.25	0	1	11900
23.816	0.25	0	1	11908
23.832	0.25	0	1	11916
23.85	0.25	0	1	11925
23.866	0.25	0	1	11933
23.882	0.25	0	1	11941
23.9	0.25	0	1	11950
23.916	0.25	0	1	11958
23.932	0.25	1	2	11966
23.95	0.25	1	2	11975
23.966	0.25	1	2	11983
23.982	0.25	1	2	11991
24.0	0.25	0	1	12000
24.016	0.25	0	1	12008
24.032	0.25	0	1	12016
24.05	0.25	0	1	12025
24.066	0.25	0	1	12033
24.082	0.25	0	1	12041
24.1	0.25	0	1	12050
24.116	0.25	0	1	12058
24.132	0.25	0	1	12066
24.15	0.25	0	1	12075
24.166	0.25	0	1	12083
24.182	0.25	0	1	12091
24.2	0.25	0	1	12100
24.216	0.25	0	1	12108
24.232	0.25	0	1	12116
24.25	0.25	0	1	12125
24.266	0.25	0	1	12133
24.282	0.25	0	1	12141
24.3	0.25	0	1	12150
24.316	0.25	0	1	12158
24.332	0.25	0	1	12166
24.35	0.25	0	1	12175
24.366	0.25	1	2	12183
24.382	0.25	1	2	12191
24.4	0.25	1	2	12200
24.416	0.25	1	2	12208
26.816	0.25	0	1	13408
26.832	0.25	0	1	13416
26.85	0.25	0	1	13425
26.866	0.25	0	1	13433
26.882	0.25	0	1	13441
26.9	0.25	0	1	13450
26.916	0.25	0	1	13458
26.932	0.25	0	1	13466
26.95	0.25	0	1	13475
26.966	0.25	0	1	13483
26.982	0.25	0	1	13491
27.0	0.25	0	1	13500
27.016	0.25	0	1	13508
27.032	0.25	0	1	13516
27.05	0.25	0	1	13525
27.066	0.25	0	1	13533
27.082	0.25	0	1	13541
27.1	0.25	0	1	13550
27.116	0.25	1	2	13558
27.132	0.25	1	2	13566
27.15	0.25	1	2	13575
27.166	0.25	1	2	13583
27.182	0.25	0	1	13591
27.2	0.25	0	1	13600
27.216	0.25	0	1	13608
27.232	0.25	0	1	13616
27.25	0.25	0	1	13625
27.266	0.25	0	1	13633
27.282	0.25	0	1	13641
27.3	0.25	0	1	13650
27.316	0.25	0	1	13658
27.332	0.25	0	1	13666
27.35	0.25	0	1	13675
27.366	0.25	0	1	13683
27.382	0.25	0	1	13691
27.4	0.25	0	1	13700
27.416	0.25	0	1	13708
27.432	0.25	0	1	13716
27.45	0.25	0	1	13725
27.466	0.25	0	1	13733
27.482	0.25	0	1	13741
27.5	0.25	0	1	13750
27.516	0.25	1	2	13758
27.532	0.25	1	2	13766
27.55	0.25	1	2	13775
27.566	0.25	1	2	13783
27.582	0.25	0	1	13791
27.6	0.25	0	1	13800
27.616	0.25	0	1	13808
27.632	0.25	0	1	13816
27.65	0.25	0	1	13825
27.666	0.25	0	1	13833
27.682	0.25	0	1	13841
27.7	0.25	0	1	13850
27.716	0.25	0	1	13858
27.732	0.25	0	1	13866
27.75	0.25	0	1	13875
27.766	0.25	0	1	13883
27.782	0.25	0	1	13891
27.8	0.25	1	2	13900
27.816	0.25	1	2	13908
27.832	0.25	1	2	13916
27.85	0.25	1	2	13925
27.866	0.25	0	1	13933
27.882	0.25	0	1	13941
27.9	0.25	0	1	13950
27.916	0.25	0	1	13958
27.932	0.25	0	1	13966
27.95	0.25	0	1	13975
27.966	0.25	0	1	13983
27.982	0.25	0	1	13991
28.0	0.25	0	1	14000
28.016	0.25	0	1	14008
28.032	0.25	0	1	14016
28.05	0.25	0	1	14025
28.066	0.25	0	1	14033
28.082	0.25	0	1	14041
28.1	0.25	0	1	14050
28.116	0.25	0	1	14058
28.132	0.25	0	1	14066
28.15	0.25	0	1	14075
28.166	0.25	1	2	14083
28.182	0.25	1	2	14091
28.2	0.25	1	2	14100
28.216	0.25	1	2	14108
28.232	0.25	0	1	14116
28.25	0.25	0	1	14125
28.266	0.25	0	1	14133
28.282	0.25	0	1	14141
28.3	0.25	0	1	14150
28.316	0.25	0	1	14158
28.332	0.25	0	1	14166
28.35	0.25	0	1	14175
28.366	0.25	0	1	14183
28.382	0.25	0	1	14191
28.4	0.25	0	1	14200
28.416	0.25	0	1	14208
28.432	0.25	0	1	14216
28.45	0.25	0	1	14225
28.466	0.25	0	1	14233
28.482	0.25	0	1	14241
28.5	0.25	0	1	14250
28.516	0.25	0	1	14258
28.532	0.25	0	1	14266
28.55	0.25	0	1	14275
28.566	0.25	0	1	14283
28.582	0.25	0	1	14291
28.6	0.25	0	1	14300
28.616	0.25	0	1	14308
28.632	0.25	1	2	14316
28.65	0.25	1	2	14325
28.666	0.25	1	2	14333
28.682	0.25	1	2	14341
28.7	0.25	0	1	14350
28.716	0.25	0	1	14358
28.732	0.25	0	1	14366
28.75	0.25	0	1	14375
30.232	0.25	0	1	15116
30.25	0.25	0	1	15125
30.266	0.25	0	1	15133
30.282	0.25	0	1	15141
30.3	0.25	0	1	15150
30.316	0.25	0	1	15158
30.332	0.25	0	1	15166
30.35	0.25	0	1	15175
30.366	0.25	0	1	15183
30.382	0.25	0	1	15191
30.4	0.25	0	1	15200
30.416	0.25	0	1	15208
30.432	0.25	0	1	15216
30.45	0.25	0	1	15225
30.466	0.25	0	1	15233
30.482	0.25	1	2	15241
30.5	0.25	1	2	15250
30.516	0.25	1	2	15258
30.532	0.25	1	2	15266
30.55	0.25	0	1	15275
30.566	0.25	0	1	15283
30.582	0.25	0	1	15291
30.6	0.25	0	1	15300
30.616	0.25	0	1	15308
30.632	0.25	0	1	15316
30.65	0.25	0	1	15325
30.666	0.25	0	1	15333
30.682	0.25	0	1	15341
30.7	0.25	0	1	15350
30.716	0.25	0	1	15358
30.732	0.25	0	1	15366
30.75	0.25	0	1	15375
30.766	0.25	0	1	15383
30.782	0.25	0	1	15391
30.8	0.25	0	1	15400
30.816	0.25	0	1	15408
30.832	0.25	0	1	15416
30.85	0.25	0	1	15425
30.866	0.25	0	1	15433
30.882	0.25	0	1	15441
30.9	0.25	0	1	15450
30.916	0.25	1	2	15458
30.932	0.25	1	2	15466
30.95	0.25	1	2	15475
30.966	0.25	1	2	15483
30.982	0.25	0	1	15491
31.0	0.25	0	1	15500
31.016	0.25	0	1	15508
31.032	0.25	0	1	15516
31.05	0.25	0	1	15525
31.066	0.25	0	1	15533
31.082	0.25	0	1	15541
31.1	0.25	0	1	15550
31.116	0.25	0	1	15558
31.132	0.25	0	1	15566
31.15	0.25	0	1	15575
31.166	0.25	0	1	15583
31.182	0.25	0	1	15591
31.2	0.25	0	1	15600
31.216	0.25	0	1	15608
31.232	0.25	0	1	15616
31.25	0.25	0	1	15625
31.266	0.25	0	1	15633
31.282	0.25	0	1	15641
31.3	0.25	0	1	15650
31.316	0.25	0	1	15658
31.332	0.25	0	1	15666
31.35	0.25	0	1	15675
31.366	0.25	0	1	15683
31.382	0.25	1	2	15691
31.4	0.25	1	2	15700
31.416	0.25	1	2	15708
31.432	0.25	1	2	15716
31.45	0.25	0	1	15725
31.466	0.25	0	1	15733
31.482	0.25	0	1	15741
31.5	0.25	0	1	15750
31.516	0.25	0	1	15758
31.532	0.25	0	1	15766
31.55	0.25	0	1	15775
31.566	0.25	0	1	15783
31.582	0.25	0	1	15791
31.6	0.25	0	1	15800
31.616	0.25	0	1	15808
31.632	0.25	0	1	15816
31.65	0.25	0	1	15825
31.666	0.25	0	1	15833
31.682	0.25	1	2	15841
31.7	0.25	1	2	15850
31.716	0.25	1	2	15858
31.732	0.25	1	2	15866
31.75	0.25	0	1	15875
31.766	0.25	0	1	15883
31.782	0.25	0	1	15891
31.8	0.25	0	1	15900
31.816	0.25	0	1	15908
31.832	0.25	0	1	15916
31.85	0.25	0	1	15925
31.866	0.25	0	1	15933
31.882	0.25	0	1	15941
31.9	0.25	0	1	15950
31.916	0.25	0	1	15958
31.932	0.25	0	1	15966
31.95	0.25	0	1	15975
31.966	0.25	0	1	15983
31.982	0.25	0	1	15991
32.0	0.25	0	1	16000
32.016	0.25	0	1	16008
32.032	0.25	0	1	16016
32.048	0.25	0	1	16024
32.066	0.25	0	1	16033
32.082	0.25	0	1	16041
32.1	0.25	0	1	16050
32.116	0.25	1	2	16058
32.132	0.25	1	2	16066
32.15	0.25	1	2	16075
32.166	0.25	1	2	16083
33.65	0.25	0	1	16825
33.666	0.25	0	1	16833
33.682	0.25	0	1	16841
33.7	0.25	0	1	16850
33.716	0.25	0	1	16858
33.732	0.25	0	1	16866
33.75	0.25	0	1	16875
33.766	0.25	0	1	16883
33.782	0.25	0	1	16891
33.8	0.25	0	1	16900
33.816	0.25	0	1	16908
33.832	0.25	0	1	16916
33.85	0.25	0	1	16925
33.866	0.25	0	1	16933
33.882	0.25	0	1	16941
33.9	0.25	0	1	16950
33.916	0.25	0	1	16958
33.932	0.25	0	1	16966
33.95	0.25	0	1	16975
33.966	0.25	0	1	16983
33.982	0.25	0	1	16991
34.0	0.25	0	1	17000
34.016	0.25	0	1	17008
34.032	0.25	1	2	17016
34.05	0.25	1	2	17025
34.066	0.25	1	2	17033
34.082	0.25	1	2	17041
34.1	0.25	0	1	17050
34.116	0.25	0	1	17058
34.132	0.25	0	1	17066
34.15	0.25	0	1	17075
34.166	0.25	0	1	17083
34.182	0.25	0	1	17091
34.2	0.25	0	1	17100
34.216	0.25	0	1	17108
34.232	0.25	0	1	17116
34.25	0.25	0	1	17125
34.266	0.25	0	1	17133
34.282	0.25	0	1	17141
34.3	0.25	0	1	17150
34.316	0.25	0	1	17158
34.332	0.25	0	1	17166
34.35	0.25	0	1	17175
34.366	0.25	0	1	17183
34.382	0.25	0	1	17191
34.4	0.25	0	1	17200
34.416	0.25	1	2	17208
34.432	0.25	1	2	17216
34.45	0.25	1	2	17225
34.466	0.25	1	2	17233
34.482	0.25	0	1	17241
34.5	0.25	0	1	17250
34.516	0.25	0	1	17258
34.532	0.25	0	1	17266
34.55	0.25	0	1	17275
34.566	0.25	0	1	17283
34.582	0.25	0	1	17291
34.6	0.25	0	1	17300
34.616	0.25	0	1	17308
34.632	0.25	0	1	17316
34.65	0.25	0	1	17325
34.666	0.25	0	1	17333
34.682	0.25	0	1	17341
34.7	0.25	0	1	17350
34.716	0.25	1	2	17358
34.732	0.25	1	2	17366
34.75	0.25	1	2	17375
34.766	0.25	1	2	17383
34.782	0.25	0	1	17391
34.8	0.25	0	1	17400
34.816	0.25	0	1	17408
34.832	0.25	0	1	17416
34.85	0.25	0	1	17425
34.866	0.25	0	1	17433
34.882	0.25	0	1	17441
34.9	0.25	0	1	17450
34.916	0.25	0	1	17458
34.932	0.25	0	1	17466
34.95	0.25	0	1	17475
34.966	0.25	0	1	17483
34.982	0.25	0	1	17491
35.0	0.25	1	2	17500
35.016	0.25	1	2	17508
35.032	0.25	1	2	17516
35.05	0.25	1	2	17525
35.066	0.25	0	1	17533
35.082	0.25	0	1	17541
35.1	0.25	0	1	17550
35.116	0.25	0	1	17558
35.132	0.25	0	1	17566
35.15	0.25	0	1	17575
35.166	0.25	0	1	17583
35.182	0.25	0	1	17591
35.2	0.25	0	1	17600
35.216	0.25	0	1	17608
35.232	0.25	0	1	17616
35.25	0.25	0	1	17625
35.266	0.25	0	1	17633
35.282	0.25	0	1	17641
35.3	0.25	0	1	17650
35.316	0.25	0	1	17658
35.332	0.25	1	2	17666
35.35	0.25	1	2	17675
35.366	0.25	1	2	17683
35.382	0.25	1	2	17691
35.4	0.25	0	1	17700
35.416	0.25	0	1	17708
35.432	0.25	0	1	17716
35.45	0.25	0	1	17725
35.466	0.25	0	1	17733
35.482	0.25	0	1	17741
35.5	0.25	0	1	17750
35.516	0.25	0	1	17758
35.532	0.25	0	1	17766
35.55	0.25	0	1	17775
35.566	0.25	0	1	17783
35.582	0.25	0	1	17791
37.066	0.25	0	1	18533
37.082	0.25	1	2	18541
37.1	0.25	1	2	18550
37.116	0.25	1	2	18558
37.132	0.25	1	2	18566
37.15	0.25	0	1	18575
37.166	0.25	0	1	18583
37.182	0.25	0	1	18591
37.2	0.25	0	1	18600
37.216	0.25	0	1	18608
37.232	0.25	0	1	18616
37.25	0.25	0	1	18625
37.266	0.25	0	1	18633
37.282	0.25	0	1	18641
37.3	0.25	0	1	18650
37.316	0.25	0	1	18658
37.332	0.25	0	1	18666
37.35	0.25	0	1	18675
37.366	0.25	0	1	18683
37.382	0.25	0	1	18691
37.4	0.25	0	1	18700
37.416	0.25	0	1	18708
37.432	0.25	0	1	18716
37.45	0.25	0	1	18725
37.466	0.25	0	1	18733
37.482	0.25	0	1	18741
37.5	0.25	0	1	18750
37.516	0.25	0	1	18758
37.532	0.25	0	1	18766
37.55	0.25	0	1	18775
37.566	0.25	1	2	18783
37.582	0.25	1	2	18791
37.6	0.25	1	2	18800
37.616	0.25	1	2	18808
37.632	0.25	0	1	18816
37.65	0.25	0	1	18825
37.666	0.25	0	1	18833
37.682	0.25	0	1	18841
37.7	0.25	0	1	18850
37.716	0.25	0	1	18858
37.732	0.25	0	1	18866
37.75	0.25	0	1	18875
37.766	0.25	0	1	18883
37.782	0.25	0	1	18891
37.8	0.25	0	1	18900
37.816	0.25	0	1	18908
37.832	0.25	0	1	18916
37.85	0.25	0	1	18925
37.866	0.25	0	1	18933
37.882	0.25	0	1	18941
37.9	0.25	0	1	18950
37.916	0.25	0	1	18958
37.932	0.25	0	1	18966
37.95	0.25	0	1	18975
37.966	0.25	0	1	18983
37.982	0.25	0	1	18991
38.0	0.25	0	1	19000
38.016	0.25	0	1	19008
38.032	0.25	1	2	19016
38.05	0.25	1	2	19025
38.066	0.25	1	2	19033
38.082	0.25	1	2	19041
38.1	0.25	0	1	19050
38.116	0.25	0	1	19058
38.132	0.25	0	1	19066
38.15	0.25	0	1	19075
38.166	0.25	0	1	19083
38.182	0.25	0	1	19091
38.2	0.25	0	1	19100
38.216	0.25	0	1	19108
38.232	0.25	0	1	19116
38.25	0.25	0	1	19125
38.266	0.25	0	1	19133
38.282	0.25	0	1	19141
38.3	0.25	0	1	19150
38.316	0.25	0	1	19158
38.332	0.25	0	1	19166
38.35	0.25	0	1	19175
38.366	0.25	0	1	19183
38.382	0.25	0	1	19191
38.4	0.25	0	1	19200
38.416	0.25	0	1	19208
38.432	0.25	0	1	19216
38.45	0.25	1	2	19225
38.466	0.25	1	2	19233
38.482	0.25	1	2	19241
38.5	0.25	1	2	19250
38.516	0.25	0	1	19258
38.532	0.25	0	1	19266
38.55	0.25	0	1	19275
38.566	0.25	0	1	19283
38.582	0.25	0	1	19291
38.6	0.25	0	1	19300
38.616	0.25	0	1	19308
38.632	0.25	0	1	19316
38.65	0.25	0	1	19325
38.666	0.25	0	1	19333
38.682	0.25	0	1	19341
38.7	0.25	0	1	19350
38.716	0.25	0	1	19358
38.732	0.25	0	1	19366
38.75	0.25	0	1	19375
38.766	0.25	0	1	19383
38.782	0.25	0	1	19391
38.8	0.25	0	1	19400
38.816	0.25	0	1	19408
38.832	0.25	0	1	19416
38.85	0.25	0	1	19425
38.866	0.25	0	1	19433
38.882	0.25	1	2	19441
38.9	0.25	1	2	19450
38.916	0.25	1	2	19458
38.932	0.25	1	2	19466
38.95	0.25	0	1	19475
38.966	0.25	0	1	19483
38.982	0.25	0	1	19491
39.0	0.25	0	1	19500
41.65	0.25	0	1	20825
41.666	0.25	0	1	20833
41.682	0.25	0	1	20841
41.7	0.25	0	1	20850
41.716	0.25	0	1	20858
41.732	0.25	0	1	20866
41.75	0.25	0	1	20875
41.766	0.25	0	1	20883
41.782	0.25	0	1	20891
41.8	0.25	0	1	20900
41.816	0.25	0	1	20908
41.832	0.25	0	1	20916
41.85	0.25	0	1	20925
41.866	0.25	0	1	20933
41.882	0.25	0	1	20941
41.9	0.25	1	2	20950
41.916	0.25	1	2	20958
41.932	0.25	1	2	20966
41.95	0.25	1	2	20975
41.966	0.25	0	1	20983
41.982	0.25	0	1	20991
42.0	0.25	0	1	21000
42.016	0.25	0	1	21008
42.032	0.25	0	1	21016
42.05	0.25	0	1	21025
42.066	0.25	0	1	21033
42.082	0.25	0	1	21041
42.1	0.25	0	1	21050
42.116	0.25	0	1	21058
42.132	0.25	0	1	21066
42.15	0.25	0	1	21075
42.166	0.25	0	1	21083
42.182	0.25	0	1	21091
42.2	0.25	0	1	21100
42.216	0.25	0	1	21108
42.232	0.25	0	1	21116
42.25	0.25	0	1	21125
42.266	0.25	0	1	21133
42.282	0.25	0	1	21141
42.3	0.25	0	1	21150
42.316	0.25	0	1	21158
42.332	0.25	1	2	21166
42.35	0.25	1	2	21175
42.366	0.25	1	2	21183
42.382	0.25	1	2	21191
42.4	0.25	0	1	21200
42.416	0.25	0	1	21208
42.432	0.25	0	1	21216
42.45	0.25	0	1	21225
42.466	0.25	0	1	21233
42.482	0.25	0	1	21241
42.5	0.25	0	1	21250
42.516	0.25	0	1	21258
42.532	0.25	0	1	21266
42.55	0.25	0	1	21275
42.566	0.25	0	1	21283
42.582	0.25	0	1	21291
42.6	0.25	0	1	21300
42.616	0.25	0	1	21308
42.632	0.25	0	1	21316
42.65	0.25	0	1	21325
42.666	0.25	0	1	21333
42.682	0.25	0	1	21341
42.7	0.25	0	1	21350
42.716	0.25	0	1	21358
42.732	0.25	0	1	21366
42.75	0.25	0	1	21375
42.766	0.25	0	1	21383
42.782	0.25	0	1	21391
42.8	0.25	1	2	21400
42.816	0.25	1	2	21408
42.832	0.25	1	2	21416
42.85	0.25	1	2	21425
42.866	0.25	0	1	21433
42.882	0.25	0	1	21441
42.9	0.25	0	1	21450
42.916	0.25	0	1	21458
42.932	0.25	0	1	21466
42.95	0.25	0	1	21475
42.966	0.25	0	1	21483
42.982	0.25	0	1	21491
43.0	0.25	0	1	21500
43.016	0.25	0	1	21508
43.032	0.25	0	1	21516
43.05	0.25	0	1	21525
43.066	0.25	0	1	21533
43.082	0.25	0	1	21541
43.1	0.25	1	2	21550
43.116	0.25	1	2	21558
43.132	0.25	1	2	21566
43.15	0.25	1	2	21575
43.166	0.25	0	1	21583
43.182	0.25	0	1	21591
43.2	0.25	0	1	21600
43.216	0.25	0	1	21608
43.232	0.25	0	1	21616
43.25	0.25	0	1	21625
43.266	0.25	0	1	21633
43.282	0.25	0	1	21641
43.3	0.25	0	1	21650
43.316	0.25	0	1	21658
43.332	0.25	0	1	21666
43.35	0.25	0	1	21675
43.366	0.25	0	1	21683
43.382	0.25	0	1	21691
43.4	0.25	0	1	21700
43.416	0.25	0	1	21708
43.432	0.25	0	1	21716
43.45	0.25	0	1	21725
43.466	0.25	0	1	21733
43.482	0.25	0	1	21741
43.5	0.25	0	1	21750
43.516	0.25	0	1	21758
43.532	0.25	1	2	21766
43.55	0.25	1	2	21775
43.566	0.25	1	2	21783
43.582	0.25	1	2	21791
45.066	0.25	0	1	22533
45.082	0.25	0	1	22541
45.1	0.25	0	1	22550
45.116	0.25	0	1	22558
45.132	0.25	0	1	22566
45.15	0.25	0	1	22575
45.166	0.25	0	1	22583
45.182	0.25	0	1	22591
45.2	0.25	0	1	22600
45.216	0.25	0	1	22608
45.232	0.25	0	1	22616
45.25	0.25	0	1	22625
45.266	0.25	0	1	22633
45.282	0.25	0	1	22641
45.3	0.25	0	1	22650
45.316	0.25	0	1	22658
45.332	0.25	0	1	22666
45.35	0.25	0	1	22675
45.366	0.25	1	2	22683
45.382	0.25	1	2	22691
45.4	0.25	1	2	22700
45.416	0.25	1	2	22708
45.432	0.25	0	1	22716
45.45	0.25	0	1	22725
45.466	0.25	0	1	22733
45.482	0.25	0	1	22741
45.5	0.25	0	1	22750
45.516	0.25	0	1	22758
45.532	0.25	0	1	22766
45.55	0.25	0	1	22775
45.566	0.25	0	1	22783
45.582	0.25	0	1	22791
45.6	0.25	0	1	22800
45.616	0.25	0	1	22808
45.632	0.25	0	1	22816
45.65	0.25	0	1	22825
45.666	0.25	0	1	22833
45.682	0.25	0	1	22841
45.7	0.25	0	1	22850
45.716	0.25	0	1	22858
45.732	0.25	0	1	22866
45.75	0.25	0	1	22875
45.766	0.25	1	2	22883
45.782	0.25	1	2	22891
45.8	0.25	1	2	22900
45.816	0.25	1	2	22908
45.832	0.25	0	1	22916
45.85	0.25	0	1	22925
45.866	0.25	0	1	22933
45.882	0.25	0	1	22941
45.9	0.25	0	1	22950
45.916	0.25	0	1	22958
45.932	0.25	0	1	22966
45.95	0.25	0	1	22975
45.966	0.25	0	1	22983
45.982	0.25	0	1	22991
46.0	0.25	0	1	23000
46.016	0.25	0	1	23008
46.032	0.25	0	1	23016
46.05	0.25	1	2	23025
46.066	0.25	1	2	23033
46.082	0.25	1	2	23041
46.1	0.25	1	2	23050
46.116	0.25	0	1	23058
46.132	0.25	0	1	23066
46.15	0.25	0	1	23075
46.166	0.25	0	1	23083
46.182	0.25	0	1	23091
46.2	0.25	0	1	23100
46.216	0.25	0	1	23108
46.232	0.25	0	1	23116
46.25	0.25	0	1	23125
46.266	0.25	0	1	23133
46.282	0.25	0	1	23141
46.3	0.25	0	1	23150
46.316	0.25	0	1	23158
46.332	0.25	0	1	23166
46.35	0.25	0	1	23175
46.366	0.25	0	1	23183
46.382	0.25	0	1	23191
46.4	0.25	0	1	23200
46.416	0.25	1	2	23208
46.432	0.25	1	2	23216
46.45	0.25	1	2	23225
46.466	0.25	1	2	23233
46.482	0.25	0	1	23241
46.5	0.25	0	1	23250
46.516	0.25	0	1	23258
46.532	0.25	0	1	23266
46.55	0.25	0	1	23275
46.566	0.25	0	1	23283
46.582	0.25	0	1	23291
46.6	0.25	0	1	23300
46.616	0.25	0	1	23308
46.632	0.25	0	1	23316
46.65	0.25	0	1	23325
46.666	0.25	0	1	23333
46.682	0.25	0	1	23341
46.7	0.25	0	1	23350
46.716	0.25	0	1	23358
46.732	0.25	0	1	23366
46.75	0.25	0	1	23375
46.766	0.25	0	1	23383
46.782	0.25	0	1	23391
46.8	0.25	0	1	23400
46.816	0.25	0	1	23408
46.832	0.25	0	1	23416
46.85	0.25	0	1	23425
46.866	0.25	0	1	23433
46.882	0.25	1	2	23441
46.9	0.25	1	2	23450
46.916	0.25	1	2	23458
46.932	0.25	1	2	23466
46.95	0.25	0	1	23475
46.966	0.25	0	1	23483
46.982	0.25	0	1	23491
47.0	0.25	0	1	23500
48.482	0.25	0	1	24241
48.5	0.25	1	2	24250
48.516	0.25	1	2	24258
48.532	0.25	1	2	24266
48.55	0.25	1	2	24275
48.566	0.25	0	1	24283
48.582	0.25	0	1	24291
48.6	0.25	0	1	24300
48.616	0.25	0	1	24308
48.632	0.25	0	1	24316
48.65	0.25	0	1	24325
48.666	0.25	0	1	24333
48.682	0.25	0	1	24341
48.7	0.25	0	1	24350
48.716	0.25	0	1	24358
48.732	0.25	0	1	24366
48.75	0.25	0	1	24375
48.766	0.25	0	1	24383
48.782	0.25	0	1	24391
48.8	0.25	0	1	24400
48.816	0.25	0	1	24408
48.832	0.25	0	1	24416
48.85	0.25	0	1	24425
48.866	0.25	0	1	24433
48.882	0.25	0	1	24441
48.9	0.25	0	1	24450
48.916	0.25	0	1	24458
48.932	0.25	0	1	24466
48.95	0.25	0	1	24475
48.966	0.25	0	1	24483
48.982	0.25	1	2	24491
49.0	0.25	1	2	24500
49.016	0.25	1	2	24508
49.032	0.25	1	2	24516
49.05	0.25	0	1	24525
49.066	0.25	0	1	24533
49.082	0.25	0	1	24541
49.1	0.25	0	1	24550
49.116	0.25	0	1	24558
49.132	0.25	0	1	24566
49.15	0.25	0	1	24575
49.166	0.25	0	1	24583
49.182	0.25	0	1	24591
49.2	0.25	0	1	24600
49.216	0.25	0	1	24608
49.232	0.25	0	1	24616
49.25	0.25	0	1	24625
49.266	0.25	0	1	24633
49.282	0.25	0	1	24641
49.3	0.25	0	1	24650
49.316	0.25	0	1	24658
49.332	0.25	0	1	24666
49.35	0.25	0	1	24675
49.366	0.25	0	1	24683
49.382	0.25	0	1	24691
49.4	0.25	0	1	24700
49.416	0.25	0	1	24708
49.432	0.25	0	1	24716
49.45	0.25	1	2	24725
49.466	0.25	1	2	24733
49.482	0.25	1	2	24741
49.5	0.25	1	2	24750
49.516	0.25	0	1	24758
49.532	0.25	0	1	24766
49.55	0.25	0	1	24775
49.566	0.25	0	1	24783
49.582	0.25	0	1	24791
49.6	0.25	0	1	24800
49.616	0.25	0	1	24808
49.632	0.25	0	1	24816
49.65	0.25	0	1	24825
49.666	0.25	0	1	24833
49.682	0.25	0	1	24841
49.7	0.25	0	1	24850
49.716	0.25	0	1	24858
49.732	0.25	0	1	24866
49.75	0.25	0	1	24875
49.766	0.25	0	1	24883
49.782	0.25	0	1	24891
49.8	0.25	0	1	24900
49.816	0.25	0	1	24908
49.832	0.25	0	1	24916
49.85	0.25	0	1	24925
49.866	0.25	1	2	24933
49.882	0.25	1	2	24941
49.9	0.25	1	2	24950
49.916	0.25	1	2	24958
49.932	0.25	0	1	24966
49.95	0.25	0	1	24975
49.966	0.25	0	1	24983
49.982	0.25	0	1	24991
50.0	0.25	0	1	25000
50.016	0.25	0	1	25008
50.032	0.25	0	1	25016
50.05	0.25	0	1	25025
50.066	0.25	0	1	25033
50.082	0.25	0	1	25041
50.1	0.25	0	1	25050
50.116	0.25	0	1	25058
50.132	0.25	0	1	25066
50.15	0.25	0	1	25075
50.166	0.25	0	1	25083
50.182	0.25	0	1	25091
50.2	0.25	0	1	25100
50.216	0.25	0	1	25108
50.232	0.25	0	1	25116
50.25	0.25	0	1	25125
50.266	0.25	0	1	25133
50.282	0.25	0	1	25141
50.3	0.25	1	2	25150
50.316	0.25	1	2	25158
50.332	0.25	1	2	25166
50.35	0.25	1	2	25175
50.366	0.25	0	1	25183
50.382	0.25	0	1	25191
50.4	0.25	0	1	25200
50.416	0.25	0	1	25208
51.9	0.25	0	1	25950
51.916	0.25	0	1	25958
51.932	0.25	0	1	25966
51.95	0.25	0	1	25975
51.966	0.25	0	1	25983
51.982	0.25	0	1	25991
52.0	0.25	0	1	26000
52.016	0.25	0	1	26008
52.032	0.25	0	1	26016
52.05	0.25	0	1	26025
52.066	0.25	0	1	26033
52.082	0.25	0	1	26041
52.1	0.25	0	1	26050
52.116	0.25	0	1	26058
52.132	0.25	0	1	26066
52.15	0.25	0	1	26075
52.166	0.25	0	1	26083
52.182	0.25	0	1	26091
52.2	0.25	0	1	26100
52.216	0.25	0	1	26108
52.232	0.25	0	1	26116
52.25	0.25	0	1	26125
52.266	0.25	0	1	26133
52.282	0.25	1	2	26141
52.3	0.25	1	2	26150
52.316	0.25	1	2	26158
52.332	0.25	1	2	26166
52.35	0.25	0	1	26175
52.366	0.25	0	1	26183
52.382	0.25	0	1	26191
52.4	0.25	0	1	26200
52.416	0.25	0	1	26208
52.432	0.25	0	1	26216
52.45	0.25	0	1	26225
52.466	0.25	0	1	26233
52.482	0.25	0	1	26241
52.5	0.25	0	1	26250
52.516	0.25	0	1	26258
52.532	0.25	0	1	26266
52.55	0.25	0	1	26275
52.566	0.25	0	1	26283
52.582	0.25	0	1	26291
52.6	0.25	0	1	26300
52.616	0.25	0	1	26308
52.632	0.25	0	1	26316
52.65	0.25	0	1	26325
52.666	0.25	1	2	26333
52.682	0.25	1	2	26341
52.7	0.25	1	2	26350
52.716	0.25	1	2	26358
52.732	0.25	0	1	26366
52.75	0.25	0	1	26375
52.766	0.25	0	1	26383
52.782	0.25	0	1	26391
52.8	0.25	0	1	26400
52.816	0.25	0	1	26408
52.832	0.25	0	1	26416
52.85	0.25	0	1	26425
52.866	0.25	0	1	26433
52.882	0.25	0	1	26441
52.9	0.25	0	1	26450
52.916	0.25	0	1	26458
52.932	0.25	0	1	26466
52.95	0.25	0	1	26475
52.966	0.25	1	2	26483
52.982	0.25	1	2	26491
53.0	0.25	1	2	26500
53.016	0.25	1	2	26508
53.032	0.25	0	1	26516
53.05	0.25	0	1	26525
53.066	0.25	0	1	26533
53.082	0.25	0	1	26541
53.1	0.25	0	1	26550
53.116	0.25	0	1	26558
53.132	0.25	0	1	26566
53.15	0.25	0	1	26575
53.166	0.25	0	1	26583
53.182	0.25	0	1	26591
53.2	0.25	0	1	26600
53.216	0.25	0	1	26608
53.232	0.25	0	1	26616
53.25	0.25	1	2	26625
53.266	0.25	1	2	26633
53.282	0.25	1	2	26641
53.3	0.25	1	2	26650
53.316	0.25	0	1	26658
53.332	0.25	0	1	26666
53.35	0.25	0	1	26675
53.366	0.25	0	1	26683
53.382	0.25	0	1	26691
53.4	0.25	0	1	26700
53.416	0.25	0	1	26708
53.432	0.25	0	1	26716
53.45	0.25	0	1	26725
53.466	0.25	0	1	26733
53.482	0.25	0	1	26741
53.5	0.25	0	1	26750
53.516	0.25	0	1	26758
53.532	0.25	0	1	26766
53.55	0.25	0	1	26775
53.566	0.25	0	1	26783
53.582	0.25	1	2	26791
53.6	0.25	1	2	26800
53.616	0.25	1	2	26808
53.632	0.25	1	2	26816
53.65	0.25	0	1	26825
53.666	0.25	0	1	26833
53.682	0.25	0	1	26841
53.7	0.25	0	1	26850
53.716	0.25	0	1	26858
53.732	0.25	0	1	26866
53.75	0.25	0	1	26875
53.766	0.25	0	1	26883
53.782	0.25	0	1	26891
53.8	0.25	0	1	26900
53.816	0.25	0	1	26908
53.832	0.25	0	1	26916
56.266	0.25	0	1	28133
56.282	0.25	0	1	28141
56.3	0.25	0	1	28150
56.316	0.25	0	1	28158
56.332	0.25	0	1	28166
56.35	0.25	0	1	28175
56.366	0.25	0	1	28183
56.382	0.25	0	1	28191
56.4	0.25	0	1	28200
56.416	0.25	0	1	28208
56.432	0.25	0	1	28216
56.45	0.25	0	1	28225
56.466	0.25	0	1	28233
56.482	0.25	0	1	28241
56.5	0.25	0	1	28250
56.516	0.25	0	1	28258
56.532	0.25	0	1	28266
56.55	0.25	0	1	28275
56.566	0.25	0	1	28283
56.582	0.25	0	1	28291
56.6	0.25	0	1	28300
56.616	0.25	0	1	28308
56.632	0.25	0	1	28316
56.65	0.25	1	2	28325
56.666	0.25	1	2	28333
56.682	0.25	1	2	28341
56.7	0.25	1	2	28350
56.716	0.25	0	1	28358
56.732	0.25	0	1	28366
56.75	0.25	0	1	28375
56.766	0.25	0	1	28383
56.782	0.25	0	1	28391
56.8	0.25	0	1	28400
56.816	0.25	0	1	28408
56.832	0.25	0	1	28416
56.85	0.25	0	1	28425
56.866	0.25	0	1	28433
56.882	0.25	0	1	28441
56.9	0.25	0	1	28450
56.916	0.25	0	1	28458
56.932	0.25	0	1	28466
56.95	0.25	0	1	28475
56.966	0.25	0	1	28483
56.982	0.25	0	1	28491
57.0	0.25	0	1	28500
57.016	0.25	0	1	28508
57.032	0.25	1	2	28516
57.05	0.25	1	2	28525
57.066	0.25	1	2	28533
57.082	0.25	1	2	28541
57.1	0.25	0	1	28550
57.116	0.25	0	1	28558
57.132	0.25	0	1	28566
57.15	0.25	0	1	28575
57.166	0.25	0	1	28583
57.182	0.25	0	1	28591
57.2	0.25	0	1	28600
57.216	0.25	0	1	28608
57.232	0.25	0	1	28616
57.25	0.25	0	1	28625
57.266	0.25	0	1	28633
57.282	0.25	0	1	28641
57.3	0.25	0	1	28650
57.316	0.25	0	1	28658
57.332	0.25	1	2	28666
57.35	0.25	1	2	28675
57.366	0.25	1	2	28683
57.382	0.25	1	2	28691
57.4	0.25	0	1	28700
57.416	0.25	0	1	28708
57.432	0.25	0	1	28716
57.45	0.25	0	1	28725
57.466	0.25	0	1	28733
57.482	0.25	0	1	28741
57.5	0.25	0	1	28750
57.516	0.25	0	1	28758
57.532	0.25	0	1	28766
57.55	0.25	0	1	28775
57.566	0.25	0	1	28783
57.582	0.25	0	1	28791
57.6	0.25	0	1	28800
57.616	0.25	1	2	28808
57.632	0.25	1	2	28816
57.65	0.25	1	2	28825
57.666	0.25	1	2	28833
57.682	0.25	0	1	28841
57.7	0.25	0	1	28850
57.716	0.25	0	1	28858
57.732	0.25	0	1	28866
57.75	0.25	0	1	28875
57.766	0.25	0	1	28883
57.782	0.25	0	1	28891
57.8	0.25	0	1	28900
57.816	0.25	0	1	28908
57.832	0.25	0	1	28916
57.85	0.25	0	1	28925
57.866	0.25	0	1	28933
57.882	0.25	0	1	28941
57.9	0.25	0	1	28950
57.916	0.25	0	1	28958
57.932	0.25	0	1	28966
57.95	0.25	1	2	28975
57.966	0.25	1	2	28983
57.982	0.25	1	2	28991
58.0	0.25	1	2	29000
58.016	0.25	0	1	29008
58.032	0.25	0	1	29016
58.05	0.25	0	1	29025
58.066	0.25	0	1	29033
58.082	0.25	0	1	29041
58.1	0.25	0	1	29050
58.116	0.25	0	1	29058
58.132	0.25	0	1	29066
58.15	0.25	0	1	29075
58.166	0.25	0	1	29083
58.182	0.25	0	1	29091
58.2	0.25	0	1	29100
59.682	0.25	0	1	29841
59.7	0.25	0	1	29850
59.716	0.25	0	1	29858
59.732	0.25	0	1	29866
59.75	0.25	0	1	29875
59.766	0.25	0	1	29883
59.782	0.25	0	1	29891
59.8	0.25	0	1	29900
59.816	0.25	0	1	29908
59.832	0.25	0	1	29916
59.85	0.25	0	1	29925
59.866	0.25	0	1	29933
59.882	0.25	0	1	29941
59.9	0.25	0	1	29950
59.916	0.25	0	1	29958
59.932	0.25	1	2	29966
59.95	0.25	1	2	29975
59.966	0.25	1	2	29983
59.982	0.25	1	2	29991
60.0	0.25	0	1	30000
60.016	0.25	0	1	30008
60.032	0.25	0	1	30016
60.05	0.25	0	1	30025
60.066	0.25	0	1	30033
60.082	0.25	0	1	30041
60.1	0.25	0	1	30050
60.116	0.25	0	1	30058
60.132	0.25	0	1	30066
60.15	0.25	0	1	30075
60.166	0.25	0	1	30083
60.182	0.25	0	1	30091
60.2	0.25	0	1	30100
60.216	0.25	0	1	30108
60.232	0.25	0	1	30116
60.25	0.25	0	1	30125
60.266	0.25	0	1	30133
60.282	0.25	0	1	30141
60.3	0.25	0	1	30150
60.316	0.25	0	1	30158
60.332	0.25	0	1	30166
60.35	0.25	0	1	30175
60.366	0.25	1	2	30183
60.382	0.25	1	2	30191
60.4	0.25	1	2	30200
60.416	0.25	1	2	30208
60.432	0.25	0	1	30216
60.45	0.25	0	1	30225
60.466	0.25	0	1	30233
60.482	0.25	0	1	30241
60.5	0.25	0	1	30250
60.516	0.25	0	1	30258
60.532	0.25	0	1	30266
60.55	0.25	0	1	30275
60.566	0.25	0	1	30283
60.582	0.25	0	1	30291
60.6	0.25	0	1	30300
60.616	0.25	0	1	30308
60.632	0.25	0	1	30316
60.65	0.25	0	1	30325
60.666	0.25	0	1	30333
60.682	0.25	0	1	30341
60.7	0.25	0	1	30350
60.716	0.25	0	1	30358
60.732	0.25	0	1	30366
60.75	0.25	0	1	30375
60.766	0.25	0	1	30383
60.782	0.25	0	1	30391
60.8	0.25	0	1	30400
60.816	0.25	0	1	30408
60.832	0.25	1	2	30416
60.85	0.25	1	2	30425
60.866	0.25	1	2	30433
60.882	0.25	1	2	30441
60.9	0.25	0	1	30450
60.916	0.25	0	1	30458
60.932	0.25	0	1	30466
60.95	0.25	0	1	30475
60.966	0.25	0	1	30483
60.982	0.25	0	1	30491
61.0	0.25	0	1	30500
61.016	0.25	0	1	30508
61.032	0.25	0	1	30516
61.05	0.25	0	1	30525
61.066	0.25	0	1	30533
61.082	0.25	0	1	30541
61.1	0.25	0	1	30550
61.116	0.25	0	1	30558
61.132	0.25	1	2	30566
61.15	0.25	1	2	30575
61.166	0.25	1	2	30583
61.182	0.25	1	2	30591
61.2	0.25	0	1	30600
61.216	0.25	0	1	30608
61.232	0.25	0	1	30616
61.25	0.25	0	1	30625
61.266	0.25	0	1	30633
61.282	0.25	0	1	30641
61.3	0.25	0	1	30650
61.316	0.25	0	1	30658
61.332	0.25	0	1	30666
61.35	0.25	0	1	30675
61.366	0.25	0	1	30683
61.382	0.25	0	1	30691
61.4	0.25	0	1	30700
61.416	0.25	0	1	30708
61.432	0.25	0	1	30716
61.45	0.25	0	1	30725
61.466	0.25	0	1	30733
61.482	0.25	0	1	30741
61.5	0.25	0	1	30750
61.516	0.25	0	1	30758
61.532	0.25	0	1	30766
61.55	0.25	0	1	30775
61.566	0.25	1	2	30783
61.582	0.25	1	2	30791
61.6	0.25	1	2	30800
61.616	0.25	1	2	30808
63.1	0.25	0	1	31550
63.116	0.25	1	2	31558
63.132	0.25	1	2	31566
63.15	0.25	1	2	31575
63.166	0.25	1	2	31583
63.182	0.25	0	1	31591
63.2	0.25	0	1	31600
63.216	0.25	0	1	31608
63.232	0.25	0	1	31616
63.25	0.25	0	1	31625
63.266	0.25	0	1	31633
63.282	0.25	0	1	31641
63.3	0.25	0	1	31650
63.316	0.25	0	1	31658
63.332	0.25	0	1	31666
63.35	0.25	0	1	31675
63.366	0.25	0	1	31683
63.382	0.25	0	1	31691
63.4	0.25	0	1	31700
63.416	0.25	0	1	31708
63.432	0.25	0	1	31716
63.45	0.25	0	1	31725
63.466	0.25	0	1	31733
63.482	0.25	0	1	31741
63.5	0.25	0	1	31750
63.516	0.25	0	1	31758
63.532	0.25	0	1	31766
63.55	0.25	0	1	31775
63.566	0.25	0	1	31783
63.582	0.25	0	1	31791
63.6	0.25	1	2	31800
63.616	0.25	1	2	31808
63.632	0.25	1	2	31816
63.65	0.25	1	2	31825
63.666	0.25	0	1	31833
63.682	0.25	0	1	31841
63.7	0.25	0	1	31850
63.716	0.25	0	1	31858
63.732	0.25	0	1	31866
63.75	0.25	0	1	31875
63.766	0.25	0	1	31883
63.782	0.25	0	1	31891
63.8	0.25	0	1	31900
63.816	0.25	0	1	31908
63.832	0.25	0	1	31916
63.85	0.25	0	1	31925
63.866	0.25	0	1	31933
63.882	0.25	0	1	31941
63.9	0.25	0	1	31950
63.916	0.25	0	1	31958
63.932	0.25	0	1	31966
63.95	0.25	0	1	31975
63.966	0.25	0	1	31983
63.982	0.25	0	1	31991
64.0	0.25	0	1	32000
64.016	0.25	0	1	32008
64.032	0.25	0	1	32016
64.05	0.25	0	1	32025
64.066	0.25	1	2	32033
64.082	0.25	1	2	32041
64.098	0.25	1	2	32049
64.116	0.25	1	2	32058
64.132	0.25	0	1	32066
64.15	0.25	0	1	32075
64.166	0.25	0	1	32083
64.182	0.25	0	1	32091
64.2	0.25	0	1	32100
64.216	0.25	0	1	32108
64.232	0.25	0	1	32116
64.25	0.25	0	1	32125
64.266	0.25	0	1	32133
64.282	0.25	0	1	32141
64.3	0.25	0	1	32150
64.316	0.25	0	1	32158
64.332	0.25	0	1	32166
64.348	0.25	0	1	32174
64.366	0.25	0	1	32183
64.382	0.25	0	1	32191
64.4	0.25	0	1	32200
64.416	0.25	0	1	32208
64.432	0.25	0	1	32216
64.45	0.25	0	1	32225
64.466	0.25	0	1	32233
64.482	0.25	1	2	32241
64.5	0.25	1	2	32250
64.516	0.25	1	2	32258
64.532	0.25	1	2	32266
64.55	0.25	0	1	32275
64.566	0.25	0	1	32283
64.582	0.25	0	1	32291
64.598	0.25	0	1	32299
64.616	0.25	0	1	32308
64.632	0.25	0	1	32316
64.65	0.25	0	1	32325
64.666	0.25	0	1	32333
64.682	0.25	0	1	32341
64.7	0.25	0	1	32350
64.716	0.25	0	1	32358
64.732	0.25	0	1	32366
64.75	0.25	0	1	32375
64.766	0.25	0	1	32383
64.782	0.25	0	1	32391
64.8	0.25	0	1	32400
64.816	0.25	0	1	32408
64.832	0.25	0	1	32416
64.848	0.25	0	1	32424
64.866	0.25	0	1	32433
64.882	0.25	0	1	32441
64.9	0.25	0	1	32450
64.916	0.25	1	2	32458
64.932	0.25	1	2	32466
64.95	0.25	1	2	32475
64.966	0.25	1	2	32483
64.982	0.25	0	1	32491
65.0	0.25	0	1	32500
65.016	0.25	0	1	32508
65.032	0.25	0	1	32516
66.516	0.25	0	1	33258
66.532	0.25	0	1	33266
66.55	0.25	0	1	33275
66.566	0.25	0	1	33283
66.582	0.25	0	1	33291
66.6	0.25	0	1	33300
66.616	0.25	0	1	33308
66.632	0.25	0	1	33316
66.65	0.25	0	1	33325
66.666	0.25	0	1	33333
66.682	0.25	0	1	33341
66.7	0.25	0	1	33350
66.716	0.25	0	1	33358
66.732	0.25	0	1	33366
66.75	0.25	0	1	33375
66.766	0.25	0	1	33383
66.782	0.25	0	1	33391
66.8	0.25	0	1	33400
66.816	0.25	1	2	33408
66.832	0.25	1	2	33416
66.85	0.25	1	2	33425
66.866	0.25	1	2	33433
66.882	0.25	0	1	33441
66.9	0.25	0	1	33450
66.916	0.25	0	1	33458
66.932	0.25	0	1	33466
66.95	0.25	0	1	33475
66.966	0.25	0	1	33483
66.982	0.25	0	1	33491
67.0	0.25	0	1	33500
67.016	0.25	0	1	33508
67.032	0.25	0	1	33516
67.05	0.25	0	1	33525
67.066	0.25	0	1	33533
67.082	0.25	0	1	33541
67.1	0.25	0	1	33550
67.116	0.25	0	1	33558
67.132	0.25	0	1	33566
67.15	0.25	0	1	33575
67.166	0.25	0	1	33583
67.182	0.25	0	1	33591
67.2	0.25	0	1	33600
67.216	0.25	1	2	33608
67.232	0.25	1	2	33616
67.25	0.25	1	2	33625
67.266	0.25	1	2	33633
67.282	0.25	0	1	33641
67.3	0.25	0	1	33650
67.316	0.25	0	1	33658
67.332	0.25	0	1	33666
67.35	0.25	0	1	33675
67.366	0.25	0	1	33683
67.382	0.25	0	1	33691
67.4	0.25	0	1	33700
67.416	0.25	0	1	33708
67.432	0.25	0	1	33716
67.45	0.25	0	1	33725
67.466	0.25	0	1	33733
67.482	0.25	0	1	33741
67.5	0.25	1	2	33750
67.516	0.25	1	2	33758
67.532	0.25	1	2	33766
67.55	0.25	1	2	33775
67.566	0.25	0	1	33783
67.582	0.25	0	1	33791
67.6	0.25	0	1	33800
67.616	0.25	0	1	33808
67.632	0.25	0	1	33816
67.65	0.25	0	1	33825
67.666	0.25	0	1	33833
67.682	0.25	0	1	33841
67.7	0.25	0	1	33850
67.716	0.25	0	1	33858
67.732	0.25	0	1	33866
67.75	0.25	0	1	33875
67.766	0.25	0	1	33883
67.782	0.25	0	1	33891
67.8	0.25	0	1	33900
67.816	0.25	0	1	33908
67.832	0.25	0	1	33916
67.85	0.25	0	1	33925
67.866	0.25	1	2	33933
67.882	0.25	1	2	33941
67.9	0.25	1	2	33950
67.916	0.25	1	2	33958
67.932	0.25	0	1	33966
67.95	0.25	0	1	33975
67.966	0.25	0	1	33983
67.982	0.25	0	1	33991
68.0	0.25	0	1	34000
68.016	0.25	0	1	34008
68.032	0.25	0	1	34016
68.05	0.25	0	1	34025
68.066	0.25	0	1	34033
68.082	0.25	0	1	34041
68.1	0.25	0	1	34050
68.116	0.25	0	1	34058
68.132	0.25	0	1	34066
68.15	0.25	0	1	34075
68.166	0.25	0	1	34083
68.182	0.25	0	1	34091
68.2	0.25	0	1	34100
68.216	0.25	0	1	34108
68.232	0.25	0	1	34116
68.25	0.25	0	1	34125
68.266	0.25	0	1	34133
68.282	0.25	0	1	34141
68.3	0.25	0	1	34150
68.316	0.25	0	1	34158
68.332	0.25	1	2	34166
68.35	0.25	1	2	34175
68.366	0.25	1	2	34183
68.382	0.25	1	2	34191
68.4	0.25	0	1	34200
68.416	0.25	0	1	34208
68.432	0.25	0	1	34216
68.45	0.25	0	1	34225
71.516	0.25	0	1	35758
71.532	0.25	0	1	35766
71.55	0.25	0	1	35775
71.566	0.25	0	1	35783
71.582	0.25	0	1	35791
71.6	0.25	0	1	35800
71.616	0.25	0	1	35808
71.632	0.25	0	1	35816
71.65	0.25	0	1	35825
71.666	0.25	0	1	35833
71.682	0.25	0	1	35841
71.7	0.25	0	1	35850
71.716	0.25	0	1	35858
71.732	0.25	0	1	35866
71.75	0.25	0	1	35875
71.766	0.25	0	1	35883
71.782	0.25	0	1	35891
71.8	0.25	0	1	35900
71.816	0.25	0	1	35908
71.832	0.25	0	1	35916
71.85	0.25	0	1	35925
71.866	0.25	0	1	35933
71.882	0.25	0	1	35941
71.9	0.25	1	2	35950
71.916	0.25	1	2	35958
71.932	0.25	1	2	35966
71.95	0.25	1	2	35975
71.966	0.25	0	1	35983
71.982	0.25	0	1	35991
72.0	0.25	0	1	36000
72.016	0.25	0	1	36008
72.032	0.25	0	1	36016
72.05	0.25	0	1	36025
72.066	0.25	0	1	36033
72.082	0.25	0	1	36041
72.1	0.25	0	1	36050
72.116	0.25	0	1	36058
72.132	0.25	0	1	36066
72.15	0.25	0	1	36075
72.166	0.25	0	1	36083
72.182	0.25	0	1	36091
72.2	0.25	0	1	36100
72.216	0.25	0	1	36108
72.232	0.25	0	1	36116
72.25	0.25	0	1	36125
72.266	0.25	0	1	36133
72.282	0.25	1	2	36141
72.3	0.25	1	2	36150
72.316	0.25	1	2	36158
72.332	0.25	1	2	36166
72.35	0.25	0	1	36175
72.366	0.25	0	1	36183
72.382	0.25	0	1	36191
72.4	0.25	0	1	36200
72.416	0.25	0	1	36208
72.432	0.25	0	1	36216
72.45	0.25	0	1	36225
72.466	0.25	0	1	36233
72.482	0.25	0	1	36241
72.5	0.25	0	1	36250
72.516	0.25	0	1	36258
72.532	0.25	0	1	36266
72.55	0.25	0	1	36275
72.566	0.25	0	1	36283
72.582	0.25	1	2	36291
72.6	0.25	1	2	36300
72.616	0.25	1	2	36308
72.632	0.25	1	2	36316
72.65	0.25	0	1	36325
72.666	0.25	0	1	36333
72.682	0.25	0	1	36341
72.7	0.25	0	1	36350
72.716	0.25	0	1	36358
72.732	0.25	0	1	36366
72.75	0.25	0	1	36375
72.766	0.25	0	1	36383
72.782	0.25	0	1	36391
72.8	0.25	0	1	36400
72.816	0.25	0	1	36408
72.832	0.25	0	1	36416
72.85	0.25	0	1	36425
72.866	0.25	1	2	36433
72.882	0.25	1	2	36441
72.9	0.25	1	2	36450
72.916	0.25	1	2	36458
72.932	0.25	0	1	36466
72.95	0.25	0	1	36475
72.966	0.25	0	1	36483
72.982	0.25	0	1	36491
73.0	0.25	0	1	36500
73.016	0.25	0	1	36508
73.032	0.25	0	1	36516
73.05	0.25	0	1	36525
73.066	0.25	0	1	36533
73.082	0.25	0	1	36541
73.1	0.25	0	1	36550
73.116	0.25	0	1	36558
73.132	0.25	0	1	36566
73.15	0.25	0	1	36575
73.166	0.25	0	1	36583
73.182	0.25	0	1	36591
73.2	0.25	1	2	36600
73.216	0.25	1	2	36608
73.232	0.25	1	2	36616
73.25	0.25	1	2	36625
73.266	0.25	0	1	36633
73.282	0.25	0	1	36641
73.3	0.25	0	1	36650
73.316	0.25	0	1	36658
73.332	0.25	0	1	36666
73.35	0.25	0	1	36675
73.366	0.25	0	1	36683
73.382	0.25	0	1	36691
73.4	0.25	0	1	36700
73.416	0.25	0	1	36708
73.432	0.25	0	1	36716
73.45	0.25	0	1	36725
74.932	0.25	0	1	37466
74.95	0.25	1	2	37475
74.966	0.25	1	2	37483
74.982	0.25	1	2	37491
75.0	0.25	1	2	37500
75.016	0.25	0	1	37508
75.032	0.25	0	1	37516
75.05	0.25	0	1	37525
75.066	0.25	0	1	37533
75.082	0.25	0	1	37541
75.1	0.25	0	1	37550
75.116	0.25	0	1	37558
75.132	0.25	0	1	37566
75.15	0.25	0	1	37575
75.166	0.25	0	1	37583
75.182	0.25	0	1	37591
75.2	0.25	0	1	37600
75.216	0.25	0	1	37608
75.232	0.25	0	1	37616
75.25	0.25	0	1	37625
75.266	0.25	0	1	37633
75.282	0.25	0	1	37641
75.3	0.25	0	1	37650
75.316	0.25	0	1	37658
75.332	0.25	0	1	37666
75.35	0.25	0	1	37675
75.366	0.25	0	1	37683
75.382	0.25	0	1	37691
75.4	0.25	0	1	37700
75.416	0.25	0	1	37708
75.432	0.25	1	2	37716
75.45	0.25	1	2	37725
75.466	0.25	1	2	37733
75.482	0.25	1	2	37741
75.5	0.25	0	1	37750
75.516	0.25	0	1	37758
75.532	0.25	0	1	37766
75.55	0.25	0	1	37775
75.566	0.25	0	1	37783
75.582	0.25	0	1	37791
75.6	0.25	0	1	37800
75.616	0.25	0	1	37808
75.632	0.25	0	1	37816
75.65	0.25	0	1	37825
75.666	0.25	0	1	37833
75.682	0.25	0	1	37841
75.7	0.25	0	1	37850
75.716	0.25	0	1	37858
75.732	0.25	0	1	37866
75.75	0.25	0	1	37875
75.766	0.25	0	1	37883
75.782	0.25	0	1	37891
75.8	0.25	0	1	37900
75.816	0.25	0	1	37908
75.832	0.25	0	1	37916
75.85	0.25	0	1	37925
75.866	0.25	0	1	37933
75.882	0.25	0	1	37941
75.9	0.25	1	2	37950
75.916	0.25	1	2	37958
75.932	0.25	1	2	37966
75.95	0.25	1	2	37975
75.966	0.25	0	1	37983
75.982	0.25	0	1	37991
76.0	0.25	0	1	38000
76.016	0.25	0	1	38008
76.032	0.25	0	1	38016
76.05	0.25	0	1	38025
76.066	0.25	0	1	38033
76.082	0.25	0	1	38041
76.1	0.25	0	1	38050
76.116	0.25	0	1	38058
76.132	0.25	0	1	38066
76.15	0.25	0	1	38075
76.166	0.25	0	1	38083
76.182	0.25	0	1	38091
76.2	0.25	0	1	38100
76.216	0.25	0	1	38108
76.232	0.25	0	1	38116
76.25	0.25	0	1	38125
76.266	0.25	0	1	38133
76.282	0.25	0	1	38141
76.3	0.25	0	1	38150
76.316	0.25	1	2	38158
76.332	0.25	1	2	38166
76.35	0.25	1	2	38175
76.366	0.25	1	2	38183
76.382	0.25	0	1	38191
76.4	0.25	0	1	38200
76.416	0.25	0	1	38208
76.432	0.25	0	1	38216
76.45	0.25	0	1	38225
76.466	0.25	0	1	38233
76.482	0.25	0	1	38241
76.5	0.25	0	1	38250
76.516	0.25	0	1	38258
76.532	0.25	0	1	38266
76.55	0.25	0	1	38275
76.566	0.25	0	1	38283
76.582	0.25	0	1	38291
76.6	0.25	0	1	38300
76.616	0.25	0	1	38308
76.632	0.25	0	1	38316
76.65	0.25	0	1	38325
76.666	0.25	0	1	38333
76.682	0.25	0	1	38341
76.7	0.25	0	1	38350
76.716	0.25	0	1	38358
76.732	0.25	0	1	38366
76.75	0.25	1	2	38375
76.766	0.25	1	2	38383
76.782	0.25	1	2	38391
76.8	0.25	1	2	38400
76.816	0.25	0	1	38408
76.832	0.25	0	1	38416
76.85	0.25	0	1	38425
76.866	0.25	0	1	38433
78.35	0.25	0	1	39175
78.366	0.25	0	1	39183
78.382	0.25	0	1	39191
78.4	0.25	0	1	39200
78.416	0.25	0	1	39208
78.432	0.25	0	1	39216
78.45	0.25	0	1	39225
78.466	0.25	0	1	39233
78.482	0.25	0	1	39241
78.5	0.25	0	1	39250
78.516	0.25	0	1	39258
78.532	0.25	0	1	39266
78.55	0.25	0	1	39275
78.566	0.25	0	1	39283
78.582	0.25	0	1	39291
78.6	0.25	0	1	39300
78.616	0.25	0	1	39308
78.632	0.25	0	1	39316
78.65	0.25	1	2	39325
78.666	0.25	1	2	39333
78.682	0.25	1	2	39341
78.7	0.25	1	2	39350
78.716	0.25	0	1	39358
78.732	0.25	0	1	39366
78.75	0.25	0	1	39375
78.766	0.25	0	1	39383
78.782	0.25	0	1	39391
78.8	0.25	0	1	39400
78.816	0.25	0	1	39408
78.832	0.25	0	1	39416
78.85	0.25	0	1	39425
78.866	0.25	0	1	39433
78.882	0.25	0	1	39441
78.9	0.25	0	1	39450
78.916	0.25	0	1	39458
78.932	0.25	0	1	39466
78.95	0.25	0	1	39475
78.966	0.25	0	1	39483
78.982	0.25	0	1	39491
79.0	0.25	0	1	39500
79.016	0.25	0	1	39508
79.032	0.25	0	1	39516
79.05	0.25	1	2	39525
79.066	0.25	1	2	39533
79.082	0.25	1	2	39541
79.1	0.25	1	2	39550
79.116	0.25	0	1	39558
79.132	0.25	0	1	39566
79.15	0.25	0	1	39575
79.166	0.25	0	1	39583
79.182	0.25	0	1	39591
79.2	0.25	0	1	39600
79.216	0.25	0	1	39608
79.232	0.25	0	1	39616
79.25	0.25	0	1	39625
79.266	0.25	0	1	39633
79.282	0.25	0	1	39641
79.3	0.25	0	1	39650
79.316	0.25	0	1	39658
79.332	0.25	1	2	39666
79.35	0.25	1	2	39675
79.366	0.25	1	2	39683
79.382	0.25	1	2	39691
79.4	0.25	0	1	39700
79.416	0.25	0	1	39708
79.432	0.25	0	1	39716
79.45	0.25	0	1	39725
79.466	0.25	0	1	39733
79.482	0.25	0	1	39741
79.5	0.25	0	1	39750
79.516	0.25	0	1	39758
79.532	0.25	0	1	39766
79.55	0.25	0	1	39775
79.566	0.25	0	1	39783
79.582	0.25	0	1	39791
79.6	0.25	0	1	39800
79.616	0.25	0	1	39808
79.632	0.25	0	1	39816
79.65	0.25	0	1	39825
79.666	0.25	0	1	39833
79.682	0.25	0	1	39841
79.7	0.25	1	2	39850
79.716	0.25	1	2	39858
79.732	0.25	1	2	39866
79.75	0.25	1	2	39875
79.766	0.25	0	1	39883
79.782	0.25	0	1	39891
79.8	0.25	0	1	39900
79.816	0.25	0	1	39908
79.832	0.25	0	1	39916
79.85	0.25	0	1	39925
79.866	0.25	0	1	39933
79.882	0.25	0	1	39941
79.9	0.25	0	1	39950
79.916	0.25	0	1	39958
79.932	0.25	0	1	39966
79.95	0.25	0	1	39975
79.966	0.25	0	1	39983
79.982	0.25	0	1	39991
80.0	0.25	0	1	40000
80.016	0.25	0	1	40008
80.032	0.25	0	1	40016
80.05	0.25	0	1	40025
80.066	0.25	0	1	40033
80.082	0.25	0	1	40041
80.1	0.25	0	1	40050
80.116	0.25	0	1	40058
80.132	0.25	0	1	40066
80.15	0.25	0	1	40075
80.166	0.25	1	2	40083
80.182	0.25	1	2	40091
80.2	0.25	1	2	40100
80.216	0.25	1	2	40108
80.232	0.25	0	1	40116
80.25	0.25	0	1	40125
80.266	0.25	0	1	40133
80.282	0.25	0	1	40141
81.766	0.25	0	1	40883
81.782	0.25	0	1	40891
81.8	0.25	0	1	40900
81.816	0.25	0	1	40908
81.832	0.25	0	1	40916
81.85	0.25	0	1	40925
81.866	0.25	0	1	40933
81.882	0.25	0	1	40941
81.9	0.25	0	1	40950
81.916	0.25	0	1	40958
81.932	0.25	0	1	40966
81.95	0.25	0	1	40975
81.966	0.25	0	1	40983
81.982	0.25	0	1	40991
82.0	0.25	0	1	41000
82.016	0.25	1	2	41008
82.032	0.25	1	2	41016
82.05	0.25	1	2	41025
82.066	0.25	1	2	41033
82.082	0.25	0	1	41041
82.1	0.25	0	1	41050
82.116	0.25	0	1	41058
82.132	0.25	0	1	41066
82.15	0.25	0	1	41075
82.166	0.25	0	1	41083
82.182	0.25	0	1	41091
82.2	0.25	0	1	41100
82.216	0.25	0	1	41108
82.232	0.25	0	1	41116
82.25	0.25	0	1	41125
82.266	0.25	0	1	41133
82.282	0.25	0	1	41141
82.3	0.25	0	1	41150
82.316	0.25	0	1	41158
82.332	0.25	0	1	41166
82.35	0.25	0	1	41175
82.366	0.25	0	1	41183
82.382	0.25	0	1	41191
82.4	0.25	0	1	41200
82.416	0.25	0	1	41208
82.432	0.25	0	1	41216
82.45	0.25	1	2	41225
82.466	0.25	1	2	41233
82.482	0.25	1	2	41241
82.5	0.25	1	2	41250
82.516	0.25	0	1	41258
82.532	0.25	0	1	41266
82.55	0.25	0	1	41275
82.566	0.25	0	1	41283
82.582	0.25	0	1	41291
82.6	0.25	0	1	41300
82.616	0.25	0	1	41308
82.632	0.25	0	1	41316
82.65	0.25	0	1	41325
82.666	0.25	0	1	41333
82.682	0.25	0	1	41341
82.7	0.25	0	1	41350
82.716	0.25	0	1	41358
82.732	0.25	0	1	41366
82.75	0.25	0	1	41375
82.766	0.25	0	1	41383
82.782	0.25	0	1	41391
82.8	0.25	0	1	41400
82.816	0.25	0	1	41408
82.832	0.25	0	1	41416
82.85	0.25	0	1	41425
82.866	0.25	0	1	41433
82.882	0.25	0	1	41441
82.9	0.25	0	1	41450
82.916	0.25	1	2	41458
82.932	0.25	1	2	41466
82.95	0.25	1	2	41475
82.966	0.25	1	2	41483
82.982	0.25	0	1	41491
83.0	0.25	0	1	41500
83.016	0.25	0	1	41508
83.032	0.25	0	1	41516
83.05	0.25	0	1	41525
83.066	0.25	0	1	41533
83.082	0.25	0	1	41541
83.1	0.25	0	1	41550
83.116	0.25	0	1	41558
83.132	0.25	0	1	41566
83.15	0.25	0	1	41575
83.166	0.25	0	1	41583
83.182	0.25	0	1	41591
83.2	0.25	0	1	41600
83.216	0.25	1	2	41608
83.232	0.25	1	2	41616
83.25	0.25	1	2	41625
83.266	0.25	1	2	41633
83.282	0.25	0	1	41641
83.3	0.25	0	1	41650
83.316	0.25	0	1	41658
83.332	0.25	0	1	41666
83.35	0.25	0	1	41675
83.366	0.25	0	1	41683
83.382	0.25	0	1	41691
83.4	0.25	0	1	41700
83.416	0.25	0	1	41708
83.432	0.25	0	1	41716
83.45	0.25	0	1	41725
83.466	0.25	0	1	41733
83.482	0.25	0	1	41741
83.5	0.25	0	1	41750
83.516	0.25	0	1	41758
83.532	0.25	0	1	41766
83.55	0.25	0	1	41775
83.566	0.25	0	1	41783
83.582	0.25	0	1	41791
83.6	0.25	0	1	41800
83.616	0.25	0	1	41808
83.632	0.25	0	1	41816
83.65	0.25	1	2	41825
83.666	0.25	1	2	41833
83.682	0.25	1	2	41841
83.7	0.25	1	2	41850
86.266	0.25	0	1	43133
86.282	0.25	0	1	43141
86.3	0.25	0	1	43150
86.316	0.25	0	1	43158
86.332	0.25	0	1	43166
86.35	0.25	0	1	43175
86.366	0.25	0	1	43183
86.382	0.25	0	1	43191
86.4	0.25	0	1	43200
86.416	0.25	0	1	43208
86.432	0.25	0	1	43216
86.45	0.25	0	1	43225
86.466	0.25	0	1	43233
86.482	0.25	0	1	43241
86.5	0.25	0	1	43250
86.516	0.25	1	2	43258
86.532	0.25	1	2	43266
86.55	0.25	1	2	43275
86.566	0.25	1	2	43283
86.582	0.25	0	1	43291
86.6	0.25	0	1	43300
86.616	0.25	0	1	43308
86.632	0.25	0	1	43316
86.65	0.25	0	1	43325
86.666	0.25	0	1	43333
86.682	0.25	0	1	43341
86.7	0.25	0	1	43350
86.716	0.25	0	1	43358
86.732	0.25	0	1	43366
86.75	0.25	0	1	43375
86.766	0.25	0	1	43383
86.782	0.25	0	1	43391
86.8	0.25	0	1	43400
86.816	0.25	0	1	43408
86.832	0.25	0	1	43416
86.85	0.25	0	1	43425
86.866	0.25	0	1	43433
86.882	0.25	0	1	43441
86.9	0.25	0	1	43450
86.916	0.25	0	1	43458
86.932	0.25	0	1	43466
86.95	0.25	1	2	43475
86.966	0.25	1	2	43483
86.982	0.25	1	2	43491
87.0	0.25	1	2	43500
87.016	0.25	0	1	43508
87.032	0.25	0	1	43516
87.05	0.25	0	1	43525
87.066	0.25	0	1	43533
87.082	0.25	0	1	43541
87.1	0.25	0	1	43550
87.116	0.25	0	1	43558
87.132	0.25	0	1	43566
87.15	0.25	0	1	43575
87.166	0.25	0	1	43583
87.182	0.25	0	1	43591
87.2	0.25	0	1	43600
87.216	0.25	0	1	43608
87.232	0.25	0	1	43616
87.25	0.25	0	1	43625
87.266	0.25	0	1	43633
87.282	0.25	0	1	43641
87.3	0.25	0	1	43650
87.316	0.25	0	1	43658
87.332	0.25	0	1	43666
87.35	0.25	0	1	43675
87.366	0.25	0	1	43683
87.382	0.25	0	1	43691
87.4	0.25	0	1	43700
87.416	0.25	1	2	43708
87.432	0.25	1	2	43716
87.45	0.25	1	2	43725
87.466	0.25	1	2	43733
87.482	0.25	0	1	43741
87.5	0.25	0	1	43750
87.516	0.25	0	1	43758
87.532	0.25	0	1	43766
87.55	0.25	0	1	43775
87.566	0.25	0	1	43783
87.582	0.25	0	1	43791
87.6	0.25	0	1	43800
87.616	0.25	0	1	43808
87.632	0.25	0	1	43816
87.65	0.25	0	1	43825
87.666	0.25	0	1	43833
87.682	0.25	0	1	43841
87.7	0.25	0	1	43850
87.716	0.25	1	2	43858
87.732	0.25	1	2	43866
87.75	0.25	1	2	43875
87.766	0.25	1	2	43883
87.782	0.25	0	1	43891
87.8	0.25	0	1	43900
87.816	0.25	0	1	43908
87.832	0.25	0	1	43916
87.85	0.25	0	1	43925
87.866	0.25	0	1	43933
87.882	0.25	0	1	43941
87.9	0.25	0	1	43950
87.916	0.25	0	1	43958
87.932	0.25	0	1	43966
87.95	0.25	0	1	43975
87.966	0.25	0	1	43983
87.982	0.25	0	1	43991
88.0	0.25	0	1	44000
88.016	0.25	0	1	44008
88.032	0.25	0	1	44016
88.05	0.25	0	1	44025
88.066	0.25	0	1	44033
88.082	0.25	0	1	44041
88.1	0.25	0	1	44050
88.116	0.25	0	1	44058
88.132	0.25	0	1	44066
88.15	0.25	1	2	44075
88.166	0.25	1	2	44083
88.182	0.25	1	2	44091
88.2	0.25	1	2	44100
89.682	0.25	0	1	44841
89.7	0.25	0	1	44850
89.716	0.25	0	1	44858
89.732	0.25	0	1	44866
89.75	0.25	0	1	44875
89.766	0.25	0	1	44883
89.782	0.25	0	1	44891
89.8	0.25	0	1	44900
89.816	0.25	0	1	44908
89.832	0.25	0	1	44916
89.85	0.25	0	1	44925
89.866	0.25	0	1	44933
89.882	0.25	0	1	44941
89.9	0.25	0	1	44950
89.916	0.25	0	1	44958
89.932	0.25	0	1	44966
89.95	0.25	0	1	44975
89.966	0.25	0	1	44983
89.982	0.25	1	2	44991
90.0	0.25	1	2	45000
90.016	0.25	1	2	45008
90.032	0.25	1	2	45016
90.05	0.25	0	1	45025
90.066	0.25	0	1	45033
90.082	0.25	0	1	45041
90.1	0.25	0	1	45050
90.116	0.25	0	1	45058
90.132	0.25	0	1	45066
90.15	0.25	0	1	45075
90.166	0.25	0	1	45083
90.182	0.25	0	1	45091
90.2	0.25	0	1	45100
90.216	0.25	0	1	45108
90.232	0.25	0	1	45116
90.25	0.25	0	1	45125
90.266	0.25	0	1	45133
90.282	0.25	0	1	45141
90.3	0.25	0	1	45150
90.316	0.25	0	1	45158
90.332	0.25	0	1	45166
90.35	0.25	0	1	45175
90.366	0.25	0	1	45183
90.382	0.25	1	2	45191
90.4	0.25	1	2	45200
90.416	0.25	1	2	45208
90.432	0.25	1	2	45216
90.45	0.25	0	1	45225
90.466	0.25	0	1	45233
90.482	0.25	0	1	45241
90.5	0.25	0	1	45250
90.516	0.25	0	1	45258
90.532	0.25	0	1	45266
90.55	0.25	0	1	45275
90.566	0.25	0	1	45283
90.582	0.25	0	1	45291
90.6	0.25	0	1	45300
90.616	0.25	0	1	45308
90.632	0.25	0	1	45316
90.65	0.25	0	1	45325
90.666	0.25	1	2	45333
90.682	0.25	1	2	45341
90.7	0.25	1	2	45350
90.716	0.25	1	2	45358
90.732	0.25	0	1	45366
90.75	0.25	0	1	45375
90.766	0.25	0	1	45383
90.782	0.25	0	1	45391
90.8	0.25	0	1	45400
90.816	0.25	0	1	45408
90.832	0.25	0	1	45416
90.85	0.25	0	1	45425
90.866	0.25	0	1	45433
90.882	0.25	0	1	45441
90.9	0.25	0	1	45450
90.916	0.25	0	1	45458
90.932	0.25	0	1	45466
90.95	0.25	0	1	45475
90.966	0.25	0	1	45483
90.982	0.25	0	1	45491
91.0	0.25	0	1	45500
91.016	0.25	0	1	45508
91.032	0.25	1	2	45516
91.05	0.25	1	2	45525
91.066	0.25	1	2	45533
91.082	0.25	1	2	45541
91.1	0.25	0	1	45550
91.116	0.25	0	1	45558
91.132	0.25	0	1	45566
91.15	0.25	0	1	45575
91.166	0.25	0	1	45583
91.182	0.25	0	1	45591
91.2	0.25	0	1	45600
91.216	0.25	0	1	45608
91.232	0.25	0	1	45616
91.25	0.25	0	1	45625
91.266	0.25	0	1	45633
91.282	0.25	0	1	45641
91.3	0.25	0	1	45650
91.316	0.25	0	1	45658
91.332	0.25	0	1	45666
91.35	0.25	0	1	45675
91.366	0.25	0	1	45683
91.382	0.25	0	1	45691
91.4	0.25	0	1	45700
91.416	0.25	0	1	45708
91.432	0.25	0	1	45716
91.45	0.25	0	1	45725
91.466	0.25	0	1	45733
91.482	0.25	0	1	45741
91.5	0.25	1	2	45750
91.516	0.25	1	2	45758
91.532	0.25	1	2	45766
91.55	0.25	1	2	45775
91.566	0.25	0	1	45783
91.582	0.25	0	1	45791
91.6	0.25	0	1	45800
91.616	0.25	0	1	45808
93.1	0.25	0	1	46550
93.116	0.25	0	1	46558
93.132	0.25	0	1	46566
93.15	0.25	0	1	46575
93.166	0.25	0	1	46583
93.182	0.25	0	1	46591
93.2	0.25	0	1	46600
93.216	0.25	0	1	46608
93.232	0.25	0	1	46616
93.25	0.25	0	1	46625
93.266	0.25	0	1	46633
93.282	0.25	0	1	46641
93.3	0.25	0	1	46650
93.316	0.25	0	1	46658
93.332	0.25	0	1	46666
93.35	0.25	0	1	46675
93.366	0.25	0	1	46683
93.382	0.25	0	1	46691
93.4	0.25	0	1	46700
93.416	0.25	0	1	46708
93.432	0.25	0	1	46716
93.45	0.25	0	1	46725
93.466	0.25	0	1	46733
93.482	0.25	1	2	46741
93.5	0.25	1	2	46750
93.516	0.25	1	2	46758
93.532	0.25	1	2	46766
93.55	0.25	0	1	46775
93.566	0.25	0	1	46783
93.582	0.25	0	1	46791
93.6	0.25	0	1	46800
93.616	0.25	0	1	46808
93.632	0.25	0	1	46816
93.65	0.25	0	1	46825
93.666	0.25	0	1	46833
93.682	0.25	0	1	46841
93.7	0.25	0	1	46850
93.716	0.25	0	1	46858
93.732	0.25	0	1	46866
93.75	0.25	0	1	46875
93.766	0.25	0	1	46883
93.782	0.25	0	1	46891
93.8	0.25	0	1	46900
93.816	0.25	0	1	46908
93.832	0.25	0	1	46916
93.85	0.25	0	1	46925
93.866	0.25	1	2	46933
93.882	0.25	1	2	46941
93.9	0.25	1	2	46950
93.916	0.25	1	2	46958
93.932	0.25	0	1	46966
93.95	0.25	0	1	46975
93.966	0.25	0	1	46983
93.982	0.25	0	1	46991
94.0	0.25	0	1	47000
94.016	0.25	0	1	47008
94.032	0.25	0	1	47016
94.05	0.25	0	1	47025
94.066	0.25	0	1	47033
94.082	0.25	0	1	47041
94.1	0.25	0	1	47050
94.116	0.25	0	1	47058
94.132	0.25	0	1	47066
94.15	0.25	0	1	47075
94.166	0.25	1	2	47083
94.182	0.25	1	2	47091
94.2	0.25	1	2	47100
94.216	0.25	1	2	47108
94.232	0.25	0	1	47116
94.25	0.25	0	1	47125
94.266	0.25	0	1	47133
94.282	0.25	0	1	47141
94.3	0.25	0	1	47150
94.316	0.25	0	1	47158
94.332	0.25	0	1	47166
94.35	0.25	0	1	47175
94.366	0.25	0	1	47183
94.382	0.25	0	1	47191
94.4	0.25	0	1	47200
94.416	0.25	0	1	47208
94.432	0.25	0	1	47216
94.45	0.25	1	2	47225
94.466	0.25	1	2	47233
94.482	0.25	1	2	47241
94.5	0.25	1	2	47250
94.516	0.25	0	1	47258
94.532	0.25	0	1	47266
94.55	0.25	0	1	47275
94.566	0.25	0	1	47283
94.582	0.25	0	1	47291
94.6	0.25	0	1	47300
94.616	0.25	0	1	47308
94.632	0.25	0	1	47316
94.65	0.25	0	1	47325
94.666	0.25	0	1	47333
94.682	0.25	0	1	47341
94.7	0.25	0	1	47350
94.716	0.25	0	1	47358
94.732	0.25	0	1	47366
94.75	0.25	0	1	47375
94.766	0.25	0	1	47383
94.782	0.25	1	2	47391
94.8	0.25	1	2	47400
94.816	0.25	1	2	47408
94.832	0.25	1	2	47416
94.85	0.25	0	1	47425
94.866	0.25	0	1	47433
94.882	0.25	0	1	47441
94.9	0.25	0	1	47450
94.916	0.25	0	1	47458
94.932	0.25	0	1	47466
94.95	0.25	0	1	47475
94.966	0.25	0	1	47483
94.982	0.25	0	1	47491
95.0	0.25	0	1	47500
95.016	0.25	0	1	47508
95.032	0.25	0	1	47516
96.516	0.25	0	1	48258
96.532	0.25	1	2	48266
96.55	0.25	1	2	48275
96.566	0.25	1	2	48283
96.582	0.25	1	2	48291
96.6	0.25	0	1	48300
96.616	0.25	0	1	48308
96.632	0.25	0	1	48316
96.65	0.25	0	1	48325
96.666	0.25	0	1	48333
96.682	0.25	0	1	48341
96.7	0.25	0	1	48350
96.716	0.25	0	1	48358
96.732	0.25	0	1	48366
96.75	0.25	0	1	48375
96.766	0.25	0	1	48383
96.782	0.25	0	1	48391
96.8	0.25	0	1	48400
96.816	0.25	0	1	48408
96.832	0.25	0	1	48416
96.85	0.25	0	1	48425
96.866	0.25	0	1	48433
96.882	0.25	0	1	48441
96.9	0.25	0	1	48450
96.916	0.25	0	1	48458
96.932	0.25	0	1	48466
96.95	0.25	0	1	48475
96.966	0.25	0	1	48483
96.982	0.25	0	1	48491
97.0	0.25	0	1	48500
97.016	0.25	1	2	48508
97.032	0.25	1	2	48516
97.05	0.25	1	2	48525
97.066	0.25	1	2	48533
97.082	0.25	0	1	48541
97.1	0.25	0	1	48550
97.116	0.25	0	1	48558
97.132	0.25	0	1	48566
97.15	0.25	0	1	48575
97.166	0.25	0	1	48583
97.182	0.25	0	1	48591
97.2	0.25	0	1	48600
97.216	0.25	0	1	48608
97.232	0.25	0	1	48616
97.25	0.25	0	1	48625
97.266	0.25	0	1	48633
97.282	0.25	0	1	48641
97.3	0.25	0	1	48650
97.316	0.25	0	1	48658
97.332	0.25	0	1	48666
97.35	0.25	0	1	48675
97.366	0.25	0	1	48683
97.382	0.25	0	1	48691
97.4	0.25	0	1	48700
97.416	0.25	0	1	48708
97.432	0.25	0	1	48716
97.45	0.25	0	1	48725
97.466	0.25	0	1	48733
97.482	0.25	1	2	48741
97.5	0.25	1	2	48750
97.516	0.25	1	2	48758
97.532	0.25	1	2	48766
97.55	0.25	0	1	48775
97.566	0.25	0	1	48783
97.582	0.25	0	1	48791
97.6	0.25	0	1	48800
97.616	0.25	0	1	48808
97.632	0.25	0	1	48816
97.65	0.25	0	1	48825
97.666	0.25	0	1	48833
97.682	0.25	0	1	48841
97.7	0.25	0	1	48850
97.716	0.25	0	1	48858
97.732	0.25	0	1	48866
97.75	0.25	0	1	48875
97.766	0.25	0	1	48883
97.782	0.25	0	1	48891
97.8	0.25	0	1	48900
97.816	0.25	0	1	48908
97.832	0.25	0	1	48916
97.85	0.25	0	1	48925
97.866	0.25	0	1	48933
97.882	0.25	0	1	48941
97.9	0.25	1	2	48950
97.916	0.25	1	2	48958
97.932	0.25	1	2	48966
97.95	0.25	1	2	48975
97.966	0.25	0	1	48983
97.982	0.25	0	1	48991
98.0	0.25	0	1	49000
98.016	0.25	0	1	49008
98.032	0.25	0	1	49016
98.05	0.25	0	1	49025
98.066	0.25	0	1	49033
98.082	0.25	0	1	49041
98.1	0.25	0	1	49050
98.116	0.25	0	1	49058
98.132	0.25	0	1	49066
98.15	0.25	0	1	49075
98.166	0.25	0	1	49083
98.182	0.25	0	1	49091
98.2	0.25	0	1	49100
98.216	0.25	0	1	49108
98.232	0.25	0	1	49116
98.25	0.25	0	1	49125
98.266	0.25	0	1	49133
98.282	0.25	0	1	49141
98.3	0.25	0	1	49150
98.316	0.25	0	1	49158
98.332	0.25	1	2	49166
98.35	0.25	1	2	49175
98.366	0.25	1	2	49183
98.382	0.25	1	2	49191
98.4	0.25	0	1	49200
98.416	0.25	0	1	49208
98.432	0.25	0	1	49216
98.45	0.25	0	1	49225
100.766	0.25	0	1	50383
100.782	0.25	1	2	50391
100.8	0.25	1	2	50400
100.816	0.25	1	2	50408
100.832	0.25	1	2	50416
100.85	0.25	0	1	50425
100.866	0.25	0	1	50433
100.882	0.25	0	1	50441
100.9	0.25	0	1	50450
100.916	0.25	0	1	50458
100.932	0.25	0	1	50466
100.95	0.25	0	1	50475
100.966	0.25	0	1	50483
100.982	0.25	0	1	50491
101.0	0.25	0	1	50500
101.016	0.25	0	1	50508
101.032	0.25	0	1	50516
101.05	0.25	0	1	50525
101.066	0.25	0	1	50533
101.082	0.25	0	1	50541
101.1	0.25	0	1	50550
101.116	0.25	0	1	50558
101.132	0.25	0	1	50566
101.15	0.25	0	1	50575
101.166	0.25	0	1	50583
101.182	0.25	0	1	50591
101.2	0.25	0	1	50600
101.216	0.25	0	1	50608
101.232	0.25	0	1	50616
101.25	0.25	0	1	50625
101.266	0.25	1	2	50633
101.282	0.25	1	2	50641
101.3	0.25	1	2	50650
101.316	0.25	1	2	50658
101.332	0.25	0	1	50666
101.35	0.25	0	1	50675
101.366	0.25	0	1	50683
101.382	0.25	0	1	50691
101.4	0.25	0	1	50700
101.416	0.25	0	1	50708
101.432	0.25	0	1	50716
101.45	0.25	0	1	50725
101.466	0.25	0	1	50733
101.482	0.25	0	1	50741
101.5	0.25	0	1	50750
101.516	0.25	0	1	50758
101.532	0.25	0	1	50766
101.55	0.25	0	1	50775
101.566	0.25	0	1	50783
101.582	0.25	0	1	50791
101.6	0.25	0	1	50800
101.616	0.25	0	1	50808
101.632	0.25	0	1	50816
101.65	0.25	0	1	50825
101.666	0.25	0	1	50833
101.682	0.25	0	1	50841
101.7	0.25	0	1	50850
101.716	0.25	0	1	50858
101.732	0.25	1	2	50866
101.75	0.25	1	2	50875
101.766	0.25	1	2	50883
101.782	0.25	1	2	50891
101.8	0.25	0	1	50900
101.816	0.25	0	1	50908
101.832	0.25	0	1	50916
101.85	0.25	0	1	50925
101.866	0.25	0	1	50933
101.882	0.25	0	1	50941
101.9	0.25	0	1	50950
101.916	0.25	0	1	50958
101.932	0.25	0	1	50966
101.95	0.25	0	1	50975
101.966	0.25	0	1	50983
101.982	0.25	0	1	50991
102.0	0.25	0	1	51000
102.016	0.25	0	1	51008
102.032	0.25	0	1	51016
102.05	0.25	0	1	51025
102.066	0.25	0	1	51033
102.082	0.25	0	1	51041
102.1	0.25	0	1	51050
102.116	0.25	0	1	51058
102.132	0.25	0	1	51066
102.15	0.25	1	2	51075
102.166	0.25	1	2	51083
102.182	0.25	1	2	51091
102.2	0.25	1	2	51100
102.216	0.25	0	1	51108
102.232	0.25	0	1	51116
102.25	0.25	0	1	51125
102.266	0.25	0	1	51133
102.282	0.25	0	1	51141
102.3	0.25	0	1	51150
102.316	0.25	0	1	51158
102.332	0.25	0	1	51166
102.35	0.25	0	1	51175
102.366	0.25	0	1	51183
102.382	0.25	0	1	51191
102.4	0.25	0	1	51200
102.416	0.25	0	1	51208
102.432	0.25	0	1	51216
102.45	0.25	0	1	51225
102.466	0.25	0	1	51233
102.482	0.25	0	1	51241
102.5	0.25	0	1	51250
102.516	0.25	0	1	51258
102.532	0.25	0	1	51266
102.55	0.25	0	1	51275
102.566	0.25	0	1	51283
102.582	0.25	1	2	51291
102.6	0.25	1	2	51300
102.616	0.25	1	2	51308
102.632	0.25	1	2	51316
102.65	0.25	0	1	51325
102.666	0.25	0	1	51333
102.682	0.25	0	1	51341
102.7	0.25	0	1	51350
104.182	0.25	0	1	52091
104.2	0.25	0	1	52100
104.216	0.25	0	1	52108
104.232	0.25	0	1	52116
104.25	0.25	0	1	52125
104.266	0.25	0	1	52133
104.282	0.25	0	1	52141
104.3	0.25	0	1	52150
104.316	0.25	0	1	52158
104.332	0.25	0	1	52166
104.35	0.25	0	1	52175
104.366	0.25	0	1	52183
104.382	0.25	0	1	52191
104.4	0.25	0	1	52200
104.416	0.25	0	1	52208
104.432	0.25	0	1	52216
104.45	0.25	0	1	52225
104.466	0.25	0	1	52233
104.482	0.25	0	1	52241
104.5	0.25	0	1	52250
104.516	0.25	0	1	52258
104.532	0.25	0	1	52266
104.55	0.25	0	1	52275
104.566	0.25	1	2	52283
104.582	0.25	1	2	52291
104.6	0.25	1	2	52300
104.616	0.25	1	2	52308
104.632	0.25	0	1	52316
104.65	0.25	0	1	52325
104.666	0.25	0	1	52333
104.682	0.25	0	1	52341
104.7	0.25	0	1	52350
104.716	0.25	0	1	52358
104.732	0.25	0	1	52366
104.75	0.25	0	1	52375
104.766	0.25	0	1	52383
104.782	0.25	0	1	52391
104.8	0.25	0	1	52400
104.816	0.25	0	1	52408
104.832	0.25	0	1	52416
104.85	0.25	0	1	52425
104.866	0.25	0	1	52433
104.882	0.25	0	1	52441
104.9	0.25	0	1	52450
104.916	0.25	0	1	52458
104.932	0.25	0	1	52466
104.95	0.25	1	2	52475
104.966	0.25	1	2	52483
104.982	0.25	1	2	52491
105.0	0.25	1	2	52500
105.016	0.25	0	1	52508
105.032	0.25	0	1	52516
105.05	0.25	0	1	52525
105.066	0.25	0	1	52533
105.082	0.25	0	1	52541
105.1	0.25	0	1	52550
105.116	0.25	0	1	52558
105.132	0.25	0	1	52566
105.15	0.25	0	1	52575
105.166	0.25	0	1	52583
105.182	0.25	0	1	52591
105.2	0.25	0	1	52600
105.216	0.25	0	1	52608
105.232	0.25	0	1	52616
105.25	0.25	1	2	52625
105.266	0.25	1	2	52633
105.282	0.25	1	2	52641
105.3	0.25	1	2	52650
105.316	0.25	0	1	52658
105.332	0.25	0	1	52666
105.35	0.25	0	1	52675
105.366	0.25	0	1	52683
105.382	0.25	0	1	52691
105.4	0.25	0	1	52700
105.416	0.25	0	1	52708
105.432	0.25	0	1	52716
105.45	0.25	0	1	52725
105.466	0.25	0	1	52733
105.482	0.25	0	1	52741
105.5	0.25	0	1	52750
105.516	0.25	0	1	52758
105.532	0.25	1	2	52766
105.55	0.25	1	2	52775
105.566	0.25	1	2	52783
105.582	0.25	1	2	52791
105.6	0.25	0	1	52800
105.616	0.25	0	1	52808
105.632	0.25	0	1	52816
105.65	0.25	0	1	52825
105.666	0.25	0	1	52833
105.682	0.25	0	1	52841
105.7	0.25	0	1	52850
105.716	0.25	0	1	52858
105.732	0.25	0	1	52866
105.75	0.25	0	1	52875
105.766	0.25	0	1	52883
105.782	0.25	0	1	52891
105.8	0.25	0	1	52900
105.816	0.25	0	1	52908
105.832	0.25	0	1	52916
105.85	0.25	0	1	52925
105.866	0.25	1	2	52933
105.882	0.25	1	2	52941
105.9	0.25	1	2	52950
105.916	0.25	1	2	52958
105.932	0.25	0	1	52966
105.95	0.25	0	1	52975
105.966	0.25	0	1	52983
105.982	0.25	0	1	52991
106.0	0.25	0	1	53000
106.016	0.25	0	1	53008
106.032	0.25	0	1	53016
106.05	0.25	0	1	53025
106.066	0.25	0	1	53033
106.082	0.25	0	1	53041
106.1	0.25	0	1	53050
106.116	0.25	0	1	53058
107.6	0.25	0	1	53800
107.616	0.25	0	1	53808
107.632	0.25	0	1	53816
107.65	0.25	0	1	53825
107.666	0.25	0	1	53833
107.682	0.25	0	1	53841
107.7	0.25	0	1	53850
107.716	0.25	0	1	53858
107.732	0.25	0	1	53866
107.75	0.25	0	1	53875
107.766	0.25	0	1	53883
107.782	0.25	0	1	53891
107.8	0.25	0	1	53900
107.816	0.25	0	1	53908
107.832	0.25	0	1	53916
107.85	0.25	0	1	53925
107.866	0.25	0	1	53933
107.882	0.25	0	1	53941
107.9	0.25	1	2	53950
107.916	0.25	1	2	53958
107.932	0.25	1	2	53966
107.95	0.25	1	2	53975
107.966	0.25	0	1	53983
107.982	0.25	0	1	53991
108.0	0.25	0	1	54000
108.016	0.25	0	1	54008
108.032	0.25	0	1	54016
108.05	0.25	0	1	54025
108.066	0.25	0	1	54033
108.082	0.25	0	1	54041
108.1	0.25	0	1	54050
108.116	0.25	0	1	54058
108.132	0.25	0	1	54066
108.15	0.25	0	1	54075
108.166	0.25	0	1	54083
108.182	0.25	0	1	54091
108.2	0.25	0	1	54100
108.216	0.25	0	1	54108
108.232	0.25	0	1	54116
108.25	0.25	0	1	54125
108.266	0.25	0	1	54133
108.282	0.25	0	1	54141
108.3	0.25	1	2	54150
108.316	0.25	1	2	54158
108.332	0.25	1	2	54166
108.35	0.25	1	2	54175
108.366	0.25	0	1	54183
108.382	0.25	0	1	54191
108.4	0.25	0	1	54200
108.416	0.25	0	1	54208
108.432	0.25	0	1	54216
108.45	0.25	0	1	54225
108.466	0.25	0	1	54233
108.482	0.25	0	1	54241
108.5	0.25	0	1	54250
108.516	0.25	0	1	54258
108.532	0.25	0	1	54266
108.55	0.25	0	1	54275
108.566	0.25	0	1	54283
108.582	0.25	1	2	54291
108.6	0.25	1	2	54300
108.616	0.25	1	2	54308
108.632	0.25	1	2	54316
108.65	0.25	0	1	54325
108.666	0.25	0	1	54333
108.682	0.25	0	1	54341
108.7	0.25	0	1	54350
108.716	0.25	0	1	54358
108.732	0.25	0	1	54366
108.75	0.25	0	1	54375
108.766	0.25	0	1	54383
108.782	0.25	0	1	54391
108.8	0.25	0	1	54400
108.816	0.25	0	1	54408
108.832	0.25	0	1	54416
108.85	0.25	0	1	54425
108.866	0.25	0	1	54433
108.882	0.25	0	1	54441
108.9	0.25	0	1	54450
108.916	0.25	0	1	54458
108.932	0.25	0	1	54466
108.95	0.25	1	2	54475
108.966	0.25	1	2	54483
108.982	0.25	1	2	54491
109.0	0.25	1	2	54500
109.016	0.25	0	1	54508
109.032	0.25	0	1	54516
109.05	0.25	0	1	54525
109.066	0.25	0	1	54533
109.082	0.25	0	1	54541
109.1	0.25	0	1	54550
109.116	0.25	0	1	54558
109.132	0.25	0	1	54566
109.15	0.25	0	1	54575
109.166	0.25	0	1	54583
109.182	0.25	0	1	54591
109.2	0.25	0	1	54600
109.216	0.25	0	1	54608
109.232	0.25	0	1	54616
109.25	0.25	0	1	54625
109.266	0.25	0	1	54633
109.282	0.25	0	1	54641
109.3	0.25	0	1	54650
109.316	0.25	0	1	54658
109.332	0.25	0	1	54666
109.35	0.25	0	1	54675
109.366	0.25	0	1	54683
109.382	0.25	0	1	54691
109.4	0.25	0	1	54700
109.416	0.25	1	2	54708
109.432	0.25	1	2	54716
109.45	0.25	1	2	54725
109.466	0.25	1	2	54733
109.482	0.25	0	1	54741
109.5	0.25	0	1	54750
109.516	0.25	0	1	54758
109.532	0.25	0	1	54766
111.016	0.25	0	1	55508
111.032	0.25	0	1	55516
111.05	0.25	0	1	55525
111.066	0.25	0	1	55533
111.082	0.25	0	1	55541
111.1	0.25	0	1	55550
111.116	0.25	0	1	55558
111.132	0.25	0	1	55566
111.15	0.25	0	1	55575
111.166	0.25	0	1	55583
111.182	0.25	0	1	55591
111.2	0.25	0	1	55600
111.216	0.25	0	1	55608
111.232	0.25	0	1	55616
111.25	0.25	0	1	55625
111.266	0.25	1	2	55633
111.282	0.25	1	2	55641
111.3	0.25	1	2	55650
111.316	0.25	1	2	55658
111.332	0.25	0	1	55666
111.35	0.25	0	1	55675
111.366	0.25	0	1	55683
111.382	0.25	0	1	55691
111.4	0.25	0	1	55700
111.416	0.25	0	1	55708
111.432	0.25	0	1	55716
111.45	0.25	0	1	55725
111.466	0.25	0	1	55733
111.482	0.25	0	1	55741
111.5	0.25	0	1	55750
111.516	0.25	0	1	55758
111.532	0.25	0	1	55766
111.55	0.25	0	1	55775
111.566	0.25	0	1	55783
111.582	0.25	0	1	55791
111.6	0.25	0	1	55800
111.616	0.25	0	1	55808
111.632	0.25	0	1	55816
111.65	0.25	0	1	55825
111.666	0.25	0	1	55833
111.682	0.25	0	1	55841
111.7	0.25	1	2	55850
111.716	0.25	1	2	55858
111.732	0.25	1	2	55866
111.75	0.25	1	2	55875
111.766	0.25	0	1	55883
111.782	0.25	0	1	55891
111.8	0.25	0	1	55900
111.816	0.25	0	1	55908
111.832	0.25	0	1	55916
111.85	0.25	0	1	55925
111.866	0.25	0	1	55933
111.882	0.25	0	1	55941
111.9	0.25	0	1	55950
111.916	0.25	0	1	55958
111.932	0.25	0	1	55966
111.95	0.25	0	1	55975
111.966	0.25	0	1	55983
111.982	0.25	0	1	55991
112.0	0.25	0	1	56000
112.016	0.25	0	1	56008
112.032	0.25	0	1	56016
112.05	0.25	0	1	56025
112.066	0.25	0	1	56033
112.082	0.25	0	1	56041
112.1	0.25	0	1	56050
112.116	0.25	0	1	56058
112.132	0.25	0	1	56066
112.15	0.25	0	1	56075
112.166	0.25	1	2	56083
112.182	0.25	1	2	56091
112.2	0.25	1	2	56100
112.216	0.25	1	2	56108
112.232	0.25	0	1	56116
112.25	0.25	0	1	56125
112.266	0.25	0	1	56133
112.282	0.25	0	1	56141
112.3	0.25	0	1	56150
112.316	0.25	0	1	56158
112.332	0.25	0	1	56166
112.35	0.25	0	1	56175
112.366	0.25	0	1	56183
112.382	0.25	0	1	56191
112.4	0.25	0	1	56200
112.416	0.25	0	1	56208
112.432	0.25	0	1	56216
112.45	0.25	0	1	56225
112.466	0.25	1	2	56233
112.482	0.25	1	2	56241
112.5	0.25	1	2	56250
112.516	0.25	1	2	56258
112.532	0.25	0	1	56266
112.55	0.25	0	1	56275
112.566	0.25	0	1	56283
112.582	0.25	0	1	56291
112.6	0.25	0	1	56300
112.616	0.25	0	1	56308
112.632	0.25	0	1	56316
112.65	0.25	0	1	56325
112.666	0.25	0	1	56333
112.682	0.25	0	1	56341
112.7	0.25	0	1	56350
112.716	0.25	0	1	56358
112.732	0.25	0	1	56366
112.75	0.25	0	1	56375
112.766	0.25	0	1	56383
112.782	0.25	0	1	56391
112.8	0.25	0	1	56400
112.816	0.25	0	1	56408
112.832	0.25	0	1	56416
112.85	0.25	0	1	56425
112.866	0.25	0	1	56433
112.882	0.25	0	1	56441
112.9	0.25	1	2	56450
112.916	0.25	1	2	56458
112.932	0.25	1	2	56466
112.95	0.25	1	2	56475
115.75	0.25	0	1	57875
115.766	0.25	0	1	57883
115.782	0.25	0	1	57891
115.8	0.25	0	1	57900
115.816	0.25	0	1	57908
115.832	0.25	0	1	57916
115.85	0.25	0	1	57925
115.866	0.25	0	1	57933
115.882	0.25	0	1	57941
115.9	0.25	0	1	57950
115.916	0.25	0	1	57958
115.932	0.25	0	1	57966
115.95	0.25	0	1	57975
115.966	0.25	0	1	57983
115.982	0.25	0	1	57991
116.0	0.25	0	1	58000
116.016	0.25	0	1	58008
116.032	0.25	0	1	58016
116.05	0.25	1	2	58025
116.066	0.25	1	2	58033
116.082	0.25	1	2	58041
116.1	0.25	1	2	58050
116.116	0.25	0	1	58058
116.132	0.25	0	1	58066
116.15	0.25	0	1	58075
116.166	0.25	0	1	58083
116.182	0.25	0	1	58091
116.2	0.25	0	1	58100
116.216	0.25	0	1	58108
116.232	0.25	0	1	58116
116.25	0.25	0	1	58125
116.266	0.25	0	1	58133
116.282	0.25	0	1	58141
116.3	0.25	0	1	58150
116.316	0.25	0	1	58158
116.332	0.25	0	1	58166
116.35	0.25	0	1	58175
116.366	0.25	0	1	58183
116.382	0.25	0	1	58191
116.4	0.25	0	1	58200
116.416	0.25	0	1	58208
116.432	0.25	0	1	58216
116.45	0.25	1	2	58225
116.466	0.25	1	2	58233
116.482	0.25	1	2	58241
116.5	0.25	1	2	58250
116.516	0.25	0	1	58258
116.532	0.25	0	1	58266
116.55	0.25	0	1	58275
116.566	0.25	0	1	58283
116.582	0.25	0	1	58291
116.6	0.25	0	1	58300
116.616	0.25	0	1	58308
116.632	0.25	0	1	58316
116.65	0.25	0	1	58325
116.666	0.25	0	1	58333
116.682	0.25	0	1	58341
116.7	0.25	0	1	58350
116.716	0.25	0	1	58358
116.732	0.25	1	2	58366
116.75	0.25	1	2	58375
116.766	0.25	1	2	58383
116.782	0.25	1	2	58391
116.8	0.25	0	1	58400
116.816	0.25	0	1	58408
116.832	0.25	0	1	58416
116.85	0.25	0	1	58425
116.866	0.25	0	1	58433
116.882	0.25	0	1	58441
116.9	0.25	0	1	58450
116.916	0.25	0	1	58458
116.932	0.25	0	1	58466
116.95	0.25	0	1	58475
116.966	0.25	0	1	58483
116.982	0.25	0	1	58491
117.0	0.25	0	1	58500
117.016	0.25	0	1	58508
117.032	0.25	0	1	58516
117.05	0.25	0	1	58525
117.066	0.25	0	1	58533
117.082	0.25	0	1	58541
117.1	0.25	1	2	58550
117.116	0.25	1	2	58558
117.132	0.25	1	2	58566
117.15	0.25	1	2	58575
117.166	0.25	0	1	58583
117.182	0.25	0	1	58591
117.2	0.25	0	1	58600
117.216	0.25	0	1	58608
117.232	0.25	0	1	58616
117.25	0.25	0	1	58625
117.266	0.25	0	1	58633
117.282	0.25	0	1	58641
117.3	0.25	0	1	58650
117.316	0.25	0	1	58658
117.332	0.25	0	1	58666
117.35	0.25	0	1	58675
117.366	0.25	0	1	58683
117.382	0.25	0	1	58691
117.4	0.25	0	1	58700
117.416	0.25	0	1	58708
117.432	0.25	0	1	58716
117.45	0.25	0	1	58725
117.466	0.25	0	1	58733
117.482	0.25	0	1	58741
117.5	0.25	0	1	58750
117.516	0.25	0	1	58758
117.532	0.25	0	1	58766
117.55	0.25	0	1	58775
117.566	0.25	1	2	58783
117.582	0.25	1	2	58791
117.6	0.25	1	2	58800
117.616	0.25	1	2	58808
117.632	0.25	0	1	58816
117.65	0.25	0	1	58825
117.666	0.25	0	1	58833
117.682	0.25	0	1	58841
119.166	0.25	0	1	59583
119.182	0.25	0	1	59591
119.2	0.25	0	1	59600
119.216	0.25	0	1	59608
119.232	0.25	0	1	59616
119.25	0.25	0	1	59625
119.266	0.25	0	1	59633
119.282	0.25	0	1	59641
119.3	0.25	0	1	59650
119.316	0.25	0	1	59658
119.332	0.25	0	1	59666
119.35	0.25	0	1	59675
119.366	0.25	0	1	59683
119.382	0.25	0	1	59691
119.4	0.25	0	1	59700
119.416	0.25	0	1	59708
119.432	0.25	0	1	59716
119.45	0.25	0	1	59725
119.466	0.25	0	1	59733
119.482	0.25	0	1	59741
119.5	0.25	0	1	59750
119.516	0.25	0	1	59758
119.532	0.25	0	1	59766
119.55	0.25	1	2	59775
119.566	0.25	1	2	59783
119.582	0.25	1	2	59791
119.6	0.25	1	2	59800
119.616	0.25	0	1	59808
119.632	0.25	0	1	59816
119.65	0.25	0	1	59825
119.666	0.25	0	1	59833
119.682	0.25	0	1	59841
119.7	0.25	0	1	59850
119.716	0.25	0	1	59858
119.732	0.25	0	1	59866
119.75	0.25	0	1	59875
119.766	0.25	0	1	59883
119.782	0.25	0	1	59891
119.8	0.25	0	1	59900
119.816	0.25	0	1	59908
119.832	0.25	0	1	59916
119.85	0.25	0	1	59925
119.866	0.25	0	1	59933
119.882	0.25	0	1	59941
119.9	0.25	0	1	59950
119.916	0.25	0	1	59958
119.932	0.25	1	2	59966
119.95	0.25	1	2	59975
119.966	0.25	1	2	59983
119.982	0.25	1	2	59991
120.0	0.25	0	1	60000
120.016	0.25	0	1	60008
120.032	0.25	0	1	60016
120.05	0.25	0	1	60025
120.066	0.25	0	1	60033
120.082	0.25	0	1	60041
120.1	0.25	0	1	60050
120.116	0.25	0	1	60058
120.132	0.25	0	1	60066
120.15	0.25	0	1	60075
120.166	0.25	0	1	60083
120.182	0.25	0	1	60091
120.2	0.25	0	1	60100
120.216	0.25	0	1	60108
120.232	0.25	1	2	60116
120.25	0.25	1	2	60125
120.266	0.25	1	2	60133
120.282	0.25	1	2	60141
120.3	0.25	0	1	60150
120.316	0.25	0	1	60158
120.332	0.25	0	1	60166
120.35	0.25	0	1	60175
120.366	0.25	0	1	60183
120.382	0.25	0	1	60191
120.4	0.25	0	1	60200
120.416	0.25	0	1	60208
120.432	0.25	0	1	60216
120.45	0.25	0	1	60225
120.466	0.25	0	1	60233
120.482	0.25	0	1	60241
120.5	0.25	0	1	60250
120.516	0.25	1	2	60258
120.532	0.25	1	2	60266
120.55	0.25	1	2	60275
120.566	0.25	1	2	60283
120.582	0.25	0	1	60291
120.6	0.25	0	1	60300
120.616	0.25	0	1	60308
120.632	0.25	0	1	60316
120.65	0.25	0	1	60325
120.666	0.25	0	1	60333
120.682	0.25	0	1	60341
120.7	0.25	0	1	60350
120.716	0.25	0	1	60358
120.732	0.25	0	1	60366
120.75	0.25	0	1	60375
120.766	0.25	0	1	60383
120.782	0.25	0	1	60391
120.8	0.25	0	1	60400
120.816	0.25	0	1	60408
120.832	0.25	0	1	60416
120.85	0.25	1	2	60425
120.866	0.25	1	2	60433
120.882	0.25	1	2	60441
120.9	0.25	1	2	60450
120.916	0.25	0	1	60458
120.932	0.25	0	1	60466
120.95	0.25	0	1	60475
120.966	0.25	0	1	60483
120.982	0.25	0	1	60491
121.0	0.25	0	1	60500
121.016	0.25	0	1	60508
121.032	0.25	0	1	60516
121.05	0.25	0	1	60525
121.066	0.25	0	1	60533
121.082	0.25	0	1	60541
121.1	0.25	0	1	60550
122.582	0.25	0	1	61291
122.6	0.25	0	1	61300
122.616	0.25	0	1	61308
122.632	0.25	0	1	61316
122.65	0.25	0	1	61325
122.666	0.25	0	1	61333
122.682	0.25	0	1	61341
122.7	0.25	0	1	61350
122.716	0.25	0	1	61358
122.732	0.25	0	1	61366
122.75	0.25	0	1	61375
122.766	0.25	0	1	61383
122.782	0.25	0	1	61391
122.8	0.25	0	1	61400
122.816	0.25	0	1	61408
122.832	0.25	1	2	61416
122.85	0.25	1	2	61425
122.866	0.25	1	2	61433
122.882	0.25	1	2	61441
122.9	0.25	0	1	61450
122.916	0.25	0	1	61458
122.932	0.25	0	1	61466
122.95	0.25	0	1	61475
122.966	0.25	0	1	61483
122.982	0.25	0	1	61491
123.0	0.25	0	1	61500
123.016	0.25	0	1	61508
123.032	0.25	0	1	61516
123.05	0.25	0	1	61525
123.066	0.25	0	1	61533
123.082	0.25	0	1	61541
123.1	0.25	0	1	61550
123.116	0.25	0	1	61558
123.132	0.25	0	1	61566
123.15	0.25	0	1	61575
123.166	0.25	0	1	61583
123.182	0.25	0	1	61591
123.2	0.25	0	1	61600
123.216	0.25	0	1	61608
123.232	0.25	0	1	61616
123.25	0.25	0	1	61625
123.266	0.25	1	2	61633
123.282	0.25	1	2	61641
123.3	0.25	1	2	61650
123.316	0.25	1	2	61658
123.332	0.25	0	1	61666
123.35	0.25	0	1	61675
123.366	0.25	0	1	61683
123.382	0.25	0	1	61691
123.4	0.25	0	1	61700
123.416	0.25	0	1	61708
123.432	0.25	0	1	61716
123.45	0.25	0	1	61725
123.466	0.25	0	1	61733
123.482	0.25	0	1	61741
123.5	0.25	0	1	61750
123.516	0.25	0	1	61758
123.532	0.25	0	1	61766
123.55	0.25	0	1	61775
123.566	0.25	0	1	61783
123.582	0.25	0	1	61791
123.6	0.25	0	1	61800
123.616	0.25	0	1	61808
123.632	0.25	0	1	61816
123.65	0.25	0	1	61825
123.666	0.25	0	1	61833
123.682	0.25	0	1	61841
123.7	0.25	0	1	61850
123.716	0.25	0	1	61858
123.732	0.25	1	2	61866
123.75	0.25	1	2	61875
123.766	0.25	1	2	61883
123.782	0.25	1	2	61891
123.8	0.25	0	1	61900
123.816	0.25	0	1	61908
123.832	0.25	0	1	61916
123.85	0.25	0	1	61925
123.866	0.25	0	1	61933
123.882	0.25	0	1	61941
123.9	0.25	0	1	61950
123.916	0.25	0	1	61958
123.932	0.25	0	1	61966
123.95	0.25	0	1	61975
123.966	0.25	0	1	61983
123.982	0.25	0	1	61991
124.0	0.25	0	1	62000
124.016	0.25	0	1	62008
124.032	0.25	1	2	62016
124.05	0.25	1	2	62025
124.066	0.25	1	2	62033
124.082	0.25	1	2	62041
124.1	0.25	0	1	62050
124.116	0.25	0	1	62058
124.132	0.25	0	1	62066
124.15	0.25	0	1	62075
124.166	0.25	0	1	62083
124.182	0.25	0	1	62091
124.2	0.25	0	1	62100
124.216	0.25	0	1	62108
124.232	0.25	0	1	62116
124.25	0.25	0	1	62125
124.266	0.25	0	1	62133
124.282	0.25	0	1	62141
124.3	0.25	0	1	62150
124.316	0.25	0	1	62158
124.332	0.25	0	1	62166
124.35	0.25	0	1	62175
124.366	0.25	0	1	62183
124.382	0.25	0	1	62191
124.4	0.25	0	1	62200
124.416	0.25	0	1	62208
124.432	0.25	0	1	62216
124.45	0.25	0	1	62225
124.466	0.25	1	2	62233
124.482	0.25	1	2	62241
124.5	0.25	1	2	62250
124.516	0.25	1	2	62258
126.0	0.25	0	1	63000
126.016	0.25	1	2	63008
126.032	0.25	1	2	63016
126.05	0.25	1	2	63025
126.066	0.25	1	2	63033
126.082	0.25	0	1	63041
126.1	0.25	0	1	63050
126.116	0.25	0	1	63058
126.132	0.25	0	1	63066
126.15	0.25	0	1	63075
126.166	0.25	0	1	63083
126.182	0.25	0	1	63091
126.2	0.25	0	1	63100
126.216	0.25	0	1	63108
126.232	0.25	0	1	63116
126.25	0.25	0	1	63125
126.266	0.25	0	1	63133
126.282	0.25	0	1	63141
126.3	0.25	0	1	63150
126.316	0.25	0	1	63158
126.332	0.25	0	1	63166
126.35	0.25	0	1	63175
126.366	0.25	0	1	63183
126.382	0.25	0	1	63191
126.4	0.25	0	1	63200
126.416	0.25	0	1	63208
126.432	0.25	0	1	63216
126.45	0.25	0	1	63225
126.466	0.25	0	1	63233
126.482	0.25	0	1	63241
126.5	0.25	1	2	63250
126.516	0.25	1	2	63258
126.532	0.25	1	2	63266
126.55	0.25	1	2	63275
126.566	0.25	0	1	63283
126.582	0.25	0	1	63291
126.6	0.25	0	1	63300
126.616	0.25	0	1	63308
126.632	0.25	0	1	63316
126.65	0.25	0	1	63325
126.666	0.25	0	1	63333
126.682	0.25	0	1	63341
126.7	0.25	0	1	63350
126.716	0.25	0	1	63358
126.732	0.25	0	1	63366
126.75	0.25	0	1	63375
126.766	0.25	0	1	63383
126.782	0.25	0	1	63391
126.8	0.25	0	1	63400
126.816	0.25	0	1	63408
126.832	0.25	0	1	63416
126.85	0.25	0	1	63425
126.866	0.25	0	1	63433
126.882	0.25	0	1	63441
126.9	0.25	0	1	63450
126.916	0.25	0	1	63458
126.932	0.25	0	1	63466
126.95	0.25	0	1	63475
126.966	0.25	1	2	63483
126.982	0.25	1	2	63491
127.0	0.25	1	2	63500
127.016	0.25	1	2	63508
127.032	0.25	0	1	63516
127.05	0.25	0	1	63525
127.066	0.25	0	1	63533
127.082	0.25	0	1	63541
127.1	0.25	0	1	63550
127.116	0.25	0	1	63558
127.132	0.25	0	1	63566
127.15	0.25	0	1	63575
127.166	0.25	0	1	63583
127.182	0.25	0	1	63591
127.2	0.25	0	1	63600
127.216	0.25	0	1	63608
127.232	0.25	0	1	63616
127.25	0.25	0	1	63625
127.266	0.25	0	1	63633
127.282	0.25	0	1	63641
127.3	0.25	0	1	63650
127.316	0.25	0	1	63658
127.332	0.25	0	1	63666
127.35	0.25	0	1	63675
127.366	0.25	0	1	63683
127.382	0.25	1	2	63691
127.4	0.25	1	2	63700
127.416	0.25	1	2	63708
127.432	0.25	1	2	63716
127.45	0.25	0	1	63725
127.466	0.25	0	1	63733
127.482	0.25	0	1	63741
127.5	0.25	0	1	63750
127.516	0.25	0	1	63758
127.532	0.25	0	1	63766
127.55	0.25	0	1	63775
127.566	0.25	0	1	63783
127.582	0.25	0	1	63791
127.6	0.25	0	1	63800
127.616	0.25	0	1	63808
127.632	0.25	0	1	63816
127.65	0.25	0	1	63825
127.666	0.25	0	1	63833
127.682	0.25	0	1	63841
127.7	0.25	0	1	63850
127.716	0.25	0	1	63858
127.732	0.25	0	1	63866
127.75	0.25	0	1	63875
127.766	0.25	0	1	63883
127.782	0.25	0	1	63891
127.8	0.25	0	1	63900
127.816	0.25	1	2	63908
127.832	0.25	1	2	63916
127.85	0.25	1	2	63925
127.866	0.25	1	2	63933
127.882	0.25	0	1	63941
127.9	0.25	0	1	63950
127.916	0.25	0	1	63958
127.932	0.25	0	1	63966
131.016	0.25	0	1	65508
131.032	0.25	0	1	65516
131.05	0.25	0	1	65525
131.066	0.25	0	1	65533
131.082	0.25	0	1	65541
131.1	0.25	0	1	65550
131.116	0.25	0	1	65558
131.132	0.25	0	1	65566
131.15	0.25	0	1	65575
131.166	0.25	0	1	65583
131.182	0.25	0	1	65591
131.2	0.25	0	1	65600
131.216	0.25	0	1	65608
131.232	0.25	0	1	65616
131.25	0.25	0	1	65625
131.266	0.25	0	1	65633
131.282	0.25	0	1	65641
131.3	0.25	0	1	65650
131.316	0.25	0	1	65658
131.332	0.25	0	1	65666
131.35	0.25	0	1	65675
131.366	0.25	0	1	65683
131.382	0.25	0	1	65691
131.4	0.25	1	2	65700
131.416	0.25	1	2	65708
131.432	0.25	1	2	65716
131.45	0.25	1	2	65725
131.466	0.25	0	1	65733
131.482	0.25	0	1	65741
131.5	0.25	0	1	65750
131.516	0.25	0	1	65758
131.532	0.25	0	1	65766
131.55	0.25	0	1	65775
131.566	0.25	0	1	65783
131.582	0.25	0	1	65791
131.6	0.25	0	1	65800
131.616	0.25	0	1	65808
131.632	0.25	0	1	65816
131.65	0.25	0	1	65825
131.666	0.25	0	1	65833
131.682	0.25	0	1	65841
131.7	0.25	0	1	65850
131.716	0.25	0	1	65858
131.732	0.25	0	1	65866
131.75	0.25	0	1	65875
131.766	0.25	0	1	65883
131.782	0.25	1	2	65891
131.8	0.25	1	2	65900
131.816	0.25	1	2	65908
131.832	0.25	1	2	65916
131.85	0.25	0	1	65925
131.866	0.25	0	1	65933
131.882	0.25	0	1	65941
131.9	0.25	0	1	65950
131.916	0.25	0	1	65958
131.932	0.25	0	1	65966
131.95	0.25	0	1	65975
131.966	0.25	0	1	65983
131.982	0.25	0	1	65991
132.0	0.25	0	1	66000
132.016	0.25	0	1	66008
132.032	0.25	0	1	66016
132.05	0.25	0	1	66025
132.066	0.25	0	1	66033
132.082	0.25	1	2	66041
132.1	0.25	1	2	66050
132.116	0.25	1	2	66058
132.132	0.25	1	2	66066
132.15	0.25	0	1	66075
132.166	0.25	0	1	66083
132.182	0.25	0	1	66091
132.2	0.25	0	1	66100
132.216	0.25	0	1	66108
132.232	0.25	0	1	66116
132.25	0.25	0	1	66125
132.266	0.25	0	1	66133
132.282	0.25	0	1	66141
132.3	0.25	0	1	66150
132.316	0.25	0	1	66158
132.332	0.25	0	1	66166
132.35	0.25	0	1	66175
132.366	0.25	1	2	66183
132.382	0.25	1	2	66191
132.4	0.25	1	2	66200
132.416	0.25	1	2	66208
132.432	0.25	0	1	66216
132.45	0.25	0	1	66225
132.466	0.25	0	1	66233
132.482	0.25	0	1	66241
132.5	0.25	0	1	66250
132.516	0.25	0	1	66258
132.532	0.25	0	1	66266
132.55	0.25	0	1	66275
132.566	0.25	0	1	66283
132.582	0.25	0	1	66291
132.6	0.25	0	1	66300
132.616	0.25	0	1	66308
132.632	0.25	0	1	66316
132.65	0.25	0	1	66325
132.666	0.25	0	1	66333
132.682	0.25	0	1	66341
132.7	0.25	1	2	66350
132.716	0.25	1	2	66358
132.732	0.25	1	2	66366
132.75	0.25	1	2	66375
132.766	0.25	0	1	66383
132.782	0.25	0	1	66391
132.8	0.25	0	1	66400
132.816	0.25	0	1	66408
132.832	0.25	0	1	66416
132.85	0.25	0	1	66425
132.866	0.25	0	1	66433
132.882	0.25	0	1	66441
132.9	0.25	0	1	66450
132.916	0.25	0	1	66458
132.932	0.25	0	1	66466
132.95	0.25	0	1	66475
134.432	0.25	0	1	67216
134.45	0.25	1	2	67225
134.466	0.25	1	2	67233
134.482	0.25	1	2	67241
134.5	0.25	1	2	67250
134.516	0.25	0	1	67258
134.532	0.25	0	1	67266
134.55	0.25	0	1	67275
134.566	0.25	0	1	67283
134.582	0.25	0	1	67291
134.6	0.25	0	1	67300
134.616	0.25	0	1	67308
134.632	0.25	0	1	67316
134.65	0.25	0	1	67325
134.666	0.25	0	1	67333
134.682	0.25	0	1	67341
134.7	0.25	0	1	67350
134.716	0.25	0	1	67358
134.732	0.25	0	1	67366
134.75	0.25	0	1	67375
134.766	0.25	0	1	67383
134.782	0.25	0	1	67391
134.8	0.25	0	1	67400
134.816	0.25	0	1	67408
134.832	0.25	0	1	67416
134.85	0.25	0	1	67425
134.866	0.25	0	1	67433
134.882	0.25	0	1	67441
134.9	0.25	0	1	67450
134.916	0.25	0	1	67458
134.932	0.25	1	2	67466
134.95	0.25	1	2	67475
134.966	0.25	1	2	67483
134.982	0.25	1	2	67491
135.0	0.25	0	1	67500
135.016	0.25	0	1	67508
135.032	0.25	0	1	67516
135.05	0.25	0	1	67525
135.066	0.25	0	1	67533
135.082	0.25	0	1	67541
135.1	0.25	0	1	67550
135.116	0.25	0	1	67558
135.132	0.25	0	1	67566
135.15	0.25	0	1	67575
135.166	0.25	0	1	67583
135.182	0.25	0	1	67591
135.2	0.25	0	1	67600
135.216	0.25	0	1	67608
135.232	0.25	0	1	67616
135.25	0.25	0	1	67625
135.266	0.25	0	1	67633
135.282	0.25	0	1	67641
135.3	0.25	0	1	67650
135.316	0.25	0	1	67658
135.332	0.25	0	1	67666
135.35	0.25	0	1	67675
135.366	0.25	0	1	67683
135.382	0.25	0	1	67691
135.4	0.25	1	2	67700
135.416	0.25	1	2	67708
135.432	0.25	1	2	67716
135.45	0.25	1	2	67725
135.466	0.25	0	1	67733
135.482	0.25	0	1	67741
135.5	0.25	0	1	67750
135.516	0.25	0	1	67758
135.532	0.25	0	1	67766
135.55	0.25	0	1	67775
135.566	0.25	0	1	67783
135.582	0.25	0	1	67791
135.6	0.25	0	1	67800
135.616	0.25	0	1	67808
135.632	0.25	0	1	67816
135.65	0.25	0	1	67825
135.666	0.25	0	1	67833
135.682	0.25	0	1	67841
135.7	0.25	0	1	67850
135.716	0.25	0	1	67858
135.732	0.25	0	1	67866
135.75	0.25	0	1	67875
135.766	0.25	0	1	67883
135.782	0.25	0	1	67891
135.8	0.25	0	1	67900
135.816	0.25	1	2	67908
135.832	0.25	1	2	67916
135.85	0.25	1	2	67925
135.866	0.25	1	2	67933
135.882	0.25	0	1	67941
135.9	0.25	0	1	67950
135.916	0.25	0	1	67958
135.932	0.25	0	1	67966
135.95	0.25	0	1	67975
135.966	0.25	0	1	67983
135.982	0.25	0	1	67991
136.0	0.25	0	1	68000
136.016	0.25	0	1	68008
136.032	0.25	0	1	68016
136.05	0.25	0	1	68025
136.066	0.25	0	1	68033
136.082	0.25	0	1	68041
136.1	0.25	0	1	68050
136.116	0.25	0	1	68058
136.132	0.25	0	1	68066
136.15	0.25	0	1	68075
136.166	0.25	0	1	68083
136.182	0.25	0	1	68091
136.2	0.25	0	1	68100
136.216	0.25	0	1	68108
136.232	0.25	0	1	68116
136.25	0.25	1	2	68125
136.266	0.25	1	2	68133
136.282	0.25	1	2	68141
136.3	0.25	1	2	68150
136.316	0.25	0	1	68158
136.332	0.25	0	1	68166
136.35	0.25	0	1	68175
136.366	0.25	0	1	68183
137.85	0.25	0	1	68925
137.866	0.25	0	1	68933
137.882	0.25	0	1	68941
137.9	0.25	0	1	68950
137.916	0.25	0	1	68958
137.932	0.25	0	1	68966
137.95	0.25	0	1	68975
137.966	0.25	0	1	68983
137.982	0.25	0	1	68991
138.0	0.25	0	1	69000
138.016	0.25	0	1	69008
138.032	0.25	0	1	69016
138.05	0.25	0	1	69025
138.066	0.25	0	1	69033
138.082	0.25	0	1	69041
138.1	0.25	0	1	69050
138.116	0.25	0	1	69058
138.132	0.25	0	1	69066
138.15	0.25	1	2	69075
138.166	0.25	1	2	69083
138.182	0.25	1	2	69091
138.2	0.25	1	2	69100
138.216	0.25	0	1	69108
138.232	0.25	0	1	69116
138.25	0.25	0	1	69125
138.266	0.25	0	1	69133
138.282	0.25	0	1	69141
138.3	0.25	0	1	69150
138.316	0.25	0	1	69158
138.332	0.25	0	1	69166
138.35	0.25	0	1	69175
138.366	0.25	0	1	69183
138.382	0.25	0	1	69191
138.4	0.25	0	1	69200
138.416	0.25	0	1	69208
138.432	0.25	0	1	69216
138.45	0.25	0	1	69225
138.466	0.25	0	1	69233
138.482	0.25	0	1	69241
138.5	0.25	0	1	69250
138.516	0.25	0	1	69258
138.532	0.25	0	1	69266
138.55	0.25	1	2	69275
138.566	0.25	1	2	69283
138.582	0.25	1	2	69291
138.6	0.25	1	2	69300
138.616	0.25	0	1	69308
138.632	0.25	0	1	69316
138.65	0.25	0	1	69325
138.666	0.25	0	1	69333
138.682	0.25	0	1	69341
138.7	0.25	0	1	69350
138.716	0.25	0	1	69358
138.732	0.25	0	1	69366
138.75	0.25	0	1	69375
138.766	0.25	0	1	69383
138.782	0.25	0	1	69391
138.8	0.25	0	1	69400
138.816	0.25	0	1	69408
138.832	0.25	1	2	69416
138.85	0.25	1	2	69425
138.866	0.25	1	2	69433
138.882	0.25	1	2	69441
138.9	0.25	0	1	69450
138.916	0.25	0	1	69458
138.932	0.25	0	1	69466
138.95	0.25	0	1	69475
138.966	0.25	0	1	69483
138.982	0.25	0	1	69491
139.0	0.25	0	1	69500
139.016	0.25	0	1	69508
139.032	0.25	0	1	69516
139.05	0.25	0	1	69525
139.066	0.25	0	1	69533
139.082	0.25	0	1	69541
139.1	0.25	0	1	69550
139.116	0.25	0	1	69558
139.132	0.25	0	1	69566
139.15	0.25	0	1	69575
139.166	0.25	0	1	69583
139.182	0.25	0	1	69591
139.2	0.25	1	2	69600
139.216	0.25	1	2	69608
139.232	0.25	1	2	69616
139.25	0.25	1	2	69625
139.266	0.25	0	1	69633
139.282	0.25	0	1	69641
139.3	0.25	0	1	69650
139.316	0.25	0	1	69658
139.332	0.25	0	1	69666
139.35	0.25	0	1	69675
139.366	0.25	0	1	69683
139.382	0.25	0	1	69691
139.4	0.25	0	1	69700
139.416	0.25	0	1	69708
139.432	0.25	0	1	69716
139.45	0.25	0	1	69725
139.466	0.25	0	1	69733
139.482	0.25	0	1	69741
139.5	0.25	0	1	69750
139.516	0.25	0	1	69758
139.532	0.25	0	1	69766
139.55	0.25	0	1	69775
139.566	0.25	0	1	69783
139.582	0.25	0	1	69791
139.6	0.25	0	1	69800
139.616	0.25	0	1	69808
139.632	0.25	0	1	69816
139.65	0.25	0	1	69825
139.666	0.25	1	2	69833
139.682	0.25	1	2	69841
139.7	0.25	1	2	69850
139.716	0.25	1	2	69858
139.732	0.25	0	1	69866
139.75	0.25	0	1	69875
139.766	0.25	0	1	69883
139.782	0.25	0	1	69891
141.266	0.25	0	1	70633
141.282	0.25	0	1	70641
141.3	0.25	0	1	70650
141.316	0.25	0	1	70658
141.332	0.25	0	1	70666
141.35	0.25	0	1	70675
141.366	0.25	0	1	70683
141.382	0.25	0	1	70691
141.4	0.25	0	1	70700
141.416	0.25	0	1	70708
141.432	0.25	0	1	70716
141.45	0.25	0	1	70725
141.466	0.25	0	1	70733
141.482	0.25	0	1	70741
141.5	0.25	0	1	70750
141.516	0.25	1	2	70758
141.532	0.25	1	2	70766
141.55	0.25	1	2	70775
141.566	0.25	1	2	70783
141.582	0.25	0	1	70791
141.6	0.25	0	1	70800
141.616	0.25	0	1	70808
141.632	0.25	0	1	70816
141.65	0.25	0	1	70825
141.666	0.25	0	1	70833
141.682	0.25	0	1	70841
141.7	0.25	0	1	70850
141.716	0.25	0	1	70858
141.732	0.25	0	1	70866
141.75	0.25	0	1	70875
141.766	0.25	0	1	70883
141.782	0.25	0	1	70891
141.8	0.25	0	1	70900
141.816	0.25	0	1	70908
141.832	0.25	0	1	70916
141.85	0.25	0	1	70925
141.866	0.25	0	1	70933
141.882	0.25	0	1	70941
141.9	0.25	0	1	70950
141.916	0.25	0	1	70958
141.932	0.25	0	1	70966
141.95	0.25	1	2	70975
141.966	0.25	1	2	70983
141.982	0.25	1	2	70991
142.0	0.25	1	2	71000
142.016	0.25	0	1	71008
142.032	0.25	0	1	71016
142.05	0.25	0	1	71025
142.066	0.25	0	1	71033
142.082	0.25	0	1	71041
142.1	0.25	0	1	71050
142.116	0.25	0	1	71058
142.132	0.25	0	1	71066
142.15	0.25	0	1	71075
142.166	0.25	0	1	71083
142.182	0.25	0	1	71091
142.2	0.25	0	1	71100
142.216	0.25	0	1	71108
142.232	0.25	0	1	71116
142.25	0.25	0	1	71125
142.266	0.25	0	1	71133
142.282	0.25	0	1	71141
142.3	0.25	0	1	71150
142.316	0.25	0	1	71158
142.332	0.25	0	1	71166
142.35	0.25	0	1	71175
142.366	0.25	0	1	71183
142.382	0.25	0	1	71191
142.4	0.25	0	1	71200
142.416	0.25	1	2	71208
142.432	0.25	1	2	71216
142.45	0.25	1	2	71225
142.466	0.25	1	2	71233
142.482	0.25	0	1	71241
142.5	0.25	0	1	71250
142.516	0.25	0	1	71258
142.532	0.25	0	1	71266
142.55	0.25	0	1	71275
142.566	0.25	0	1	71283
142.582	0.25	0	1	71291
142.6	0.25	0	1	71300
142.616	0.25	0	1	71308
142.632	0.25	0	1	71316
142.65	0.25	0	1	71325
142.666	0.25	0	1	71333
142.682	0.25	0	1	71341
142.7	0.25	0	1	71350
142.716	0.25	1	2	71358
142.732	0.25	1	2	71366
142.75	0.25	1	2	71375
142.766	0.25	1	2	71383
142.782	0.25	0	1	71391
142.8	0.25	0	1	71400
142.816	0.25	0	1	71408
142.832	0.25	0	1	71416
142.85	0.25	0	1	71425
142.866	0.25	0	1	71433
142.882	0.25	0	1	71441
142.9	0.25	0	1	71450
142.916	0.25	0	1	71458
142.932	0.25	0	1	71466
142.95	0.25	0	1	71475
142.966	0.25	0	1	71483
142.982	0.25	0	1	71491
143.0	0.25	0	1	71500
143.016	0.25	0	1	71508
143.032	0.25	0	1	71516
143.05	0.25	0	1	71525
143.066	0.25	0	1	71533
143.082	0.25	0	1	71541
143.1	0.25	0	1	71550
143.116	0.25	0	1	71558
143.132	0.25	0	1	71566
143.15	0.25	1	2	71575
143.166	0.25	1	2	71583
143.182	0.25	1	2	71591
143.2	0.25	1	2	71600
146.182	0.25	0	1	73091
146.2	0.25	0	1	73100
146.216	0.25	0	1	73108
146.232	0.25	0	1	73116
146.25	0.25	0	1	73125
146.266	0.25	0	1	73133
146.282	0.25	0	1	73141
146.3	0.25	0	1	73150
146.316	0.25	0	1	73158
146.332	0.25	0	1	73166
146.35	0.25	0	1	73175
146.366	0.25	0	1	73183
146.382	0.25	0	1	73191
146.4	0.25	0	1	73200
146.416	0.25	0	1	73208
146.432	0.25	1	2	73216
146.45	0.25	1	2	73225
146.466	0.25	1	2	73233
146.482	0.25	1	2	73241
146.5	0.25	0	1	73250
146.516	0.25	0	1	73258
146.532	0.25	0	1	73266
146.55	0.25	0	1	73275
146.566	0.25	0	1	73283
146.582	0.25	0	1	73291
146.6	0.25	0	1	73300
146.616	0.25	0	1	73308
146.632	0.25	0	1	73316
146.65	0.25	0	1	73325
146.666	0.25	0	1	73333
146.682	0.25	0	1	73341
146.7	0.25	0	1	73350
146.716	0.25	0	1	73358
146.732	0.25	0	1	73366
146.75	0.25	0	1	73375
146.766	0.25	0	1	73383
146.782	0.25	0	1	73391
146.8	0.25	0	1	73400
146.816	0.25	0	1	73408
146.832	0.25	0	1	73416
146.85	0.25	0	1	73425
146.866	0.25	1	2	73433
146.882	0.25	1	2	73441
146.9	0.25	1	2	73450
146.916	0.25	1	2	73458
146.932	0.25	0	1	73466
146.95	0.25	0	1	73475
146.966	0.25	0	1	73483
146.982	0.25	0	1	73491
147.0	0.25	0	1	73500
147.016	0.25	0	1	73508
147.032	0.25	0	1	73516
147.05	0.25	0	1	73525
147.066	0.25	0	1	73533
147.082	0.25	0	1	73541
147.1	0.25	0	1	73550
147.116	0.25	0	1	73558
147.132	0.25	0	1	73566
147.15	0.25	0	1	73575
147.166	0.25	0	1	73583
147.182	0.25	0	1	73591
147.2	0.25	0	1	73600
147.216	0.25	0	1	73608
147.232	0.25	0	1	73616
147.25	0.25	0	1	73625
147.266	0.25	0	1	73633
147.282	0.25	0	1	73641
147.3	0.25	0	1	73650
147.316	0.25	0	1	73658
147.332	0.25	1	2	73666
147.35	0.25	1	2	73675
147.366	0.25	1	2	73683
147.382	0.25	1	2	73691
147.4	0.25	0	1	73700
147.416	0.25	0	1	73708
147.432	0.25	0	1	73716
147.45	0.25	0	1	73725
147.466	0.25	0	1	73733
147.482	0.25	0	1	73741
147.5	0.25	0	1	73750
147.516	0.25	0	1	73758
147.532	0.25	0	1	73766
147.55	0.25	0	1	73775
147.566	0.25	0	1	73783
147.582	0.25	0	1	73791
147.6	0.25	0	1	73800
147.616	0.25	0	1	73808
147.632	0.25	1	2	73816
147.65	0.25	1	2	73825
147.666	0.25	1	2	73833
147.682	0.25	1	2	73841
147.7	0.25	0	1	73850
147.716	0.25	0	1	73858
147.732	0.25	0	1	73866
147.75	0.25	0	1	73875
147.766	0.25	0	1	73883
147.782	0.25	0	1	73891
147.8	0.25	0	1	73900
147.816	0.25	0	1	73908
147.832	0.25	0	1	73916
147.85	0.25	0	1	73925
147.866	0.25	0	1	73933
147.882	0.25	0	1	73941
147.9	0.25	0	1	73950
147.916	0.25	0	1	73958
147.932	0.25	0	1	73966
147.95	0.25	0	1	73975
147.966	0.25	0	1	73983
147.982	0.25	0	1	73991
148.0	0.25	0	1	74000
148.016	0.25	0	1	74008
148.032	0.25	0	1	74016
148.05	0.25	0	1	74025
148.066	0.25	1	2	74033
148.082	0.25	1	2	74041
148.1	0.25	1	2	74050
148.116	0.25	1	2	74058
149.6	0.25	0	1	74800
149.616	0.25	1	2	74808
149.632	0.25	1	2	74816
149.65	0.25	1	2	74825
149.666	0.25	1	2	74833
149.682	0.25	0	1	74841
149.7	0.25	0	1	74850
149.716	0.25	0	1	74858
149.732	0.25	0	1	74866
149.75	0.25	0	1	74875
149.766	0.25	0	1	74883
149.782	0.25	0	1	74891
149.8	0.25	0	1	74900
149.816	0.25	0	1	74908
149.832	0.25	0	1	74916
149.85	0.25	0	1	74925
149.866	0.25	0	1	74933
149.882	0.25	0	1	74941
149.9	0.25	0	1	74950
149.916	0.25	0	1	74958
149.932	0.25	0	1	74966
149.95	0.25	0	1	74975
149.966	0.25	0	1	74983
149.982	0.25	0	1	74991
150.0	0.25	0	1	75000
150.016	0.25	0	1	75008
150.032	0.25	0	1	75016
150.05	0.25	0	1	75025
150.066	0.25	0	1	75033
150.082	0.25	0	1	75041
150.1	0.25	1	2	75050
150.116	0.25	1	2	75058
150.132	0.25	1	2	75066
150.15	0.25	1	2	75075
150.166	0.25	0	1	75083
150.182	0.25	0	1	75091
150.2	0.25	0	1	75100
150.216	0.25	0	1	75108
150.232	0.25	0	1	75116
150.25	0.25	0	1	75125
150.266	0.25	0	1	75133
150.282	0.25	0	1	75141
150.3	0.25	0	1	75150
150.316	0.25	0	1	75158
150.332	0.25	0	1	75166
150.35	0.25	0	1	75175
150.366	0.25	0	1	75183
150.382	0.25	0	1	75191
150.4	0.25	0	1	75200
150.416	0.25	0	1	75208
150.432	0.25	0	1	75216
150.45	0.25	0	1	75225
150.466	0.25	0	1	75233
150.482	0.25	0	1	75241
150.5	0.25	0	1	75250
150.516	0.25	0	1	75258
150.532	0.25	0	1	75266
150.55	0.25	0	1	75275
150.566	0.25	1	2	75283
150.582	0.25	1	2	75291
150.6	0.25	1	2	75300
150.616	0.25	1	2	75308
150.632	0.25	0	1	75316
150.65	0.25	0	1	75325
150.666	0.25	0	1	75333
150.682	0.25	0	1	75341
150.7	0.25	0	1	75350
150.716	0.25	0	1	75358
150.732	0.25	0	1	75366
150.75	0.25	0	1	75375
150.766	0.25	0	1	75383
150.782	0.25	0	1	75391
150.8	0.25	0	1	75400
150.816	0.25	0	1	75408
150.832	0.25	0	1	75416
150.85	0.25	0	1	75425
150.866	0.25	0	1	75433
150.882	0.25	0	1	75441
150.9	0.25	0	1	75450
150.916	0.25	0	1	75458
150.932	0.25	0	1	75466
150.95	0.25	0	1	75475
150.966	0.25	0	1	75483
150.982	0.25	1	2	75491
151.0	0.25	1	2	75500
151.016	0.25	1	2	75508
151.032	0.25	1	2	75516
151.05	0.25	0	1	75525
151.066	0.25	0	1	75533
151.082	0.25	0	1	75541
151.1	0.25	0	1	75550
151.116	0.25	0	1	75558
151.132	0.25	0	1	75566
151.15	0.25	0	1	75575
151.166	0.25	0	1	75583
151.182	0.25	0	1	75591
151.2	0.25	0	1	75600
151.216	0.25	0	1	75608
151.232	0.25	0	1	75616
151.25	0.25	0	1	75625
151.266	0.25	0	1	75633
151.282	0.25	0	1	75641
151.3	0.25	0	1	75650
151.316	0.25	0	1	75658
151.332	0.25	0	1	75666
151.35	0.25	0	1	75675
151.366	0.25	0	1	75683
151.382	0.25	0	1	75691
151.4	0.25	0	1	75700
151.416	0.25	1	2	75708
151.432	0.25	1	2	75716
151.45	0.25	1	2	75725
151.466	0.25	1	2	75733
151.482	0.25	0	1	75741
151.5	0.25	0	1	75750
151.516	0.25	0	1	75758
151.532	0.25	0	1	75766
153.016	0.25	0	1	76508
153.032	0.25	0	1	76516
153.05	0.25	0	1	76525
153.066	0.25	0	1	76533
153.082	0.25	0	1	76541
153.1	0.25	0	1	76550
153.116	0.25	0	1	76558
153.132	0.25	0	1	76566
153.15	0.25	0	1	76575
153.166	0.25	0	1	76583
153.182	0.25	0	1	76591
153.2	0.25	0	1	76600
153.216	0.25	0	1	76608
153.232	0.25	0	1	76616
153.25	0.25	0	1	76625
153.266	0.25	0	1	76633
153.282	0.25	0	1	76641
153.3	0.25	0	1	76650
153.316	0.25	1	2	76658
153.332	0.25	1	2	76666
153.35	0.25	1	2	76675
153.366	0.25	1	2	76683
153.382	0.25	0	1	76691
153.4	0.25	0	1	76700
153.416	0.25	0	1	76708
153.432	0.25	0	1	76716
153.45	0.25	0	1	76725
153.466	0.25	0	1	76733
153.482	0.25	0	1	76741
153.5	0.25	0	1	76750
153.516	0.25	0	1	76758
153.532	0.25	0	1	76766
153.55	0.25	0	1	76775
153.566	0.25	0	1	76783
153.582	0.25	0	1	76791
153.6	0.25	0	1	76800
153.616	0.25	0	1	76808
153.632	0.25	0	1	76816
153.65	0.25	0	1	76825
153.666	0.25	0	1	76833
153.682	0.25	0	1	76841
153.7	0.25	0	1	76850
153.716	0.25	1	2	76858
153.732	0.25	1	2	76866
153.75	0.25	1	2	76875
153.766	0.25	1	2	76883
153.782	0.25	0	1	76891
153.8	0.25	0	1	76900
153.816	0.25	0	1	76908
153.832	0.25	0	1	76916
153.85	0.25	0	1	76925
153.866	0.25	0	1	76933
153.882	0.25	0	1	76941
153.9	0.25	0	1	76950
153.916	0.25	0	1	76958
153.932	0.25	0	1	76966
153.95	0.25	0	1	76975
153.966	0.25	0	1	76983
153.982	0.25	0	1	76991
154.0	0.25	1	2	77000
154.016	0.25	1	2	77008
154.032	0.25	1	2	77016
154.05	0.25	1	2	77025
154.066	0.25	0	1	77033
154.082	0.25	0	1	77041
154.1	0.25	0	1	77050
154.116	0.25	0	1	77058
154.132	0.25	0	1	77066
154.15	0.25	0	1	77075
154.166	0.25	0	1	77083
154.182	0.25	0	1	77091
154.2	0.25	0	1	77100
154.216	0.25	0	1	77108
154.232	0.25	0	1	77116
154.25	0.25	0	1	77125
154.266	0.25	0	1	77133
154.282	0.25	0	1	77141
154.3	0.25	0	1	77150
154.316	0.25	0	1	77158
154.332	0.25	0	1	77166
154.35	0.25	0	1	77175
154.366	0.25	1	2	77183
154.382	0.25	1	2	77191
154.4	0.25	1	2	77200
154.416	0.25	1	2	77208
154.432	0.25	0	1	77216
154.45	0.25	0	1	77225
154.466	0.25	0	1	77233
154.482	0.25	0	1	77241
154.5	0.25	0	1	77250
154.516	0.25	0	1	77258
154.532	0.25	0	1	77266
154.55	0.25	0	1	77275
154.566	0.25	0	1	77283
154.582	0.25	0	1	77291
154.6	0.25	0	1	77300
154.616	0.25	0	1	77308
154.632	0.25	0	1	77316
154.65	0.25	0	1	77325
154.666	0.25	0	1	77333
154.682	0.25	0	1	77341
154.7	0.25	0	1	77350
154.716	0.25	0	1	77358
154.732	0.25	0	1	77366
154.75	0.25	0	1	77375
154.766	0.25	0	1	77383
154.782	0.25	0	1	77391
154.8	0.25	0	1	77400
154.816	0.25	0	1	77408
154.832	0.25	1	2	77416
154.85	0.25	1	2	77425
154.866	0.25	1	2	77433
154.882	0.25	1	2	77441
154.9	0.25	0	1	77450
154.916	0.25	0	1	77458
154.932	0.25	0	1	77466
154.95	0.25	0	1	77475
156.432	0.25	0	1	78216
156.45	0.25	0	1	78225
156.466	0.25	0	1	78233
156.482	0.25	0	1	78241
156.5	0.25	0	1	78250
156.516	0.25	0	1	78258
156.532	0.25	0	1	78266
156.55	0.25	0	1	78275
156.566	0.25	0	1	78283
156.582	0.25	0	1	78291
156.6	0.25	0	1	78300
156.616	0.25	0	1	78308
156.632	0.25	0	1	78316
156.65	0.25	0	1	78325
156.666	0.25	0	1	78333
156.682	0.25	0	1	78341
156.7	0.25	0	1	78350
156.716	0.25	0	1	78358
156.732	0.25	0	1	78366
156.75	0.25	0	1	78375
156.766	0.25	0	1	78383
156.782	0.25	0	1	78391
156.8	0.25	0	1	78400
156.816	0.25	1	2	78408
156.832	0.25	1	2	78416
156.85	0.25	1	2	78425
156.866	0.25	1	2	78433
156.882	0.25	0	1	78441
156.9	0.25	0	1	78450
156.916	0.25	0	1	78458
156.932	0.25	0	1	78466
156.95	0.25	0	1	78475
156.966	0.25	0	1	78483
156.982	0.25	0	1	78491
157.0	0.25	0	1	78500
157.016	0.25	0	1	78508
157.032	0.25	0	1	78516
157.05	0.25	0	1	78525
157.066	0.25	0	1	78533
157.082	0.25	0	1	78541
157.1	0.25	0	1	78550
157.116	0.25	0	1	78558
157.132	0.25	0	1	78566
157.15	0.25	0	1	78575
157.166	0.25	0	1	78583
157.182	0.25	0	1	78591
157.2	0.25	1	2	78600
157.216	0.25	1	2	78608
157.232	0.25	1	2	78616
157.25	0.25	1	2	78625
157.266	0.25	0	1	78633
157.282	0.25	0	1	78641
157.3	0.25	0	1	78650
157.316	0.25	0	1	78658
157.332	0.25	0	1	78666
157.35	0.25	0	1	78675
157.366	0.25	0	1	78683
157.382	0.25	0	1	78691
157.4	0.25	0	1	78700
157.416	0.25	0	1	78708
157.432	0.25	0	1	78716
157.45	0.25	0	1	78725
157.466	0.25	0	1	78733
157.482	0.25	0	1	78741
157.5	0.25	1	2	78750
157.516	0.25	1	2	78758
157.532	0.25	1	2	78766
157.55	0.25	1	2	78775
157.566	0.25	0	1	78783
157.582	0.25	0	1	78791
157.6	0.25	0	1	78800
157.616	0.25	0	1	78808
157.632	0.25	0	1	78816
157.65	0.25	0	1	78825
157.666	0.25	0	1	78833
157.682	0.25	0	1	78841
157.7	0.25	0	1	78850
157.716	0.25	0	1	78858
157.732	0.25	0	1	78866
157.75	0.25	0	1	78875
157.766	0.25	0	1	78883
157.782	0.25	1	2	78891
157.8	0.25	1	2	78900
157.816	0.25	1	2	78908
157.832	0.25	1	2	78916
157.85	0.25	0	1	78925
157.866	0.25	0	1	78933
157.882	0.25	0	1	78941
157.9	0.25	0	1	78950
157.916	0.25	0	1	78958
157.932	0.25	0	1	78966
157.95	0.25	0	1	78975
157.966	0.25	0	1	78983
157.982	0.25	0	1	78991
158.0	0.25	0	1	79000
158.016	0.25	0	1	79008
158.032	0.25	0	1	79016
158.05	0.25	0	1	79025
158.066	0.25	0	1	79033
158.082	0.25	0	1	79041
158.1	0.25	0	1	79050
158.116	0.25	1	2	79058
158.132	0.25	1	2	79066
158.15	0.25	1	2	79075
158.166	0.25	1	2	79083
158.182	0.25	0	1	79091
158.2	0.25	0	1	79100
158.216	0.25	0	1	79108
158.232	0.25	0	1	79116
158.25	0.25	0	1	79125
158.266	0.25	0	1	79133
158.282	0.25	0	1	79141
158.3	0.25	0	1	79150
158.316	0.25	0	1	79158
158.332	0.25	0	1	79166
158.35	0.25	0	1	79175
158.366	0.25	0	1	79183
163.15	0.25	0	1	81575
163.166	0.25	1	2	81583
163.182	0.25	1	2	81591
163.2	0.25	1	2	81600
163.216	0.25	1	2	81608
163.232	0.25	0	1	81616
163.25	0.25	0	1	81625
163.266	0.25	0	1	81633
163.282	0.25	0	1	81641
163.3	0.25	0	1	81650
163.316	0.25	0	1	81658
163.332	0.25	0	1	81666
163.35	0.25	0	1	81675
163.366	0.25	0	1	81683
163.382	0.25	0	1	81691
163.4	0.25	0	1	81700
163.416	0.25	0	1	81708
163.432	0.25	0	1	81716
163.45	0.25	0	1	81725
163.466	0.25	0	1	81733
163.482	0.25	0	1	81741
163.5	0.25	0	1	81750
163.516	0.25	0	1	81758
163.532	0.25	0	1	81766
163.55	0.25	0	1	81775
163.566	0.25	0	1	81783
163.582	0.25	0	1	81791
163.6	0.25	0	1	81800
163.616	0.25	0	1	81808
163.632	0.25	0	1	81816
163.65	0.25	1	2	81825
163.666	0.25	1	2	81833
163.682	0.25	1	2	81841
163.7	0.25	1	2	81850
163.716	0.25	0	1	81858
163.732	0.25	0	1	81866
163.75	0.25	0	1	81875
163.766	0.25	0	1	81883
163.782	0.25	0	1	81891
163.8	0.25	0	1	81900
163.816	0.25	0	1	81908
163.832	0.25	0	1	81916
163.85	0.25	0	1	81925
163.866	0.25	0	1	81933
163.882	0.25	0	1	81941
163.9	0.25	0	1	81950
163.916	0.25	0	1	81958
163.932	0.25	0	1	81966
163.95	0.25	0	1	81975
163.966	0.25	0	1	81983
163.982	0.25	0	1	81991
164.0	0.25	0	1	82000
164.016	0.25	0	1	82008
164.032	0.25	0	1	82016
164.05	0.25	0	1	82025
164.066	0.25	0	1	82033
164.082	0.25	0	1	82041
164.1	0.25	0	1	82050
164.116	0.25	1	2	82058
164.132	0.25	1	2	82066
164.15	0.25	1	2	82075
164.166	0.25	1	2	82083
164.182	0.25	0	1	82091
164.2	0.25	0	1	82100
164.216	0.25	0	1	82108
164.232	0.25	0	1	82116
164.25	0.25	0	1	82125
164.266	0.25	0	1	82133
164.282	0.25	0	1	82141
164.3	0.25	0	1	82150
164.316	0.25	0	1	82158
164.332	0.25	0	1	82166
164.35	0.25	0	1	82175
164.366	0.25	0	1	82183
164.382	0.25	0	1	82191
164.4	0.25	0	1	82200
164.416	0.25	0	1	82208
164.432	0.25	0	1	82216
164.45	0.25	0	1	82225
164.466	0.25	0	1	82233
164.482	0.25	0	1	82241
164.5	0.25	0	1	82250
164.516	0.25	0	1	82258
164.532	0.25	1	2	82266
164.55	0.25	1	2	82275
164.566	0.25	1	2	82283
164.582	0.25	1	2	82291
164.6	0.25	0	1	82300
164.616	0.25	0	1	82308
164.632	0.25	0	1	82316
164.65	0.25	0	1	82325
164.666	0.25	0	1	82333
164.682	0.25	0	1	82341
164.7	0.25	0	1	82350
164.716	0.25	0	1	82358
164.732	0.25	0	1	82366
164.75	0.25	0	1	82375
164.766	0.25	0	1	82383
164.782	0.25	0	1	82391
164.8	0.25	0	1	82400
164.816	0.25	0	1	82408
164.832	0.25	0	1	82416
164.85	0.25	0	1	82425
164.866	0.25	0	1	82433
164.882	0.25	0	1	82441
164.9	0.25	0	1	82450
164.916	0.25	0	1	82458
164.932	0.25	0	1	82466
164.95	0.25	0	1	82475
164.966	0.25	1	2	82483
164.982	0.25	1	2	82491
165.0	0.25	1	2	82500
165.016	0.25	1	2	82508
165.032	0.25	0	1	82516
165.05	0.25	0	1	82525
165.066	0.25	0	1	82533
165.082	0.25	0	1	82541
166.566	0.25	0	1	83283
166.582	0.25	0	1	83291
166.6	0.25	0	1	83300
166.616	0.25	0	1	83308
166.632	0.25	0	1	83316
166.65	0.25	0	1	83325
166.666	0.25	0	1	83333
166.682	0.25	0	1	83341
166.7	0.25	0	1	83350
166.716	0.25	0	1	83358
166.732	0.25	0	1	83366
166.75	0.25	0	1	83375
166.766	0.25	0	1	83383
166.782	0.25	0	1	83391
166.8	0.25	0	1	83400
166.816	0.25	1	2	83408
166.832	0.25	1	2	83416
166.85	0.25	1	2	83425
166.866	0.25	1	2	83433
166.882	0.25	0	1	83441
166.9	0.25	0	1	83450
166.916	0.25	0	1	83458
166.932	0.25	0	1	83466
166.95	0.25	0	1	83475
166.966	0.25	0	1	83483
166.982	0.25	0	1	83491
167.0	0.25	0	1	83500
167.016	0.25	0	1	83508
167.032	0.25	0	1	83516
167.05	0.25	0	1	83525
167.066	0.25	0	1	83533
167.082	0.25	0	1	83541
167.1	0.25	0	1	83550
167.116	0.25	0	1	83558
167.132	0.25	0	1	83566
167.15	0.25	0	1	83575
167.166	0.25	0	1	83583
167.182	0.25	0	1	83591
167.2	0.25	0	1	83600
167.216	0.25	0	1	83608
167.232	0.25	0	1	83616
167.25	0.25	1	2	83625
167.266	0.25	1	2	83633
167.282	0.25	1	2	83641
167.3	0.25	1	2	83650
167.316	0.25	0	1	83658
167.332	0.25	0	1	83666
167.35	0.25	0	1	83675
167.366	0.25	0	1	83683
167.382	0.25	0	1	83691
167.4	0.25	0	1	83700
167.416	0.25	0	1	83708
167.432	0.25	0	1	83716
167.45	0.25	0	1	83725
167.466	0.25	0	1	83733
167.482	0.25	0	1	83741
167.5	0.25	0	1	83750
167.516	0.25	0	1	83758
167.532	0.25	0	1	83766
167.55	0.25	0	1	83775
167.566	0.25	0	1	83783
167.582	0.25	0	1	83791
167.6	0.25	0	1	83800
167.616	0.25	0	1	83808
167.632	0.25	0	1	83816
167.65	0.25	0	1	83825
167.666	0.25	0	1	83833
167.682	0.25	0	1	83841
167.7	0.25	0	1	83850
167.716	0.25	1	2	83858
167.732	0.25	1	2	83866
167.75	0.25	1	2	83875
167.766	0.25	1	2	83883
167.782	0.25	0	1	83891
167.8	0.25	0	1	83900
167.816	0.25	0	1	83908
167.832	0.25	0	1	83916
167.85	0.25	0	1	83925
167.866	0.25	0	1	83933
167.882	0.25	0	1	83941
167.9	0.25	0	1	83950
167.916	0.25	0	1	83958
167.932	0.25	0	1	83966
167.95	0.25	0	1	83975
167.966	0.25	0	1	83983
167.982	0.25	0	1	83991
168.0	0.25	0	1	84000
168.016	0.25	1	2	84008
168.032	0.25	1	2	84016
168.05	0.25	1	2	84025
168.066	0.25	1	2	84033
168.082	0.25	0	1	84041
168.1	0.25	0	1	84050
168.116	0.25	0	1	84058
168.132	0.25	0	1	84066
168.15	0.25	0	1	84075
168.166	0.25	0	1	84083
168.182	0.25	0	1	84091
168.2	0.25	0	1	84100
168.216	0.25	0	1	84108
168.232	0.25	0	1	84116
168.25	0.25	0	1	84125
168.266	0.25	0	1	84133
168.282	0.25	0	1	84141
168.3	0.25	0	1	84150
168.316	0.25	0	1	84158
168.332	0.25	0	1	84166
168.35	0.25	0	1	84175
168.366	0.25	0	1	84183
168.382	0.25	0	1	84191
168.4	0.25	0	1	84200
168.416	0.25	0	1	84208
168.432	0.25	0	1	84216
168.45	0.25	1	2	84225
168.466	0.25	1	2	84233
168.482	0.25	1	2	84241
168.5	0.25	1	2	84250
169.982	0.25	0	1	84991
170.0	0.25	0	1	85000
170.016	0.25	0	1	85008
170.032	0.25	0	1	85016
170.05	0.25	0	1	85025
170.066	0.25	0	1	85033
170.082	0.25	0	1	85041
170.1	0.25	0	1	85050
170.116	0.25	0	1	85058
170.132	0.25	0	1	85066
170.15	0.25	0	1	85075
170.166	0.25	0	1	85083
170.182	0.25	0	1	85091
170.2	0.25	0	1	85100
170.216	0.25	0	1	85108
170.232	0.25	0	1	85116
170.25	0.25	0	1	85125
170.266	0.25	0	1	85133
170.282	0.25	0	1	85141
170.3	0.25	0	1	85150
170.316	0.25	0	1	85158
170.332	0.25	0	1	85166
170.35	0.25	0	1	85175
170.366	0.25	1	2	85183
170.382	0.25	1	2	85191
170.4	0.25	1	2	85200
170.416	0.25	1	2	85208
170.432	0.25	0	1	85216
170.45	0.25	0	1	85225
170.466	0.25	0	1	85233
170.482	0.25	0	1	85241
170.5	0.25	0	1	85250
170.516	0.25	0	1	85258
170.532	0.25	0	1	85266
170.55	0.25	0	1	85275
170.566	0.25	0	1	85283
170.582	0.25	0	1	85291
170.6	0.25	0	1	85300
170.616	0.25	0	1	85308
170.632	0.25	0	1	85316
170.65	0.25	0	1	85325
170.666	0.25	0	1	85333
170.682	0.25	0	1	85341
170.7	0.25	0	1	85350
170.716	0.25	0	1	85358
170.732	0.25	0	1	85366
170.75	0.25	1	2	85375
170.766	0.25	1	2	85383
170.782	0.25	1	2	85391
170.8	0.25	1	2	85400
170.816	0.25	0	1	85408
170.832	0.25	0	1	85416
170.85	0.25	0	1	85425
170.866	0.25	0	1	85433
170.882	0.25	0	1	85441
170.9	0.25	0	1	85450
170.916	0.25	0	1	85458
170.932	0.25	0	1	85466
170.95	0.25	0	1	85475
170.966	0.25	0	1	85483
170.982	0.25	0	1	85491
171.0	0.25	0	1	85500
171.016	0.25	0	1	85508
171.032	0.25	0	1	85516
171.05	0.25	1	2	85525
171.066	0.25	1	2	85533
171.082	0.25	1	2	85541
171.1	0.25	1	2	85550
171.116	0.25	0	1	85558
171.132	0.25	0	1	85566
171.15	0.25	0	1	85575
171.166	0.25	0	1	85583
171.182	0.25	0	1	85591
171.2	0.25	0	1	85600
171.216	0.25	0	1	85608
171.232	0.25	0	1	85616
171.25	0.25	0	1	85625
171.266	0.25	0	1	85633
171.282	0.25	0	1	85641
171.3	0.25	0	1	85650
171.316	0.25	0	1	85658
171.332	0.25	1	2	85666
171.35	0.25	1	2	85675
171.366	0.25	1	2	85683
171.382	0.25	1	2	85691
171.4	0.25	0	1	85700
171.416	0.25	0	1	85708
171.432	0.25	0	1	85716
171.45	0.25	0	1	85725
171.466	0.25	0	1	85733
171.482	0.25	0	1	85741
171.5	0.25	0	1	85750
171.516	0.25	0	1	85758
171.532	0.25	0	1	85766
171.55	0.25	0	1	85775
171.566	0.25	0	1	85783
171.582	0.25	0	1	85791
171.6	0.25	0	1	85800
171.616	0.25	0	1	85808
171.632	0.25	0	1	85816
171.65	0.25	0	1	85825
171.666	0.25	1	2	85833
171.682	0.25	1	2	85841
171.7	0.25	1	2	85850
171.716	0.25	1	2	85858
171.732	0.25	0	1	85866
171.75	0.25	0	1	85875
171.766	0.25	0	1	85883
171.782	0.25	0	1	85891
171.8	0.25	0	1	85900
171.816	0.25	0	1	85908
171.832	0.25	0	1	85916
171.85	0.25	0	1	85925
171.866	0.25	0	1	85933
171.882	0.25	0	1	85941
171.9	0.25	0	1	85950
171.916	0.25	0	1	85958
173.4	0.25	0	1	86700
173.416	0.25	0	1	86708
173.432	0.25	0	1	86716
173.45	0.25	0	1	86725
173.466	0.25	0	1	86733
173.482	0.25	0	1	86741
173.5	0.25	0	1	86750
173.516	0.25	0	1	86758
173.532	0.25	0	1	86766
173.55	0.25	0	1	86775
173.566	0.25	0	1	86783
173.582	0.25	0	1	86791
173.6	0.25	0	1	86800
173.616	0.25	0	1	86808
173.632	0.25	0	1	86816
173.65	0.25	0	1	86825
173.666	0.25	0	1	86833
173.682	0.25	0	1	86841
173.7	0.25	1	2	86850
173.716	0.25	1	2	86858
173.732	0.25	1	2	86866
173.75	0.25	1	2	86875
173.766	0.25	0	1	86883
173.782	0.25	0	1	86891
173.8	0.25	0	1	86900
173.816	0.25	0	1	86908
173.832	0.25	0	1	86916
173.85	0.25	0	1	86925
173.866	0.25	0	1	86933
173.882	0.25	0	1	86941
173.9	0.25	0	1	86950
173.916	0.25	0	1	86958
173.932	0.25	0	1	86966
173.95	0.25	0	1	86975
173.966	0.25	0	1	86983
173.982	0.25	0	1	86991
174.0	0.25	0	1	87000
174.016	0.25	0	1	87008
174.032	0.25	0	1	87016
174.05	0.25	0	1	87025
174.066	0.25	0	1	87033
174.082	0.25	0	1	87041
174.1	0.25	1	2	87050
174.116	0.25	1	2	87058
174.132	0.25	1	2	87066
174.15	0.25	1	2	87075
174.166	0.25	0	1	87083
174.182	0.25	0	1	87091
174.2	0.25	0	1	87100
174.216	0.25	0	1	87108
174.232	0.25	0	1	87116
174.25	0.25	0	1	87125
174.266	0.25	0	1	87133
174.282	0.25	0	1	87141
174.3	0.25	0	1	87150
174.316	0.25	0	1	87158
174.332	0.25	0	1	87166
174.35	0.25	0	1	87175
174.366	0.25	0	1	87183
174.382	0.25	1	2	87191
174.4	0.25	1	2	87200
174.416	0.25	1	2	87208
174.432	0.25	1	2	87216
174.45	0.25	0	1	87225
174.466	0.25	0	1	87233
174.482	0.25	0	1	87241
174.5	0.25	0	1	87250
174.516	0.25	0	1	87258
174.532	0.25	0	1	87266
174.55	0.25	0	1	87275
174.566	0.25	0	1	87283
174.582	0.25	0	1	87291
174.6	0.25	0	1	87300
174.616	0.25	0	1	87308
174.632	0.25	0	1	87316
174.65	0.25	0	1	87325
174.666	0.25	0	1	87333
174.682	0.25	0	1	87341
174.7	0.25	0	1	87350
174.716	0.25	0	1	87358
174.732	0.25	0	1	87366
174.75	0.25	1	2	87375
174.766	0.25	1	2	87383
174.782	0.25	1	2	87391
174.8	0.25	1	2	87400
174.816	0.25	0	1	87408
174.832	0.25	0	1	87416
174.85	0.25	0	1	87425
174.866	0.25	0	1	87433
174.882	0.25	0	1	87441
174.9	0.25	0	1	87450
174.916	0.25	0	1	87458
174.932	0.25	0	1	87466
174.95	0.25	0	1	87475
174.966	0.25	0	1	87483
174.982	0.25	0	1	87491
175.0	0.25	0	1	87500
175.016	0.25	0	1	87508
175.032	0.25	0	1	87516
175.05	0.25	0	1	87525
175.066	0.25	0	1	87533
175.082	0.25	0	1	87541
175.1	0.25	0	1	87550
175.116	0.25	0	1	87558
175.132	0.25	0	1	87566
175.15	0.25	0	1	87575
175.166	0.25	0	1	87583
175.182	0.25	0	1	87591
175.2	0.25	0	1	87600
175.216	0.25	1	2	87608
175.232	0.25	1	2	87616
175.25	0.25	1	2	87625
175.266	0.25	1	2	87633
175.282	0.25	0	1	87641
175.3	0.25	0	1	87650
175.316	0.25	0	1	87658
175.332	0.25	0	1	87666
178.25	0.25	0	1	89125
178.266	0.25	0	1	89133
178.282	0.25	0	1	89141
178.3	0.25	0	1	89150
178.316	0.25	0	1	89158
178.332	0.25	0	1	89166
178.35	0.25	0	1	89175
178.366	0.25	0	1	89183
178.382	0.25	0	1	89191
178.4	0.25	0	1	89200
178.416	0.25	0	1	89208
178.432	0.25	0	1	89216
178.45	0.25	0	1	89225
178.466	0.25	0	1	89233
178.482	0.25	0	1	89241
178.5	0.25	0	1	89250
178.516	0.25	0	1	89258
178.532	0.25	0	1	89266
178.55	0.25	1	2	89275
178.566	0.25	1	2	89283
178.582	0.25	1	2	89291
178.6	0.25	1	2	89300
178.616	0.25	0	1	89308
178.632	0.25	0	1	89316
178.65	0.25	0	1	89325
178.666	0.25	0	1	89333
178.682	0.25	0	1	89341
178.7	0.25	0	1	89350
178.716	0.25	0	1	89358
178.732	0.25	0	1	89366
178.75	0.25	0	1	89375
178.766	0.25	0	1	89383
178.782	0.25	0	1	89391
178.8	0.25	0	1	89400
178.816	0.25	0	1	89408
178.832	0.25	0	1	89416
178.85	0.25	0	1	89425
178.866	0.25	0	1	89433
178.882	0.25	0	1	89441
178.9	0.25	0	1	89450
178.916	0.25	0	1	89458
178.932	0.25	0	1	89466
178.95	0.25	1	2	89475
178.966	0.25	1	2	89483
178.982	0.25	1	2	89491
179.0	0.25	1	2	89500
179.016	0.25	0	1	89508
179.032	0.25	0	1	89516
179.05	0.25	0	1	89525
179.066	0.25	0	1	89533
179.082	0.25	0	1	89541
179.1	0.25	0	1	89550
179.116	0.25	0	1	89558
179.132	0.25	0	1	89566
179.15	0.25	0	1	89575
179.166	0.25	0	1	89583
179.182	0.25	0	1	89591
179.2	0.25	0	1	89600
179.216	0.25	0	1	89608
179.232	0.25	1	2	89616
179.25	0.25	1	2	89625
179.266	0.25	1	2	89633
179.282	0.25	1	2	89641
179.3	0.25	0	1	89650
179.316	0.25	0	1	89658
179.332	0.25	0	1	89666
179.35	0.25	0	1	89675
179.366	0.25	0	1	89683
179.382	0.25	0	1	89691
179.4	0.25	0	1	89700
179.416	0.25	0	1	89708
179.432	0.25	0	1	89716
179.45	0.25	0	1	89725
179.466	0.25	0	1	89733
179.482	0.25	0	1	89741
179.5	0.25	0	1	89750
179.516	0.25	0	1	89758
179.532	0.25	0	1	89766
179.55	0.25	0	1	89775
179.566	0.25	0	1	89783
179.582	0.25	0	1	89791
179.6	0.25	1	2	89800
179.616	0.25	1	2	89808
179.632	0.25	1	2	89816
179.65	0.25	1	2	89825
179.666	0.25	0	1	89833
179.682	0.25	0	1	89841
179.7	0.25	0	1	89850
179.716	0.25	0	1	89858
179.732	0.25	0	1	89866
179.75	0.25	0	1	89875
179.766	0.25	0	1	89883
179.782	0.25	0	1	89891
179.8	0.25	0	1	89900
179.816	0.25	0	1	89908
179.832	0.25	0	1	89916
179.85	0.25	0	1	89925
179.866	0.25	0	1	89933
179.882	0.25	0	1	89941
179.9	0.25	0	1	89950
179.916	0.25	0	1	89958
179.932	0.25	0	1	89966
179.95	0.25	0	1	89975
179.966	0.25	0	1	89983
179.982	0.25	0	1	89991
180.0	0.25	0	1	90000
180.016	0.25	0	1	90008
180.032	0.25	0	1	90016
180.05	0.25	0	1	90025
180.066	0.25	1	2	90033
180.082	0.25	1	2	90041
180.1	0.25	1	2	90050
180.116	0.25	1	2	90058
180.132	0.25	0	1	90066
180.15	0.25	0	1	90075
180.166	0.25	0	1	90083
180.182	0.25	0	1	90091
181.666	0.25	0	1	90833
181.682	0.25	1	2	90841
181.7	0.25	1	2	90850
181.716	0.25	1	2	90858
181.732	0.25	1	2	90866
181.75	0.25	0	1	90875
181.766	0.25	0	1	90883
181.782	0.25	0	1	90891
181.8	0.25	0	1	90900
181.816	0.25	0	1	90908
181.832	0.25	0	1	90916
181.85	0.25	0	1	90925
181.866	0.25	0	1	90933
181.882	0.25	0	1	90941
181.9	0.25	0	1	90950
181.916	0.25	0	1	90958
181.932	0.25	0	1	90966
181.95	0.25	0	1	90975
181.966	0.25	0	1	90983
181.982	0.25	0	1	90991
182.0	0.25	0	1	91000
182.016	0.25	0	1	91008
182.032	0.25	0	1	91016
182.05	0.25	0	1	91025
182.066	0.25	0	1	91033
182.082	0.25	0	1	91041
182.1	0.25	0	1	91050
182.116	0.25	0	1	91058
182.132	0.25	0	1	91066
182.15	0.25	0	1	91075
182.166	0.25	1	2	91083
182.182	0.25	1	2	91091
182.2	0.25	1	2	91100
182.216	0.25	1	2	91108
182.232	0.25	0	1	91116
182.25	0.25	0	1	91125
182.266	0.25	0	1	91133
182.282	0.25	0	1	91141
182.3	0.25	0	1	91150
182.316	0.25	0	1	91158
182.332	0.25	0	1	91166
182.35	0.25	0	1	91175
182.366	0.25	0	1	91183
182.382	0.25	0	1	91191
182.4	0.25	0	1	91200
182.416	0.25	0	1	91208
182.432	0.25	0	1	91216
182.45	0.25	0	1	91225
182.466	0.25	0	1	91233
182.482	0.25	0	1	91241
182.5	0.25	0	1	91250
182.516	0.25	0	1	91258
182.532	0.25	0	1	91266
182.55	0.25	0	1	91275
182.566	0.25	0	1	91283
182.582	0.25	0	1	91291
182.6	0.25	0	1	91300
182.616	0.25	0	1	91308
182.632	0.25	1	2	91316
182.65	0.25	1	2	91325
182.666	0.25	1	2	91333
182.682	0.25	1	2	91341
182.7	0.25	0	1	91350
182.716	0.25	0	1	91358
182.732	0.25	0	1	91366
182.75	0.25	0	1	91375
182.766	0.25	0	1	91383
182.782	0.25	0	1	91391
182.8	0.25	0	1	91400
182.816	0.25	0	1	91408
182.832	0.25	0	1	91416
182.85	0.25	0	1	91425
182.866	0.25	0	1	91433
182.882	0.25	0	1	91441
182.9	0.25	0	1	91450
182.916	0.25	0	1	91458
182.932	0.25	0	1	91466
182.95	0.25	0	1	91475
182.966	0.25	0	1	91483
182.982	0.25	0	1	91491
183.0	0.25	0	1	91500
183.016	0.25	0	1	91508
183.032	0.25	0	1	91516
183.05	0.25	1	2	91525
183.066	0.25	1	2	91533
183.082	0.25	1	2	91541
183.1	0.25	1	2	91550
183.116	0.25	0	1	91558
183.132	0.25	0	1	91566
183.15	0.25	0	1	91575
183.166	0.25	0	1	91583
183.182	0.25	0	1	91591
183.2	0.25	0	1	91600
183.216	0.25	0	1	91608
183.232	0.25	0	1	91616
183.25	0.25	0	1	91625
183.266	0.25	0	1	91633
183.282	0.25	0	1	91641
183.3	0.25	0	1	91650
183.316	0.25	0	1	91658
183.332	0.25	0	1	91666
183.35	0.25	0	1	91675
183.366	0.25	0	1	91683
183.382	0.25	0	1	91691
183.4	0.25	0	1	91700
183.416	0.25	0	1	91708
183.432	0.25	0	1	91716
183.45	0.25	0	1	91725
183.466	0.25	0	1	91733
183.482	0.25	1	2	91741
183.5	0.25	1	2	91750
183.516	0.25	1	2	91758
183.532	0.25	1	2	91766
183.55	0.25	0	1	91775
183.566	0.25	0	1	91783
183.582	0.25	0	1	91791
183.6	0.25	0	1	91800
185.082	0.25	0	1	92541
185.1	0.25	0	1	92550
185.116	0.25	0	1	92558
185.132	0.25	0	1	92566
185.15	0.25	0	1	92575
185.166	0.25	0	1	92583
185.182	0.25	0	1	92591
185.2	0.25	0	1	92600
185.216	0.25	0	1	92608
185.232	0.25	0	1	92616
185.25	0.25	0	1	92625
185.266	0.25	0	1	92633
185.282	0.25	0	1	92641
185.3	0.25	0	1	92650
185.316	0.25	0	1	92658
185.332	0.25	1	2	92666
185.35	0.25	1	2	92675
185.366	0.25	1	2	92683
185.382	0.25	1	2	92691
185.4	0.25	0	1	92700
185.416	0.25	0	1	92708
185.432	0.25	0	1	92716
185.45	0.25	0	1	92725
185.466	0.25	0	1	92733
185.482	0.25	0	1	92741
185.5	0.25	0	1	92750
185.516	0.25	0	1	92758
185.532	0.25	0	1	92766
185.55	0.25	0	1	92775
185.566	0.25	0	1	92783
185.582	0.25	0	1	92791
185.6	0.25	0	1	92800
185.616	0.25	0	1	92808
185.632	0.25	0	1	92816
185.65	0.25	0	1	92825
185.666	0.25	0	1	92833
185.682	0.25	0	1	92841
185.7	0.25	0	1	92850
185.716	0.25	0	1	92858
185.732	0.25	0	1	92866
185.75	0.25	0	1	92875
185.766	0.25	1	2	92883
185.782	0.25	1	2	92891
185.8	0.25	1	2	92900
185.816	0.25	1	2	92908
185.832	0.25	0	1	92916
185.85	0.25	0	1	92925
185.866	0.25	0	1	92933
185.882	0.25	0	1	92941
185.9	0.25	0	1	92950
185.916	0.25	0	1	92958
185.932	0.25	0	1	92966
185.95	0.25	0	1	92975
185.966	0.25	0	1	92983
185.982	0.25	0	1	92991
186.0	0.25	0	1	93000
186.016	0.25	0	1	93008
186.032	0.25	0	1	93016
186.05	0.25	0	1	93025
186.066	0.25	0	1	93033
186.082	0.25	0	1	93041
186.1	0.25	0	1	93050
186.116	0.25	0	1	93058
186.132	0.25	0	1	93066
186.15	0.25	0	1	93075
186.166	0.25	0	1	93083
186.182	0.25	0	1	93091
186.2	0.25	0	1	93100
186.216	0.25	0	1	93108
186.232	0.25	1	2	93116
186.25	0.25	1	2	93125
186.266	0.25	1	2	93133
186.282	0.25	1	2	93141
186.3	0.25	0	1	93150
186.316	0.25	0	1	93158
186.332	0.25	0	1	93166
186.35	0.25	0	1	93175
186.366	0.25	0	1	93183
186.382	0.25	0	1	93191
186.4	0.25	0	1	93200
186.416	0.25	0	1	93208
186.432	0.25	0	1	93216
186.45	0.25	0	1	93225
186.466	0.25	0	1	93233
186.482	0.25	0	1	93241
186.5	0.25	0	1	93250
186.516	0.25	0	1	93258
186.532	0.25	1	2	93266
186.55	0.25	1	2	93275
186.566	0.25	1	2	93283
186.582	0.25	1	2	93291
186.6	0.25	0	1	93300
186.616	0.25	0	1	93308
186.632	0.25	0	1	93316
186.65	0.25	0	1	93325
186.666	0.25	0	1	93333
186.682	0.25	0	1	93341
186.7	0.25	0	1	93350
186.716	0.25	0	1	93358
186.732	0.25	0	1	93366
186.75	0.25	0	1	93375
186.766	0.25	0	1	93383
186.782	0.25	0	1	93391
186.8	0.25	0	1	93400
186.816	0.25	0	1	93408
186.832	0.25	0	1	93416
186.85	0.25	0	1	93425
186.866	0.25	0	1	93433
186.882	0.25	0	1	93441
186.9	0.25	0	1	93450
186.916	0.25	0	1	93458
186.932	0.25	0	1	93466
186.95	0.25	0	1	93475
186.966	0.25	1	2	93483
186.982	0.25	1	2	93491
187.0	0.25	1	2	93500
187.016	0.25	1	2	93508
188.5	0.25	0	1	94250
188.516	0.25	0	1	94258
188.532	0.25	0	1	94266
188.55	0.25	0	1	94275
188.566	0.25	0	1	94283
188.582	0.25	0	1	94291
188.6	0.25	0	1	94300
188.616	0.25	0	1	94308
188.632	0.25	0	1	94316
188.65	0.25	0	1	94325
188.666	0.25	0	1	94333
188.682	0.25	0	1	94341
188.7	0.25	0	1	94350
188.716	0.25	0	1	94358
188.732	0.25	0	1	94366
188.75	0.25	0	1	94375
188.766	0.25	0	1	94383
188.782	0.25	0	1	94391
188.8	0.25	0	1	94400
188.816	0.25	0	1	94408
188.832	0.25	0	1	94416
188.85	0.25	0	1	94425
188.866	0.25	0	1	94433
188.882	0.25	1	2	94441
188.9	0.25	1	2	94450
188.916	0.25	1	2	94458
188.932	0.25	1	2	94466
188.95	0.25	0	1	94475
188.966	0.25	0	1	94483
188.982	0.25	0	1	94491
189.0	0.25	0	1	94500
189.016	0.25	0	1	94508
189.032	0.25	0	1	94516
189.05	0.25	0	1	94525
189.066	0.25	0	1	94533
189.082	0.25	0	1	94541
189.1	0.25	0	1	94550
189.116	0.25	0	1	94558
189.132	0.25	0	1	94566
189.15	0.25	0	1	94575
189.166	0.25	0	1	94583
189.182	0.25	0	1	94591
189.2	0.25	0	1	94600
189.216	0.25	0	1	94608
189.232	0.25	0	1	94616
189.25	0.25	0	1	94625
189.266	0.25	1	2	94633
189.282	0.25	1	2	94641
189.3	0.25	1	2	94650
189.316	0.25	1	2	94658
189.332	0.25	0	1	94666
189.35	0.25	0	1	94675
189.366	0.25	0	1	94683
189.382	0.25	0	1	94691
189.4	0.25	0	1	94700
189.416	0.25	0	1	94708
189.432	0.25	0	1	94716
189.45	0.25	0	1	94725
189.466	0.25	0	1	94733
189.482	0.25	0	1	94741
189.5	0.25	0	1	94750
189.516	0.25	0	1	94758
189.532	0.25	0	1	94766
189.55	0.25	0	1	94775
189.566	0.25	1	2	94783
189.582	0.25	1	2	94791
189.6	0.25	1	2	94800
189.616	0.25	1	2	94808
189.632	0.25	0	1	94816
189.65	0.25	0	1	94825
189.666	0.25	0	1	94833
189.682	0.25	0	1	94841
189.7	0.25	0	1	94850
189.716	0.25	0	1	94858
189.732	0.25	0	1	94866
189.75	0.25	0	1	94875
189.766	0.25	0	1	94883
189.782	0.25	0	1	94891
189.8	0.25	0	1	94900
189.816	0.25	0	1	94908
189.832	0.25	0	1	94916
189.85	0.25	1	2	94925
189.866	0.25	1	2	94933
189.882	0.25	1	2	94941
189.9	0.25	1	2	94950
189.916	0.25	0	1	94958
189.932	0.25	0	1	94966
189.95	0.25	0	1	94975
189.966	0.25	0	1	94983
189.982	0.25	0	1	94991
190.0	0.25	0	1	95000
190.016	0.25	0	1	95008
190.032	0.25	0	1	95016
190.05	0.25	0	1	95025
190.066	0.25	0	1	95033
190.082	0.25	0	1	95041
190.1	0.25	0	1	95050
190.116	0.25	0	1	95058
190.132	0.25	0	1	95066
190.15	0.25	0	1	95075
190.166	0.25	0	1	95083
190.182	0.25	1	2	95091
190.2	0.25	1	2	95100
190.216	0.25	1	2	95108
190.232	0.25	1	2	95116
190.25	0.25	0	1	95125
190.266	0.25	0	1	95133
190.282	0.25	0	1	95141
190.3	0.25	0	1	95150
190.316	0.25	0	1	95158
190.332	0.25	0	1	95166
190.35	0.25	0	1	95175
190.366	0.25	0	1	95183
190.382	0.25	0	1	95191
190.4	0.25	0	1	95200
190.416	0.25	0	1	95208
190.432	0.25	0	1	95216
193.382	0.25	0	1	96691
193.4	0.25	0	1	96700
193.416	0.25	0	1	96708
193.432	0.25	0	1	96716
193.45	0.25	0	1	96725
193.466	0.25	0	1	96733
193.482	0.25	0	1	96741
193.5	0.25	0	1	96750
193.516	0.25	0	1	96758
193.532	0.25	0	1	96766
193.55	0.25	0	1	96775
193.566	0.25	0	1	96783
193.582	0.25	0	1	96791
193.6	0.25	0	1	96800
193.616	0.25	0	1	96808
193.632	0.25	1	2	96816
193.65	0.25	1	2	96825
193.666	0.25	1	2	96833
193.682	0.25	1	2	96841
193.7	0.25	0	1	96850
193.716	0.25	0	1	96858
193.732	0.25	0	1	96866
193.75	0.25	0	1	96875
193.766	0.25	0	1	96883
193.782	0.25	0	1	96891
193.8	0.25	0	1	96900
193.816	0.25	0	1	96908
193.832	0.25	0	1	96916
193.85	0.25	0	1	96925
193.866	0.25	0	1	96933
193.882	0.25	0	1	96941
193.9	0.25	0	1	96950
193.916	0.25	0	1	96958
193.932	0.25	0	1	96966
193.95	0.25	0	1	96975
193.966	0.25	0	1	96983
193.982	0.25	0	1	96991
194.0	0.25	0	1	97000
194.016	0.25	0	1	97008
194.032	0.25	0	1	97016
194.05	0.25	0	1	97025
194.066	0.25	1	2	97033
194.082	0.25	1	2	97041
194.1	0.25	1	2	97050
194.116	0.25	1	2	97058
194.132	0.25	0	1	97066
194.15	0.25	0	1	97075
194.166	0.25	0	1	97083
194.182	0.25	0	1	97091
194.2	0.25	0	1	97100
194.216	0.25	0	1	97108
194.232	0.25	0	1	97116
194.25	0.25	0	1	97125
194.266	0.25	0	1	97133
194.282	0.25	0	1	97141
194.3	0.25	0	1	97150
194.316	0.25	0	1	97158
194.332	0.25	0	1	97166
194.35	0.25	0	1	97175
194.366	0.25	0	1	97183
194.382	0.25	0	1	97191
194.4	0.25	0	1	97200
194.416	0.25	0	1	97208
194.432	0.25	0	1	97216
194.45	0.25	0	1	97225
194.466	0.25	0	1	97233
194.482	0.25	0	1	97241
194.5	0.25	0	1	97250
194.516	0.25	0	1	97258
194.532	0.25	1	2	97266
194.55	0.25	1	2	97275
194.566	0.25	1	2	97283
194.582	0.25	1	2	97291
194.6	0.25	0	1	97300
194.616	0.25	0	1	97308
194.632	0.25	0	1	97316
194.65	0.25	0	1	97325
194.666	0.25	0	1	97333
194.682	0.25	0	1	97341
194.7	0.25	0	1	97350
194.716	0.25	0	1	97358
194.732	0.25	0	1	97366
194.75	0.25	0	1	97375
194.766	0.25	0	1	97383
194.782	0.25	0	1	97391
194.8	0.25	0	1	97400
194.816	0.25	0	1	97408
194.832	0.25	1	2	97416
194.85	0.25	1	2	97425
194.866	0.25	1	2	97433
194.882	0.25	1	2	97441
194.9	0.25	0	1	97450
194.916	0.25	0	1	97458
194.932	0.25	0	1	97466
194.95	0.25	0	1	97475
194.966	0.25	0	1	97483
194.982	0.25	0	1	97491
195.0	0.25	0	1	97500
195.016	0.25	0	1	97508
195.032	0.25	0	1	97516
195.05	0.25	0	1	97525
195.066	0.25	0	1	97533
195.082	0.25	0	1	97541
195.1	0.25	0	1	97550
195.116	0.25	0	1	97558
195.132	0.25	0	1	97566
195.15	0.25	0	1	97575
195.166	0.25	0	1	97583
195.182	0.25	0	1	97591
195.2	0.25	0	1	97600
195.216	0.25	0	1	97608
195.232	0.25	0	1	97616
195.25	0.25	0	1	97625
195.266	0.25	1	2	97633
195.282	0.25	1	2	97641
195.3	0.25	1	2	97650
195.316	0.25	1	2	97658
196.8	0.25	0	1	98400
196.816	0.25	0	1	98408
196.832	0.25	0	1	98416
196.85	0.25	0	1	98425
196.866	0.25	0	1	98433
196.882	0.25	0	1	98441
196.9	0.25	0	1	98450
196.916	0.25	0	1	98458
196.932	0.25	0	1	98466
196.95	0.25	0	1	98475
196.966	0.25	0	1	98483
196.982	0.25	0	1	98491
197.0	0.25	0	1	98500
197.016	0.25	0	1	98508
197.032	0.25	0	1	98516
197.05	0.25	0	1	98525
197.066	0.25	0	1	98533
197.082	0.25	0	1	98541
197.1	0.25	0	1	98550
197.116	0.25	0	1	98558
197.132	0.25	0	1	98566
197.15	0.25	0	1	98575
197.166	0.25	0	1	98583
197.182	0.25	1	2	98591
197.2	0.25	1	2	98600
197.216	0.25	1	2	98608
197.232	0.25	1	2	98616
197.25	0.25	0	1	98625
197.266	0.25	0	1	98633
197.282	0.25	0	1	98641
197.3	0.25	0	1	98650
197.316	0.25	0	1	98658
197.332	0.25	0	1	98666
197.35	0.25	0	1	98675
197.366	0.25	0	1	98683
197.382	0.25	0	1	98691
197.4	0.25	0	1	98700
197.416	0.25	0	1	98708
197.432	0.25	0	1	98716
197.45	0.25	0	1	98725
197.466	0.25	0	1	98733
197.482	0.25	0	1	98741
197.5	0.25	0	1	98750
197.516	0.25	0	1	98758
197.532	0.25	0	1	98766
197.55	0.25	0	1	98775
197.566	0.25	1	2	98783
197.582	0.25	1	2	98791
197.6	0.25	1	2	98800
197.616	0.25	1	2	98808
197.632	0.25	0	1	98816
197.65	0.25	0	1	98825
197.666	0.25	0	1	98833
197.682	0.25	0	1	98841
197.7	0.25	0	1	98850
197.716	0.25	0	1	98858
197.732	0.25	0	1	98866
197.75	0.25	0	1	98875
197.766	0.25	0	1	98883
197.782	0.25	0	1	98891
197.8	0.25	0	1	98900
197.816	0.25	0	1	98908
197.832	0.25	0	1	98916
197.85	0.25	0	1	98925
197.866	0.25	1	2	98933
197.882	0.25	1	2	98941
197.9	0.25	1	2	98950
197.916	0.25	1	2	98958
197.932	0.25	0	1	98966
197.95	0.25	0	1	98975
197.966	0.25	0	1	98983
197.982	0.25	0	1	98991
198.0	0.25	0	1	99000
198.016	0.25	0	1	99008
198.032	0.25	0	1	99016
198.05	0.25	0	1	99025
198.066	0.25	0	1	99033
198.082	0.25	0	1	99041
198.1	0.25	0	1	99050
198.116	0.25	0	1	99058
198.132	0.25	0	1	99066
198.15	0.25	1	2	99075
198.166	0.25	1	2	99083
198.182	0.25	1	2	99091
198.2	0.25	1	2	99100
198.216	0.25	0	1	99108
198.232	0.25	0	1	99116
198.25	0.25	0	1	99125
198.266	0.25	0	1	99133
198.282	0.25	0	1	99141
198.3	0.25	0	1	99150
198.316	0.25	0	1	99158
198.332	0.25	0	1	99166
198.35	0.25	0	1	99175
198.366	0.25	0	1	99183
198.382	0.25	0	1	99191
198.4	0.25	0	1	99200
198.416	0.25	0	1	99208
198.432	0.25	0	1	99216
198.45	0.25	0	1	99225
198.466	0.25	0	1	99233
198.482	0.25	1	2	99241
198.5	0.25	1	2	99250
198.516	0.25	1	2	99258
198.532	0.25	1	2	99266
198.55	0.25	0	1	99275
198.566	0.25	0	1	99283
198.582	0.25	0	1	99291
198.6	0.25	0	1	99300
198.616	0.25	0	1	99308
198.632	0.25	0	1	99316
198.65	0.25	0	1	99325
198.666	0.25	0	1	99333
198.682	0.25	0	1	99341
198.7	0.25	0	1	99350
198.716	0.25	0	1	99358
198.732	0.25	0	1	99366
200.216	0.25	0	1	100108
200.232	0.25	0	1	100116
200.25	0.25	0	1	100125
200.266	0.25	0	1	100133
200.282	0.25	0	1	100141
200.3	0.25	0	1	100150
200.316	0.25	0	1	100158
200.332	0.25	0	1	100166
200.35	0.25	0	1	100175
200.366	0.25	0	1	100183
200.382	0.25	0	1	100191
200.4	0.25	0	1	100200
200.416	0.25	0	1	100208
200.432	0.25	0	1	100216
200.45	0.25	0	1	100225
200.466	0.25	0	1	100233
200.482	0.25	0	1	100241
200.5	0.25	0	1	100250
200.516	0.25	1	2	100258
200.532	0.25	1	2	100266
200.55	0.25	1	2	100275
200.566	0.25	1	2	100283
200.582	0.25	0	1	100291
200.6	0.25	0	1	100300
200.616	0.25	0	1	100308
200.632	0.25	0	1	100316
200.65	0.25	0	1	100325
200.666	0.25	0	1	100333
200.682	0.25	0	1	100341
200.7	0.25	0	1	100350
200.716	0.25	0	1	100358
200.732	0.25	0	1	100366
200.75	0.25	0	1	100375
200.766	0.25	0	1	100383
200.782	0.25	0	1	100391
200.8	0.25	0	1	100400
200.816	0.25	0	1	100408
200.832	0.25	0	1	100416
200.85	0.25	0	1	100425
200.866	0.25	0	1	100433
200.882	0.25	0	1	100441
200.9	0.25	0	1	100450
200.916	0.25	1	2	100458
200.932	0.25	1	2	100466
200.95	0.25	1	2	100475
200.966	0.25	1	2	100483
200.982	0.25	0	1	100491
201.0	0.25	0	1	100500
201.016	0.25	0	1	100508
201.032	0.25	0	1	100516
201.05	0.25	0	1	100525
201.066	0.25	0	1	100533
201.082	0.25	0	1	100541
201.1	0.25	0	1	100550
201.116	0.25	0	1	100558
201.132	0.25	0	1	100566
201.15	0.25	0	1	100575
201.166	0.25	0	1	100583
201.182	0.25	0	1	100591
201.2	0.25	1	2	100600
201.216	0.25	1	2	100608
201.232	0.25	1	2	100616
201.25	0.25	1	2	100625
201.266	0.25	0	1	100633
201.282	0.25	0	1	100641
201.3	0.25	0	1	100650
201.316	0.25	0	1	100658
201.332	0.25	0	1	100666
201.35	0.25	0	1	100675
201.366	0.25	0	1	100683
201.382	0.25	0	1	100691
201.4	0.25	0	1	100700
201.416	0.25	0	1	100708
201.432	0.25	0	1	100716
201.45	0.25	0	1	100725
201.466	0.25	0	1	100733
201.482	0.25	0	1	100741
201.5	0.25	0	1	100750
201.516	0.25	0	1	100758
201.532	0.25	0	1	100766
201.55	0.25	0	1	100775
201.566	0.25	1	2	100783
201.582	0.25	1	2	100791
201.6	0.25	1	2	100800
201.616	0.25	1	2	100808
201.632	0.25	0	1	100816
201.65	0.25	0	1	100825
201.666	0.25	0	1	100833
201.682	0.25	0	1	100841
201.7	0.25	0	1	100850
201.716	0.25	0	1	100858
201.732	0.25	0	1	100866
201.75	0.25	0	1	100875
201.766	0.25	0	1	100883
201.782	0.25	0	1	100891
201.8	0.25	0	1	100900
201.816	0.25	0	1	100908
201.832	0.25	0	1	100916
201.85	0.25	0	1	100925
201.866	0.25	0	1	100933
201.882	0.25	0	1	100941
201.9	0.25	0	1	100950
201.916	0.25	0	1	100958
201.932	0.25	0	1	100966
201.95	0.25	0	1	100975
201.966	0.25	0	1	100983
201.982	0.25	0	1	100991
202.0	0.25	0	1	101000
202.016	0.25	0	1	101008
202.032	0.25	1	2	101016
202.05	0.25	1	2	101025
202.066	0.25	1	2	101033
202.082	0.25	1	2	101041
202.1	0.25	0	1	101050
202.116	0.25	0	1	101058
202.132	0.25	0	1	101066
202.15	0.25	0	1	101075
203.632	0.25	0	1	101816
203.65	0.25	1	2	101825
203.666	0.25	1	2	101833
203.682	0.25	1	2	101841
203.7	0.25	1	2	101850
203.716	0.25	0	1	101858
203.732	0.25	0	1	101866
203.75	0.25	0	1	101875
203.766	0.25	0	1	101883
203.782	0.25	0	1	101891
203.8	0.25	0	1	101900
203.816	0.25	0	1	101908
203.832	0.25	0	1	101916
203.85	0.25	0	1	101925
203.866	0.25	0	1	101933
203.882	0.25	0	1	101941
203.9	0.25	0	1	101950
203.916	0.25	0	1	101958
203.932	0.25	0	1	101966
203.95	0.25	0	1	101975
203.966	0.25	0	1	101983
203.982	0.25	0	1	101991
204.0	0.25	0	1	102000
204.016	0.25	0	1	102008
204.032	0.25	0	1	102016
204.05	0.25	0	1	102025
204.066	0.25	0	1	102033
204.082	0.25	0	1	102041
204.1	0.25	0	1	102050
204.116	0.25	0	1	102058
204.132	0.25	1	2	102066
204.15	0.25	1	2	102075
204.166	0.25	1	2	102083
204.182	0.25	1	2	102091
204.2	0.25	0	1	102100
204.216	0.25	0	1	102108
204.232	0.25	0	1	102116
204.25	0.25	0	1	102125
204.266	0.25	0	1	102133
204.282	0.25	0	1	102141
204.3	0.25	0	1	102150
204.316	0.25	0	1	102158
204.332	0.25	0	1	102166
204.35	0.25	0	1	102175
204.366	0.25	0	1	102183
204.382	0.25	0	1	102191
204.4	0.25	0	1	102200
204.416	0.25	0	1	102208
204.432	0.25	0	1	102216
204.45	0.25	0	1	102225
204.466	0.25	0	1	102233
204.482	0.25	0	1	102241
204.5	0.25	0	1	102250
204.516	0.25	0	1	102258
204.532	0.25	0	1	102266
204.55	0.25	0	1	102275
204.566	0.25	0	1	102283
204.582	0.25	0	1	102291
204.6	0.25	1	2	102300
204.616	0.25	1	2	102308
204.632	0.25	1	2	102316
204.65	0.25	1	2	102325
204.666	0.25	0	1	102333
204.682	0.25	0	1	102341
204.7	0.25	0	1	102350
204.716	0.25	0	1	102358
204.732	0.25	0	1	102366
204.75	0.25	0	1	102375
204.766	0.25	0	1	102383
204.782	0.25	0	1	102391
204.8	0.25	0	1	102400
204.816	0.25	0	1	102408
204.832	0.25	0	1	102416
204.85	0.25	0	1	102425
204.866	0.25	0	1	102433
204.882	0.25	0	1	102441
204.9	0.25	0	1	102450
204.916	0.25	0	1	102458
204.932	0.25	0	1	102466
204.95	0.25	0	1	102475
204.966	0.25	0	1	102483
204.982	0.25	0	1	102491
205.0	0.25	0	1	102500
205.016	0.25	1	2	102508
205.032	0.25	1	2	102516
205.05	0.25	1	2	102525
205.066	0.25	1	2	102533
205.082	0.25	0	1	102541
205.1	0.25	0	1	102550
205.116	0.25	0	1	102558
205.132	0.25	0	1	102566
205.15	0.25	0	1	102575
205.166	0.25	0	1	102583
205.182	0.25	0	1	102591
205.2	0.25	0	1	102600
205.216	0.25	0	1	102608
205.232	0.25	0	1	102616
205.25	0.25	0	1	102625
205.266	0.25	0	1	102633
205.282	0.25	0	1	102641
205.3	0.25	0	1	102650
205.316	0.25	0	1	102658
205.332	0.25	0	1	102666
205.35	0.25	0	1	102675
205.366	0.25	0	1	102683
205.382	0.25	0	1	102691
205.4	0.25	0	1	102700
205.416	0.25	0	1	102708
205.432	0.25	0	1	102716
205.45	0.25	1	2	102725
205.466	0.25	1	2	102733
205.482	0.25	1	2	102741
205.5	0.25	1	2	102750
205.516	0.25	0	1	102758
205.532	0.25	0	1	102766
205.55	0.25	0	1	102775
205.566	0.25	0	1	102783
207.882	0.25	0	1	103941
207.9	0.25	0	1	103950
207.916	0.25	0	1	103958
207.932	0.25	0	1	103966
207.95	0.25	0	1	103975
207.966	0.25	0	1	103983
207.982	0.25	0	1	103991
208.0	0.25	0	1	104000
208.016	0.25	0	1	104008
208.032	0.25	0	1	104016
208.05	0.25	0	1	104025
208.066	0.25	0	1	104033
208.082	0.25	0	1	104041
208.1	0.25	0	1	104050
208.116	0.25	0	1	104058
208.132	0.25	0	1	104066
208.15	0.25	0	1	104075
208.166	0.25	0	1	104083
208.182	0.25	0	1	104091
208.2	0.25	0	1	104100
208.216	0.25	0	1	104108
208.232	0.25	0	1	104116
208.25	0.25	0	1	104125
208.266	0.25	1	2	104133
208.282	0.25	1	2	104141
208.3	0.25	1	2	104150
208.316	0.25	1	2	104158
208.332	0.25	0	1	104166
208.35	0.25	0	1	104175
208.366	0.25	0	1	104183
208.382	0.25	0	1	104191
208.4	0.25	0	1	104200
208.416	0.25	0	1	104208
208.432	0.25	0	1	104216
208.45	0.25	0	1	104225
208.466	0.25	0	1	104233
208.482	0.25	0	1	104241
208.5	0.25	0	1	104250
208.516	0.25	0	1	104258
208.532	0.25	0	1	104266
208.55	0.25	0	1	104275
208.566	0.25	0	1	104283
208.582	0.25	0	1	104291
208.6	0.25	0	1	104300
208.616	0.25	0	1	104308
208.632	0.25	0	1	104316
208.65	0.25	1	2	104325
208.666	0.25	1	2	104333
208.682	0.25	1	2	104341
208.7	0.25	1	2	104350
208.716	0.25	0	1	104358
208.732	0.25	0	1	104366
208.75	0.25	0	1	104375
208.766	0.25	0	1	104383
208.782	0.25	0	1	104391
208.8	0.25	0	1	104400
208.816	0.25	0	1	104408
208.832	0.25	0	1	104416
208.85	0.25	0	1	104425
208.866	0.25	0	1	104433
208.882	0.25	0	1	104441
208.9	0.25	0	1	104450
208.916	0.25	0	1	104458
208.932	0.25	0	1	104466
208.95	0.25	1	2	104475
208.966	0.25	1	2	104483
208.982	0.25	1	2	104491
209.0	0.25	1	2	104500
209.016	0.25	0	1	104508
209.032	0.25	0	1	104516
209.05	0.25	0	1	104525
209.066	0.25	0	1	104533
209.082	0.25	0	1	104541
209.1	0.25	0	1	104550
209.116	0.25	0	1	104558
209.132	0.25	0	1	104566
209.15	0.25	0	1	104575
209.166	0.25	0	1	104583
209.182	0.25	0	1	104591
209.2	0.25	0	1	104600
209.216	0.25	0	1	104608
209.232	0.25	1	2	104616
209.25	0.25	1	2	104625
209.266	0.25	1	2	104633
209.282	0.25	1	2	104641
209.3	0.25	0	1	104650
209.316	0.25	0	1	104658
209.332	0.25	0	1	104666
209.35	0.25	0	1	104675
209.366	0.25	0	1	104683
209.382	0.25	0	1	104691
209.4	0.25	0	1	104700
209.416	0.25	0	1	104708
209.432	0.25	0	1	104716
209.45	0.25	0	1	104725
209.466	0.25	0	1	104733
209.482	0.25	0	1	104741
209.5	0.25	0	1	104750
209.516	0.25	0	1	104758
209.532	0.25	0	1	104766
209.55	0.25	0	1	104775
209.566	0.25	1	2	104783
209.582	0.25	1	2	104791
209.6	0.25	1	2	104800
209.616	0.25	1	2	104808
209.632	0.25	0	1	104816
209.65	0.25	0	1	104825
209.666	0.25	0	1	104833
209.682	0.25	0	1	104841
209.7	0.25	0	1	104850
209.716	0.25	0	1	104858
209.732	0.25	0	1	104866
209.75	0.25	0	1	104875
209.766	0.25	0	1	104883
209.782	0.25	0	1	104891
209.8	0.25	0	1	104900
209.816	0.25	0	1	104908
211.3	0.25	0	1	105650
211.316	0.25	1	2	105658
211.332	0.25	1	2	105666
211.35	0.25	1	2	105675
211.366	0.25	1	2	105683
211.382	0.25	0	1	105691
211.4	0.25	0	1	105700
211.416	0.25	0	1	105708
211.432	0.25	0	1	105716
211.45	0.25	0	1	105725
211.466	0.25	0	1	105733
211.482	0.25	0	1	105741
211.5	0.25	0	1	105750
211.516	0.25	0	1	105758
211.532	0.25	0	1	105766
211.55	0.25	0	1	105775
211.566	0.25	0	1	105783
211.582	0.25	0	1	105791
211.6	0.25	0	1	105800
211.616	0.25	0	1	105808
211.632	0.25	0	1	105816
211.65	0.25	0	1	105825
211.666	0.25	0	1	105833
211.682	0.25	0	1	105841
211.7	0.25	0	1	105850
211.716	0.25	0	1	105858
211.732	0.25	0	1	105866
211.75	0.25	0	1	105875
211.766	0.25	0	1	105883
211.782	0.25	0	1	105891
211.8	0.25	1	2	105900
211.816	0.25	1	2	105908
211.832	0.25	1	2	105916
211.85	0.25	1	2	105925
211.866	0.25	0	1	105933
211.882	0.25	0	1	105941
211.9	0.25	0	1	105950
211.916	0.25	0	1	105958
211.932	0.25	0	1	105966
211.95	0.25	0	1	105975
211.966	0.25	0	1	105983
211.982	0.25	0	1	105991
212.0	0.25	0	1	106000
212.016	0.25	0	1	106008
212.032	0.25	0	1	106016
212.05	0.25	0	1	106025
212.066	0.25	0	1	106033
212.082	0.25	0	1	106041
212.1	0.25	0	1	106050
212.116	0.25	0	1	106058
212.132	0.25	0	1	106066
212.15	0.25	0	1	106075
212.166	0.25	0	1	106083
212.182	0.25	0	1	106091
212.2	0.25	0	1	106100
212.216	0.25	0	1	106108
212.232	0.25	0	1	106116
212.25	0.25	0	1	106125
212.266	0.25	1	2	106133
212.282	0.25	1	2	106141
212.3	0.25	1	2	106150
212.316	0.25	1	2	106158
212.332	0.25	0	1	106166
212.35	0.25	0	1	106175
212.366	0.25	0	1	106183
212.382	0.25	0	1	106191
212.4	0.25	0	1	106200
212.416	0.25	0	1	106208
212.432	0.25	0	1	106216
212.45	0.25	0	1	106225
212.466	0.25	0	1	106233
212.482	0.25	0	1	106241
212.5	0.25	0	1	106250
212.516	0.25	0	1	106258
212.532	0.25	0	1	106266
212.55	0.25	0	1	106275
212.566	0.25	0	1	106283
212.582	0.25	0	1	106291
212.6	0.25	0	1	106300
212.616	0.25	0	1	106308
212.632	0.25	0	1	106316
212.65	0.25	0	1	106325
212.666	0.25	0	1	106333
212.682	0.25	1	2	106341
212.7	0.25	1	2	106350
212.716	0.25	1	2	106358
212.732	0.25	1	2	106366
212.75	0.25	0	1	106375
212.766	0.25	0	1	106383
212.782	0.25	0	1	106391
212.8	0.25	0	1	106400
212.816	0.25	0	1	106408
212.832	0.25	0	1	106416
212.85	0.25	0	1	106425
212.866	0.25	0	1	106433
212.882	0.25	0	1	106441
212.9	0.25	0	1	106450
212.916	0.25	0	1	106458
212.932	0.25	0	1	106466
212.95	0.25	0	1	106475
212.966	0.25	0	1	106483
212.982	0.25	0	1	106491
213.0	0.25	0	1	106500
213.016	0.25	0	1	106508
213.032	0.25	0	1	106516
213.05	0.25	0	1	106525
213.066	0.25	0	1	106533
213.082	0.25	0	1	106541
213.1	0.25	0	1	106550
213.116	0.25	1	2	106558
213.132	0.25	1	2	106566
213.15	0.25	1	2	106575
213.166	0.25	1	2	106583
213.182	0.25	0	1	106591
213.2	0.25	0	1	106600
213.216	0.25	0	1	106608
213.232	0.25	0	1	106616
214.716	0.25	0	1	107358
214.732	0.25	0	1	107366
214.75	0.25	0	1	107375
214.766	0.25	0	1	107383
214.782	0.25	0	1	107391
214.8	0.25	0	1	107400
214.816	0.25	0	1	107408
214.832	0.25	0	1	107416
214.85	0.25	0	1	107425
214.866	0.25	0	1	107433
214.882	0.25	0	1	107441
214.9	0.25	0	1	107450
214.916	0.25	0	1	107458
214.932	0.25	0	1	107466
214.95	0.25	0	1	107475
214.966	0.25	0	1	107483
214.982	0.25	0	1	107491
215.0	0.25	0	1	107500
215.016	0.25	1	2	107508
215.032	0.25	1	2	107516
215.05	0.25	1	2	107525
215.066	0.25	1	2	107533
215.082	0.25	0	1	107541
215.1	0.25	0	1	107550
215.116	0.25	0	1	107558
215.132	0.25	0	1	107566
215.15	0.25	0	1	107575
215.166	0.25	0	1	107583
215.182	0.25	0	1	107591
215.2	0.25	0	1	107600
215.216	0.25	0	1	107608
215.232	0.25	0	1	107616
215.25	0.25	0	1	107625
215.266	0.25	0	1	107633
215.282	0.25	0	1	107641
215.3	0.25	0	1	107650
215.316	0.25	0	1	107658
215.332	0.25	0	1	107666
215.35	0.25	0	1	107675
215.366	0.25	0	1	107683
215.382	0.25	0	1	107691
215.4	0.25	0	1	107700
215.416	0.25	1	2	107708
215.432	0.25	1	2	107716
215.45	0.25	1	2	107725
215.466	0.25	1	2	107733
215.482	0.25	0	1	107741
215.5	0.25	0	1	107750
215.516	0.25	0	1	107758
215.532	0.25	0	1	107766
215.55	0.25	0	1	107775
215.566	0.25	0	1	107783
215.582	0.25	0	1	107791
215.6	0.25	0	1	107800
215.616	0.25	0	1	107808
215.632	0.25	0	1	107816
215.65	0.25	0	1	107825
215.666	0.25	0	1	107833
215.682	0.25	0	1	107841
215.7	0.25	1	2	107850
215.716	0.25	1	2	107858
215.732	0.25	1	2	107866
215.75	0.25	1	2	107875
215.766	0.25	0	1	107883
215.782	0.25	0	1	107891
215.8	0.25	0	1	107900
215.816	0.25	0	1	107908
215.832	0.25	0	1	107916
215.85	0.25	0	1	107925
215.866	0.25	0	1	107933
215.882	0.25	0	1	107941
215.9	0.25	0	1	107950
215.916	0.25	0	1	107958
215.932	0.25	0	1	107966
215.95	0.25	0	1	107975
215.966	0.25	0	1	107983
215.982	0.25	0	1	107991
216.0	0.25	0	1	108000
216.016	0.25	0	1	108008
216.032	0.25	0	1	108016
216.05	0.25	0	1	108025
216.066	0.25	1	2	108033
216.082	0.25	1	2	108041
216.1	0.25	1	2	108050
216.116	0.25	1	2	108058
216.132	0.25	0	1	108066
216.15	0.25	0	1	108075
216.166	0.25	0	1	108083
216.182	0.25	0	1	108091
216.2	0.25	0	1	108100
216.216	0.25	0	1	108108
216.232	0.25	0	1	108116
216.25	0.25	0	1	108125
216.266	0.25	0	1	108133
216.282	0.25	0	1	108141
216.3	0.25	0	1	108150
216.316	0.25	0	1	108158
216.332	0.25	0	1	108166
216.35	0.25	0	1	108175
216.366	0.25	0	1	108183
216.382	0.25	0	1	108191
216.4	0.25	0	1	108200
216.416	0.25	0	1	108208
216.432	0.25	0	1	108216
216.45	0.25	0	1	108225
216.466	0.25	0	1	108233
216.482	0.25	0	1	108241
216.5	0.25	0	1	108250
216.516	0.25	0	1	108258
216.532	0.25	1	2	108266
216.55	0.25	1	2	108275
216.566	0.25	1	2	108283
216.582	0.25	1	2	108291
216.6	0.25	0	1	108300
216.616	0.25	0	1	108308
216.632	0.25	0	1	108316
216.65	0.25	0	1	108325
218.132	0.25	0	1	109066
218.15	0.25	0	1	109075
218.166	0.25	0	1	109083
218.182	0.25	0	1	109091
218.2	0.25	0	1	109100
218.216	0.25	0	1	109108
218.232	0.25	0	1	109116
218.25	0.25	0	1	109125
218.266	0.25	0	1	109133
218.282	0.25	0	1	109141
218.3	0.25	0	1	109150
218.316	0.25	0	1	109158
218.332	0.25	0	1	109166
218.35	0.25	0	1	109175
218.366	0.25	0	1	109183
218.382	0.25	1	2	109191
218.4	0.25	1	2	109200
218.416	0.25	1	2	109208
218.432	0.25	1	2	109216
218.45	0.25	0	1	109225
218.466	0.25	0	1	109233
218.482	0.25	0	1	109241
218.5	0.25	0	1	109250
218.516	0.25	0	1	109258
218.532	0.25	0	1	109266
218.55	0.25	0	1	109275
218.566	0.25	0	1	109283
218.582	0.25	0	1	109291
218.6	0.25	0	1	109300
218.616	0.25	0	1	109308
218.632	0.25	0	1	109316
218.65	0.25	0	1	109325
218.666	0.25	0	1	109333
218.682	0.25	0	1	109341
218.7	0.25	0	1	109350
218.716	0.25	0	1	109358
218.732	0.25	0	1	109366
218.75	0.25	0	1	109375
218.766	0.25	0	1	109383
218.782	0.25	0	1	109391
218.8	0.25	0	1	109400
218.816	0.25	1	2	109408
218.832	0.25	1	2	109416
218.85	0.25	1	2	109425
218.866	0.25	1	2	109433
218.882	0.25	0	1	109441
218.9	0.25	0	1	109450
218.916	0.25	0	1	109458
218.932	0.25	0	1	109466
218.95	0.25	0	1	109475
218.966	0.25	0	1	109483
218.982	0.25	0	1	109491
219.0	0.25	0	1	109500
219.016	0.25	0	1	109508
219.032	0.25	0	1	109516
219.05	0.25	0	1	109525
219.066	0.25	0	1	109533
219.082	0.25	0	1	109541
219.1	0.25	0	1	109550
219.116	0.25	0	1	109558
219.132	0.25	0	1	109566
219.15	0.25	0	1	109575
219.166	0.25	0	1	109583
219.182	0.25	0	1	109591
219.2	0.25	0	1	109600
219.216	0.25	0	1	109608
219.232	0.25	0	1	109616
219.25	0.25	0	1	109625
219.266	0.25	0	1	109633
219.282	0.25	1	2	109641
219.3	0.25	1	2	109650
219.316	0.25	1	2	109658
219.332	0.25	1	2	109666
219.35	0.25	0	1	109675
219.366	0.25	0	1	109683
219.382	0.25	0	1	109691
219.4	0.25	0	1	109700
219.416	0.25	0	1	109708
219.432	0.25	0	1	109716
219.45	0.25	0	1	109725
219.466	0.25	0	1	109733
219.482	0.25	0	1	109741
219.5	0.25	0	1	109750
219.516	0.25	0	1	109758
219.532	0.25	0	1	109766
219.55	0.25	0	1	109775
219.566	0.25	0	1	109783
219.582	0.25	1	2	109791
219.6	0.25	1	2	109800
219.616	0.25	1	2	109808
219.632	0.25	1	2	109816
219.65	0.25	0	1	109825
219.666	0.25	0	1	109833
219.682	0.25	0	1	109841
219.7	0.25	0	1	109850
219.716	0.25	0	1	109858
219.732	0.25	0	1	109866
219.75	0.25	0	1	109875
219.766	0.25	0	1	109883
219.782	0.25	0	1	109891
219.8	0.25	0	1	109900
219.816	0.25	0	1	109908
219.832	0.25	0	1	109916
219.85	0.25	0	1	109925
219.866	0.25	0	1	109933
219.882	0.25	0	1	109941
219.9	0.25	0	1	109950
219.916	0.25	0	1	109958
219.932	0.25	0	1	109966
219.95	0.25	0	1	109975
219.966	0.25	0	1	109983
219.982	0.25	0	1	109991
220.0	0.25	0	1	110000
220.016	0.25	1	2	110008
220.032	0.25	1	2	110016
220.05	0.25	1	2	110025
220.066	0.25	1	2	110033
223.0	0.25	0	1	111500
223.016	0.25	0	1	111508
223.032	0.25	0	1	111516
223.05	0.25	0	1	111525
223.066	0.25	0	1	111533
223.082	0.25	0	1	111541
223.1	0.25	0	1	111550
223.116	0.25	0	1	111558
223.132	0.25	0	1	111566
223.15	0.25	0	1	111575
223.166	0.25	0	1	111583
223.182	0.25	0	1	111591
223.2	0.25	0	1	111600
223.216	0.25	0	1	111608
223.232	0.25	0	1	111616
223.25	0.25	1	2	111625
223.266	0.25	1	2	111633
223.282	0.25	1	2	111641
223.3	0.25	1	2	111650
223.316	0.25	0	1	111658
223.332	0.25	0	1	111666
223.35	0.25	0	1	111675
223.366	0.25	0	1	111683
223.382	0.25	0	1	111691
223.4	0.25	0	1	111700
223.416	0.25	0	1	111708
223.432	0.25	0	1	111716
223.45	0.25	0	1	111725
223.466	0.25	0	1	111733
223.482	0.25	0	1	111741
223.5	0.25	0	1	111750
223.516	0.25	0	1	111758
223.532	0.25	0	1	111766
223.55	0.25	0	1	111775
223.566	0.25	0	1	111783
223.582	0.25	0	1	111791
223.6	0.25	0	1	111800
223.616	0.25	0	1	111808
223.632	0.25	0	1	111816
223.65	0.25	0	1	111825
223.666	0.25	0	1	111833
223.682	0.25	1	2	111841
223.7	0.25	1	2	111850
223.716	0.25	1	2	111858
223.732	0.25	1	2	111866
223.75	0.25	0	1	111875
223.766	0.25	0	1	111883
223.782	0.25	0	1	111891
223.8	0.25	0	1	111900
223.816	0.25	0	1	111908
223.832	0.25	0	1	111916
223.85	0.25	0	1	111925
223.866	0.25	0	1	111933
223.882	0.25	0	1	111941
223.9	0.25	0	1	111950
223.916	0.25	0	1	111958
223.932	0.25	0	1	111966
223.95	0.25	0	1	111975
223.966	0.25	0	1	111983
223.982	0.25	0	1	111991
224.0	0.25	0	1	112000
224.016	0.25	0	1	112008
224.032	0.25	0	1	112016
224.05	0.25	0	1	112025
224.066	0.25	0	1	112033
224.082	0.25	0	1	112041
224.1	0.25	0	1	112050
224.116	0.25	0	1	112058
224.132	0.25	0	1	112066
224.15	0.25	1	2	112075
224.166	0.25	1	2	112083
224.182	0.25	1	2	112091
224.2	0.25	1	2	112100
224.216	0.25	0	1	112108
224.232	0.25	0	1	112116
224.25	0.25	0	1	112125
224.266	0.25	0	1	112133
224.282	0.25	0	1	112141
224.3	0.25	0	1	112150
224.316	0.25	0	1	112158
224.332	0.25	0	1	112166
224.35	0.25	0	1	112175
224.366	0.25	0	1	112183
224.382	0.25	0	1	112191
224.4	0.25	0	1	112200
224.416	0.25	0	1	112208
224.432	0.25	0	1	112216
224.45	0.25	1	2	112225
224.466	0.25	1	2	112233
224.482	0.25	1	2	112241
224.5	0.25	1	2	112250
224.516	0.25	0	1	112258
224.532	0.25	0	1	112266
224.55	0.25	0	1	112275
224.566	0.25	0	1	112283
224.582	0.25	0	1	112291
224.6	0.25	0	1	112300
224.616	0.25	0	1	112308
224.632	0.25	0	1	112316
224.65	0.25	0	1	112325
224.666	0.25	0	1	112333
224.682	0.25	0	1	112341
224.7	0.25	0	1	112350
224.716	0.25	0	1	112358
224.732	0.25	0	1	112366
224.75	0.25	0	1	112375
224.766	0.25	0	1	112383
224.782	0.25	0	1	112391
224.8	0.25	0	1	112400
224.816	0.25	0	1	112408
224.832	0.25	0	1	112416
224.85	0.25	0	1	112425
224.866	0.25	0	1	112433
224.882	0.25	1	2	112441
224.9	0.25	1	2	112450
224.916	0.25	1	2	112458
224.932	0.25	1	2	112466
226.416	0.25	0	1	113208
226.432	0.25	1	2	113216
226.45	0.25	1	2	113225
226.466	0.25	1	2	113233
226.482	0.25	1	2	113241
226.5	0.25	0	1	113250
226.516	0.25	0	1	113258
226.532	0.25	0	1	113266
226.55	0.25	0	1	113275
226.566	0.25	0	1	113283
226.582	0.25	0	1	113291
226.6	0.25	0	1	113300
226.616	0.25	0	1	113308
226.632	0.25	0	1	113316
226.65	0.25	0	1	113325
226.666	0.25	0	1	113333
226.682	0.25	0	1	113341
226.7	0.25	0	1	113350
226.716	0.25	0	1	113358
226.732	0.25	0	1	113366
226.75	0.25	0	1	113375
226.766	0.25	0	1	113383
226.782	0.25	0	1	113391
226.8	0.25	0	1	113400
226.816	0.25	0	1	113408
226.832	0.25	0	1	113416
226.85	0.25	0	1	113425
226.866	0.25	0	1	113433
226.882	0.25	0	1	113441
226.9	0.25	0	1	113450
226.916	0.25	1	2	113458
226.932	0.25	1	2	113466
226.95	0.25	1	2	113475
226.966	0.25	1	2	113483
226.982	0.25	0	1	113491
227.0	0.25	0	1	113500
227.016	0.25	0	1	113508
227.032	0.25	0	1	113516
227.05	0.25	0	1	113525
227.066	0.25	0	1	113533
227.082	0.25	0	1	113541
227.1	0.25	0	1	113550
227.116	0.25	0	1	113558
227.132	0.25	0	1	113566
227.15	0.25	0	1	113575
227.166	0.25	0	1	113583
227.182	0.25	0	1	113591
227.2	0.25	0	1	113600
227.216	0.25	0	1	113608
227.232	0.25	0	1	113616
227.25	0.25	0	1	113625
227.266	0.25	0	1	113633
227.282	0.25	0	1	113641
227.3	0.25	0	1	113650
227.316	0.25	0	1	113658
227.332	0.25	0	1	113666
227.35	0.25	0	1	113675
227.366	0.25	0	1	113683
227.382	0.25	1	2	113691
227.4	0.25	1	2	113700
227.416	0.25	1	2	113708
227.432	0.25	1	2	113716
227.45	0.25	0	1	113725
227.466	0.25	0	1	113733
227.482	0.25	0	1	113741
227.5	0.25	0	1	113750
227.516	0.25	0	1	113758
227.532	0.25	0	1	113766
227.55	0.25	0	1	113775
227.566	0.25	0	1	113783
227.582	0.25	0	1	113791
227.6	0.25	0	1	113800
227.616	0.25	0	1	113808
227.632	0.25	0	1	113816
227.65	0.25	0	1	113825
227.666	0.25	0	1	113833
227.682	0.25	0	1	113841
227.7	0.25	0	1	113850
227.716	0.25	0	1	113858
227.732	0.25	0	1	113866
227.75	0.25	0	1	113875
227.766	0.25	0	1	113883
227.782	0.25	0	1	113891
227.8	0.25	1	2	113900
227.816	0.25	1	2	113908
227.832	0.25	1	2	113916
227.85	0.25	1	2	113925
227.866	0.25	0	1	113933
227.882	0.25	0	1	113941
227.9	0.25	0	1	113950
227.916	0.25	0	1	113958
227.932	0.25	0	1	113966
227.95	0.25	0	1	113975
227.966	0.25	0	1	113983
227.982	0.25	0	1	113991
228.0	0.25	0	1	114000
228.016	0.25	0	1	114008
228.032	0.25	0	1	114016
228.05	0.25	0	1	114025
228.066	0.25	0	1	114033
228.082	0.25	0	1	114041
228.1	0.25	0	1	114050
228.116	0.25	0	1	114058
228.132	0.25	0	1	114066
228.15	0.25	0	1	114075
228.166	0.25	0	1	114083
228.182	0.25	0	1	114091
228.2	0.25	0	1	114100
228.216	0.25	0	1	114108
228.232	0.25	1	2	114116
228.25	0.25	1	2	114125
228.266	0.25	1	2	114133
228.282	0.25	1	2	114141
228.3	0.25	0	1	114150
228.316	0.25	0	1	114158
228.332	0.25	0	1	114166
228.35	0.25	0	1	114175
229.832	0.25	0	1	114916
229.85	0.25	0	1	114925
229.866	0.25	0	1	114933
229.882	0.25	0	1	114941
229.9	0.25	0	1	114950
229.916	0.25	0	1	114958
229.932	0.25	0	1	114966
229.95	0.25	0	1	114975
229.966	0.25	0	1	114983
229.982	0.25	0	1	114991
230.0	0.25	0	1	115000
230.016	0.25	0	1	115008
230.032	0.25	0	1	115016
230.05	0.25	0	1	115025
230.066	0.25	0	1	115033
230.082	0.25	0	1	115041
230.1	0.25	0	1	115050
230.116	0.25	0	1	115058
230.132	0.25	0	1	115066
230.15	0.25	0	1	115075
230.166	0.25	0	1	115083
230.182	0.25	0	1	115091
230.2	0.25	0	1	115100
230.216	0.25	1	2	115108
230.232	0.25	1	2	115116
230.25	0.25	1	2	115125
230.266	0.25	1	2	115133
230.282	0.25	0	1	115141
230.3	0.25	0	1	115150
230.316	0.25	0	1	115158
230.332	0.25	0	1	115166
230.35	0.25	0	1	115175
230.366	0.25	0	1	115183
230.382	0.25	0	1	115191
230.4	0.25	0	1	115200
230.416	0.25	0	1	115208
230.432	0.25	0	1	115216
230.45	0.25	0	1	115225
230.466	0.25	0	1	115233
230.482	0.25	0	1	115241
230.5	0.25	0	1	115250
230.516	0.25	0	1	115258
230.532	0.25	0	1	115266
230.55	0.25	0	1	115275
230.566	0.25	0	1	115283
230.582	0.25	0	1	115291
230.6	0.25	1	2	115300
230.616	0.25	1	2	115308
230.632	0.25	1	2	115316
230.65	0.25	1	2	115325
230.666	0.25	0	1	115333
230.682	0.25	0	1	115341
230.7	0.25	0	1	115350
230.716	0.25	0	1	115358
230.732	0.25	0	1	115366
230.75	0.25	0	1	115375
230.766	0.25	0	1	115383
230.782	0.25	0	1	115391
230.8	0.25	0	1	115400
230.816	0.25	0	1	115408
230.832	0.25	0	1	115416
230.85	0.25	0	1	115425
230.866	0.25	0	1	115433
230.882	0.25	0	1	115441
230.9	0.25	1	2	115450
230.916	0.25	1	2	115458
230.932	0.25	1	2	115466
230.95	0.25	1	2	115475
230.966	0.25	0	1	115483
230.982	0.25	0	1	115491
231.0	0.25	0	1	115500
231.016	0.25	0	1	115508
231.032	0.25	0	1	115516
231.05	0.25	0	1	115525
231.066	0.25	0	1	115533
231.082	0.25	0	1	115541
231.1	0.25	0	1	115550
231.116	0.25	0	1	115558
231.132	0.25	0	1	115566
231.15	0.25	0	1	115575
231.166	0.25	0	1	115583
231.182	0.25	1	2	115591
231.2	0.25	1	2	115600
231.216	0.25	1	2	115608
231.232	0.25	1	2	115616
231.25	0.25	0	1	115625
231.266	0.25	0	1	115633
231.282	0.25	0	1	115641
231.3	0.25	0	1	115650
231.316	0.25	0	1	115658
231.332	0.25	0	1	115666
231.35	0.25	0	1	115675
231.366	0.25	0	1	115683
231.382	0.25	0	1	115691
231.4	0.25	0	1	115700
231.416	0.25	0	1	115708
231.432	0.25	0	1	115716
231.45	0.25	0	1	115725
231.466	0.25	0	1	115733
231.482	0.25	0	1	115741
231.5	0.25	0	1	115750
231.516	0.25	1	2	115758
231.532	0.25	1	2	115766
231.55	0.25	1	2	115775
231.566	0.25	1	2	115783
231.582	0.25	0	1	115791
231.6	0.25	0	1	115800
231.616	0.25	0	1	115808
231.632	0.25	0	1	115816
231.65	0.25	0	1	115825
231.666	0.25	0	1	115833
231.682	0.25	0	1	115841
231.7	0.25	0	1	115850
231.716	0.25	0	1	115858
231.732	0.25	0	1	115866
231.75	0.25	0	1	115875
231.766	0.25	0	1	115883
233.25	0.25	0	1	116625
233.266	0.25	0	1	116633
233.282	0.25	0	1	116641
233.3	0.25	0	1	116650
233.316	0.25	0	1	116658
233.332	0.25	0	1	116666
233.35	0.25	0	1	116675
233.366	0.25	0	1	116683
233.382	0.25	0	1	116691
233.4	0.25	0	1	116700
233.416	0.25	0	1	116708
233.432	0.25	0	1	116716
233.45	0.25	0	1	116725
233.466	0.25	0	1	116733
233.482	0.25	0	1	116741
233.5	0.25	0	1	116750
233.516	0.25	0	1	116758
233.532	0.25	0	1	116766
233.55	0.25	1	2	116775
233.566	0.25	1	2	116783
233.582	0.25	1	2	116791
233.6	0.25	1	2	116800
233.616	0.25	0	1	116808
233.632	0.25	0	1	116816
233.65	0.25	0	1	116825
233.666	0.25	0	1	116833
233.682	0.25	0	1	116841
233.7	0.25	0	1	116850
233.716	0.25	0	1	116858
233.732	0.25	0	1	116866
233.75	0.25	0	1	116875
233.766	0.25	0	1	116883
233.782	0.25	0	1	116891
233.8	0.25	0	1	116900
233.816	0.25	0	1	116908
233.832	0.25	0	1	116916
233.85	0.25	0	1	116925
233.866	0.25	0	1	116933
233.882	0.25	0	1	116941
233.9	0.25	0	1	116950
233.916	0.25	0	1	116958
233.932	0.25	0	1	116966
233.95	0.25	1	2	116975
233.966	0.25	1	2	116983
233.982	0.25	1	2	116991
234.0	0.25	1	2	117000
234.016	0.25	0	1	117008
234.032	0.25	0	1	117016
234.05	0.25	0	1	117025
234.066	0.25	0	1	117033
234.082	0.25	0	1	117041
234.1	0.25	0	1	117050
234.116	0.25	0	1	117058
234.132	0.25	0	1	117066
234.15	0.25	0	1	117075
234.166	0.25	0	1	117083
234.182	0.25	0	1	117091
234.2	0.25	0	1	117100
234.216	0.25	0	1	117108
234.232	0.25	1	2	117116
234.25	0.25	1	2	117125
234.266	0.25	1	2	117133
234.282	0.25	1	2	117141
234.3	0.25	0	1	117150
234.316	0.25	0	1	117158
234.332	0.25	0	1	117166
234.35	0.25	0	1	117175
234.366	0.25	0	1	117183
234.382	0.25	0	1	117191
234.4	0.25	0	1	117200
234.416	0.25	0	1	117208
234.432	0.25	0	1	117216
234.45	0.25	0	1	117225
234.466	0.25	0	1	117233
234.482	0.25	0	1	117241
234.5	0.25	0	1	117250
234.516	0.25	0	1	117258
234.532	0.25	0	1	117266
234.55	0.25	0	1	117275
234.566	0.25	0	1	117283
234.582	0.25	0	1	117291
234.6	0.25	1	2	117300
234.616	0.25	1	2	117308
234.632	0.25	1	2	117316
234.65	0.25	1	2	117325
234.666	0.25	0	1	117333
234.682	0.25	0	1	117341
234.7	0.25	0	1	117350
234.716	0.25	0	1	117358
234.732	0.25	0	1	117366
234.75	0.25	0	1	117375
234.766	0.25	0	1	117383
234.782	0.25	0	1	117391
234.8	0.25	0	1	117400
234.816	0.25	0	1	117408
234.832	0.25	0	1	117416
234.85	0.25	0	1	117425
234.866	0.25	0	1	117433
234.882	0.25	0	1	117441
234.9	0.25	0	1	117450
234.916	0.25	0	1	117458
234.932	0.25	0	1	117466
234.95	0.25	0	1	117475
234.966	0.25	0	1	117483
234.982	0.25	0	1	117491
235.0	0.25	0	1	117500
235.016	0.25	0	1	117508
235.032	0.25	0	1	117516
235.05	0.25	0	1	117525
235.066	0.25	1	2	117533
235.082	0.25	1	2	117541
235.1	0.25	1	2	117550
235.116	0.25	1	2	117558
235.132	0.25	0	1	117566
235.15	0.25	0	1	117575
235.166	0.25	0	1	117583
235.182	0.25	0	1	117591
