onset	duration	trial_type	value	sample
7.916	0.25	0	1	3958
7.932	0.25	0	1	3966
7.95	0.25	0	1	3975
7.966	0.25	0	1	3983
7.982	0.25	0	1	3991
8.0	0.25	0	1	4000
8.016	0.25	0	1	4008
8.032	0.25	0	1	4016
8.05	0.25	0	1	4025
8.066	0.25	0	1	4033
8.082	0.25	0	1	4041
8.1	0.25	0	1	4050
8.116	0.25	0	1	4058
8.132	0.25	0	1	4066
8.15	0.25	0	1	4075
8.166	0.25	1	2	4083
8.182	0.25	1	2	4091
8.2	0.25	1	2	4100
8.216	0.25	1	2	4108
8.232	0.25	0	1	4116
8.25	0.25	0	1	4125
8.266	0.25	0	1	4133
8.282	0.25	0	1	4141
8.3	0.25	0	1	4150
8.316	0.25	0	1	4158
8.332	0.25	0	1	4166
8.35	0.25	0	1	4175
8.366	0.25	0	1	4183
8.382	0.25	0	1	4191
8.4	0.25	0	1	4200
8.416	0.25	0	1	4208
8.432	0.25	0	1	4216
8.45	0.25	0	1	4225
8.466	0.25	0	1	4233
8.482	0.25	0	1	4241
8.5	0.25	0	1	4250
8.516	0.25	0	1	4258
8.532	0.25	0	1	4266
8.55	0.25	0	1	4275
8.566	0.25	0	1	4283
8.582	0.25	0	1	4291
8.6	0.25	1	2	4300
8.616	0.25	1	2	4308
8.632	0.25	1	2	4316
8.65	0.25	1	2	4325
8.666	0.25	0	1	4333
8.682	0.25	0	1	4341
8.7	0.25	0	1	4350
8.716	0.25	0	1	4358
8.732	0.25	0	1	4366
8.75	0.25	0	1	4375
8.766	0.25	0	1	4383
8.782	0.25	0	1	4391
8.8	0.25	0	1	4400
8.816	0.25	0	1	4408
8.832	0.25	0	1	4416
8.85	0.25	0	1	4425
8.866	0.25	0	1	4433
8.882	0.25	0	1	4441
8.9	0.25	0	1	4450
8.916	0.25	0	1	4458
8.932	0.25	0	1	4466
8.95	0.25	0	1	4475
8.966	0.25	0	1	4483
8.982	0.25	0	1	4491
9.0	0.25	0	1	4500
9.016	0.25	0	1	4508
9.032	0.25	0	1	4516
9.05	0.25	0	1	4525
9.066	0.25	1	2	4533
9.082	0.25	1	2	4541
9.1	0.25	1	2	4550
9.116	0.25	1	2	4558
9.132	0.25	0	1	4566
9.15	0.25	0	1	4575
9.166	0.25	0	1	4583
9.182	0.25	0	1	4591
9.2	0.25	0	1	4600
9.216	0.25	0	1	4608
9.232	0.25	0	1	4616
9.25	0.25	0	1	4625
9.266	0.25	0	1	4633
9.282	0.25	0	1	4641
9.3	0.25	0	1	4650
9.316	0.25	0	1	4658
9.332	0.25	0	1	4666
9.35	0.25	0	1	4675
9.366	0.25	1	2	4683
9.382	0.25	1	2	4691
9.4	0.25	1	2	4700
9.416	0.25	1	2	4708
9.432	0.25	0	1	4716
9.45	0.25	0	1	4725
9.466	0.25	0	1	4733
9.482	0.25	0	1	4741
9.5	0.25	0	1	4750
9.516	0.25	0	1	4758
9.532	0.25	0	1	4766
9.55	0.25	0	1	4775
9.566	0.25	0	1	4783
9.582	0.25	0	1	4791
9.6	0.25	0	1	4800
9.616	0.25	0	1	4808
9.632	0.25	0	1	4816
9.65	0.25	0	1	4825
9.666	0.25	0	1	4833
9.682	0.25	0	1	4841
9.7	0.25	0	1	4850
9.716	0.25	0	1	4858
9.732	0.25	0	1	4866
9.75	0.25	0	1	4875
9.766	0.25	0	1	4883
9.782	0.25	0	1	4891
9.8	0.25	1	2	4900
9.816	0.25	1	2	4908
9.832	0.25	1	2	4916
9.85	0.25	1	2	4925
11.332	0.25	0	1	5666
11.35	0.25	0	1	5675
11.366	0.25	0	1	5683
11.382	0.25	0	1	5691
11.4	0.25	0	1	5700
11.416	0.25	0	1	5708
11.432	0.25	0	1	5716
11.45	0.25	0	1	5725
11.466	0.25	0	1	5733
11.482	0.25	0	1	5741
11.5	0.25	0	1	5750
11.516	0.25	0	1	5758
11.532	0.25	0	1	5766
11.55	0.25	0	1	5775
11.566	0.25	0	1	5783
11.582	0.25	0	1	5791
11.6	0.25	0	1	5800
11.616	0.25	0	1	5808
11.632	0.25	1	2	5816
11.65	0.25	1	2	5825
11.666	0.25	1	2	5833
11.682	0.25	1	2	5841
11.7	0.25	0	1	5850
11.716	0.25	0	1	5858
11.732	0.25	0	1	5866
11.75	0.25	0	1	5875
11.766	0.25	0	1	5883
11.782	0.25	0	1	5891
11.8	0.25	0	1	5900
11.816	0.25	0	1	5908
11.832	0.25	0	1	5916
11.85	0.25	0	1	5925
11.866	0.25	0	1	5933
11.882	0.25	0	1	5941
11.9	0.25	0	1	5950
11.916	0.25	0	1	5958
11.932	0.25	0	1	5966
11.95	0.25	0	1	5975
11.966	0.25	0	1	5983
11.982	0.25	0	1	5991
12.0	0.25	0	1	6000
12.016	0.25	0	1	6008
12.032	0.25	1	2	6016
12.05	0.25	1	2	6025
12.066	0.25	1	2	6033
12.082	0.25	1	2	6041
12.1	0.25	0	1	6050
12.116	0.25	0	1	6058
12.132	0.25	0	1	6066
12.15	0.25	0	1	6075
12.166	0.25	0	1	6083
12.182	0.25	0	1	6091
12.2	0.25	0	1	6100
12.216	0.25	0	1	6108
12.232	0.25	0	1	6116
12.25	0.25	0	1	6125
12.266	0.25	0	1	6133
12.282	0.25	0	1	6141
12.3	0.25	0	1	6150
12.316	0.25	1	2	6158
12.332	0.25	1	2	6166
12.35	0.25	1	2	6175
12.366	0.25	1	2	6183
12.382	0.25	0	1	6191
12.4	0.25	0	1	6200
12.416	0.25	0	1	6208
12.432	0.25	0	1	6216
12.45	0.25	0	1	6225
12.466	0.25	0	1	6233
12.482	0.25	0	1	6241
12.5	0.25	0	1	6250
12.516	0.25	0	1	6258
12.532	0.25	0	1	6266
12.55	0.25	0	1	6275
12.566	0.25	0	1	6283
12.582	0.25	0	1	6291
12.6	0.25	0	1	6300
12.616	0.25	0	1	6308
12.632	0.25	0	1	6316
12.65	0.25	0	1	6325
12.666	0.25	0	1	6333
12.682	0.25	1	2	6341
12.7	0.25	1	2	6350
12.716	0.25	1	2	6358
12.732	0.25	1	2	6366
12.75	0.25	0	1	6375
12.766	0.25	0	1	6383
12.782	0.25	0	1	6391
12.8	0.25	0	1	6400
12.816	0.25	0	1	6408
12.832	0.25	0	1	6416
12.85	0.25	0	1	6425
12.866	0.25	0	1	6433
12.882	0.25	0	1	6441
12.9	0.25	0	1	6450
12.916	0.25	0	1	6458
12.932	0.25	0	1	6466
12.95	0.25	0	1	6475
12.966	0.25	0	1	6483
12.982	0.25	0	1	6491
13.0	0.25	0	1	6500
13.016	0.25	0	1	6508
13.032	0.25	0	1	6516
13.05	0.25	0	1	6525
13.066	0.25	0	1	6533
13.082	0.25	0	1	6541
13.1	0.25	0	1	6550
13.116	0.25	0	1	6558
13.132	0.25	0	1	6566
13.15	0.25	1	2	6575
13.166	0.25	1	2	6583
13.182	0.25	1	2	6591
13.2	0.25	1	2	6600
13.216	0.25	0	1	6608
13.232	0.25	0	1	6616
13.25	0.25	0	1	6625
13.266	0.25	0	1	6633
14.75	0.25	0	1	7375
14.766	0.25	1	2	7383
14.782	0.25	1	2	7391
14.8	0.25	1	2	7400
14.816	0.25	1	2	7408
14.832	0.25	0	1	7416
14.85	0.25	0	1	7425
14.866	0.25	0	1	7433
14.882	0.25	0	1	7441
14.9	0.25	0	1	7450
14.916	0.25	0	1	7458
14.932	0.25	0	1	7466
14.95	0.25	0	1	7475
14.966	0.25	0	1	7483
14.982	0.25	0	1	7491
15.0	0.25	0	1	7500
15.016	0.25	0	1	7508
15.032	0.25	0	1	7516
15.05	0.25	0	1	7525
15.066	0.25	0	1	7533
15.082	0.25	0	1	7541
15.1	0.25	0	1	7550
15.116	0.25	0	1	7558
15.132	0.25	0	1	7566
15.15	0.25	0	1	7575
15.166	0.25	0	1	7583
15.182	0.25	0	1	7591
15.2	0.25	0	1	7600
15.216	0.25	0	1	7608
15.232	0.25	0	1	7616
15.25	0.25	1	2	7625
15.266	0.25	1	2	7633
15.282	0.25	1	2	7641
15.3	0.25	1	2	7650
15.316	0.25	0	1	7658
15.332	0.25	0	1	7666
15.35	0.25	0	1	7675
15.366	0.25	0	1	7683
15.382	0.25	0	1	7691
15.4	0.25	0	1	7700
15.416	0.25	0	1	7708
15.432	0.25	0	1	7716
15.45	0.25	0	1	7725
15.466	0.25	0	1	7733
15.482	0.25	0	1	7741
15.5	0.25	0	1	7750
15.516	0.25	0	1	7758
15.532	0.25	0	1	7766
15.55	0.25	0	1	7775
15.566	0.25	0	1	7783
15.582	0.25	0	1	7791
15.6	0.25	0	1	7800
15.616	0.25	0	1	7808
15.632	0.25	0	1	7816
15.65	0.25	0	1	7825
15.666	0.25	0	1	7833
15.682	0.25	0	1	7841
15.7	0.25	0	1	7850
15.716	0.25	1	2	7858
15.732	0.25	1	2	7866
15.75	0.25	1	2	7875
15.766	0.25	1	2	7883
15.782	0.25	0	1	7891
15.8	0.25	0	1	7900
15.816	0.25	0	1	7908
15.832	0.25	0	1	7916
15.85	0.25	0	1	7925
15.866	0.25	0	1	7933
15.882	0.25	0	1	7941
15.9	0.25	0	1	7950
15.916	0.25	0	1	7958
15.932	0.25	0	1	7966
15.95	0.25	0	1	7975
15.966	0.25	0	1	7983
15.982	0.25	0	1	7991
16.0	0.25	0	1	8000
16.016	0.25	0	1	8008
16.032	0.25	0	1	8016
16.05	0.25	0	1	8025
16.066	0.25	0	1	8033
16.082	0.25	0	1	8041
16.1	0.25	0	1	8050
16.116	0.25	0	1	8058
16.132	0.25	1	2	8066
16.148	0.25	1	2	8074
16.166	0.25	1	2	8083
16.182	0.25	1	2	8091
16.2	0.25	0	1	8100
16.216	0.25	0	1	8108
16.232	0.25	0	1	8116
16.25	0.25	0	1	8125
16.266	0.25	0	1	8133
16.282	0.25	0	1	8141
16.3	0.25	0	1	8150
16.316	0.25	0	1	8158
16.332	0.25	0	1	8166
16.35	0.25	0	1	8175
16.366	0.25	0	1	8183
16.382	0.25	0	1	8191
16.4	0.25	0	1	8200
16.416	0.25	0	1	8208
16.432	0.25	0	1	8216
16.45	0.25	0	1	8225
16.466	0.25	0	1	8233
16.482	0.25	0	1	8241
16.5	0.25	0	1	8250
16.516	0.25	0	1	8258
16.532	0.25	0	1	8266
16.55	0.25	0	1	8275
16.566	0.25	1	2	8283
16.582	0.25	1	2	8291
16.6	0.25	1	2	8300
16.616	0.25	1	2	8308
16.632	0.25	0	1	8316
16.65	0.25	0	1	8325
16.666	0.25	0	1	8333
16.682	0.25	0	1	8341
18.166	0.25	0	1	9083
18.182	0.25	0	1	9091
18.2	0.25	0	1	9100
18.216	0.25	0	1	9108
18.232	0.25	0	1	9116
18.25	0.25	0	1	9125
18.266	0.25	0	1	9133
18.282	0.25	0	1	9141
18.3	0.25	0	1	9150
18.316	0.25	0	1	9158
18.332	0.25	0	1	9166
18.35	0.25	0	1	9175
18.366	0.25	0	1	9183
18.382	0.25	0	1	9191
18.4	0.25	0	1	9200
18.416	0.25	0	1	9208
18.432	0.25	0	1	9216
18.45	0.25	0	1	9225
18.466	0.25	0	1	9233
18.482	0.25	0	1	9241
18.5	0.25	0	1	9250
18.516	0.25	0	1	9258
18.532	0.25	0	1	9266
18.55	0.25	1	2	9275
18.566	0.25	1	2	9283
18.582	0.25	1	2	9291
18.6	0.25	1	2	9300
18.616	0.25	0	1	9308
18.632	0.25	0	1	9316
18.65	0.25	0	1	9325
18.666	0.25	0	1	9333
18.682	0.25	0	1	9341
18.7	0.25	0	1	9350
18.716	0.25	0	1	9358
18.732	0.25	0	1	9366
18.75	0.25	0	1	9375
18.766	0.25	0	1	9383
18.782	0.25	0	1	9391
18.8	0.25	0	1	9400
18.816	0.25	0	1	9408
18.832	0.25	0	1	9416
18.85	0.25	0	1	9425
18.866	0.25	0	1	9433
18.882	0.25	0	1	9441
18.9	0.25	0	1	9450
18.916	0.25	0	1	9458
18.932	0.25	1	2	9466
18.95	0.25	1	2	9475
18.966	0.25	1	2	9483
18.982	0.25	1	2	9491
19.0	0.25	0	1	9500
19.016	0.25	0	1	9508
19.032	0.25	0	1	9516
19.05	0.25	0	1	9525
19.066	0.25	0	1	9533
19.082	0.25	0	1	9541
19.1	0.25	0	1	9550
19.116	0.25	0	1	9558
19.132	0.25	0	1	9566
19.15	0.25	0	1	9575
19.166	0.25	0	1	9583
19.182	0.25	0	1	9591
19.2	0.25	0	1	9600
19.216	0.25	0	1	9608
19.232	0.25	1	2	9616
19.25	0.25	1	2	9625
19.266	0.25	1	2	9633
19.282	0.25	1	2	9641
19.3	0.25	0	1	9650
19.316	0.25	0	1	9658
19.332	0.25	0	1	9666
19.35	0.25	0	1	9675
19.366	0.25	0	1	9683
19.382	0.25	0	1	9691
19.4	0.25	0	1	9700
19.416	0.25	0	1	9708
19.432	0.25	0	1	9716
19.45	0.25	0	1	9725
19.466	0.25	0	1	9733
19.482	0.25	0	1	9741
19.5	0.25	0	1	9750
19.516	0.25	1	2	9758
19.532	0.25	1	2	9766
19.55	0.25	1	2	9775
19.566	0.25	1	2	9783
19.582	0.25	0	1	9791
19.6	0.25	0	1	9800
19.616	0.25	0	1	9808
19.632	0.25	0	1	9816
19.65	0.25	0	1	9825
19.666	0.25	0	1	9833
19.682	0.25	0	1	9841
19.7	0.25	0	1	9850
19.716	0.25	0	1	9858
19.732	0.25	0	1	9866
19.75	0.25	0	1	9875
19.766	0.25	0	1	9883
19.782	0.25	0	1	9891
19.8	0.25	0	1	9900
19.816	0.25	0	1	9908
19.832	0.25	0	1	9916
19.85	0.25	1	2	9925
19.866	0.25	1	2	9933
19.882	0.25	1	2	9941
19.9	0.25	1	2	9950
19.916	0.25	0	1	9958
19.932	0.25	0	1	9966
19.95	0.25	0	1	9975
19.966	0.25	0	1	9983
19.982	0.25	0	1	9991
20.0	0.25	0	1	10000
20.016	0.25	0	1	10008
20.032	0.25	0	1	10016
20.05	0.25	0	1	10025
20.066	0.25	0	1	10033
20.082	0.25	0	1	10041
20.1	0.25	0	1	10050
24.366	0.25	0	1	12183
24.382	0.25	1	2	12191
24.4	0.25	1	2	12200
24.416	0.25	1	2	12208
24.432	0.25	1	2	12216
24.45	0.25	0	1	12225
24.466	0.25	0	1	12233
24.482	0.25	0	1	12241
24.5	0.25	0	1	12250
24.516	0.25	0	1	12258
24.532	0.25	0	1	12266
24.55	0.25	0	1	12275
24.566	0.25	0	1	12283
24.582	0.25	0	1	12291
24.6	0.25	0	1	12300
24.616	0.25	0	1	12308
24.632	0.25	0	1	12316
24.65	0.25	0	1	12325
24.666	0.25	0	1	12333
24.682	0.25	0	1	12341
24.7	0.25	0	1	12350
24.716	0.25	0	1	12358
24.732	0.25	0	1	12366
24.75	0.25	0	1	12375
24.766	0.25	0	1	12383
24.782	0.25	0	1	12391
24.8	0.25	0	1	12400
24.816	0.25	0	1	12408
24.832	0.25	0	1	12416
24.85	0.25	0	1	12425
24.866	0.25	1	2	12433
24.882	0.25	1	2	12441
24.9	0.25	1	2	12450
24.916	0.25	1	2	12458
24.932	0.25	0	1	12466
24.95	0.25	0	1	12475
24.966	0.25	0	1	12483
24.982	0.25	0	1	12491
25.0	0.25	0	1	12500
25.016	0.25	0	1	12508
25.032	0.25	0	1	12516
25.05	0.25	0	1	12525
25.066	0.25	0	1	12533
25.082	0.25	0	1	12541
25.1	0.25	0	1	12550
25.116	0.25	0	1	12558
25.132	0.25	0	1	12566
25.15	0.25	0	1	12575
25.166	0.25	0	1	12583
25.182	0.25	0	1	12591
25.2	0.25	0	1	12600
25.216	0.25	0	1	12608
25.232	0.25	0	1	12616
25.25	0.25	0	1	12625
25.266	0.25	0	1	12633
25.282	0.25	0	1	12641
25.3	0.25	0	1	12650
25.316	0.25	0	1	12658
25.332	0.25	1	2	12666
25.35	0.25	1	2	12675
25.366	0.25	1	2	12683
25.382	0.25	1	2	12691
25.4	0.25	0	1	12700
25.416	0.25	0	1	12708
25.432	0.25	0	1	12716
25.45	0.25	0	1	12725
25.466	0.25	0	1	12733
25.482	0.25	0	1	12741
25.5	0.25	0	1	12750
25.516	0.25	0	1	12758
25.532	0.25	0	1	12766
25.55	0.25	0	1	12775
25.566	0.25	0	1	12783
25.582	0.25	0	1	12791
25.6	0.25	0	1	12800
25.616	0.25	0	1	12808
25.632	0.25	0	1	12816
25.65	0.25	0	1	12825
25.666	0.25	0	1	12833
25.682	0.25	0	1	12841
25.7	0.25	0	1	12850
25.716	0.25	0	1	12858
25.732	0.25	0	1	12866
25.75	0.25	1	2	12875
25.766	0.25	1	2	12883
25.782	0.25	1	2	12891
25.8	0.25	1	2	12900
25.816	0.25	0	1	12908
25.832	0.25	0	1	12916
25.85	0.25	0	1	12925
25.866	0.25	0	1	12933
25.882	0.25	0	1	12941
25.9	0.25	0	1	12950
25.916	0.25	0	1	12958
25.932	0.25	0	1	12966
25.95	0.25	0	1	12975
25.966	0.25	0	1	12983
25.982	0.25	0	1	12991
26.0	0.25	0	1	13000
26.016	0.25	0	1	13008
26.032	0.25	0	1	13016
26.05	0.25	0	1	13025
26.066	0.25	0	1	13033
26.082	0.25	0	1	13041
26.1	0.25	0	1	13050
26.116	0.25	0	1	13058
26.132	0.25	0	1	13066
26.15	0.25	0	1	13075
26.166	0.25	0	1	13083
26.182	0.25	1	2	13091
26.2	0.25	1	2	13100
26.216	0.25	1	2	13108
26.232	0.25	1	2	13116
26.25	0.25	0	1	13125
26.266	0.25	0	1	13133
26.282	0.25	0	1	13141
26.3	0.25	0	1	13150
27.782	0.25	0	1	13891
27.8	0.25	0	1	13900
27.816	0.25	0	1	13908
27.832	0.25	0	1	13916
27.85	0.25	0	1	13925
27.866	0.25	0	1	13933
27.882	0.25	0	1	13941
27.9	0.25	0	1	13950
27.916	0.25	0	1	13958
27.932	0.25	0	1	13966
27.95	0.25	0	1	13975
27.966	0.25	0	1	13983
27.982	0.25	0	1	13991
28.0	0.25	0	1	14000
28.016	0.25	0	1	14008
28.032	0.25	0	1	14016
28.05	0.25	0	1	14025
28.066	0.25	0	1	14033
28.082	0.25	0	1	14041
28.1	0.25	0	1	14050
28.116	0.25	0	1	14058
28.132	0.25	0	1	14066
28.15	0.25	0	1	14075
28.166	0.25	1	2	14083
28.182	0.25	1	2	14091
28.2	0.25	1	2	14100
28.216	0.25	1	2	14108
28.232	0.25	0	1	14116
28.25	0.25	0	1	14125
28.266	0.25	0	1	14133
28.282	0.25	0	1	14141
28.3	0.25	0	1	14150
28.316	0.25	0	1	14158
28.332	0.25	0	1	14166
28.35	0.25	0	1	14175
28.366	0.25	0	1	14183
28.382	0.25	0	1	14191
28.4	0.25	0	1	14200
28.416	0.25	0	1	14208
28.432	0.25	0	1	14216
28.45	0.25	0	1	14225
28.466	0.25	0	1	14233
28.482	0.25	0	1	14241
28.5	0.25	0	1	14250
28.516	0.25	0	1	14258
28.532	0.25	0	1	14266
28.55	0.25	1	2	14275
28.566	0.25	1	2	14283
28.582	0.25	1	2	14291
28.6	0.25	1	2	14300
28.616	0.25	0	1	14308
28.632	0.25	0	1	14316
28.65	0.25	0	1	14325
28.666	0.25	0	1	14333
28.682	0.25	0	1	14341
28.7	0.25	0	1	14350
28.716	0.25	0	1	14358
28.732	0.25	0	1	14366
28.75	0.25	0	1	14375
28.766	0.25	0	1	14383
28.782	0.25	0	1	14391
28.8	0.25	0	1	14400
28.816	0.25	0	1	14408
28.832	0.25	0	1	14416
28.85	0.25	1	2	14425
28.866	0.25	1	2	14433
28.882	0.25	1	2	14441
28.9	0.25	1	2	14450
28.916	0.25	0	1	14458
28.932	0.25	0	1	14466
28.95	0.25	0	1	14475
28.966	0.25	0	1	14483
28.982	0.25	0	1	14491
29.0	0.25	0	1	14500
29.016	0.25	0	1	14508
29.032	0.25	0	1	14516
29.05	0.25	0	1	14525
29.066	0.25	0	1	14533
29.082	0.25	0	1	14541
29.1	0.25	0	1	14550
29.116	0.25	0	1	14558
29.132	0.25	1	2	14566
29.15	0.25	1	2	14575
29.166	0.25	1	2	14583
29.182	0.25	1	2	14591
29.2	0.25	0	1	14600
29.216	0.25	0	1	14608
29.232	0.25	0	1	14616
29.25	0.25	0	1	14625
29.266	0.25	0	1	14633
29.282	0.25	0	1	14641
29.3	0.25	0	1	14650
29.316	0.25	0	1	14658
29.332	0.25	0	1	14666
29.35	0.25	0	1	14675
29.366	0.25	0	1	14683
29.382	0.25	0	1	14691
29.4	0.25	0	1	14700
29.416	0.25	0	1	14708
29.432	0.25	0	1	14716
29.45	0.25	0	1	14725
29.466	0.25	1	2	14733
29.482	0.25	1	2	14741
29.5	0.25	1	2	14750
29.516	0.25	1	2	14758
29.532	0.25	0	1	14766
29.55	0.25	0	1	14775
29.566	0.25	0	1	14783
29.582	0.25	0	1	14791
29.6	0.25	0	1	14800
29.616	0.25	0	1	14808
29.632	0.25	0	1	14816
29.65	0.25	0	1	14825
29.666	0.25	0	1	14833
29.682	0.25	0	1	14841
29.7	0.25	0	1	14850
29.716	0.25	0	1	14858
31.2	0.25	0	1	15600
31.216	0.25	0	1	15608
31.232	0.25	0	1	15616
31.25	0.25	0	1	15625
31.266	0.25	0	1	15633
31.282	0.25	0	1	15641
31.3	0.25	0	1	15650
31.316	0.25	0	1	15658
31.332	0.25	0	1	15666
31.35	0.25	0	1	15675
31.366	0.25	0	1	15683
31.382	0.25	0	1	15691
31.4	0.25	0	1	15700
31.416	0.25	0	1	15708
31.432	0.25	0	1	15716
31.45	0.25	1	2	15725
31.466	0.25	1	2	15733
31.482	0.25	1	2	15741
31.5	0.25	1	2	15750
31.516	0.25	0	1	15758
31.532	0.25	0	1	15766
31.55	0.25	0	1	15775
31.566	0.25	0	1	15783
31.582	0.25	0	1	15791
31.6	0.25	0	1	15800
31.616	0.25	0	1	15808
31.632	0.25	0	1	15816
31.65	0.25	0	1	15825
31.666	0.25	0	1	15833
31.682	0.25	0	1	15841
31.7	0.25	0	1	15850
31.716	0.25	0	1	15858
31.732	0.25	0	1	15866
31.75	0.25	0	1	15875
31.766	0.25	0	1	15883
31.782	0.25	0	1	15891
31.8	0.25	0	1	15900
31.816	0.25	0	1	15908
31.832	0.25	0	1	15916
31.85	0.25	0	1	15925
31.866	0.25	0	1	15933
31.882	0.25	1	2	15941
31.9	0.25	1	2	15950
31.916	0.25	1	2	15958
31.932	0.25	1	2	15966
31.95	0.25	0	1	15975
31.966	0.25	0	1	15983
31.982	0.25	0	1	15991
32.0	0.25	0	1	16000
32.016	0.25	0	1	16008
32.032	0.25	0	1	16016
32.048	0.25	0	1	16024
32.066	0.25	0	1	16033
32.082	0.25	0	1	16041
32.1	0.25	0	1	16050
32.116	0.25	0	1	16058
32.132	0.25	0	1	16066
32.15	0.25	0	1	16075
32.166	0.25	0	1	16083
32.182	0.25	0	1	16091
32.2	0.25	0	1	16100
32.216	0.25	0	1	16108
32.232	0.25	0	1	16116
32.25	0.25	0	1	16125
32.266	0.25	0	1	16133
32.282	0.25	0	1	16141
32.298	0.25	0	1	16149
32.316	0.25	0	1	16158
32.332	0.25	0	1	16166
32.35	0.25	1	2	16175
32.366	0.25	1	2	16183
32.382	0.25	1	2	16191
32.4	0.25	1	2	16200
32.416	0.25	0	1	16208
32.432	0.25	0	1	16216
32.45	0.25	0	1	16225
32.466	0.25	0	1	16233
32.482	0.25	0	1	16241
32.5	0.25	0	1	16250
32.516	0.25	0	1	16258
32.532	0.25	0	1	16266
32.548	0.25	0	1	16274
32.566	0.25	0	1	16283
32.582	0.25	0	1	16291
32.6	0.25	0	1	16300
32.616	0.25	0	1	16308
32.632	0.25	0	1	16316
32.65	0.25	1	2	16325
32.666	0.25	1	2	16333
32.682	0.25	1	2	16341
32.7	0.25	1	2	16350
32.716	0.25	0	1	16358
32.732	0.25	0	1	16366
32.75	0.25	0	1	16375
32.766	0.25	0	1	16383
32.782	0.25	0	1	16391
32.8	0.25	0	1	16400
32.816	0.25	0	1	16408
32.832	0.25	0	1	16416
32.85	0.25	0	1	16425
32.866	0.25	0	1	16433
32.882	0.25	0	1	16441
32.9	0.25	0	1	16450
32.916	0.25	0	1	16458
32.932	0.25	0	1	16466
32.95	0.25	0	1	16475
32.966	0.25	0	1	16483
32.982	0.25	0	1	16491
33.0	0.25	0	1	16500
33.016	0.25	0	1	16508
33.032	0.25	0	1	16516
33.05	0.25	0	1	16525
33.066	0.25	0	1	16533
33.082	0.25	1	2	16541
33.1	0.25	1	2	16550
33.116	0.25	1	2	16558
33.132	0.25	1	2	16566
34.616	0.25	0	1	17308
34.632	0.25	0	1	17316
34.65	0.25	0	1	17325
34.666	0.25	0	1	17333
34.682	0.25	0	1	17341
34.7	0.25	0	1	17350
34.716	0.25	0	1	17358
34.732	0.25	0	1	17366
34.75	0.25	0	1	17375
34.766	0.25	0	1	17383
34.782	0.25	0	1	17391
34.8	0.25	0	1	17400
34.816	0.25	0	1	17408
34.832	0.25	0	1	17416
34.85	0.25	0	1	17425
34.866	0.25	0	1	17433
34.882	0.25	0	1	17441
34.9	0.25	0	1	17450
34.916	0.25	1	2	17458
34.932	0.25	1	2	17466
34.95	0.25	1	2	17475
34.966	0.25	1	2	17483
34.982	0.25	0	1	17491
35.0	0.25	0	1	17500
35.016	0.25	0	1	17508
35.032	0.25	0	1	17516
35.05	0.25	0	1	17525
35.066	0.25	0	1	17533
35.082	0.25	0	1	17541
35.1	0.25	0	1	17550
35.116	0.25	0	1	17558
35.132	0.25	0	1	17566
35.15	0.25	0	1	17575
35.166	0.25	0	1	17583
35.182	0.25	0	1	17591
35.2	0.25	0	1	17600
35.216	0.25	0	1	17608
35.232	0.25	0	1	17616
35.25	0.25	0	1	17625
35.266	0.25	0	1	17633
35.282	0.25	0	1	17641
35.3	0.25	0	1	17650
35.316	0.25	1	2	17658
35.332	0.25	1	2	17666
35.35	0.25	1	2	17675
35.366	0.25	1	2	17683
35.382	0.25	0	1	17691
35.4	0.25	0	1	17700
35.416	0.25	0	1	17708
35.432	0.25	0	1	17716
35.45	0.25	0	1	17725
35.466	0.25	0	1	17733
35.482	0.25	0	1	17741
35.5	0.25	0	1	17750
35.516	0.25	0	1	17758
35.532	0.25	0	1	17766
35.55	0.25	0	1	17775
35.566	0.25	0	1	17783
35.582	0.25	0	1	17791
35.6	0.25	1	2	17800
35.616	0.25	1	2	17808
35.632	0.25	1	2	17816
35.65	0.25	1	2	17825
35.666	0.25	0	1	17833
35.682	0.25	0	1	17841
35.7	0.25	0	1	17850
35.716	0.25	0	1	17858
35.732	0.25	0	1	17866
35.75	0.25	0	1	17875
35.766	0.25	0	1	17883
35.782	0.25	0	1	17891
35.8	0.25	0	1	17900
35.816	0.25	0	1	17908
35.832	0.25	0	1	17916
35.85	0.25	0	1	17925
35.866	0.25	0	1	17933
35.882	0.25	0	1	17941
35.9	0.25	0	1	17950
35.916	0.25	0	1	17958
35.932	0.25	0	1	17966
35.95	0.25	0	1	17975
35.966	0.25	1	2	17983
35.982	0.25	1	2	17991
36.0	0.25	1	2	18000
36.016	0.25	1	2	18008
36.032	0.25	0	1	18016
36.05	0.25	0	1	18025
36.066	0.25	0	1	18033
36.082	0.25	0	1	18041
36.1	0.25	0	1	18050
36.116	0.25	0	1	18058
36.132	0.25	0	1	18066
36.15	0.25	0	1	18075
36.166	0.25	0	1	18083
36.182	0.25	0	1	18091
36.2	0.25	0	1	18100
36.216	0.25	0	1	18108
36.232	0.25	0	1	18116
36.25	0.25	0	1	18125
36.266	0.25	0	1	18133
36.282	0.25	0	1	18141
36.3	0.25	0	1	18150
36.316	0.25	0	1	18158
36.332	0.25	0	1	18166
36.35	0.25	0	1	18175
36.366	0.25	0	1	18183
36.382	0.25	0	1	18191
36.4	0.25	0	1	18200
36.416	0.25	0	1	18208
36.432	0.25	1	2	18216
36.45	0.25	1	2	18225
36.466	0.25	1	2	18233
36.482	0.25	1	2	18241
36.5	0.25	0	1	18250
36.516	0.25	0	1	18258
36.532	0.25	0	1	18266
36.55	0.25	0	1	18275
39.566	0.25	0	1	19783
39.582	0.25	0	1	19791
39.6	0.25	0	1	19800
39.616	0.25	0	1	19808
39.632	0.25	0	1	19816
39.65	0.25	0	1	19825
39.666	0.25	0	1	19833
39.682	0.25	0	1	19841
39.7	0.25	0	1	19850
39.716	0.25	0	1	19858
39.732	0.25	0	1	19866
39.75	0.25	0	1	19875
39.766	0.25	0	1	19883
39.782	0.25	0	1	19891
39.8	0.25	0	1	19900
39.816	0.25	1	2	19908
39.832	0.25	1	2	19916
39.85	0.25	1	2	19925
39.866	0.25	1	2	19933
39.882	0.25	0	1	19941
39.9	0.25	0	1	19950
39.916	0.25	0	1	19958
39.932	0.25	0	1	19966
39.95	0.25	0	1	19975
39.966	0.25	0	1	19983
39.982	0.25	0	1	19991
40.0	0.25	0	1	20000
40.016	0.25	0	1	20008
40.032	0.25	0	1	20016
40.05	0.25	0	1	20025
40.066	0.25	0	1	20033
40.082	0.25	0	1	20041
40.1	0.25	0	1	20050
40.116	0.25	0	1	20058
40.132	0.25	0	1	20066
40.15	0.25	0	1	20075
40.166	0.25	0	1	20083
40.182	0.25	0	1	20091
40.2	0.25	0	1	20100
40.216	0.25	0	1	20108
40.232	0.25	0	1	20116
40.25	0.25	1	2	20125
40.266	0.25	1	2	20133
40.282	0.25	1	2	20141
40.3	0.25	1	2	20150
40.316	0.25	0	1	20158
40.332	0.25	0	1	20166
40.35	0.25	0	1	20175
40.366	0.25	0	1	20183
40.382	0.25	0	1	20191
40.4	0.25	0	1	20200
40.416	0.25	0	1	20208
40.432	0.25	0	1	20216
40.45	0.25	0	1	20225
40.466	0.25	0	1	20233
40.482	0.25	0	1	20241
40.5	0.25	0	1	20250
40.516	0.25	0	1	20258
40.532	0.25	0	1	20266
40.55	0.25	0	1	20275
40.566	0.25	0	1	20283
40.582	0.25	0	1	20291
40.6	0.25	0	1	20300
40.616	0.25	0	1	20308
40.632	0.25	0	1	20316
40.65	0.25	0	1	20325
40.666	0.25	0	1	20333
40.682	0.25	0	1	20341
40.7	0.25	0	1	20350
40.716	0.25	1	2	20358
40.732	0.25	1	2	20366
40.75	0.25	1	2	20375
40.766	0.25	1	2	20383
40.782	0.25	0	1	20391
40.8	0.25	0	1	20400
40.816	0.25	0	1	20408
40.832	0.25	0	1	20416
40.85	0.25	0	1	20425
40.866	0.25	0	1	20433
40.882	0.25	0	1	20441
40.9	0.25	0	1	20450
40.916	0.25	0	1	20458
40.932	0.25	0	1	20466
40.95	0.25	0	1	20475
40.966	0.25	0	1	20483
40.982	0.25	0	1	20491
41.0	0.25	0	1	20500
41.016	0.25	1	2	20508
41.032	0.25	1	2	20516
41.05	0.25	1	2	20525
41.066	0.25	1	2	20533
41.082	0.25	0	1	20541
41.1	0.25	0	1	20550
41.116	0.25	0	1	20558
41.132	0.25	0	1	20566
41.15	0.25	0	1	20575
41.166	0.25	0	1	20583
41.182	0.25	0	1	20591
41.2	0.25	0	1	20600
41.216	0.25	0	1	20608
41.232	0.25	0	1	20616
41.25	0.25	0	1	20625
41.266	0.25	0	1	20633
41.282	0.25	0	1	20641
41.3	0.25	0	1	20650
41.316	0.25	0	1	20658
41.332	0.25	0	1	20666
41.35	0.25	0	1	20675
41.366	0.25	0	1	20683
41.382	0.25	0	1	20691
41.4	0.25	0	1	20700
41.416	0.25	0	1	20708
41.432	0.25	0	1	20716
41.45	0.25	1	2	20725
41.466	0.25	1	2	20733
41.482	0.25	1	2	20741
41.5	0.25	1	2	20750
42.982	0.25	0	1	21491
43.0	0.25	0	1	21500
43.016	0.25	0	1	21508
43.032	0.25	0	1	21516
43.05	0.25	0	1	21525
43.066	0.25	0	1	21533
43.082	0.25	0	1	21541
43.1	0.25	0	1	21550
43.116	0.25	0	1	21558
43.132	0.25	0	1	21566
43.15	0.25	0	1	21575
43.166	0.25	0	1	21583
43.182	0.25	0	1	21591
43.2	0.25	0	1	21600
43.216	0.25	0	1	21608
43.232	0.25	0	1	21616
43.25	0.25	0	1	21625
43.266	0.25	0	1	21633
43.282	0.25	0	1	21641
43.3	0.25	0	1	21650
43.316	0.25	0	1	21658
43.332	0.25	0	1	21666
43.35	0.25	0	1	21675
43.366	0.25	1	2	21683
43.382	0.25	1	2	21691
43.4	0.25	1	2	21700
43.416	0.25	1	2	21708
43.432	0.25	0	1	21716
43.45	0.25	0	1	21725
43.466	0.25	0	1	21733
43.482	0.25	0	1	21741
43.5	0.25	0	1	21750
43.516	0.25	0	1	21758
43.532	0.25	0	1	21766
43.55	0.25	0	1	21775
43.566	0.25	0	1	21783
43.582	0.25	0	1	21791
43.6	0.25	0	1	21800
43.616	0.25	0	1	21808
43.632	0.25	0	1	21816
43.65	0.25	0	1	21825
43.666	0.25	0	1	21833
43.682	0.25	0	1	21841
43.7	0.25	0	1	21850
43.716	0.25	0	1	21858
43.732	0.25	0	1	21866
43.75	0.25	1	2	21875
43.766	0.25	1	2	21883
43.782	0.25	1	2	21891
43.8	0.25	1	2	21900
43.816	0.25	0	1	21908
43.832	0.25	0	1	21916
43.85	0.25	0	1	21925
43.866	0.25	0	1	21933
43.882	0.25	0	1	21941
43.9	0.25	0	1	21950
43.916	0.25	0	1	21958
43.932	0.25	0	1	21966
43.95	0.25	0	1	21975
43.966	0.25	0	1	21983
43.982	0.25	0	1	21991
44.0	0.25	0	1	22000
44.016	0.25	0	1	22008
44.032	0.25	0	1	22016
44.05	0.25	1	2	22025
44.066	0.25	1	2	22033
44.082	0.25	1	2	22041
44.1	0.25	1	2	22050
44.116	0.25	0	1	22058
44.132	0.25	0	1	22066
44.15	0.25	0	1	22075
44.166	0.25	0	1	22083
44.182	0.25	0	1	22091
44.2	0.25	0	1	22100
44.216	0.25	0	1	22108
44.232	0.25	0	1	22116
44.25	0.25	0	1	22125
44.266	0.25	0	1	22133
44.282	0.25	0	1	22141
44.3	0.25	0	1	22150
44.316	0.25	0	1	22158
44.332	0.25	1	2	22166
44.35	0.25	1	2	22175
44.366	0.25	1	2	22183
44.382	0.25	1	2	22191
44.4	0.25	0	1	22200
44.416	0.25	0	1	22208
44.432	0.25	0	1	22216
44.45	0.25	0	1	22225
44.466	0.25	0	1	22233
44.482	0.25	0	1	22241
44.5	0.25	0	1	22250
44.516	0.25	0	1	22258
44.532	0.25	0	1	22266
44.55	0.25	0	1	22275
44.566	0.25	0	1	22283
44.582	0.25	0	1	22291
44.6	0.25	0	1	22300
44.616	0.25	0	1	22308
44.632	0.25	0	1	22316
44.65	0.25	0	1	22325
44.666	0.25	1	2	22333
44.682	0.25	1	2	22341
44.7	0.25	1	2	22350
44.716	0.25	1	2	22358
44.732	0.25	0	1	22366
44.75	0.25	0	1	22375
44.766	0.25	0	1	22383
44.782	0.25	0	1	22391
44.8	0.25	0	1	22400
44.816	0.25	0	1	22408
44.832	0.25	0	1	22416
44.85	0.25	0	1	22425
44.866	0.25	0	1	22433
44.882	0.25	0	1	22441
44.9	0.25	0	1	22450
44.916	0.25	0	1	22458
46.4	0.25	0	1	23200
46.416	0.25	1	2	23208
46.432	0.25	1	2	23216
46.45	0.25	1	2	23225
46.466	0.25	1	2	23233
46.482	0.25	0	1	23241
46.5	0.25	0	1	23250
46.516	0.25	0	1	23258
46.532	0.25	0	1	23266
46.55	0.25	0	1	23275
46.566	0.25	0	1	23283
46.582	0.25	0	1	23291
46.6	0.25	0	1	23300
46.616	0.25	0	1	23308
46.632	0.25	0	1	23316
46.65	0.25	0	1	23325
46.666	0.25	0	1	23333
46.682	0.25	0	1	23341
46.7	0.25	0	1	23350
46.716	0.25	0	1	23358
46.732	0.25	0	1	23366
46.75	0.25	0	1	23375
46.766	0.25	0	1	23383
46.782	0.25	0	1	23391
46.8	0.25	0	1	23400
46.816	0.25	0	1	23408
46.832	0.25	0	1	23416
46.85	0.25	0	1	23425
46.866	0.25	0	1	23433
46.882	0.25	0	1	23441
46.9	0.25	1	2	23450
46.916	0.25	1	2	23458
46.932	0.25	1	2	23466
46.95	0.25	1	2	23475
46.966	0.25	0	1	23483
46.982	0.25	0	1	23491
47.0	0.25	0	1	23500
47.016	0.25	0	1	23508
47.032	0.25	0	1	23516
47.05	0.25	0	1	23525
47.066	0.25	0	1	23533
47.082	0.25	0	1	23541
47.1	0.25	0	1	23550
47.116	0.25	0	1	23558
47.132	0.25	0	1	23566
47.15	0.25	0	1	23575
47.166	0.25	0	1	23583
47.182	0.25	0	1	23591
47.2	0.25	0	1	23600
47.216	0.25	0	1	23608
47.232	0.25	0	1	23616
47.25	0.25	0	1	23625
47.266	0.25	0	1	23633
47.282	0.25	0	1	23641
47.3	0.25	0	1	23650
47.316	0.25	0	1	23658
47.332	0.25	0	1	23666
47.35	0.25	0	1	23675
47.366	0.25	1	2	23683
47.382	0.25	1	2	23691
47.4	0.25	1	2	23700
47.416	0.25	1	2	23708
47.432	0.25	0	1	23716
47.45	0.25	0	1	23725
47.466	0.25	0	1	23733
47.482	0.25	0	1	23741
47.5	0.25	0	1	23750
47.516	0.25	0	1	23758
47.532	0.25	0	1	23766
47.55	0.25	0	1	23775
47.566	0.25	0	1	23783
47.582	0.25	0	1	23791
47.6	0.25	0	1	23800
47.616	0.25	0	1	23808
47.632	0.25	0	1	23816
47.65	0.25	0	1	23825
47.666	0.25	0	1	23833
47.682	0.25	0	1	23841
47.7	0.25	0	1	23850
47.716	0.25	0	1	23858
47.732	0.25	0	1	23866
47.75	0.25	0	1	23875
47.766	0.25	0	1	23883
47.782	0.25	1	2	23891
47.8	0.25	1	2	23900
47.816	0.25	1	2	23908
47.832	0.25	1	2	23916
47.85	0.25	0	1	23925
47.866	0.25	0	1	23933
47.882	0.25	0	1	23941
47.9	0.25	0	1	23950
47.916	0.25	0	1	23958
47.932	0.25	0	1	23966
47.95	0.25	0	1	23975
47.966	0.25	0	1	23983
47.982	0.25	0	1	23991
48.0	0.25	0	1	24000
48.016	0.25	0	1	24008
48.032	0.25	0	1	24016
48.05	0.25	0	1	24025
48.066	0.25	0	1	24033
48.082	0.25	0	1	24041
48.1	0.25	0	1	24050
48.116	0.25	0	1	24058
48.132	0.25	0	1	24066
48.15	0.25	0	1	24075
48.166	0.25	0	1	24083
48.182	0.25	0	1	24091
48.2	0.25	0	1	24100
48.216	0.25	1	2	24108
48.232	0.25	1	2	24116
48.25	0.25	1	2	24125
48.266	0.25	1	2	24133
48.282	0.25	0	1	24141
48.3	0.25	0	1	24150
48.316	0.25	0	1	24158
48.332	0.25	0	1	24166
49.816	0.25	0	1	24908
49.832	0.25	0	1	24916
49.85	0.25	0	1	24925
49.866	0.25	0	1	24933
49.882	0.25	0	1	24941
49.9	0.25	0	1	24950
49.916	0.25	0	1	24958
49.932	0.25	0	1	24966
49.95	0.25	0	1	24975
49.966	0.25	0	1	24983
49.982	0.25	0	1	24991
50.0	0.25	0	1	25000
50.016	0.25	0	1	25008
50.032	0.25	0	1	25016
50.05	0.25	0	1	25025
50.066	0.25	0	1	25033
50.082	0.25	0	1	25041
50.1	0.25	0	1	25050
50.116	0.25	1	2	25058
50.132	0.25	1	2	25066
50.15	0.25	1	2	25075
50.166	0.25	1	2	25083
50.182	0.25	0	1	25091
50.2	0.25	0	1	25100
50.216	0.25	0	1	25108
50.232	0.25	0	1	25116
50.25	0.25	0	1	25125
50.266	0.25	0	1	25133
50.282	0.25	0	1	25141
50.3	0.25	0	1	25150
50.316	0.25	0	1	25158
50.332	0.25	0	1	25166
50.35	0.25	0	1	25175
50.366	0.25	0	1	25183
50.382	0.25	0	1	25191
50.4	0.25	0	1	25200
50.416	0.25	0	1	25208
50.432	0.25	0	1	25216
50.45	0.25	0	1	25225
50.466	0.25	0	1	25233
50.482	0.25	0	1	25241
50.5	0.25	0	1	25250
50.516	0.25	1	2	25258
50.532	0.25	1	2	25266
50.55	0.25	1	2	25275
50.566	0.25	1	2	25283
50.582	0.25	0	1	25291
50.6	0.25	0	1	25300
50.616	0.25	0	1	25308
50.632	0.25	0	1	25316
50.65	0.25	0	1	25325
50.666	0.25	0	1	25333
50.682	0.25	0	1	25341
50.7	0.25	0	1	25350
50.716	0.25	0	1	25358
50.732	0.25	0	1	25366
50.75	0.25	0	1	25375
50.766	0.25	0	1	25383
50.782	0.25	0	1	25391
50.8	0.25	1	2	25400
50.816	0.25	1	2	25408
50.832	0.25	1	2	25416
50.85	0.25	1	2	25425
50.866	0.25	0	1	25433
50.882	0.25	0	1	25441
50.9	0.25	0	1	25450
50.916	0.25	0	1	25458
50.932	0.25	0	1	25466
50.95	0.25	0	1	25475
50.966	0.25	0	1	25483
50.982	0.25	0	1	25491
51.0	0.25	0	1	25500
51.016	0.25	0	1	25508
51.032	0.25	0	1	25516
51.05	0.25	0	1	25525
51.066	0.25	0	1	25533
51.082	0.25	0	1	25541
51.1	0.25	0	1	25550
51.116	0.25	0	1	25558
51.132	0.25	0	1	25566
51.15	0.25	0	1	25575
51.166	0.25	1	2	25583
51.182	0.25	1	2	25591
51.2	0.25	1	2	25600
51.216	0.25	1	2	25608
51.232	0.25	0	1	25616
51.25	0.25	0	1	25625
51.266	0.25	0	1	25633
51.282	0.25	0	1	25641
51.3	0.25	0	1	25650
51.316	0.25	0	1	25658
51.332	0.25	0	1	25666
51.35	0.25	0	1	25675
51.366	0.25	0	1	25683
51.382	0.25	0	1	25691
51.4	0.25	0	1	25700
51.416	0.25	0	1	25708
51.432	0.25	0	1	25716
51.45	0.25	0	1	25725
51.466	0.25	0	1	25733
51.482	0.25	0	1	25741
51.5	0.25	0	1	25750
51.516	0.25	0	1	25758
51.532	0.25	0	1	25766
51.55	0.25	0	1	25775
51.566	0.25	0	1	25783
51.582	0.25	0	1	25791
51.6	0.25	0	1	25800
51.616	0.25	0	1	25808
51.632	0.25	1	2	25816
51.65	0.25	1	2	25825
51.666	0.25	1	2	25833
51.682	0.25	1	2	25841
51.7	0.25	0	1	25850
51.716	0.25	0	1	25858
51.732	0.25	0	1	25866
51.75	0.25	0	1	25875
54.4	0.25	0	1	27200
54.416	0.25	0	1	27208
54.432	0.25	0	1	27216
54.45	0.25	0	1	27225
54.466	0.25	0	1	27233
54.482	0.25	0	1	27241
54.5	0.25	0	1	27250
54.516	0.25	0	1	27258
54.532	0.25	0	1	27266
54.55	0.25	0	1	27275
54.566	0.25	0	1	27283
54.582	0.25	0	1	27291
54.6	0.25	0	1	27300
54.616	0.25	0	1	27308
54.632	0.25	0	1	27316
54.65	0.25	0	1	27325
54.666	0.25	0	1	27333
54.682	0.25	0	1	27341
54.7	0.25	0	1	27350
54.716	0.25	0	1	27358
54.732	0.25	0	1	27366
54.75	0.25	0	1	27375
54.766	0.25	0	1	27383
54.782	0.25	1	2	27391
54.8	0.25	1	2	27400
54.816	0.25	1	2	27408
54.832	0.25	1	2	27416
54.85	0.25	0	1	27425
54.866	0.25	0	1	27433
54.882	0.25	0	1	27441
54.9	0.25	0	1	27450
54.916	0.25	0	1	27458
54.932	0.25	0	1	27466
54.95	0.25	0	1	27475
54.966	0.25	0	1	27483
54.982	0.25	0	1	27491
55.0	0.25	0	1	27500
55.016	0.25	0	1	27508
55.032	0.25	0	1	27516
55.05	0.25	0	1	27525
55.066	0.25	0	1	27533
55.082	0.25	0	1	27541
55.1	0.25	0	1	27550
55.116	0.25	0	1	27558
55.132	0.25	0	1	27566
55.15	0.25	0	1	27575
55.166	0.25	1	2	27583
55.182	0.25	1	2	27591
55.2	0.25	1	2	27600
55.216	0.25	1	2	27608
55.232	0.25	0	1	27616
55.25	0.25	0	1	27625
55.266	0.25	0	1	27633
55.282	0.25	0	1	27641
55.3	0.25	0	1	27650
55.316	0.25	0	1	27658
55.332	0.25	0	1	27666
55.35	0.25	0	1	27675
55.366	0.25	0	1	27683
55.382	0.25	0	1	27691
55.4	0.25	0	1	27700
55.416	0.25	0	1	27708
55.432	0.25	0	1	27716
55.45	0.25	0	1	27725
55.466	0.25	1	2	27733
55.482	0.25	1	2	27741
55.5	0.25	1	2	27750
55.516	0.25	1	2	27758
55.532	0.25	0	1	27766
55.55	0.25	0	1	27775
55.566	0.25	0	1	27783
55.582	0.25	0	1	27791
55.6	0.25	0	1	27800
55.616	0.25	0	1	27808
55.632	0.25	0	1	27816
55.65	0.25	0	1	27825
55.666	0.25	0	1	27833
55.682	0.25	0	1	27841
55.7	0.25	0	1	27850
55.716	0.25	0	1	27858
55.732	0.25	0	1	27866
55.75	0.25	1	2	27875
55.766	0.25	1	2	27883
55.782	0.25	1	2	27891
55.8	0.25	1	2	27900
55.816	0.25	0	1	27908
55.832	0.25	0	1	27916
55.85	0.25	0	1	27925
55.866	0.25	0	1	27933
55.882	0.25	0	1	27941
55.9	0.25	0	1	27950
55.916	0.25	0	1	27958
55.932	0.25	0	1	27966
55.95	0.25	0	1	27975
55.966	0.25	0	1	27983
55.982	0.25	0	1	27991
56.0	0.25	0	1	28000
56.016	0.25	0	1	28008
56.032	0.25	0	1	28016
56.05	0.25	0	1	28025
56.066	0.25	0	1	28033
56.082	0.25	1	2	28041
56.1	0.25	1	2	28050
56.116	0.25	1	2	28058
56.132	0.25	1	2	28066
56.15	0.25	0	1	28075
56.166	0.25	0	1	28083
56.182	0.25	0	1	28091
56.2	0.25	0	1	28100
56.216	0.25	0	1	28108
56.232	0.25	0	1	28116
56.25	0.25	0	1	28125
56.266	0.25	0	1	28133
56.282	0.25	0	1	28141
56.3	0.25	0	1	28150
56.316	0.25	0	1	28158
56.332	0.25	0	1	28166
57.816	0.25	0	1	28908
57.832	0.25	0	1	28916
57.85	0.25	0	1	28925
57.866	0.25	0	1	28933
57.882	0.25	0	1	28941
57.9	0.25	0	1	28950
57.916	0.25	0	1	28958
57.932	0.25	0	1	28966
57.95	0.25	0	1	28975
57.966	0.25	0	1	28983
57.982	0.25	0	1	28991
58.0	0.25	0	1	29000
58.016	0.25	0	1	29008
58.032	0.25	0	1	29016
58.05	0.25	0	1	29025
58.066	0.25	0	1	29033
58.082	0.25	0	1	29041
58.1	0.25	0	1	29050
58.116	0.25	1	2	29058
58.132	0.25	1	2	29066
58.15	0.25	1	2	29075
58.166	0.25	1	2	29083
58.182	0.25	0	1	29091
58.2	0.25	0	1	29100
58.216	0.25	0	1	29108
58.232	0.25	0	1	29116
58.25	0.25	0	1	29125
58.266	0.25	0	1	29133
58.282	0.25	0	1	29141
58.3	0.25	0	1	29150
58.316	0.25	0	1	29158
58.332	0.25	0	1	29166
58.35	0.25	0	1	29175
58.366	0.25	0	1	29183
58.382	0.25	0	1	29191
58.4	0.25	0	1	29200
58.416	0.25	0	1	29208
58.432	0.25	0	1	29216
58.45	0.25	0	1	29225
58.466	0.25	0	1	29233
58.482	0.25	0	1	29241
58.5	0.25	0	1	29250
58.516	0.25	1	2	29258
58.532	0.25	1	2	29266
58.55	0.25	1	2	29275
58.566	0.25	1	2	29283
58.582	0.25	0	1	29291
58.6	0.25	0	1	29300
58.616	0.25	0	1	29308
58.632	0.25	0	1	29316
58.65	0.25	0	1	29325
58.666	0.25	0	1	29333
58.682	0.25	0	1	29341
58.7	0.25	0	1	29350
58.716	0.25	0	1	29358
58.732	0.25	0	1	29366
58.75	0.25	0	1	29375
58.766	0.25	0	1	29383
58.782	0.25	0	1	29391
58.8	0.25	1	2	29400
58.816	0.25	1	2	29408
58.832	0.25	1	2	29416
58.85	0.25	1	2	29425
58.866	0.25	0	1	29433
58.882	0.25	0	1	29441
58.9	0.25	0	1	29450
58.916	0.25	0	1	29458
58.932	0.25	0	1	29466
58.95	0.25	0	1	29475
58.966	0.25	0	1	29483
58.982	0.25	0	1	29491
59.0	0.25	0	1	29500
59.016	0.25	0	1	29508
59.032	0.25	0	1	29516
59.05	0.25	0	1	29525
59.066	0.25	0	1	29533
59.082	0.25	0	1	29541
59.1	0.25	0	1	29550
59.116	0.25	0	1	29558
59.132	0.25	0	1	29566
59.15	0.25	0	1	29575
59.166	0.25	1	2	29583
59.182	0.25	1	2	29591
59.2	0.25	1	2	29600
59.216	0.25	1	2	29608
59.232	0.25	0	1	29616
59.25	0.25	0	1	29625
59.266	0.25	0	1	29633
59.282	0.25	0	1	29641
59.3	0.25	0	1	29650
59.316	0.25	0	1	29658
59.332	0.25	0	1	29666
59.35	0.25	0	1	29675
59.366	0.25	0	1	29683
59.382	0.25	0	1	29691
59.4	0.25	0	1	29700
59.416	0.25	0	1	29708
59.432	0.25	0	1	29716
59.45	0.25	0	1	29725
59.466	0.25	0	1	29733
59.482	0.25	0	1	29741
59.5	0.25	0	1	29750
59.516	0.25	0	1	29758
59.532	0.25	0	1	29766
59.55	0.25	0	1	29775
59.566	0.25	0	1	29783
59.582	0.25	0	1	29791
59.6	0.25	0	1	29800
59.616	0.25	0	1	29808
59.632	0.25	1	2	29816
59.65	0.25	1	2	29825
59.666	0.25	1	2	29833
59.682	0.25	1	2	29841
59.7	0.25	0	1	29850
59.716	0.25	0	1	29858
59.732	0.25	0	1	29866
59.75	0.25	0	1	29875
61.232	0.25	0	1	30616
61.25	0.25	1	2	30625
61.266	0.25	1	2	30633
61.282	0.25	1	2	30641
61.3	0.25	1	2	30650
61.316	0.25	0	1	30658
61.332	0.25	0	1	30666
61.35	0.25	0	1	30675
61.366	0.25	0	1	30683
61.382	0.25	0	1	30691
61.4	0.25	0	1	30700
61.416	0.25	0	1	30708
61.432	0.25	0	1	30716
61.45	0.25	0	1	30725
61.466	0.25	0	1	30733
61.482	0.25	0	1	30741
61.5	0.25	0	1	30750
61.516	0.25	0	1	30758
61.532	0.25	0	1	30766
61.55	0.25	0	1	30775
61.566	0.25	0	1	30783
61.582	0.25	0	1	30791
61.6	0.25	0	1	30800
61.616	0.25	0	1	30808
61.632	0.25	0	1	30816
61.65	0.25	0	1	30825
61.666	0.25	0	1	30833
61.682	0.25	0	1	30841
61.7	0.25	0	1	30850
61.716	0.25	0	1	30858
61.732	0.25	1	2	30866
61.75	0.25	1	2	30875
61.766	0.25	1	2	30883
61.782	0.25	1	2	30891
61.8	0.25	0	1	30900
61.816	0.25	0	1	30908
61.832	0.25	0	1	30916
61.85	0.25	0	1	30925
61.866	0.25	0	1	30933
61.882	0.25	0	1	30941
61.9	0.25	0	1	30950
61.916	0.25	0	1	30958
61.932	0.25	0	1	30966
61.95	0.25	0	1	30975
61.966	0.25	0	1	30983
61.982	0.25	0	1	30991
62.0	0.25	0	1	31000
62.016	0.25	0	1	31008
62.032	0.25	0	1	31016
62.05	0.25	0	1	31025
62.066	0.25	0	1	31033
62.082	0.25	0	1	31041
62.1	0.25	0	1	31050
62.116	0.25	0	1	31058
62.132	0.25	0	1	31066
62.15	0.25	0	1	31075
62.166	0.25	0	1	31083
62.182	0.25	0	1	31091
62.2	0.25	1	2	31100
62.216	0.25	1	2	31108
62.232	0.25	1	2	31116
62.25	0.25	1	2	31125
62.266	0.25	0	1	31133
62.282	0.25	0	1	31141
62.3	0.25	0	1	31150
62.316	0.25	0	1	31158
62.332	0.25	0	1	31166
62.35	0.25	0	1	31175
62.366	0.25	0	1	31183
62.382	0.25	0	1	31191
62.4	0.25	0	1	31200
62.416	0.25	0	1	31208
62.432	0.25	0	1	31216
62.45	0.25	0	1	31225
62.466	0.25	0	1	31233
62.482	0.25	0	1	31241
62.5	0.25	0	1	31250
62.516	0.25	0	1	31258
62.532	0.25	0	1	31266
62.55	0.25	0	1	31275
62.566	0.25	0	1	31283
62.582	0.25	0	1	31291
62.6	0.25	0	1	31300
62.616	0.25	1	2	31308
62.632	0.25	1	2	31316
62.65	0.25	1	2	31325
62.666	0.25	1	2	31333
62.682	0.25	0	1	31341
62.7	0.25	0	1	31350
62.716	0.25	0	1	31358
62.732	0.25	0	1	31366
62.75	0.25	0	1	31375
62.766	0.25	0	1	31383
62.782	0.25	0	1	31391
62.8	0.25	0	1	31400
62.816	0.25	0	1	31408
62.832	0.25	0	1	31416
62.85	0.25	0	1	31425
62.866	0.25	0	1	31433
62.882	0.25	0	1	31441
62.9	0.25	0	1	31450
62.916	0.25	0	1	31458
62.932	0.25	0	1	31466
62.95	0.25	0	1	31475
62.966	0.25	0	1	31483
62.982	0.25	0	1	31491
63.0	0.25	0	1	31500
63.016	0.25	0	1	31508
63.032	0.25	0	1	31516
63.05	0.25	1	2	31525
63.066	0.25	1	2	31533
63.082	0.25	1	2	31541
63.1	0.25	1	2	31550
63.116	0.25	0	1	31558
63.132	0.25	0	1	31566
63.15	0.25	0	1	31575
63.166	0.25	0	1	31583
64.65	0.25	0	1	32325
64.666	0.25	0	1	32333
64.682	0.25	0	1	32341
64.7	0.25	0	1	32350
64.716	0.25	0	1	32358
64.732	0.25	0	1	32366
64.75	0.25	0	1	32375
64.766	0.25	0	1	32383
64.782	0.25	0	1	32391
64.8	0.25	0	1	32400
64.816	0.25	0	1	32408
64.832	0.25	0	1	32416
64.848	0.25	0	1	32424
64.866	0.25	0	1	32433
64.882	0.25	0	1	32441
64.9	0.25	1	2	32450
64.916	0.25	1	2	32458
64.932	0.25	1	2	32466
64.95	0.25	1	2	32475
64.966	0.25	0	1	32483
64.982	0.25	0	1	32491
65.0	0.25	0	1	32500
65.016	0.25	0	1	32508
65.032	0.25	0	1	32516
65.05	0.25	0	1	32525
65.066	0.25	0	1	32533
65.082	0.25	0	1	32541
65.098	0.25	0	1	32549
65.116	0.25	0	1	32558
65.132	0.25	0	1	32566
65.15	0.25	0	1	32575
65.166	0.25	0	1	32583
65.182	0.25	0	1	32591
65.2	0.25	0	1	32600
65.216	0.25	0	1	32608
65.232	0.25	0	1	32616
65.25	0.25	0	1	32625
65.266	0.25	0	1	32633
65.282	0.25	0	1	32641
65.3	0.25	0	1	32650
65.316	0.25	0	1	32658
65.332	0.25	1	2	32666
65.348	0.25	1	2	32674
65.366	0.25	1	2	32683
65.382	0.25	1	2	32691
65.4	0.25	0	1	32700
65.416	0.25	0	1	32708
65.432	0.25	0	1	32716
65.45	0.25	0	1	32725
65.466	0.25	0	1	32733
65.482	0.25	0	1	32741
65.5	0.25	0	1	32750
65.516	0.25	0	1	32758
65.532	0.25	0	1	32766
65.55	0.25	0	1	32775
65.566	0.25	0	1	32783
65.582	0.25	0	1	32791
65.6	0.25	0	1	32800
65.616	0.25	0	1	32808
65.632	0.25	0	1	32816
65.65	0.25	0	1	32825
65.666	0.25	0	1	32833
65.682	0.25	0	1	32841
65.7	0.25	0	1	32850
65.716	0.25	0	1	32858
65.732	0.25	0	1	32866
65.75	0.25	0	1	32875
65.766	0.25	0	1	32883
65.782	0.25	0	1	32891
65.8	0.25	1	2	32900
65.816	0.25	1	2	32908
65.832	0.25	1	2	32916
65.85	0.25	1	2	32925
65.866	0.25	0	1	32933
65.882	0.25	0	1	32941
65.9	0.25	0	1	32950
65.916	0.25	0	1	32958
65.932	0.25	0	1	32966
65.95	0.25	0	1	32975
65.966	0.25	0	1	32983
65.982	0.25	0	1	32991
66.0	0.25	0	1	33000
66.016	0.25	0	1	33008
66.032	0.25	0	1	33016
66.05	0.25	0	1	33025
66.066	0.25	0	1	33033
66.082	0.25	0	1	33041
66.1	0.25	1	2	33050
66.116	0.25	1	2	33058
66.132	0.25	1	2	33066
66.15	0.25	1	2	33075
66.166	0.25	0	1	33083
66.182	0.25	0	1	33091
66.2	0.25	0	1	33100
66.216	0.25	0	1	33108
66.232	0.25	0	1	33116
66.25	0.25	0	1	33125
66.266	0.25	0	1	33133
66.282	0.25	0	1	33141
66.3	0.25	0	1	33150
66.316	0.25	0	1	33158
66.332	0.25	0	1	33166
66.35	0.25	0	1	33175
66.366	0.25	0	1	33183
66.382	0.25	0	1	33191
66.4	0.25	0	1	33200
66.416	0.25	0	1	33208
66.432	0.25	0	1	33216
66.45	0.25	0	1	33225
66.466	0.25	0	1	33233
66.482	0.25	0	1	33241
66.5	0.25	0	1	33250
66.516	0.25	0	1	33258
66.532	0.25	1	2	33266
66.55	0.25	1	2	33275
66.566	0.25	1	2	33283
66.582	0.25	1	2	33291
69.082	0.25	0	1	34541
69.1	0.25	0	1	34550
69.116	0.25	0	1	34558
69.132	0.25	0	1	34566
69.15	0.25	0	1	34575
69.166	0.25	0	1	34583
69.182	0.25	0	1	34591
69.2	0.25	0	1	34600
69.216	0.25	0	1	34608
69.232	0.25	0	1	34616
69.25	0.25	0	1	34625
69.266	0.25	0	1	34633
69.282	0.25	0	1	34641
69.3	0.25	0	1	34650
69.316	0.25	0	1	34658
69.332	0.25	0	1	34666
69.35	0.25	0	1	34675
69.366	0.25	0	1	34683
69.382	0.25	1	2	34691
69.4	0.25	1	2	34700
69.416	0.25	1	2	34708
69.432	0.25	1	2	34716
69.45	0.25	0	1	34725
69.466	0.25	0	1	34733
69.482	0.25	0	1	34741
69.5	0.25	0	1	34750
69.516	0.25	0	1	34758
69.532	0.25	0	1	34766
69.55	0.25	0	1	34775
69.566	0.25	0	1	34783
69.582	0.25	0	1	34791
69.6	0.25	0	1	34800
69.616	0.25	0	1	34808
69.632	0.25	0	1	34816
69.65	0.25	0	1	34825
69.666	0.25	0	1	34833
69.682	0.25	0	1	34841
69.7	0.25	0	1	34850
69.716	0.25	0	1	34858
69.732	0.25	0	1	34866
69.75	0.25	0	1	34875
69.766	0.25	0	1	34883
69.782	0.25	1	2	34891
69.8	0.25	1	2	34900
69.816	0.25	1	2	34908
69.832	0.25	1	2	34916
69.85	0.25	0	1	34925
69.866	0.25	0	1	34933
69.882	0.25	0	1	34941
69.9	0.25	0	1	34950
69.916	0.25	0	1	34958
69.932	0.25	0	1	34966
69.95	0.25	0	1	34975
69.966	0.25	0	1	34983
69.982	0.25	0	1	34991
70.0	0.25	0	1	35000
70.016	0.25	0	1	35008
70.032	0.25	0	1	35016
70.05	0.25	0	1	35025
70.066	0.25	1	2	35033
70.082	0.25	1	2	35041
70.1	0.25	1	2	35050
70.116	0.25	1	2	35058
70.132	0.25	0	1	35066
70.15	0.25	0	1	35075
70.166	0.25	0	1	35083
70.182	0.25	0	1	35091
70.2	0.25	0	1	35100
70.216	0.25	0	1	35108
70.232	0.25	0	1	35116
70.25	0.25	0	1	35125
70.266	0.25	0	1	35133
70.282	0.25	0	1	35141
70.3	0.25	0	1	35150
70.316	0.25	0	1	35158
70.332	0.25	0	1	35166
70.35	0.25	0	1	35175
70.366	0.25	0	1	35183
70.382	0.25	0	1	35191
70.4	0.25	0	1	35200
70.416	0.25	0	1	35208
70.432	0.25	1	2	35216
70.45	0.25	1	2	35225
70.466	0.25	1	2	35233
70.482	0.25	1	2	35241
70.5	0.25	0	1	35250
70.516	0.25	0	1	35258
70.532	0.25	0	1	35266
70.55	0.25	0	1	35275
70.566	0.25	0	1	35283
70.582	0.25	0	1	35291
70.6	0.25	0	1	35300
70.616	0.25	0	1	35308
70.632	0.25	0	1	35316
70.65	0.25	0	1	35325
70.666	0.25	0	1	35333
70.682	0.25	0	1	35341
70.7	0.25	0	1	35350
70.716	0.25	0	1	35358
70.732	0.25	0	1	35366
70.75	0.25	0	1	35375
70.766	0.25	0	1	35383
70.782	0.25	0	1	35391
70.8	0.25	0	1	35400
70.816	0.25	0	1	35408
70.832	0.25	0	1	35416
70.85	0.25	0	1	35425
70.866	0.25	0	1	35433
70.882	0.25	0	1	35441
70.9	0.25	1	2	35450
70.916	0.25	1	2	35458
70.932	0.25	1	2	35466
70.95	0.25	1	2	35475
70.966	0.25	0	1	35483
70.982	0.25	0	1	35491
71.0	0.25	0	1	35500
71.016	0.25	0	1	35508
72.5	0.25	0	1	36250
72.516	0.25	1	2	36258
72.532	0.25	1	2	36266
72.55	0.25	1	2	36275
72.566	0.25	1	2	36283
72.582	0.25	0	1	36291
72.6	0.25	0	1	36300
72.616	0.25	0	1	36308
72.632	0.25	0	1	36316
72.65	0.25	0	1	36325
72.666	0.25	0	1	36333
72.682	0.25	0	1	36341
72.7	0.25	0	1	36350
72.716	0.25	0	1	36358
72.732	0.25	0	1	36366
72.75	0.25	0	1	36375
72.766	0.25	0	1	36383
72.782	0.25	0	1	36391
72.8	0.25	0	1	36400
72.816	0.25	0	1	36408
72.832	0.25	0	1	36416
72.85	0.25	0	1	36425
72.866	0.25	0	1	36433
72.882	0.25	0	1	36441
72.9	0.25	0	1	36450
72.916	0.25	0	1	36458
72.932	0.25	0	1	36466
72.95	0.25	0	1	36475
72.966	0.25	0	1	36483
72.982	0.25	0	1	36491
73.0	0.25	1	2	36500
73.016	0.25	1	2	36508
73.032	0.25	1	2	36516
73.05	0.25	1	2	36525
73.066	0.25	0	1	36533
73.082	0.25	0	1	36541
73.1	0.25	0	1	36550
73.116	0.25	0	1	36558
73.132	0.25	0	1	36566
73.15	0.25	0	1	36575
73.166	0.25	0	1	36583
73.182	0.25	0	1	36591
73.2	0.25	0	1	36600
73.216	0.25	0	1	36608
73.232	0.25	0	1	36616
73.25	0.25	0	1	36625
73.266	0.25	0	1	36633
73.282	0.25	0	1	36641
73.3	0.25	0	1	36650
73.316	0.25	0	1	36658
73.332	0.25	0	1	36666
73.35	0.25	0	1	36675
73.366	0.25	0	1	36683
73.382	0.25	0	1	36691
73.4	0.25	0	1	36700
73.416	0.25	0	1	36708
73.432	0.25	0	1	36716
73.45	0.25	0	1	36725
73.466	0.25	1	2	36733
73.482	0.25	1	2	36741
73.5	0.25	1	2	36750
73.516	0.25	1	2	36758
73.532	0.25	0	1	36766
73.55	0.25	0	1	36775
73.566	0.25	0	1	36783
73.582	0.25	0	1	36791
73.6	0.25	0	1	36800
73.616	0.25	0	1	36808
73.632	0.25	0	1	36816
73.65	0.25	0	1	36825
73.666	0.25	0	1	36833
73.682	0.25	0	1	36841
73.7	0.25	0	1	36850
73.716	0.25	0	1	36858
73.732	0.25	0	1	36866
73.75	0.25	0	1	36875
73.766	0.25	0	1	36883
73.782	0.25	0	1	36891
73.8	0.25	0	1	36900
73.816	0.25	0	1	36908
73.832	0.25	0	1	36916
73.85	0.25	0	1	36925
73.866	0.25	0	1	36933
73.882	0.25	1	2	36941
73.9	0.25	1	2	36950
73.916	0.25	1	2	36958
73.932	0.25	1	2	36966
73.95	0.25	0	1	36975
73.966	0.25	0	1	36983
73.982	0.25	0	1	36991
74.0	0.25	0	1	37000
74.016	0.25	0	1	37008
74.032	0.25	0	1	37016
74.05	0.25	0	1	37025
74.066	0.25	0	1	37033
74.082	0.25	0	1	37041
74.1	0.25	0	1	37050
74.116	0.25	0	1	37058
74.132	0.25	0	1	37066
74.15	0.25	0	1	37075
74.166	0.25	0	1	37083
74.182	0.25	0	1	37091
74.2	0.25	0	1	37100
74.216	0.25	0	1	37108
74.232	0.25	0	1	37116
74.25	0.25	0	1	37125
74.266	0.25	0	1	37133
74.282	0.25	0	1	37141
74.3	0.25	0	1	37150
74.316	0.25	1	2	37158
74.332	0.25	1	2	37166
74.35	0.25	1	2	37175
74.366	0.25	1	2	37183
74.382	0.25	0	1	37191
74.4	0.25	0	1	37200
74.416	0.25	0	1	37208
74.432	0.25	0	1	37216
75.916	0.25	0	1	37958
75.932	0.25	0	1	37966
75.95	0.25	0	1	37975
75.966	0.25	0	1	37983
75.982	0.25	0	1	37991
76.0	0.25	0	1	38000
76.016	0.25	0	1	38008
76.032	0.25	0	1	38016
76.05	0.25	0	1	38025
76.066	0.25	0	1	38033
76.082	0.25	0	1	38041
76.1	0.25	0	1	38050
76.116	0.25	0	1	38058
76.132	0.25	0	1	38066
76.15	0.25	0	1	38075
76.166	0.25	1	2	38083
76.182	0.25	1	2	38091
76.2	0.25	1	2	38100
76.216	0.25	1	2	38108
76.232	0.25	0	1	38116
76.25	0.25	0	1	38125
76.266	0.25	0	1	38133
76.282	0.25	0	1	38141
76.3	0.25	0	1	38150
76.316	0.25	0	1	38158
76.332	0.25	0	1	38166
76.35	0.25	0	1	38175
76.366	0.25	0	1	38183
76.382	0.25	0	1	38191
76.4	0.25	0	1	38200
76.416	0.25	0	1	38208
76.432	0.25	0	1	38216
76.45	0.25	0	1	38225
76.466	0.25	0	1	38233
76.482	0.25	0	1	38241
76.5	0.25	0	1	38250
76.516	0.25	0	1	38258
76.532	0.25	0	1	38266
76.55	0.25	0	1	38275
76.566	0.25	0	1	38283
76.582	0.25	0	1	38291
76.6	0.25	1	2	38300
76.616	0.25	1	2	38308
76.632	0.25	1	2	38316
76.65	0.25	1	2	38325
76.666	0.25	0	1	38333
76.682	0.25	0	1	38341
76.7	0.25	0	1	38350
76.716	0.25	0	1	38358
76.732	0.25	0	1	38366
76.75	0.25	0	1	38375
76.766	0.25	0	1	38383
76.782	0.25	0	1	38391
76.8	0.25	0	1	38400
76.816	0.25	0	1	38408
76.832	0.25	0	1	38416
76.85	0.25	0	1	38425
76.866	0.25	0	1	38433
76.882	0.25	0	1	38441
76.9	0.25	0	1	38450
76.916	0.25	0	1	38458
76.932	0.25	0	1	38466
76.95	0.25	0	1	38475
76.966	0.25	0	1	38483
76.982	0.25	0	1	38491
77.0	0.25	0	1	38500
77.016	0.25	0	1	38508
77.032	0.25	0	1	38516
77.05	0.25	0	1	38525
77.066	0.25	1	2	38533
77.082	0.25	1	2	38541
77.1	0.25	1	2	38550
77.116	0.25	1	2	38558
77.132	0.25	0	1	38566
77.15	0.25	0	1	38575
77.166	0.25	0	1	38583
77.182	0.25	0	1	38591
77.2	0.25	0	1	38600
77.216	0.25	0	1	38608
77.232	0.25	0	1	38616
77.25	0.25	0	1	38625
77.266	0.25	0	1	38633
77.282	0.25	0	1	38641
77.3	0.25	0	1	38650
77.316	0.25	0	1	38658
77.332	0.25	0	1	38666
77.35	0.25	0	1	38675
77.366	0.25	1	2	38683
77.382	0.25	1	2	38691
77.4	0.25	1	2	38700
77.416	0.25	1	2	38708
77.432	0.25	0	1	38716
77.45	0.25	0	1	38725
77.466	0.25	0	1	38733
77.482	0.25	0	1	38741
77.5	0.25	0	1	38750
77.516	0.25	0	1	38758
77.532	0.25	0	1	38766
77.55	0.25	0	1	38775
77.566	0.25	0	1	38783
77.582	0.25	0	1	38791
77.6	0.25	0	1	38800
77.616	0.25	0	1	38808
77.632	0.25	0	1	38816
77.65	0.25	0	1	38825
77.666	0.25	0	1	38833
77.682	0.25	0	1	38841
77.7	0.25	0	1	38850
77.716	0.25	0	1	38858
77.732	0.25	0	1	38866
77.75	0.25	0	1	38875
77.766	0.25	0	1	38883
77.782	0.25	0	1	38891
77.8	0.25	1	2	38900
77.816	0.25	1	2	38908
77.832	0.25	1	2	38916
77.85	0.25	1	2	38925
79.332	0.25	0	1	39666
79.35	0.25	0	1	39675
79.366	0.25	0	1	39683
79.382	0.25	0	1	39691
79.4	0.25	0	1	39700
79.416	0.25	0	1	39708
79.432	0.25	0	1	39716
79.45	0.25	0	1	39725
79.466	0.25	0	1	39733
79.482	0.25	0	1	39741
79.5	0.25	0	1	39750
79.516	0.25	0	1	39758
79.532	0.25	0	1	39766
79.55	0.25	0	1	39775
79.566	0.25	0	1	39783
79.582	0.25	0	1	39791
79.6	0.25	0	1	39800
79.616	0.25	0	1	39808
79.632	0.25	0	1	39816
79.65	0.25	0	1	39825
79.666	0.25	0	1	39833
79.682	0.25	0	1	39841
79.7	0.25	0	1	39850
79.716	0.25	1	2	39858
79.732	0.25	1	2	39866
79.75	0.25	1	2	39875
79.766	0.25	1	2	39883
79.782	0.25	0	1	39891
79.8	0.25	0	1	39900
79.816	0.25	0	1	39908
79.832	0.25	0	1	39916
79.85	0.25	0	1	39925
79.866	0.25	0	1	39933
79.882	0.25	0	1	39941
79.9	0.25	0	1	39950
79.916	0.25	0	1	39958
79.932	0.25	0	1	39966
79.95	0.25	0	1	39975
79.966	0.25	0	1	39983
79.982	0.25	0	1	39991
80.0	0.25	0	1	40000
80.016	0.25	0	1	40008
80.032	0.25	0	1	40016
80.05	0.25	0	1	40025
80.066	0.25	0	1	40033
80.082	0.25	0	1	40041
80.1	0.25	1	2	40050
80.116	0.25	1	2	40058
80.132	0.25	1	2	40066
80.15	0.25	1	2	40075
80.166	0.25	0	1	40083
80.182	0.25	0	1	40091
80.2	0.25	0	1	40100
80.216	0.25	0	1	40108
80.232	0.25	0	1	40116
80.25	0.25	0	1	40125
80.266	0.25	0	1	40133
80.282	0.25	0	1	40141
80.3	0.25	0	1	40150
80.316	0.25	0	1	40158
80.332	0.25	0	1	40166
80.35	0.25	0	1	40175
80.366	0.25	0	1	40183
80.382	0.25	0	1	40191
80.4	0.25	1	2	40200
80.416	0.25	1	2	40208
80.432	0.25	1	2	40216
80.45	0.25	1	2	40225
80.466	0.25	0	1	40233
80.482	0.25	0	1	40241
80.5	0.25	0	1	40250
80.516	0.25	0	1	40258
80.532	0.25	0	1	40266
80.55	0.25	0	1	40275
80.566	0.25	0	1	40283
80.582	0.25	0	1	40291
80.6	0.25	0	1	40300
80.616	0.25	0	1	40308
80.632	0.25	0	1	40316
80.65	0.25	0	1	40325
80.666	0.25	0	1	40333
80.682	0.25	1	2	40341
80.7	0.25	1	2	40350
80.716	0.25	1	2	40358
80.732	0.25	1	2	40366
80.75	0.25	0	1	40375
80.766	0.25	0	1	40383
80.782	0.25	0	1	40391
80.8	0.25	0	1	40400
80.816	0.25	0	1	40408
80.832	0.25	0	1	40416
80.85	0.25	0	1	40425
80.866	0.25	0	1	40433
80.882	0.25	0	1	40441
80.9	0.25	0	1	40450
80.916	0.25	0	1	40458
80.932	0.25	0	1	40466
80.95	0.25	0	1	40475
80.966	0.25	0	1	40483
80.982	0.25	0	1	40491
81.0	0.25	0	1	40500
81.016	0.25	1	2	40508
81.032	0.25	1	2	40516
81.05	0.25	1	2	40525
81.066	0.25	1	2	40533
81.082	0.25	0	1	40541
81.1	0.25	0	1	40550
81.116	0.25	0	1	40558
81.132	0.25	0	1	40566
81.15	0.25	0	1	40575
81.166	0.25	0	1	40583
81.182	0.25	0	1	40591
81.2	0.25	0	1	40600
81.216	0.25	0	1	40608
81.232	0.25	0	1	40616
81.25	0.25	0	1	40625
81.266	0.25	0	1	40633
85.182	0.25	0	1	42591
85.2	0.25	0	1	42600
85.216	0.25	0	1	42608
85.232	0.25	0	1	42616
85.25	0.25	0	1	42625
85.266	0.25	0	1	42633
85.282	0.25	0	1	42641
85.3	0.25	0	1	42650
85.316	0.25	0	1	42658
85.332	0.25	0	1	42666
85.35	0.25	0	1	42675
85.366	0.25	0	1	42683
85.382	0.25	0	1	42691
85.4	0.25	0	1	42700
85.416	0.25	0	1	42708
85.432	0.25	0	1	42716
85.45	0.25	0	1	42725
85.466	0.25	0	1	42733
85.482	0.25	0	1	42741
85.5	0.25	0	1	42750
85.516	0.25	0	1	42758
85.532	0.25	0	1	42766
85.55	0.25	0	1	42775
85.566	0.25	1	2	42783
85.582	0.25	1	2	42791
85.6	0.25	1	2	42800
85.616	0.25	1	2	42808
85.632	0.25	0	1	42816
85.65	0.25	0	1	42825
85.666	0.25	0	1	42833
85.682	0.25	0	1	42841
85.7	0.25	0	1	42850
85.716	0.25	0	1	42858
85.732	0.25	0	1	42866
85.75	0.25	0	1	42875
85.766	0.25	0	1	42883
85.782	0.25	0	1	42891
85.8	0.25	0	1	42900
85.816	0.25	0	1	42908
85.832	0.25	0	1	42916
85.85	0.25	0	1	42925
85.866	0.25	0	1	42933
85.882	0.25	0	1	42941
85.9	0.25	0	1	42950
85.916	0.25	0	1	42958
85.932	0.25	0	1	42966
85.95	0.25	1	2	42975
85.966	0.25	1	2	42983
85.982	0.25	1	2	42991
86.0	0.25	1	2	43000
86.016	0.25	0	1	43008
86.032	0.25	0	1	43016
86.05	0.25	0	1	43025
86.066	0.25	0	1	43033
86.082	0.25	0	1	43041
86.1	0.25	0	1	43050
86.116	0.25	0	1	43058
86.132	0.25	0	1	43066
86.15	0.25	0	1	43075
86.166	0.25	0	1	43083
86.182	0.25	0	1	43091
86.2	0.25	0	1	43100
86.216	0.25	0	1	43108
86.232	0.25	0	1	43116
86.25	0.25	1	2	43125
86.266	0.25	1	2	43133
86.282	0.25	1	2	43141
86.3	0.25	1	2	43150
86.316	0.25	0	1	43158
86.332	0.25	0	1	43166
86.35	0.25	0	1	43175
86.366	0.25	0	1	43183
86.382	0.25	0	1	43191
86.4	0.25	0	1	43200
86.416	0.25	0	1	43208
86.432	0.25	0	1	43216
86.45	0.25	0	1	43225
86.466	0.25	0	1	43233
86.482	0.25	0	1	43241
86.5	0.25	0	1	43250
86.516	0.25	0	1	43258
86.532	0.25	1	2	43266
86.55	0.25	1	2	43275
86.566	0.25	1	2	43283
86.582	0.25	1	2	43291
86.6	0.25	0	1	43300
86.616	0.25	0	1	43308
86.632	0.25	0	1	43316
86.65	0.25	0	1	43325
86.666	0.25	0	1	43333
86.682	0.25	0	1	43341
86.7	0.25	0	1	43350
86.716	0.25	0	1	43358
86.732	0.25	0	1	43366
86.75	0.25	0	1	43375
86.766	0.25	0	1	43383
86.782	0.25	0	1	43391
86.8	0.25	0	1	43400
86.816	0.25	0	1	43408
86.832	0.25	0	1	43416
86.85	0.25	0	1	43425
86.866	0.25	1	2	43433
86.882	0.25	1	2	43441
86.9	0.25	1	2	43450
86.916	0.25	1	2	43458
86.932	0.25	0	1	43466
86.95	0.25	0	1	43475
86.966	0.25	0	1	43483
86.982	0.25	0	1	43491
87.0	0.25	0	1	43500
87.016	0.25	0	1	43508
87.032	0.25	0	1	43516
87.05	0.25	0	1	43525
87.066	0.25	0	1	43533
87.082	0.25	0	1	43541
87.1	0.25	0	1	43550
87.116	0.25	0	1	43558
88.6	0.25	0	1	44300
88.616	0.25	0	1	44308
88.632	0.25	0	1	44316
88.65	0.25	0	1	44325
88.666	0.25	0	1	44333
88.682	0.25	0	1	44341
88.7	0.25	0	1	44350
88.716	0.25	0	1	44358
88.732	0.25	0	1	44366
88.75	0.25	0	1	44375
88.766	0.25	0	1	44383
88.782	0.25	0	1	44391
88.8	0.25	0	1	44400
88.816	0.25	0	1	44408
88.832	0.25	0	1	44416
88.85	0.25	0	1	44425
88.866	0.25	0	1	44433
88.882	0.25	0	1	44441
88.9	0.25	1	2	44450
88.916	0.25	1	2	44458
88.932	0.25	1	2	44466
88.95	0.25	1	2	44475
88.966	0.25	0	1	44483
88.982	0.25	0	1	44491
89.0	0.25	0	1	44500
89.016	0.25	0	1	44508
89.032	0.25	0	1	44516
89.05	0.25	0	1	44525
89.066	0.25	0	1	44533
89.082	0.25	0	1	44541
89.1	0.25	0	1	44550
89.116	0.25	0	1	44558
89.132	0.25	0	1	44566
89.15	0.25	0	1	44575
89.166	0.25	0	1	44583
89.182	0.25	0	1	44591
89.2	0.25	0	1	44600
89.216	0.25	0	1	44608
89.232	0.25	0	1	44616
89.25	0.25	0	1	44625
89.266	0.25	0	1	44633
89.282	0.25	0	1	44641
89.3	0.25	1	2	44650
89.316	0.25	1	2	44658
89.332	0.25	1	2	44666
89.35	0.25	1	2	44675
89.366	0.25	0	1	44683
89.382	0.25	0	1	44691
89.4	0.25	0	1	44700
89.416	0.25	0	1	44708
89.432	0.25	0	1	44716
89.45	0.25	0	1	44725
89.466	0.25	0	1	44733
89.482	0.25	0	1	44741
89.5	0.25	0	1	44750
89.516	0.25	0	1	44758
89.532	0.25	0	1	44766
89.55	0.25	0	1	44775
89.566	0.25	0	1	44783
89.582	0.25	1	2	44791
89.6	0.25	1	2	44800
89.616	0.25	1	2	44808
89.632	0.25	1	2	44816
89.65	0.25	0	1	44825
89.666	0.25	0	1	44833
89.682	0.25	0	1	44841
89.7	0.25	0	1	44850
89.716	0.25	0	1	44858
89.732	0.25	0	1	44866
89.75	0.25	0	1	44875
89.766	0.25	0	1	44883
89.782	0.25	0	1	44891
89.8	0.25	0	1	44900
89.816	0.25	0	1	44908
89.832	0.25	0	1	44916
89.85	0.25	0	1	44925
89.866	0.25	0	1	44933
89.882	0.25	0	1	44941
89.9	0.25	0	1	44950
89.916	0.25	0	1	44958
89.932	0.25	0	1	44966
89.95	0.25	1	2	44975
89.966	0.25	1	2	44983
89.982	0.25	1	2	44991
90.0	0.25	1	2	45000
90.016	0.25	0	1	45008
90.032	0.25	0	1	45016
90.05	0.25	0	1	45025
90.066	0.25	0	1	45033
90.082	0.25	0	1	45041
90.1	0.25	0	1	45050
90.116	0.25	0	1	45058
90.132	0.25	0	1	45066
90.15	0.25	0	1	45075
90.166	0.25	0	1	45083
90.182	0.25	0	1	45091
90.2	0.25	0	1	45100
90.216	0.25	0	1	45108
90.232	0.25	0	1	45116
90.25	0.25	0	1	45125
90.266	0.25	0	1	45133
90.282	0.25	0	1	45141
90.3	0.25	0	1	45150
90.316	0.25	0	1	45158
90.332	0.25	0	1	45166
90.35	0.25	0	1	45175
90.366	0.25	0	1	45183
90.382	0.25	0	1	45191
90.4	0.25	0	1	45200
90.416	0.25	1	2	45208
90.432	0.25	1	2	45216
90.45	0.25	1	2	45225
90.466	0.25	1	2	45233
90.482	0.25	0	1	45241
90.5	0.25	0	1	45250
90.516	0.25	0	1	45258
90.532	0.25	0	1	45266
92.016	0.25	0	1	46008
92.032	0.25	0	1	46016
92.05	0.25	0	1	46025
92.066	0.25	0	1	46033
92.082	0.25	0	1	46041
92.1	0.25	0	1	46050
92.116	0.25	0	1	46058
92.132	0.25	0	1	46066
92.15	0.25	0	1	46075
92.166	0.25	0	1	46083
92.182	0.25	0	1	46091
92.2	0.25	0	1	46100
92.216	0.25	0	1	46108
92.232	0.25	0	1	46116
92.25	0.25	0	1	46125
92.266	0.25	1	2	46133
92.282	0.25	1	2	46141
92.3	0.25	1	2	46150
92.316	0.25	1	2	46158
92.332	0.25	0	1	46166
92.35	0.25	0	1	46175
92.366	0.25	0	1	46183
92.382	0.25	0	1	46191
92.4	0.25	0	1	46200
92.416	0.25	0	1	46208
92.432	0.25	0	1	46216
92.45	0.25	0	1	46225
92.466	0.25	0	1	46233
92.482	0.25	0	1	46241
92.5	0.25	0	1	46250
92.516	0.25	0	1	46258
92.532	0.25	0	1	46266
92.55	0.25	0	1	46275
92.566	0.25	0	1	46283
92.582	0.25	0	1	46291
92.6	0.25	0	1	46300
92.616	0.25	0	1	46308
92.632	0.25	0	1	46316
92.65	0.25	0	1	46325
92.666	0.25	0	1	46333
92.682	0.25	0	1	46341
92.7	0.25	1	2	46350
92.716	0.25	1	2	46358
92.732	0.25	1	2	46366
92.75	0.25	1	2	46375
92.766	0.25	0	1	46383
92.782	0.25	0	1	46391
92.8	0.25	0	1	46400
92.816	0.25	0	1	46408
92.832	0.25	0	1	46416
92.85	0.25	0	1	46425
92.866	0.25	0	1	46433
92.882	0.25	0	1	46441
92.9	0.25	0	1	46450
92.916	0.25	0	1	46458
92.932	0.25	0	1	46466
92.95	0.25	0	1	46475
92.966	0.25	0	1	46483
92.982	0.25	0	1	46491
93.0	0.25	0	1	46500
93.016	0.25	0	1	46508
93.032	0.25	0	1	46516
93.05	0.25	0	1	46525
93.066	0.25	0	1	46533
93.082	0.25	0	1	46541
93.1	0.25	0	1	46550
93.116	0.25	0	1	46558
93.132	0.25	0	1	46566
93.15	0.25	0	1	46575
93.166	0.25	1	2	46583
93.182	0.25	1	2	46591
93.2	0.25	1	2	46600
93.216	0.25	1	2	46608
93.232	0.25	0	1	46616
93.25	0.25	0	1	46625
93.266	0.25	0	1	46633
93.282	0.25	0	1	46641
93.3	0.25	0	1	46650
93.316	0.25	0	1	46658
93.332	0.25	0	1	46666
93.35	0.25	0	1	46675
93.366	0.25	0	1	46683
93.382	0.25	0	1	46691
93.4	0.25	0	1	46700
93.416	0.25	0	1	46708
93.432	0.25	0	1	46716
93.45	0.25	0	1	46725
93.466	0.25	1	2	46733
93.482	0.25	1	2	46741
93.5	0.25	1	2	46750
93.516	0.25	1	2	46758
93.532	0.25	0	1	46766
93.55	0.25	0	1	46775
93.566	0.25	0	1	46783
93.582	0.25	0	1	46791
93.6	0.25	0	1	46800
93.616	0.25	0	1	46808
93.632	0.25	0	1	46816
93.65	0.25	0	1	46825
93.666	0.25	0	1	46833
93.682	0.25	0	1	46841
93.7	0.25	0	1	46850
93.716	0.25	0	1	46858
93.732	0.25	0	1	46866
93.75	0.25	0	1	46875
93.766	0.25	0	1	46883
93.782	0.25	0	1	46891
93.8	0.25	0	1	46900
93.816	0.25	0	1	46908
93.832	0.25	0	1	46916
93.85	0.25	0	1	46925
93.866	0.25	0	1	46933
93.882	0.25	0	1	46941
93.9	0.25	1	2	46950
93.916	0.25	1	2	46958
93.932	0.25	1	2	46966
93.95	0.25	1	2	46975
95.432	0.25	0	1	47716
95.45	0.25	1	2	47725
95.466	0.25	1	2	47733
95.482	0.25	1	2	47741
95.5	0.25	1	2	47750
95.516	0.25	0	1	47758
95.532	0.25	0	1	47766
95.55	0.25	0	1	47775
95.566	0.25	0	1	47783
95.582	0.25	0	1	47791
95.6	0.25	0	1	47800
95.616	0.25	0	1	47808
95.632	0.25	0	1	47816
95.65	0.25	0	1	47825
95.666	0.25	0	1	47833
95.682	0.25	0	1	47841
95.7	0.25	0	1	47850
95.716	0.25	0	1	47858
95.732	0.25	0	1	47866
95.75	0.25	0	1	47875
95.766	0.25	0	1	47883
95.782	0.25	0	1	47891
95.8	0.25	0	1	47900
95.816	0.25	0	1	47908
95.832	0.25	0	1	47916
95.85	0.25	0	1	47925
95.866	0.25	0	1	47933
95.882	0.25	0	1	47941
95.9	0.25	0	1	47950
95.916	0.25	0	1	47958
95.932	0.25	1	2	47966
95.95	0.25	1	2	47975
95.966	0.25	1	2	47983
95.982	0.25	1	2	47991
96.0	0.25	0	1	48000
96.016	0.25	0	1	48008
96.032	0.25	0	1	48016
96.05	0.25	0	1	48025
96.066	0.25	0	1	48033
96.082	0.25	0	1	48041
96.1	0.25	0	1	48050
96.116	0.25	0	1	48058
96.132	0.25	0	1	48066
96.15	0.25	0	1	48075
96.166	0.25	0	1	48083
96.182	0.25	0	1	48091
96.2	0.25	0	1	48100
96.216	0.25	0	1	48108
96.232	0.25	0	1	48116
96.25	0.25	0	1	48125
96.266	0.25	0	1	48133
96.282	0.25	0	1	48141
96.3	0.25	0	1	48150
96.316	0.25	0	1	48158
96.332	0.25	0	1	48166
96.35	0.25	0	1	48175
96.366	0.25	0	1	48183
96.382	0.25	0	1	48191
96.4	0.25	1	2	48200
96.416	0.25	1	2	48208
96.432	0.25	1	2	48216
96.45	0.25	1	2	48225
96.466	0.25	0	1	48233
96.482	0.25	0	1	48241
96.5	0.25	0	1	48250
96.516	0.25	0	1	48258
96.532	0.25	0	1	48266
96.55	0.25	0	1	48275
96.566	0.25	0	1	48283
96.582	0.25	0	1	48291
96.6	0.25	0	1	48300
96.616	0.25	0	1	48308
96.632	0.25	0	1	48316
96.65	0.25	0	1	48325
96.666	0.25	0	1	48333
96.682	0.25	0	1	48341
96.7	0.25	0	1	48350
96.716	0.25	0	1	48358
96.732	0.25	0	1	48366
96.75	0.25	0	1	48375
96.766	0.25	0	1	48383
96.782	0.25	0	1	48391
96.8	0.25	0	1	48400
96.816	0.25	1	2	48408
96.832	0.25	1	2	48416
96.85	0.25	1	2	48425
96.866	0.25	1	2	48433
96.882	0.25	0	1	48441
96.9	0.25	0	1	48450
96.916	0.25	0	1	48458
96.932	0.25	0	1	48466
96.95	0.25	0	1	48475
96.966	0.25	0	1	48483
96.982	0.25	0	1	48491
97.0	0.25	0	1	48500
97.016	0.25	0	1	48508
97.032	0.25	0	1	48516
97.05	0.25	0	1	48525
97.066	0.25	0	1	48533
97.082	0.25	0	1	48541
97.1	0.25	0	1	48550
97.116	0.25	0	1	48558
97.132	0.25	0	1	48566
97.15	0.25	0	1	48575
97.166	0.25	0	1	48583
97.182	0.25	0	1	48591
97.2	0.25	0	1	48600
97.216	0.25	0	1	48608
97.232	0.25	0	1	48616
97.25	0.25	1	2	48625
97.266	0.25	1	2	48633
97.282	0.25	1	2	48641
97.3	0.25	1	2	48650
97.316	0.25	0	1	48658
97.332	0.25	0	1	48666
97.35	0.25	0	1	48675
97.366	0.25	0	1	48683
100.75	0.25	0	1	50375
100.766	0.25	0	1	50383
100.782	0.25	0	1	50391
100.8	0.25	0	1	50400
100.816	0.25	0	1	50408
100.832	0.25	0	1	50416
100.85	0.25	0	1	50425
100.866	0.25	0	1	50433
100.882	0.25	0	1	50441
100.9	0.25	0	1	50450
100.916	0.25	0	1	50458
100.932	0.25	0	1	50466
100.95	0.25	0	1	50475
100.966	0.25	0	1	50483
100.982	0.25	0	1	50491
101.0	0.25	1	2	50500
101.016	0.25	1	2	50508
101.032	0.25	1	2	50516
101.05	0.25	1	2	50525
101.066	0.25	0	1	50533
101.082	0.25	0	1	50541
101.1	0.25	0	1	50550
101.116	0.25	0	1	50558
101.132	0.25	0	1	50566
101.15	0.25	0	1	50575
101.166	0.25	0	1	50583
101.182	0.25	0	1	50591
101.2	0.25	0	1	50600
101.216	0.25	0	1	50608
101.232	0.25	0	1	50616
101.25	0.25	0	1	50625
101.266	0.25	0	1	50633
101.282	0.25	0	1	50641
101.3	0.25	0	1	50650
101.316	0.25	0	1	50658
101.332	0.25	0	1	50666
101.35	0.25	0	1	50675
101.366	0.25	0	1	50683
101.382	0.25	0	1	50691
101.4	0.25	0	1	50700
101.416	0.25	0	1	50708
101.432	0.25	1	2	50716
101.45	0.25	1	2	50725
101.466	0.25	1	2	50733
101.482	0.25	1	2	50741
101.5	0.25	0	1	50750
101.516	0.25	0	1	50758
101.532	0.25	0	1	50766
101.55	0.25	0	1	50775
101.566	0.25	0	1	50783
101.582	0.25	0	1	50791
101.6	0.25	0	1	50800
101.616	0.25	0	1	50808
101.632	0.25	0	1	50816
101.65	0.25	0	1	50825
101.666	0.25	0	1	50833
101.682	0.25	0	1	50841
101.7	0.25	0	1	50850
101.716	0.25	0	1	50858
101.732	0.25	0	1	50866
101.75	0.25	0	1	50875
101.766	0.25	0	1	50883
101.782	0.25	0	1	50891
101.8	0.25	0	1	50900
101.816	0.25	0	1	50908
101.832	0.25	0	1	50916
101.85	0.25	0	1	50925
101.866	0.25	0	1	50933
101.882	0.25	0	1	50941
101.9	0.25	1	2	50950
101.916	0.25	1	2	50958
101.932	0.25	1	2	50966
101.95	0.25	1	2	50975
101.966	0.25	0	1	50983
101.982	0.25	0	1	50991
102.0	0.25	0	1	51000
102.016	0.25	0	1	51008
102.032	0.25	0	1	51016
102.05	0.25	0	1	51025
102.066	0.25	0	1	51033
102.082	0.25	0	1	51041
102.1	0.25	0	1	51050
102.116	0.25	0	1	51058
102.132	0.25	0	1	51066
102.15	0.25	0	1	51075
102.166	0.25	0	1	51083
102.182	0.25	0	1	51091
102.2	0.25	1	2	51100
102.216	0.25	1	2	51108
102.232	0.25	1	2	51116
102.25	0.25	1	2	51125
102.266	0.25	0	1	51133
102.282	0.25	0	1	51141
102.3	0.25	0	1	51150
102.316	0.25	0	1	51158
102.332	0.25	0	1	51166
102.35	0.25	0	1	51175
102.366	0.25	0	1	51183
102.382	0.25	0	1	51191
102.4	0.25	0	1	51200
102.416	0.25	0	1	51208
102.432	0.25	0	1	51216
102.45	0.25	0	1	51225
102.466	0.25	0	1	51233
102.482	0.25	0	1	51241
102.5	0.25	0	1	51250
102.516	0.25	0	1	51258
102.532	0.25	0	1	51266
102.55	0.25	0	1	51275
102.566	0.25	0	1	51283
102.582	0.25	0	1	51291
102.6	0.25	0	1	51300
102.616	0.25	0	1	51308
102.632	0.25	1	2	51316
102.65	0.25	1	2	51325
102.666	0.25	1	2	51333
102.682	0.25	1	2	51341
104.166	0.25	0	1	52083
104.182	0.25	1	2	52091
104.2	0.25	1	2	52100
104.216	0.25	1	2	52108
104.232	0.25	1	2	52116
104.25	0.25	0	1	52125
104.266	0.25	0	1	52133
104.282	0.25	0	1	52141
104.3	0.25	0	1	52150
104.316	0.25	0	1	52158
104.332	0.25	0	1	52166
104.35	0.25	0	1	52175
104.366	0.25	0	1	52183
104.382	0.25	0	1	52191
104.4	0.25	0	1	52200
104.416	0.25	0	1	52208
104.432	0.25	0	1	52216
104.45	0.25	0	1	52225
104.466	0.25	0	1	52233
104.482	0.25	0	1	52241
104.5	0.25	0	1	52250
104.516	0.25	0	1	52258
104.532	0.25	0	1	52266
104.55	0.25	0	1	52275
104.566	0.25	0	1	52283
104.582	0.25	0	1	52291
104.6	0.25	0	1	52300
104.616	0.25	0	1	52308
104.632	0.25	0	1	52316
104.65	0.25	0	1	52325
104.666	0.25	1	2	52333
104.682	0.25	1	2	52341
104.7	0.25	1	2	52350
104.716	0.25	1	2	52358
104.732	0.25	0	1	52366
104.75	0.25	0	1	52375
104.766	0.25	0	1	52383
104.782	0.25	0	1	52391
104.8	0.25	0	1	52400
104.816	0.25	0	1	52408
104.832	0.25	0	1	52416
104.85	0.25	0	1	52425
104.866	0.25	0	1	52433
104.882	0.25	0	1	52441
104.9	0.25	0	1	52450
104.916	0.25	0	1	52458
104.932	0.25	0	1	52466
104.95	0.25	0	1	52475
104.966	0.25	0	1	52483
104.982	0.25	0	1	52491
105.0	0.25	0	1	52500
105.016	0.25	0	1	52508
105.032	0.25	0	1	52516
105.05	0.25	0	1	52525
105.066	0.25	0	1	52533
105.082	0.25	0	1	52541
105.1	0.25	0	1	52550
105.116	0.25	0	1	52558
105.132	0.25	1	2	52566
105.15	0.25	1	2	52575
105.166	0.25	1	2	52583
105.182	0.25	1	2	52591
105.2	0.25	0	1	52600
105.216	0.25	0	1	52608
105.232	0.25	0	1	52616
105.25	0.25	0	1	52625
105.266	0.25	0	1	52633
105.282	0.25	0	1	52641
105.3	0.25	0	1	52650
105.316	0.25	0	1	52658
105.332	0.25	0	1	52666
105.35	0.25	0	1	52675
105.366	0.25	0	1	52683
105.382	0.25	0	1	52691
105.4	0.25	0	1	52700
105.416	0.25	0	1	52708
105.432	0.25	0	1	52716
105.45	0.25	0	1	52725
105.466	0.25	0	1	52733
105.482	0.25	0	1	52741
105.5	0.25	0	1	52750
105.516	0.25	0	1	52758
105.532	0.25	0	1	52766
105.55	0.25	1	2	52775
105.566	0.25	1	2	52783
105.582	0.25	1	2	52791
105.6	0.25	1	2	52800
105.616	0.25	0	1	52808
105.632	0.25	0	1	52816
105.65	0.25	0	1	52825
105.666	0.25	0	1	52833
105.682	0.25	0	1	52841
105.7	0.25	0	1	52850
105.716	0.25	0	1	52858
105.732	0.25	0	1	52866
105.75	0.25	0	1	52875
105.766	0.25	0	1	52883
105.782	0.25	0	1	52891
105.8	0.25	0	1	52900
105.816	0.25	0	1	52908
105.832	0.25	0	1	52916
105.85	0.25	0	1	52925
105.866	0.25	0	1	52933
105.882	0.25	0	1	52941
105.9	0.25	0	1	52950
105.916	0.25	0	1	52958
105.932	0.25	0	1	52966
105.95	0.25	0	1	52975
105.966	0.25	0	1	52983
105.982	0.25	1	2	52991
106.0	0.25	1	2	53000
106.016	0.25	1	2	53008
106.032	0.25	1	2	53016
106.05	0.25	0	1	53025
106.066	0.25	0	1	53033
106.082	0.25	0	1	53041
106.1	0.25	0	1	53050
107.582	0.25	0	1	53791
107.6	0.25	0	1	53800
107.616	0.25	0	1	53808
107.632	0.25	0	1	53816
107.65	0.25	0	1	53825
107.666	0.25	0	1	53833
107.682	0.25	0	1	53841
107.7	0.25	0	1	53850
107.716	0.25	0	1	53858
107.732	0.25	0	1	53866
107.75	0.25	0	1	53875
107.766	0.25	0	1	53883
107.782	0.25	0	1	53891
107.8	0.25	0	1	53900
107.816	0.25	0	1	53908
107.832	0.25	0	1	53916
107.85	0.25	0	1	53925
107.866	0.25	0	1	53933
107.882	0.25	1	2	53941
107.9	0.25	1	2	53950
107.916	0.25	1	2	53958
107.932	0.25	1	2	53966
107.95	0.25	0	1	53975
107.966	0.25	0	1	53983
107.982	0.25	0	1	53991
108.0	0.25	0	1	54000
108.016	0.25	0	1	54008
108.032	0.25	0	1	54016
108.05	0.25	0	1	54025
108.066	0.25	0	1	54033
108.082	0.25	0	1	54041
108.1	0.25	0	1	54050
108.116	0.25	0	1	54058
108.132	0.25	0	1	54066
108.15	0.25	0	1	54075
108.166	0.25	0	1	54083
108.182	0.25	0	1	54091
108.2	0.25	0	1	54100
108.216	0.25	0	1	54108
108.232	0.25	0	1	54116
108.25	0.25	0	1	54125
108.266	0.25	0	1	54133
108.282	0.25	1	2	54141
108.3	0.25	1	2	54150
108.316	0.25	1	2	54158
108.332	0.25	1	2	54166
108.35	0.25	0	1	54175
108.366	0.25	0	1	54183
108.382	0.25	0	1	54191
108.4	0.25	0	1	54200
108.416	0.25	0	1	54208
108.432	0.25	0	1	54216
108.45	0.25	0	1	54225
108.466	0.25	0	1	54233
108.482	0.25	0	1	54241
108.5	0.25	0	1	54250
108.516	0.25	0	1	54258
108.532	0.25	0	1	54266
108.55	0.25	0	1	54275
108.566	0.25	1	2	54283
108.582	0.25	1	2	54291
108.6	0.25	1	2	54300
108.616	0.25	1	2	54308
108.632	0.25	0	1	54316
108.65	0.25	0	1	54325
108.666	0.25	0	1	54333
108.682	0.25	0	1	54341
108.7	0.25	0	1	54350
108.716	0.25	0	1	54358
108.732	0.25	0	1	54366
108.75	0.25	0	1	54375
108.766	0.25	0	1	54383
108.782	0.25	0	1	54391
108.8	0.25	0	1	54400
108.816	0.25	0	1	54408
108.832	0.25	0	1	54416
108.85	0.25	0	1	54425
108.866	0.25	0	1	54433
108.882	0.25	0	1	54441
108.9	0.25	0	1	54450
108.916	0.25	0	1	54458
108.932	0.25	1	2	54466
108.95	0.25	1	2	54475
108.966	0.25	1	2	54483
108.982	0.25	1	2	54491
109.0	0.25	0	1	54500
109.016	0.25	0	1	54508
109.032	0.25	0	1	54516
109.05	0.25	0	1	54525
109.066	0.25	0	1	54533
109.082	0.25	0	1	54541
109.1	0.25	0	1	54550
109.116	0.25	0	1	54558
109.132	0.25	0	1	54566
109.15	0.25	0	1	54575
109.166	0.25	0	1	54583
109.182	0.25	0	1	54591
109.2	0.25	0	1	54600
109.216	0.25	0	1	54608
109.232	0.25	0	1	54616
109.25	0.25	0	1	54625
109.266	0.25	0	1	54633
109.282	0.25	0	1	54641
109.3	0.25	0	1	54650
109.316	0.25	0	1	54658
109.332	0.25	0	1	54666
109.35	0.25	0	1	54675
109.366	0.25	0	1	54683
109.382	0.25	0	1	54691
109.4	0.25	1	2	54700
109.416	0.25	1	2	54708
109.432	0.25	1	2	54716
109.45	0.25	1	2	54725
109.466	0.25	0	1	54733
109.482	0.25	0	1	54741
109.5	0.25	0	1	54750
109.516	0.25	0	1	54758
111.0	0.25	0	1	55500
111.016	0.25	0	1	55508
111.032	0.25	0	1	55516
111.05	0.25	0	1	55525
111.066	0.25	0	1	55533
111.082	0.25	0	1	55541
111.1	0.25	0	1	55550
111.116	0.25	0	1	55558
111.132	0.25	0	1	55566
111.15	0.25	0	1	55575
111.166	0.25	0	1	55583
111.182	0.25	0	1	55591
111.2	0.25	0	1	55600
111.216	0.25	0	1	55608
111.232	0.25	0	1	55616
111.25	0.25	0	1	55625
111.266	0.25	0	1	55633
111.282	0.25	0	1	55641
111.3	0.25	0	1	55650
111.316	0.25	0	1	55658
111.332	0.25	0	1	55666
111.35	0.25	0	1	55675
111.366	0.25	0	1	55683
111.382	0.25	1	2	55691
111.4	0.25	1	2	55700
111.416	0.25	1	2	55708
111.432	0.25	1	2	55716
111.45	0.25	0	1	55725
111.466	0.25	0	1	55733
111.482	0.25	0	1	55741
111.5	0.25	0	1	55750
111.516	0.25	0	1	55758
111.532	0.25	0	1	55766
111.55	0.25	0	1	55775
111.566	0.25	0	1	55783
111.582	0.25	0	1	55791
111.6	0.25	0	1	55800
111.616	0.25	0	1	55808
111.632	0.25	0	1	55816
111.65	0.25	0	1	55825
111.666	0.25	0	1	55833
111.682	0.25	0	1	55841
111.7	0.25	0	1	55850
111.716	0.25	0	1	55858
111.732	0.25	0	1	55866
111.75	0.25	0	1	55875
111.766	0.25	1	2	55883
111.782	0.25	1	2	55891
111.8	0.25	1	2	55900
111.816	0.25	1	2	55908
111.832	0.25	0	1	55916
111.85	0.25	0	1	55925
111.866	0.25	0	1	55933
111.882	0.25	0	1	55941
111.9	0.25	0	1	55950
111.916	0.25	0	1	55958
111.932	0.25	0	1	55966
111.95	0.25	0	1	55975
111.966	0.25	0	1	55983
111.982	0.25	0	1	55991
112.0	0.25	0	1	56000
112.016	0.25	0	1	56008
112.032	0.25	0	1	56016
112.05	0.25	0	1	56025
112.066	0.25	1	2	56033
112.082	0.25	1	2	56041
112.1	0.25	1	2	56050
112.116	0.25	1	2	56058
112.132	0.25	0	1	56066
112.15	0.25	0	1	56075
112.166	0.25	0	1	56083
112.182	0.25	0	1	56091
112.2	0.25	0	1	56100
112.216	0.25	0	1	56108
112.232	0.25	0	1	56116
112.25	0.25	0	1	56125
112.266	0.25	0	1	56133
112.282	0.25	0	1	56141
112.3	0.25	0	1	56150
112.316	0.25	0	1	56158
112.332	0.25	0	1	56166
112.35	0.25	1	2	56175
112.366	0.25	1	2	56183
112.382	0.25	1	2	56191
112.4	0.25	1	2	56200
112.416	0.25	0	1	56208
112.432	0.25	0	1	56216
112.45	0.25	0	1	56225
112.466	0.25	0	1	56233
112.482	0.25	0	1	56241
112.5	0.25	0	1	56250
112.516	0.25	0	1	56258
112.532	0.25	0	1	56266
112.55	0.25	0	1	56275
112.566	0.25	0	1	56283
112.582	0.25	0	1	56291
112.6	0.25	0	1	56300
112.616	0.25	0	1	56308
112.632	0.25	0	1	56316
112.65	0.25	0	1	56325
112.666	0.25	0	1	56333
112.682	0.25	1	2	56341
112.7	0.25	1	2	56350
112.716	0.25	1	2	56358
112.732	0.25	1	2	56366
112.75	0.25	0	1	56375
112.766	0.25	0	1	56383
112.782	0.25	0	1	56391
112.8	0.25	0	1	56400
112.816	0.25	0	1	56408
112.832	0.25	0	1	56416
112.85	0.25	0	1	56425
112.866	0.25	0	1	56433
112.882	0.25	0	1	56441
112.9	0.25	0	1	56450
112.916	0.25	0	1	56458
112.932	0.25	0	1	56466
116.132	0.25	0	1	58066
116.15	0.25	0	1	58075
116.166	0.25	0	1	58083
116.182	0.25	0	1	58091
116.2	0.25	0	1	58100
116.216	0.25	0	1	58108
116.232	0.25	0	1	58116
116.25	0.25	0	1	58125
116.266	0.25	0	1	58133
116.282	0.25	0	1	58141
116.3	0.25	0	1	58150
116.316	0.25	0	1	58158
116.332	0.25	0	1	58166
116.35	0.25	0	1	58175
116.366	0.25	0	1	58183
116.382	0.25	1	2	58191
116.4	0.25	1	2	58200
116.416	0.25	1	2	58208
116.432	0.25	1	2	58216
116.45	0.25	0	1	58225
116.466	0.25	0	1	58233
116.482	0.25	0	1	58241
116.5	0.25	0	1	58250
116.516	0.25	0	1	58258
116.532	0.25	0	1	58266
116.55	0.25	0	1	58275
116.566	0.25	0	1	58283
116.582	0.25	0	1	58291
116.6	0.25	0	1	58300
116.616	0.25	0	1	58308
116.632	0.25	0	1	58316
116.65	0.25	0	1	58325
116.666	0.25	0	1	58333
116.682	0.25	0	1	58341
116.7	0.25	0	1	58350
116.716	0.25	0	1	58358
116.732	0.25	0	1	58366
116.75	0.25	0	1	58375
116.766	0.25	0	1	58383
116.782	0.25	0	1	58391
116.8	0.25	0	1	58400
116.816	0.25	1	2	58408
116.832	0.25	1	2	58416
116.85	0.25	1	2	58425
116.866	0.25	1	2	58433
116.882	0.25	0	1	58441
116.9	0.25	0	1	58450
116.916	0.25	0	1	58458
116.932	0.25	0	1	58466
116.95	0.25	0	1	58475
116.966	0.25	0	1	58483
116.982	0.25	0	1	58491
117.0	0.25	0	1	58500
117.016	0.25	0	1	58508
117.032	0.25	0	1	58516
117.05	0.25	0	1	58525
117.066	0.25	0	1	58533
117.082	0.25	0	1	58541
117.1	0.25	0	1	58550
117.116	0.25	0	1	58558
117.132	0.25	0	1	58566
117.15	0.25	0	1	58575
117.166	0.25	0	1	58583
117.182	0.25	0	1	58591
117.2	0.25	0	1	58600
117.216	0.25	0	1	58608
117.232	0.25	0	1	58616
117.25	0.25	0	1	58625
117.266	0.25	0	1	58633
117.282	0.25	1	2	58641
117.3	0.25	1	2	58650
117.316	0.25	1	2	58658
117.332	0.25	1	2	58666
117.35	0.25	0	1	58675
117.366	0.25	0	1	58683
117.382	0.25	0	1	58691
117.4	0.25	0	1	58700
117.416	0.25	0	1	58708
117.432	0.25	0	1	58716
117.45	0.25	0	1	58725
117.466	0.25	0	1	58733
117.482	0.25	0	1	58741
117.5	0.25	0	1	58750
117.516	0.25	0	1	58758
117.532	0.25	0	1	58766
117.55	0.25	0	1	58775
117.566	0.25	0	1	58783
117.582	0.25	1	2	58791
117.6	0.25	1	2	58800
117.616	0.25	1	2	58808
117.632	0.25	1	2	58816
117.65	0.25	0	1	58825
117.666	0.25	0	1	58833
117.682	0.25	0	1	58841
117.7	0.25	0	1	58850
117.716	0.25	0	1	58858
117.732	0.25	0	1	58866
117.75	0.25	0	1	58875
117.766	0.25	0	1	58883
117.782	0.25	0	1	58891
117.8	0.25	0	1	58900
117.816	0.25	0	1	58908
117.832	0.25	0	1	58916
117.85	0.25	0	1	58925
117.866	0.25	0	1	58933
117.882	0.25	0	1	58941
117.9	0.25	0	1	58950
117.916	0.25	0	1	58958
117.932	0.25	0	1	58966
117.95	0.25	0	1	58975
117.966	0.25	0	1	58983
117.982	0.25	0	1	58991
118.0	0.25	0	1	59000
118.016	0.25	1	2	59008
118.032	0.25	1	2	59016
118.05	0.25	1	2	59025
118.066	0.25	1	2	59033
119.55	0.25	0	1	59775
119.566	0.25	0	1	59783
119.582	0.25	0	1	59791
119.6	0.25	0	1	59800
119.616	0.25	0	1	59808
119.632	0.25	0	1	59816
119.65	0.25	0	1	59825
119.666	0.25	0	1	59833
119.682	0.25	0	1	59841
119.7	0.25	0	1	59850
119.716	0.25	0	1	59858
119.732	0.25	0	1	59866
119.75	0.25	0	1	59875
119.766	0.25	0	1	59883
119.782	0.25	0	1	59891
119.8	0.25	0	1	59900
119.816	0.25	0	1	59908
119.832	0.25	0	1	59916
119.85	0.25	1	2	59925
119.866	0.25	1	2	59933
119.882	0.25	1	2	59941
119.9	0.25	1	2	59950
119.916	0.25	0	1	59958
119.932	0.25	0	1	59966
119.95	0.25	0	1	59975
119.966	0.25	0	1	59983
119.982	0.25	0	1	59991
120.0	0.25	0	1	60000
120.016	0.25	0	1	60008
120.032	0.25	0	1	60016
120.05	0.25	0	1	60025
120.066	0.25	0	1	60033
120.082	0.25	0	1	60041
120.1	0.25	0	1	60050
120.116	0.25	0	1	60058
120.132	0.25	0	1	60066
120.15	0.25	0	1	60075
120.166	0.25	0	1	60083
120.182	0.25	0	1	60091
120.2	0.25	0	1	60100
120.216	0.25	0	1	60108
120.232	0.25	0	1	60116
120.25	0.25	1	2	60125
120.266	0.25	1	2	60133
120.282	0.25	1	2	60141
120.3	0.25	1	2	60150
120.316	0.25	0	1	60158
120.332	0.25	0	1	60166
120.35	0.25	0	1	60175
120.366	0.25	0	1	60183
120.382	0.25	0	1	60191
120.4	0.25	0	1	60200
120.416	0.25	0	1	60208
120.432	0.25	0	1	60216
120.45	0.25	0	1	60225
120.466	0.25	0	1	60233
120.482	0.25	0	1	60241
120.5	0.25	0	1	60250
120.516	0.25	0	1	60258
120.532	0.25	1	2	60266
120.55	0.25	1	2	60275
120.566	0.25	1	2	60283
120.582	0.25	1	2	60291
120.6	0.25	0	1	60300
120.616	0.25	0	1	60308
120.632	0.25	0	1	60316
120.65	0.25	0	1	60325
120.666	0.25	0	1	60333
120.682	0.25	0	1	60341
120.7	0.25	0	1	60350
120.716	0.25	0	1	60358
120.732	0.25	0	1	60366
120.75	0.25	0	1	60375
120.766	0.25	0	1	60383
120.782	0.25	0	1	60391
120.8	0.25	0	1	60400
120.816	0.25	0	1	60408
120.832	0.25	0	1	60416
120.85	0.25	0	1	60425
120.866	0.25	0	1	60433
120.882	0.25	0	1	60441
120.9	0.25	1	2	60450
120.916	0.25	1	2	60458
120.932	0.25	1	2	60466
120.95	0.25	1	2	60475
120.966	0.25	0	1	60483
120.982	0.25	0	1	60491
121.0	0.25	0	1	60500
121.016	0.25	0	1	60508
121.032	0.25	0	1	60516
121.05	0.25	0	1	60525
121.066	0.25	0	1	60533
121.082	0.25	0	1	60541
121.1	0.25	0	1	60550
121.116	0.25	0	1	60558
121.132	0.25	0	1	60566
121.15	0.25	0	1	60575
121.166	0.25	0	1	60583
121.182	0.25	0	1	60591
121.2	0.25	0	1	60600
121.216	0.25	0	1	60608
121.232	0.25	0	1	60616
121.25	0.25	0	1	60625
121.266	0.25	0	1	60633
121.282	0.25	0	1	60641
121.3	0.25	0	1	60650
121.316	0.25	0	1	60658
121.332	0.25	0	1	60666
121.35	0.25	0	1	60675
121.366	0.25	1	2	60683
121.382	0.25	1	2	60691
121.4	0.25	1	2	60700
121.416	0.25	1	2	60708
121.432	0.25	0	1	60716
121.45	0.25	0	1	60725
121.466	0.25	0	1	60733
121.482	0.25	0	1	60741
122.966	0.25	0	1	61483
122.982	0.25	0	1	61491
123.0	0.25	0	1	61500
123.016	0.25	0	1	61508
123.032	0.25	0	1	61516
123.05	0.25	0	1	61525
123.066	0.25	0	1	61533
123.082	0.25	0	1	61541
123.1	0.25	0	1	61550
123.116	0.25	0	1	61558
123.132	0.25	0	1	61566
123.15	0.25	0	1	61575
123.166	0.25	0	1	61583
123.182	0.25	0	1	61591
123.2	0.25	0	1	61600
123.216	0.25	0	1	61608
123.232	0.25	0	1	61616
123.25	0.25	0	1	61625
123.266	0.25	0	1	61633
123.282	0.25	0	1	61641
123.3	0.25	0	1	61650
123.316	0.25	0	1	61658
123.332	0.25	0	1	61666
123.35	0.25	1	2	61675
123.366	0.25	1	2	61683
123.382	0.25	1	2	61691
123.4	0.25	1	2	61700
123.416	0.25	0	1	61708
123.432	0.25	0	1	61716
123.45	0.25	0	1	61725
123.466	0.25	0	1	61733
123.482	0.25	0	1	61741
123.5	0.25	0	1	61750
123.516	0.25	0	1	61758
123.532	0.25	0	1	61766
123.55	0.25	0	1	61775
123.566	0.25	0	1	61783
123.582	0.25	0	1	61791
123.6	0.25	0	1	61800
123.616	0.25	0	1	61808
123.632	0.25	0	1	61816
123.65	0.25	0	1	61825
123.666	0.25	0	1	61833
123.682	0.25	0	1	61841
123.7	0.25	0	1	61850
123.716	0.25	0	1	61858
123.732	0.25	1	2	61866
123.75	0.25	1	2	61875
123.766	0.25	1	2	61883
123.782	0.25	1	2	61891
123.8	0.25	0	1	61900
123.816	0.25	0	1	61908
123.832	0.25	0	1	61916
123.85	0.25	0	1	61925
123.866	0.25	0	1	61933
123.882	0.25	0	1	61941
123.9	0.25	0	1	61950
123.916	0.25	0	1	61958
123.932	0.25	0	1	61966
123.95	0.25	0	1	61975
123.966	0.25	0	1	61983
123.982	0.25	0	1	61991
124.0	0.25	0	1	62000
124.016	0.25	0	1	62008
124.032	0.25	1	2	62016
124.05	0.25	1	2	62025
124.066	0.25	1	2	62033
124.082	0.25	1	2	62041
124.1	0.25	0	1	62050
124.116	0.25	0	1	62058
124.132	0.25	0	1	62066
124.15	0.25	0	1	62075
124.166	0.25	0	1	62083
124.182	0.25	0	1	62091
124.2	0.25	0	1	62100
124.216	0.25	0	1	62108
124.232	0.25	0	1	62116
124.25	0.25	0	1	62125
124.266	0.25	0	1	62133
124.282	0.25	0	1	62141
124.3	0.25	0	1	62150
124.316	0.25	1	2	62158
124.332	0.25	1	2	62166
124.35	0.25	1	2	62175
124.366	0.25	1	2	62183
124.382	0.25	0	1	62191
124.4	0.25	0	1	62200
124.416	0.25	0	1	62208
124.432	0.25	0	1	62216
124.45	0.25	0	1	62225
124.466	0.25	0	1	62233
124.482	0.25	0	1	62241
124.5	0.25	0	1	62250
124.516	0.25	0	1	62258
124.532	0.25	0	1	62266
124.55	0.25	0	1	62275
124.566	0.25	0	1	62283
124.582	0.25	0	1	62291
124.6	0.25	0	1	62300
124.616	0.25	0	1	62308
124.632	0.25	0	1	62316
124.65	0.25	1	2	62325
124.666	0.25	1	2	62333
124.682	0.25	1	2	62341
124.7	0.25	1	2	62350
124.716	0.25	0	1	62358
124.732	0.25	0	1	62366
124.75	0.25	0	1	62375
124.766	0.25	0	1	62383
124.782	0.25	0	1	62391
124.8	0.25	0	1	62400
124.816	0.25	0	1	62408
124.832	0.25	0	1	62416
124.85	0.25	0	1	62425
124.866	0.25	0	1	62433
124.882	0.25	0	1	62441
124.9	0.25	0	1	62450
126.382	0.25	0	1	63191
126.4	0.25	1	2	63200
126.416	0.25	1	2	63208
126.432	0.25	1	2	63216
126.45	0.25	1	2	63225
126.466	0.25	0	1	63233
126.482	0.25	0	1	63241
126.5	0.25	0	1	63250
126.516	0.25	0	1	63258
126.532	0.25	0	1	63266
126.55	0.25	0	1	63275
126.566	0.25	0	1	63283
126.582	0.25	0	1	63291
126.6	0.25	0	1	63300
126.616	0.25	0	1	63308
126.632	0.25	0	1	63316
126.65	0.25	0	1	63325
126.666	0.25	0	1	63333
126.682	0.25	0	1	63341
126.7	0.25	0	1	63350
126.716	0.25	0	1	63358
126.732	0.25	0	1	63366
126.75	0.25	0	1	63375
126.766	0.25	0	1	63383
126.782	0.25	0	1	63391
126.8	0.25	0	1	63400
126.816	0.25	0	1	63408
126.832	0.25	0	1	63416
126.85	0.25	0	1	63425
126.866	0.25	0	1	63433
126.882	0.25	1	2	63441
126.9	0.25	1	2	63450
126.916	0.25	1	2	63458
126.932	0.25	1	2	63466
126.95	0.25	0	1	63475
126.966	0.25	0	1	63483
126.982	0.25	0	1	63491
127.0	0.25	0	1	63500
127.016	0.25	0	1	63508
127.032	0.25	0	1	63516
127.05	0.25	0	1	63525
127.066	0.25	0	1	63533
127.082	0.25	0	1	63541
127.1	0.25	0	1	63550
127.116	0.25	0	1	63558
127.132	0.25	0	1	63566
127.15	0.25	0	1	63575
127.166	0.25	0	1	63583
127.182	0.25	0	1	63591
127.2	0.25	0	1	63600
127.216	0.25	0	1	63608
127.232	0.25	0	1	63616
127.25	0.25	0	1	63625
127.266	0.25	0	1	63633
127.282	0.25	0	1	63641
127.3	0.25	0	1	63650
127.316	0.25	0	1	63658
127.332	0.25	0	1	63666
127.35	0.25	1	2	63675
127.366	0.25	1	2	63683
127.382	0.25	1	2	63691
127.4	0.25	1	2	63700
127.416	0.25	0	1	63708
127.432	0.25	0	1	63716
127.45	0.25	0	1	63725
127.466	0.25	0	1	63733
127.482	0.25	0	1	63741
127.5	0.25	0	1	63750
127.516	0.25	0	1	63758
127.532	0.25	0	1	63766
127.55	0.25	0	1	63775
127.566	0.25	0	1	63783
127.582	0.25	0	1	63791
127.6	0.25	0	1	63800
127.616	0.25	0	1	63808
127.632	0.25	0	1	63816
127.65	0.25	0	1	63825
127.666	0.25	0	1	63833
127.682	0.25	0	1	63841
127.7	0.25	0	1	63850
127.716	0.25	0	1	63858
127.732	0.25	0	1	63866
127.75	0.25	0	1	63875
127.766	0.25	1	2	63883
127.782	0.25	1	2	63891
127.8	0.25	1	2	63900
127.816	0.25	1	2	63908
127.832	0.25	0	1	63916
127.85	0.25	0	1	63925
127.866	0.25	0	1	63933
127.882	0.25	0	1	63941
127.9	0.25	0	1	63950
127.916	0.25	0	1	63958
127.932	0.25	0	1	63966
127.95	0.25	0	1	63975
127.966	0.25	0	1	63983
127.982	0.25	0	1	63991
128.0	0.25	0	1	64000
128.016	0.25	0	1	64008
128.032	0.25	0	1	64016
128.05	0.25	0	1	64025
128.066	0.25	0	1	64033
128.082	0.25	0	1	64041
128.1	0.25	0	1	64050
128.116	0.25	0	1	64058
128.132	0.25	0	1	64066
128.15	0.25	0	1	64075
128.166	0.25	0	1	64083
128.182	0.25	0	1	64091
128.198	0.25	1	2	64099
128.216	0.25	1	2	64108
128.232	0.25	1	2	64116
128.25	0.25	1	2	64125
128.266	0.25	0	1	64133
128.282	0.25	0	1	64141
128.3	0.25	0	1	64150
128.316	0.25	0	1	64158
130.966	0.25	0	1	65483
130.982	0.25	0	1	65491
131.0	0.25	0	1	65500
131.016	0.25	0	1	65508
131.032	0.25	0	1	65516
131.05	0.25	0	1	65525
131.066	0.25	0	1	65533
131.082	0.25	0	1	65541
131.1	0.25	0	1	65550
131.116	0.25	0	1	65558
131.132	0.25	0	1	65566
131.15	0.25	0	1	65575
131.166	0.25	0	1	65583
131.182	0.25	0	1	65591
131.2	0.25	0	1	65600
131.216	0.25	0	1	65608
131.232	0.25	0	1	65616
131.25	0.25	0	1	65625
131.266	0.25	0	1	65633
131.282	0.25	0	1	65641
131.3	0.25	0	1	65650
131.316	0.25	0	1	65658
131.332	0.25	0	1	65666
131.35	0.25	1	2	65675
131.366	0.25	1	2	65683
131.382	0.25	1	2	65691
131.4	0.25	1	2	65700
131.416	0.25	0	1	65708
131.432	0.25	0	1	65716
131.45	0.25	0	1	65725
131.466	0.25	0	1	65733
131.482	0.25	0	1	65741
131.5	0.25	0	1	65750
131.516	0.25	0	1	65758
131.532	0.25	0	1	65766
131.55	0.25	0	1	65775
131.566	0.25	0	1	65783
131.582	0.25	0	1	65791
131.6	0.25	0	1	65800
131.616	0.25	0	1	65808
131.632	0.25	0	1	65816
131.65	0.25	0	1	65825
131.666	0.25	0	1	65833
131.682	0.25	0	1	65841
131.7	0.25	0	1	65850
131.716	0.25	0	1	65858
131.732	0.25	1	2	65866
131.75	0.25	1	2	65875
131.766	0.25	1	2	65883
131.782	0.25	1	2	65891
131.8	0.25	0	1	65900
131.816	0.25	0	1	65908
131.832	0.25	0	1	65916
131.85	0.25	0	1	65925
131.866	0.25	0	1	65933
131.882	0.25	0	1	65941
131.9	0.25	0	1	65950
131.916	0.25	0	1	65958
131.932	0.25	0	1	65966
131.95	0.25	0	1	65975
131.966	0.25	0	1	65983
131.982	0.25	0	1	65991
132.0	0.25	0	1	66000
132.016	0.25	0	1	66008
132.032	0.25	1	2	66016
132.05	0.25	1	2	66025
132.066	0.25	1	2	66033
132.082	0.25	1	2	66041
132.1	0.25	0	1	66050
132.116	0.25	0	1	66058
132.132	0.25	0	1	66066
132.15	0.25	0	1	66075
132.166	0.25	0	1	66083
132.182	0.25	0	1	66091
132.2	0.25	0	1	66100
132.216	0.25	0	1	66108
132.232	0.25	0	1	66116
132.25	0.25	0	1	66125
132.266	0.25	0	1	66133
132.282	0.25	0	1	66141
132.3	0.25	0	1	66150
132.316	0.25	1	2	66158
132.332	0.25	1	2	66166
132.35	0.25	1	2	66175
132.366	0.25	1	2	66183
132.382	0.25	0	1	66191
132.4	0.25	0	1	66200
132.416	0.25	0	1	66208
132.432	0.25	0	1	66216
132.45	0.25	0	1	66225
132.466	0.25	0	1	66233
132.482	0.25	0	1	66241
132.5	0.25	0	1	66250
132.516	0.25	0	1	66258
132.532	0.25	0	1	66266
132.55	0.25	0	1	66275
132.566	0.25	0	1	66283
132.582	0.25	0	1	66291
132.6	0.25	0	1	66300
132.616	0.25	0	1	66308
132.632	0.25	0	1	66316
132.65	0.25	1	2	66325
132.666	0.25	1	2	66333
132.682	0.25	1	2	66341
132.7	0.25	1	2	66350
132.716	0.25	0	1	66358
132.732	0.25	0	1	66366
132.75	0.25	0	1	66375
132.766	0.25	0	1	66383
132.782	0.25	0	1	66391
132.8	0.25	0	1	66400
132.816	0.25	0	1	66408
132.832	0.25	0	1	66416
132.85	0.25	0	1	66425
132.866	0.25	0	1	66433
132.882	0.25	0	1	66441
132.9	0.25	0	1	66450
134.382	0.25	0	1	67191
134.4	0.25	0	1	67200
134.416	0.25	0	1	67208
134.432	0.25	0	1	67216
134.45	0.25	0	1	67225
134.466	0.25	0	1	67233
134.482	0.25	0	1	67241
134.5	0.25	0	1	67250
134.516	0.25	0	1	67258
134.532	0.25	0	1	67266
134.55	0.25	0	1	67275
134.566	0.25	0	1	67283
134.582	0.25	0	1	67291
134.6	0.25	0	1	67300
134.616	0.25	0	1	67308
134.632	0.25	1	2	67316
134.65	0.25	1	2	67325
134.666	0.25	1	2	67333
134.682	0.25	1	2	67341
134.7	0.25	0	1	67350
134.716	0.25	0	1	67358
134.732	0.25	0	1	67366
134.75	0.25	0	1	67375
134.766	0.25	0	1	67383
134.782	0.25	0	1	67391
134.8	0.25	0	1	67400
134.816	0.25	0	1	67408
134.832	0.25	0	1	67416
134.85	0.25	0	1	67425
134.866	0.25	0	1	67433
134.882	0.25	0	1	67441
134.9	0.25	0	1	67450
134.916	0.25	0	1	67458
134.932	0.25	0	1	67466
134.95	0.25	0	1	67475
134.966	0.25	0	1	67483
134.982	0.25	0	1	67491
135.0	0.25	0	1	67500
135.016	0.25	0	1	67508
135.032	0.25	0	1	67516
135.05	0.25	0	1	67525
135.066	0.25	1	2	67533
135.082	0.25	1	2	67541
135.1	0.25	1	2	67550
135.116	0.25	1	2	67558
135.132	0.25	0	1	67566
135.15	0.25	0	1	67575
135.166	0.25	0	1	67583
135.182	0.25	0	1	67591
135.2	0.25	0	1	67600
135.216	0.25	0	1	67608
135.232	0.25	0	1	67616
135.25	0.25	0	1	67625
135.266	0.25	0	1	67633
135.282	0.25	0	1	67641
135.3	0.25	0	1	67650
135.316	0.25	0	1	67658
135.332	0.25	0	1	67666
135.35	0.25	0	1	67675
135.366	0.25	0	1	67683
135.382	0.25	0	1	67691
135.4	0.25	0	1	67700
135.416	0.25	0	1	67708
135.432	0.25	0	1	67716
135.45	0.25	0	1	67725
135.466	0.25	0	1	67733
135.482	0.25	0	1	67741
135.5	0.25	0	1	67750
135.516	0.25	0	1	67758
135.532	0.25	1	2	67766
135.55	0.25	1	2	67775
135.566	0.25	1	2	67783
135.582	0.25	1	2	67791
135.6	0.25	0	1	67800
135.616	0.25	0	1	67808
135.632	0.25	0	1	67816
135.65	0.25	0	1	67825
135.666	0.25	0	1	67833
135.682	0.25	0	1	67841
135.7	0.25	0	1	67850
135.716	0.25	0	1	67858
135.732	0.25	0	1	67866
135.75	0.25	0	1	67875
135.766	0.25	0	1	67883
135.782	0.25	0	1	67891
135.8	0.25	0	1	67900
135.816	0.25	0	1	67908
135.832	0.25	1	2	67916
135.85	0.25	1	2	67925
135.866	0.25	1	2	67933
135.882	0.25	1	2	67941
135.9	0.25	0	1	67950
135.916	0.25	0	1	67958
135.932	0.25	0	1	67966
135.95	0.25	0	1	67975
135.966	0.25	0	1	67983
135.982	0.25	0	1	67991
136.0	0.25	0	1	68000
136.016	0.25	0	1	68008
136.032	0.25	0	1	68016
136.05	0.25	0	1	68025
136.066	0.25	0	1	68033
136.082	0.25	0	1	68041
136.1	0.25	0	1	68050
136.116	0.25	0	1	68058
136.132	0.25	0	1	68066
136.15	0.25	0	1	68075
136.166	0.25	0	1	68083
136.182	0.25	0	1	68091
136.2	0.25	0	1	68100
136.216	0.25	0	1	68108
136.232	0.25	0	1	68116
136.25	0.25	0	1	68125
136.266	0.25	1	2	68133
136.282	0.25	1	2	68141
136.3	0.25	1	2	68150
136.316	0.25	1	2	68158
137.8	0.25	0	1	68900
137.816	0.25	1	2	68908
137.832	0.25	1	2	68916
137.85	0.25	1	2	68925
137.866	0.25	1	2	68933
137.882	0.25	0	1	68941
137.9	0.25	0	1	68950
137.916	0.25	0	1	68958
137.932	0.25	0	1	68966
137.95	0.25	0	1	68975
137.966	0.25	0	1	68983
137.982	0.25	0	1	68991
138.0	0.25	0	1	69000
138.016	0.25	0	1	69008
138.032	0.25	0	1	69016
138.05	0.25	0	1	69025
138.066	0.25	0	1	69033
138.082	0.25	0	1	69041
138.1	0.25	0	1	69050
138.116	0.25	0	1	69058
138.132	0.25	0	1	69066
138.15	0.25	0	1	69075
138.166	0.25	0	1	69083
138.182	0.25	0	1	69091
138.2	0.25	0	1	69100
138.216	0.25	0	1	69108
138.232	0.25	0	1	69116
138.25	0.25	0	1	69125
138.266	0.25	0	1	69133
138.282	0.25	0	1	69141
138.3	0.25	1	2	69150
138.316	0.25	1	2	69158
138.332	0.25	1	2	69166
138.35	0.25	1	2	69175
138.366	0.25	0	1	69183
138.382	0.25	0	1	69191
138.4	0.25	0	1	69200
138.416	0.25	0	1	69208
138.432	0.25	0	1	69216
138.45	0.25	0	1	69225
138.466	0.25	0	1	69233
138.482	0.25	0	1	69241
138.5	0.25	0	1	69250
138.516	0.25	0	1	69258
138.532	0.25	0	1	69266
138.55	0.25	0	1	69275
138.566	0.25	0	1	69283
138.582	0.25	0	1	69291
138.6	0.25	0	1	69300
138.616	0.25	0	1	69308
138.632	0.25	0	1	69316
138.65	0.25	0	1	69325
138.666	0.25	0	1	69333
138.682	0.25	0	1	69341
138.7	0.25	0	1	69350
138.716	0.25	0	1	69358
138.732	0.25	0	1	69366
138.75	0.25	0	1	69375
138.766	0.25	1	2	69383
138.782	0.25	1	2	69391
138.8	0.25	1	2	69400
138.816	0.25	1	2	69408
138.832	0.25	0	1	69416
138.85	0.25	0	1	69425
138.866	0.25	0	1	69433
138.882	0.25	0	1	69441
138.9	0.25	0	1	69450
138.916	0.25	0	1	69458
138.932	0.25	0	1	69466
138.95	0.25	0	1	69475
138.966	0.25	0	1	69483
138.982	0.25	0	1	69491
139.0	0.25	0	1	69500
139.016	0.25	0	1	69508
139.032	0.25	0	1	69516
139.05	0.25	0	1	69525
139.066	0.25	0	1	69533
139.082	0.25	0	1	69541
139.1	0.25	0	1	69550
139.116	0.25	0	1	69558
139.132	0.25	0	1	69566
139.15	0.25	0	1	69575
139.166	0.25	0	1	69583
139.182	0.25	1	2	69591
139.2	0.25	1	2	69600
139.216	0.25	1	2	69608
139.232	0.25	1	2	69616
139.25	0.25	0	1	69625
139.266	0.25	0	1	69633
139.282	0.25	0	1	69641
139.3	0.25	0	1	69650
139.316	0.25	0	1	69658
139.332	0.25	0	1	69666
139.35	0.25	0	1	69675
139.366	0.25	0	1	69683
139.382	0.25	0	1	69691
139.4	0.25	0	1	69700
139.416	0.25	0	1	69708
139.432	0.25	0	1	69716
139.45	0.25	0	1	69725
139.466	0.25	0	1	69733
139.482	0.25	0	1	69741
139.5	0.25	0	1	69750
139.516	0.25	0	1	69758
139.532	0.25	0	1	69766
139.55	0.25	0	1	69775
139.566	0.25	0	1	69783
139.582	0.25	0	1	69791
139.6	0.25	0	1	69800
139.616	0.25	1	2	69808
139.632	0.25	1	2	69816
139.65	0.25	1	2	69825
139.666	0.25	1	2	69833
139.682	0.25	0	1	69841
139.7	0.25	0	1	69850
139.716	0.25	0	1	69858
139.732	0.25	0	1	69866
141.216	0.25	0	1	70608
141.232	0.25	0	1	70616
141.25	0.25	0	1	70625
141.266	0.25	0	1	70633
141.282	0.25	0	1	70641
141.3	0.25	0	1	70650
141.316	0.25	0	1	70658
141.332	0.25	0	1	70666
141.35	0.25	0	1	70675
141.366	0.25	0	1	70683
141.382	0.25	0	1	70691
141.4	0.25	0	1	70700
141.416	0.25	0	1	70708
141.432	0.25	0	1	70716
141.45	0.25	0	1	70725
141.466	0.25	0	1	70733
141.482	0.25	0	1	70741
141.5	0.25	0	1	70750
141.516	0.25	1	2	70758
141.532	0.25	1	2	70766
141.55	0.25	1	2	70775
141.566	0.25	1	2	70783
141.582	0.25	0	1	70791
141.6	0.25	0	1	70800
141.616	0.25	0	1	70808
141.632	0.25	0	1	70816
141.65	0.25	0	1	70825
141.666	0.25	0	1	70833
141.682	0.25	0	1	70841
141.7	0.25	0	1	70850
141.716	0.25	0	1	70858
141.732	0.25	0	1	70866
141.75	0.25	0	1	70875
141.766	0.25	0	1	70883
141.782	0.25	0	1	70891
141.8	0.25	0	1	70900
141.816	0.25	0	1	70908
141.832	0.25	0	1	70916
141.85	0.25	0	1	70925
141.866	0.25	0	1	70933
141.882	0.25	0	1	70941
141.9	0.25	0	1	70950
141.916	0.25	1	2	70958
141.932	0.25	1	2	70966
141.95	0.25	1	2	70975
141.966	0.25	1	2	70983
141.982	0.25	0	1	70991
142.0	0.25	0	1	71000
142.016	0.25	0	1	71008
142.032	0.25	0	1	71016
142.05	0.25	0	1	71025
142.066	0.25	0	1	71033
142.082	0.25	0	1	71041
142.1	0.25	0	1	71050
142.116	0.25	0	1	71058
142.132	0.25	0	1	71066
142.15	0.25	0	1	71075
142.166	0.25	0	1	71083
142.182	0.25	0	1	71091
142.2	0.25	1	2	71100
142.216	0.25	1	2	71108
142.232	0.25	1	2	71116
142.25	0.25	1	2	71125
142.266	0.25	0	1	71133
142.282	0.25	0	1	71141
142.3	0.25	0	1	71150
142.316	0.25	0	1	71158
142.332	0.25	0	1	71166
142.35	0.25	0	1	71175
142.366	0.25	0	1	71183
142.382	0.25	0	1	71191
142.4	0.25	0	1	71200
142.416	0.25	0	1	71208
142.432	0.25	0	1	71216
142.45	0.25	0	1	71225
142.466	0.25	0	1	71233
142.482	0.25	0	1	71241
142.5	0.25	0	1	71250
142.516	0.25	0	1	71258
142.532	0.25	0	1	71266
142.55	0.25	0	1	71275
142.566	0.25	1	2	71283
142.582	0.25	1	2	71291
142.6	0.25	1	2	71300
142.616	0.25	1	2	71308
142.632	0.25	0	1	71316
142.65	0.25	0	1	71325
142.666	0.25	0	1	71333
142.682	0.25	0	1	71341
142.7	0.25	0	1	71350
142.716	0.25	0	1	71358
142.732	0.25	0	1	71366
142.75	0.25	0	1	71375
142.766	0.25	0	1	71383
142.782	0.25	0	1	71391
142.8	0.25	0	1	71400
142.816	0.25	0	1	71408
142.832	0.25	0	1	71416
142.85	0.25	0	1	71425
142.866	0.25	0	1	71433
142.882	0.25	0	1	71441
142.9	0.25	0	1	71450
142.916	0.25	0	1	71458
142.932	0.25	0	1	71466
142.95	0.25	0	1	71475
142.966	0.25	0	1	71483
142.982	0.25	0	1	71491
143.0	0.25	0	1	71500
143.016	0.25	0	1	71508
143.032	0.25	1	2	71516
143.05	0.25	1	2	71525
143.066	0.25	1	2	71533
143.082	0.25	1	2	71541
143.1	0.25	0	1	71550
143.116	0.25	0	1	71558
143.132	0.25	0	1	71566
143.15	0.25	0	1	71575
146.166	0.25	0	1	73083
146.182	0.25	0	1	73091
146.2	0.25	0	1	73100
146.216	0.25	0	1	73108
146.232	0.25	0	1	73116
146.25	0.25	0	1	73125
146.266	0.25	0	1	73133
146.282	0.25	0	1	73141
146.3	0.25	0	1	73150
146.316	0.25	0	1	73158
146.332	0.25	0	1	73166
146.35	0.25	0	1	73175
146.366	0.25	0	1	73183
146.382	0.25	0	1	73191
146.4	0.25	0	1	73200
146.416	0.25	0	1	73208
146.432	0.25	0	1	73216
146.45	0.25	0	1	73225
146.466	0.25	1	2	73233
146.482	0.25	1	2	73241
146.5	0.25	1	2	73250
146.516	0.25	1	2	73258
146.532	0.25	0	1	73266
146.55	0.25	0	1	73275
146.566	0.25	0	1	73283
146.582	0.25	0	1	73291
146.6	0.25	0	1	73300
146.616	0.25	0	1	73308
146.632	0.25	0	1	73316
146.65	0.25	0	1	73325
146.666	0.25	0	1	73333
146.682	0.25	0	1	73341
146.7	0.25	0	1	73350
146.716	0.25	0	1	73358
146.732	0.25	0	1	73366
146.75	0.25	0	1	73375
146.766	0.25	0	1	73383
146.782	0.25	0	1	73391
146.8	0.25	0	1	73400
146.816	0.25	0	1	73408
146.832	0.25	0	1	73416
146.85	0.25	0	1	73425
146.866	0.25	1	2	73433
146.882	0.25	1	2	73441
146.9	0.25	1	2	73450
146.916	0.25	1	2	73458
146.932	0.25	0	1	73466
146.95	0.25	0	1	73475
146.966	0.25	0	1	73483
146.982	0.25	0	1	73491
147.0	0.25	0	1	73500
147.016	0.25	0	1	73508
147.032	0.25	0	1	73516
147.05	0.25	0	1	73525
147.066	0.25	0	1	73533
147.082	0.25	0	1	73541
147.1	0.25	0	1	73550
147.116	0.25	0	1	73558
147.132	0.25	0	1	73566
147.15	0.25	1	2	73575
147.166	0.25	1	2	73583
147.182	0.25	1	2	73591
147.2	0.25	1	2	73600
147.216	0.25	0	1	73608
147.232	0.25	0	1	73616
147.25	0.25	0	1	73625
147.266	0.25	0	1	73633
147.282	0.25	0	1	73641
147.3	0.25	0	1	73650
147.316	0.25	0	1	73658
147.332	0.25	0	1	73666
147.35	0.25	0	1	73675
147.366	0.25	0	1	73683
147.382	0.25	0	1	73691
147.4	0.25	0	1	73700
147.416	0.25	0	1	73708
147.432	0.25	0	1	73716
147.45	0.25	0	1	73725
147.466	0.25	0	1	73733
147.482	0.25	0	1	73741
147.5	0.25	0	1	73750
147.516	0.25	1	2	73758
147.532	0.25	1	2	73766
147.55	0.25	1	2	73775
147.566	0.25	1	2	73783
147.582	0.25	0	1	73791
147.6	0.25	0	1	73800
147.616	0.25	0	1	73808
147.632	0.25	0	1	73816
147.65	0.25	0	1	73825
147.666	0.25	0	1	73833
147.682	0.25	0	1	73841
147.7	0.25	0	1	73850
147.716	0.25	0	1	73858
147.732	0.25	0	1	73866
147.75	0.25	0	1	73875
147.766	0.25	0	1	73883
147.782	0.25	0	1	73891
147.8	0.25	0	1	73900
147.816	0.25	0	1	73908
147.832	0.25	0	1	73916
147.85	0.25	0	1	73925
147.866	0.25	0	1	73933
147.882	0.25	0	1	73941
147.9	0.25	0	1	73950
147.916	0.25	0	1	73958
147.932	0.25	0	1	73966
147.95	0.25	0	1	73975
147.966	0.25	0	1	73983
147.982	0.25	1	2	73991
148.0	0.25	1	2	74000
148.016	0.25	1	2	74008
148.032	0.25	1	2	74016
148.05	0.25	0	1	74025
148.066	0.25	0	1	74033
148.082	0.25	0	1	74041
148.1	0.25	0	1	74050
149.582	0.25	0	1	74791
149.6	0.25	0	1	74800
149.616	0.25	0	1	74808
149.632	0.25	0	1	74816
149.65	0.25	0	1	74825
149.666	0.25	0	1	74833
149.682	0.25	0	1	74841
149.7	0.25	0	1	74850
149.716	0.25	0	1	74858
149.732	0.25	0	1	74866
149.75	0.25	0	1	74875
149.766	0.25	0	1	74883
149.782	0.25	0	1	74891
149.8	0.25	0	1	74900
149.816	0.25	0	1	74908
149.832	0.25	0	1	74916
149.85	0.25	0	1	74925
149.866	0.25	0	1	74933
149.882	0.25	0	1	74941
149.9	0.25	0	1	74950
149.916	0.25	0	1	74958
149.932	0.25	0	1	74966
149.95	0.25	0	1	74975
149.966	0.25	1	2	74983
149.982	0.25	1	2	74991
150.0	0.25	1	2	75000
150.016	0.25	1	2	75008
150.032	0.25	0	1	75016
150.05	0.25	0	1	75025
150.066	0.25	0	1	75033
150.082	0.25	0	1	75041
150.1	0.25	0	1	75050
150.116	0.25	0	1	75058
150.132	0.25	0	1	75066
150.15	0.25	0	1	75075
150.166	0.25	0	1	75083
150.182	0.25	0	1	75091
150.2	0.25	0	1	75100
150.216	0.25	0	1	75108
150.232	0.25	0	1	75116
150.25	0.25	0	1	75125
150.266	0.25	0	1	75133
150.282	0.25	0	1	75141
150.3	0.25	0	1	75150
150.316	0.25	0	1	75158
150.332	0.25	0	1	75166
150.35	0.25	1	2	75175
150.366	0.25	1	2	75183
150.382	0.25	1	2	75191
150.4	0.25	1	2	75200
150.416	0.25	0	1	75208
150.432	0.25	0	1	75216
150.45	0.25	0	1	75225
150.466	0.25	0	1	75233
150.482	0.25	0	1	75241
150.5	0.25	0	1	75250
150.516	0.25	0	1	75258
150.532	0.25	0	1	75266
150.55	0.25	0	1	75275
150.566	0.25	0	1	75283
150.582	0.25	0	1	75291
150.6	0.25	0	1	75300
150.616	0.25	0	1	75308
150.632	0.25	0	1	75316
150.65	0.25	1	2	75325
150.666	0.25	1	2	75333
150.682	0.25	1	2	75341
150.7	0.25	1	2	75350
150.716	0.25	0	1	75358
150.732	0.25	0	1	75366
150.75	0.25	0	1	75375
150.766	0.25	0	1	75383
150.782	0.25	0	1	75391
150.8	0.25	0	1	75400
150.816	0.25	0	1	75408
150.832	0.25	0	1	75416
150.85	0.25	0	1	75425
150.866	0.25	0	1	75433
150.882	0.25	0	1	75441
150.9	0.25	0	1	75450
150.916	0.25	0	1	75458
150.932	0.25	1	2	75466
150.95	0.25	1	2	75475
150.966	0.25	1	2	75483
150.982	0.25	1	2	75491
151.0	0.25	0	1	75500
151.016	0.25	0	1	75508
151.032	0.25	0	1	75516
151.05	0.25	0	1	75525
151.066	0.25	0	1	75533
151.082	0.25	0	1	75541
151.1	0.25	0	1	75550
151.116	0.25	0	1	75558
151.132	0.25	0	1	75566
151.15	0.25	0	1	75575
151.166	0.25	0	1	75583
151.182	0.25	0	1	75591
151.2	0.25	0	1	75600
151.216	0.25	0	1	75608
151.232	0.25	0	1	75616
151.25	0.25	0	1	75625
151.266	0.25	1	2	75633
151.282	0.25	1	2	75641
151.3	0.25	1	2	75650
151.316	0.25	1	2	75658
151.332	0.25	0	1	75666
151.35	0.25	0	1	75675
151.366	0.25	0	1	75683
151.382	0.25	0	1	75691
151.4	0.25	0	1	75700
151.416	0.25	0	1	75708
151.432	0.25	0	1	75716
151.45	0.25	0	1	75725
151.466	0.25	0	1	75733
151.482	0.25	0	1	75741
151.5	0.25	0	1	75750
151.516	0.25	0	1	75758
153.0	0.25	0	1	76500
153.016	0.25	0	1	76508
153.032	0.25	0	1	76516
153.05	0.25	0	1	76525
153.066	0.25	0	1	76533
153.082	0.25	0	1	76541
153.1	0.25	0	1	76550
153.116	0.25	0	1	76558
153.132	0.25	0	1	76566
153.15	0.25	0	1	76575
153.166	0.25	0	1	76583
153.182	0.25	0	1	76591
153.2	0.25	0	1	76600
153.216	0.25	0	1	76608
153.232	0.25	0	1	76616
153.25	0.25	1	2	76625
153.266	0.25	1	2	76633
153.282	0.25	1	2	76641
153.3	0.25	1	2	76650
153.316	0.25	0	1	76658
153.332	0.25	0	1	76666
153.35	0.25	0	1	76675
153.366	0.25	0	1	76683
153.382	0.25	0	1	76691
153.4	0.25	0	1	76700
153.416	0.25	0	1	76708
153.432	0.25	0	1	76716
153.45	0.25	0	1	76725
153.466	0.25	0	1	76733
153.482	0.25	0	1	76741
153.5	0.25	0	1	76750
153.516	0.25	0	1	76758
153.532	0.25	0	1	76766
153.55	0.25	0	1	76775
153.566	0.25	0	1	76783
153.582	0.25	0	1	76791
153.6	0.25	0	1	76800
153.616	0.25	0	1	76808
153.632	0.25	0	1	76816
153.65	0.25	0	1	76825
153.666	0.25	0	1	76833
153.682	0.25	1	2	76841
153.7	0.25	1	2	76850
153.716	0.25	1	2	76858
153.732	0.25	1	2	76866
153.75	0.25	0	1	76875
153.766	0.25	0	1	76883
153.782	0.25	0	1	76891
153.8	0.25	0	1	76900
153.816	0.25	0	1	76908
153.832	0.25	0	1	76916
153.85	0.25	0	1	76925
153.866	0.25	0	1	76933
153.882	0.25	0	1	76941
153.9	0.25	0	1	76950
153.916	0.25	0	1	76958
153.932	0.25	0	1	76966
153.95	0.25	0	1	76975
153.966	0.25	0	1	76983
153.982	0.25	0	1	76991
154.0	0.25	0	1	77000
154.016	0.25	0	1	77008
154.032	0.25	0	1	77016
154.05	0.25	0	1	77025
154.066	0.25	0	1	77033
154.082	0.25	0	1	77041
154.1	0.25	0	1	77050
154.116	0.25	0	1	77058
154.132	0.25	0	1	77066
154.15	0.25	1	2	77075
154.166	0.25	1	2	77083
154.182	0.25	1	2	77091
154.2	0.25	1	2	77100
154.216	0.25	0	1	77108
154.232	0.25	0	1	77116
154.25	0.25	0	1	77125
154.266	0.25	0	1	77133
154.282	0.25	0	1	77141
154.3	0.25	0	1	77150
154.316	0.25	0	1	77158
154.332	0.25	0	1	77166
154.35	0.25	0	1	77175
154.366	0.25	0	1	77183
154.382	0.25	0	1	77191
154.4	0.25	0	1	77200
154.416	0.25	0	1	77208
154.432	0.25	0	1	77216
154.45	0.25	1	2	77225
154.466	0.25	1	2	77233
154.482	0.25	1	2	77241
154.5	0.25	1	2	77250
154.516	0.25	0	1	77258
154.532	0.25	0	1	77266
154.55	0.25	0	1	77275
154.566	0.25	0	1	77283
154.582	0.25	0	1	77291
154.6	0.25	0	1	77300
154.616	0.25	0	1	77308
154.632	0.25	0	1	77316
154.65	0.25	0	1	77325
154.666	0.25	0	1	77333
154.682	0.25	0	1	77341
154.7	0.25	0	1	77350
154.716	0.25	0	1	77358
154.732	0.25	0	1	77366
154.75	0.25	0	1	77375
154.766	0.25	0	1	77383
154.782	0.25	0	1	77391
154.8	0.25	0	1	77400
154.816	0.25	0	1	77408
154.832	0.25	0	1	77416
154.85	0.25	0	1	77425
154.866	0.25	0	1	77433
154.882	0.25	1	2	77441
154.9	0.25	1	2	77450
154.916	0.25	1	2	77458
154.932	0.25	1	2	77466
156.416	0.25	0	1	78208
156.432	0.25	1	2	78216
156.45	0.25	1	2	78225
156.466	0.25	1	2	78233
156.482	0.25	1	2	78241
156.5	0.25	0	1	78250
156.516	0.25	0	1	78258
156.532	0.25	0	1	78266
156.55	0.25	0	1	78275
156.566	0.25	0	1	78283
156.582	0.25	0	1	78291
156.6	0.25	0	1	78300
156.616	0.25	0	1	78308
156.632	0.25	0	1	78316
156.65	0.25	0	1	78325
156.666	0.25	0	1	78333
156.682	0.25	0	1	78341
156.7	0.25	0	1	78350
156.716	0.25	0	1	78358
156.732	0.25	0	1	78366
156.75	0.25	0	1	78375
156.766	0.25	0	1	78383
156.782	0.25	0	1	78391
156.8	0.25	0	1	78400
156.816	0.25	0	1	78408
156.832	0.25	0	1	78416
156.85	0.25	0	1	78425
156.866	0.25	0	1	78433
156.882	0.25	0	1	78441
156.9	0.25	0	1	78450
156.916	0.25	1	2	78458
156.932	0.25	1	2	78466
156.95	0.25	1	2	78475
156.966	0.25	1	2	78483
156.982	0.25	0	1	78491
157.0	0.25	0	1	78500
157.016	0.25	0	1	78508
157.032	0.25	0	1	78516
157.05	0.25	0	1	78525
157.066	0.25	0	1	78533
157.082	0.25	0	1	78541
157.1	0.25	0	1	78550
157.116	0.25	0	1	78558
157.132	0.25	0	1	78566
157.15	0.25	0	1	78575
157.166	0.25	0	1	78583
157.182	0.25	0	1	78591
157.2	0.25	0	1	78600
157.216	0.25	0	1	78608
157.232	0.25	0	1	78616
157.25	0.25	0	1	78625
157.266	0.25	0	1	78633
157.282	0.25	0	1	78641
157.3	0.25	0	1	78650
157.316	0.25	0	1	78658
157.332	0.25	0	1	78666
157.35	0.25	0	1	78675
157.366	0.25	0	1	78683
157.382	0.25	1	2	78691
157.4	0.25	1	2	78700
157.416	0.25	1	2	78708
157.432	0.25	1	2	78716
157.45	0.25	0	1	78725
157.466	0.25	0	1	78733
157.482	0.25	0	1	78741
157.5	0.25	0	1	78750
157.516	0.25	0	1	78758
157.532	0.25	0	1	78766
157.55	0.25	0	1	78775
157.566	0.25	0	1	78783
157.582	0.25	0	1	78791
157.6	0.25	0	1	78800
157.616	0.25	0	1	78808
157.632	0.25	0	1	78816
157.65	0.25	0	1	78825
157.666	0.25	0	1	78833
157.682	0.25	0	1	78841
157.7	0.25	0	1	78850
157.716	0.25	0	1	78858
157.732	0.25	0	1	78866
157.75	0.25	0	1	78875
157.766	0.25	0	1	78883
157.782	0.25	0	1	78891
157.8	0.25	1	2	78900
157.816	0.25	1	2	78908
157.832	0.25	1	2	78916
157.85	0.25	1	2	78925
157.866	0.25	0	1	78933
157.882	0.25	0	1	78941
157.9	0.25	0	1	78950
157.916	0.25	0	1	78958
157.932	0.25	0	1	78966
157.95	0.25	0	1	78975
157.966	0.25	0	1	78983
157.982	0.25	0	1	78991
158.0	0.25	0	1	79000
158.016	0.25	0	1	79008
158.032	0.25	0	1	79016
158.05	0.25	0	1	79025
158.066	0.25	0	1	79033
158.082	0.25	0	1	79041
158.1	0.25	0	1	79050
158.116	0.25	0	1	79058
158.132	0.25	0	1	79066
158.15	0.25	0	1	79075
158.166	0.25	0	1	79083
158.182	0.25	0	1	79091
158.2	0.25	0	1	79100
158.216	0.25	0	1	79108
158.232	0.25	1	2	79116
158.25	0.25	1	2	79125
158.266	0.25	1	2	79133
158.282	0.25	1	2	79141
158.3	0.25	0	1	79150
158.316	0.25	0	1	79158
158.332	0.25	0	1	79166
158.35	0.25	0	1	79175
161.532	0.25	0	1	80766
161.55	0.25	0	1	80775
161.566	0.25	0	1	80783
161.582	0.25	0	1	80791
161.6	0.25	0	1	80800
161.616	0.25	0	1	80808
161.632	0.25	0	1	80816
161.65	0.25	0	1	80825
161.666	0.25	0	1	80833
161.682	0.25	0	1	80841
161.7	0.25	0	1	80850
161.716	0.25	0	1	80858
161.732	0.25	0	1	80866
161.75	0.25	0	1	80875
161.766	0.25	0	1	80883
161.782	0.25	0	1	80891
161.8	0.25	0	1	80900
161.816	0.25	0	1	80908
161.832	0.25	0	1	80916
161.85	0.25	0	1	80925
161.866	0.25	0	1	80933
161.882	0.25	0	1	80941
161.9	0.25	0	1	80950
161.916	0.25	1	2	80958
161.932	0.25	1	2	80966
161.95	0.25	1	2	80975
161.966	0.25	1	2	80983
161.982	0.25	0	1	80991
162.0	0.25	0	1	81000
162.016	0.25	0	1	81008
162.032	0.25	0	1	81016
162.05	0.25	0	1	81025
162.066	0.25	0	1	81033
162.082	0.25	0	1	81041
162.1	0.25	0	1	81050
162.116	0.25	0	1	81058
162.132	0.25	0	1	81066
162.15	0.25	0	1	81075
162.166	0.25	0	1	81083
162.182	0.25	0	1	81091
162.2	0.25	0	1	81100
162.216	0.25	0	1	81108
162.232	0.25	0	1	81116
162.25	0.25	0	1	81125
162.266	0.25	0	1	81133
162.282	0.25	0	1	81141
162.3	0.25	1	2	81150
162.316	0.25	1	2	81158
162.332	0.25	1	2	81166
162.35	0.25	1	2	81175
162.366	0.25	0	1	81183
162.382	0.25	0	1	81191
162.4	0.25	0	1	81200
162.416	0.25	0	1	81208
162.432	0.25	0	1	81216
162.45	0.25	0	1	81225
162.466	0.25	0	1	81233
162.482	0.25	0	1	81241
162.5	0.25	0	1	81250
162.516	0.25	0	1	81258
162.532	0.25	0	1	81266
162.55	0.25	0	1	81275
162.566	0.25	0	1	81283
162.582	0.25	0	1	81291
162.6	0.25	1	2	81300
162.616	0.25	1	2	81308
162.632	0.25	1	2	81316
162.65	0.25	1	2	81325
162.666	0.25	0	1	81333
162.682	0.25	0	1	81341
162.7	0.25	0	1	81350
162.716	0.25	0	1	81358
162.732	0.25	0	1	81366
162.75	0.25	0	1	81375
162.766	0.25	0	1	81383
162.782	0.25	0	1	81391
162.8	0.25	0	1	81400
162.816	0.25	0	1	81408
162.832	0.25	0	1	81416
162.85	0.25	0	1	81425
162.866	0.25	0	1	81433
162.882	0.25	1	2	81441
162.9	0.25	1	2	81450
162.916	0.25	1	2	81458
162.932	0.25	1	2	81466
162.95	0.25	0	1	81475
162.966	0.25	0	1	81483
162.982	0.25	0	1	81491
163.0	0.25	0	1	81500
163.016	0.25	0	1	81508
163.032	0.25	0	1	81516
163.05	0.25	0	1	81525
163.066	0.25	0	1	81533
163.082	0.25	0	1	81541
163.1	0.25	0	1	81550
163.116	0.25	0	1	81558
163.132	0.25	0	1	81566
163.15	0.25	0	1	81575
163.166	0.25	0	1	81583
163.182	0.25	0	1	81591
163.2	0.25	0	1	81600
163.216	0.25	1	2	81608
163.232	0.25	1	2	81616
163.25	0.25	1	2	81625
163.266	0.25	1	2	81633
163.282	0.25	0	1	81641
163.3	0.25	0	1	81650
163.316	0.25	0	1	81658
163.332	0.25	0	1	81666
163.35	0.25	0	1	81675
163.366	0.25	0	1	81683
163.382	0.25	0	1	81691
163.4	0.25	0	1	81700
163.416	0.25	0	1	81708
163.432	0.25	0	1	81716
163.45	0.25	0	1	81725
163.466	0.25	0	1	81733
164.95	0.25	0	1	82475
164.966	0.25	0	1	82483
164.982	0.25	0	1	82491
165.0	0.25	0	1	82500
165.016	0.25	0	1	82508
165.032	0.25	0	1	82516
165.05	0.25	0	1	82525
165.066	0.25	0	1	82533
165.082	0.25	0	1	82541
165.1	0.25	0	1	82550
165.116	0.25	0	1	82558
165.132	0.25	0	1	82566
165.15	0.25	0	1	82575
165.166	0.25	0	1	82583
165.182	0.25	0	1	82591
165.2	0.25	1	2	82600
165.216	0.25	1	2	82608
165.232	0.25	1	2	82616
165.25	0.25	1	2	82625
165.266	0.25	0	1	82633
165.282	0.25	0	1	82641
165.3	0.25	0	1	82650
165.316	0.25	0	1	82658
165.332	0.25	0	1	82666
165.35	0.25	0	1	82675
165.366	0.25	0	1	82683
165.382	0.25	0	1	82691
165.4	0.25	0	1	82700
165.416	0.25	0	1	82708
165.432	0.25	0	1	82716
165.45	0.25	0	1	82725
165.466	0.25	0	1	82733
165.482	0.25	0	1	82741
165.5	0.25	0	1	82750
165.516	0.25	0	1	82758
165.532	0.25	0	1	82766
165.55	0.25	0	1	82775
165.566	0.25	0	1	82783
165.582	0.25	0	1	82791
165.6	0.25	0	1	82800
165.616	0.25	0	1	82808
165.632	0.25	1	2	82816
165.65	0.25	1	2	82825
165.666	0.25	1	2	82833
165.682	0.25	1	2	82841
165.7	0.25	0	1	82850
165.716	0.25	0	1	82858
165.732	0.25	0	1	82866
165.75	0.25	0	1	82875
165.766	0.25	0	1	82883
165.782	0.25	0	1	82891
165.8	0.25	0	1	82900
165.816	0.25	0	1	82908
165.832	0.25	0	1	82916
165.85	0.25	0	1	82925
165.866	0.25	0	1	82933
165.882	0.25	0	1	82941
165.9	0.25	0	1	82950
165.916	0.25	0	1	82958
165.932	0.25	0	1	82966
165.95	0.25	0	1	82975
165.966	0.25	0	1	82983
165.982	0.25	0	1	82991
166.0	0.25	0	1	83000
166.016	0.25	0	1	83008
166.032	0.25	0	1	83016
166.05	0.25	0	1	83025
166.066	0.25	0	1	83033
166.082	0.25	0	1	83041
166.1	0.25	1	2	83050
166.116	0.25	1	2	83058
166.132	0.25	1	2	83066
166.15	0.25	1	2	83075
166.166	0.25	0	1	83083
166.182	0.25	0	1	83091
166.2	0.25	0	1	83100
166.216	0.25	0	1	83108
166.232	0.25	0	1	83116
166.25	0.25	0	1	83125
166.266	0.25	0	1	83133
166.282	0.25	0	1	83141
166.3	0.25	0	1	83150
166.316	0.25	0	1	83158
166.332	0.25	0	1	83166
166.35	0.25	0	1	83175
166.366	0.25	0	1	83183
166.382	0.25	0	1	83191
166.4	0.25	1	2	83200
166.416	0.25	1	2	83208
166.432	0.25	1	2	83216
166.45	0.25	1	2	83225
166.466	0.25	0	1	83233
166.482	0.25	0	1	83241
166.5	0.25	0	1	83250
166.516	0.25	0	1	83258
166.532	0.25	0	1	83266
166.55	0.25	0	1	83275
166.566	0.25	0	1	83283
166.582	0.25	0	1	83291
166.6	0.25	0	1	83300
166.616	0.25	0	1	83308
166.632	0.25	0	1	83316
166.65	0.25	0	1	83325
166.666	0.25	0	1	83333
166.682	0.25	0	1	83341
166.7	0.25	0	1	83350
166.716	0.25	0	1	83358
166.732	0.25	0	1	83366
166.75	0.25	0	1	83375
166.766	0.25	0	1	83383
166.782	0.25	0	1	83391
166.8	0.25	0	1	83400
166.816	0.25	0	1	83408
166.832	0.25	1	2	83416
166.85	0.25	1	2	83425
166.866	0.25	1	2	83433
166.882	0.25	1	2	83441
168.366	0.25	0	1	84183
168.382	0.25	1	2	84191
168.4	0.25	1	2	84200
168.416	0.25	1	2	84208
168.432	0.25	1	2	84216
168.45	0.25	0	1	84225
168.466	0.25	0	1	84233
168.482	0.25	0	1	84241
168.5	0.25	0	1	84250
168.516	0.25	0	1	84258
168.532	0.25	0	1	84266
168.55	0.25	0	1	84275
168.566	0.25	0	1	84283
168.582	0.25	0	1	84291
168.6	0.25	0	1	84300
168.616	0.25	0	1	84308
168.632	0.25	0	1	84316
168.65	0.25	0	1	84325
168.666	0.25	0	1	84333
168.682	0.25	0	1	84341
168.7	0.25	0	1	84350
168.716	0.25	0	1	84358
168.732	0.25	0	1	84366
168.75	0.25	0	1	84375
168.766	0.25	0	1	84383
168.782	0.25	0	1	84391
168.8	0.25	0	1	84400
168.816	0.25	0	1	84408
168.832	0.25	0	1	84416
168.85	0.25	0	1	84425
168.866	0.25	1	2	84433
168.882	0.25	1	2	84441
168.9	0.25	1	2	84450
168.916	0.25	1	2	84458
168.932	0.25	0	1	84466
168.95	0.25	0	1	84475
168.966	0.25	0	1	84483
168.982	0.25	0	1	84491
169.0	0.25	0	1	84500
169.016	0.25	0	1	84508
169.032	0.25	0	1	84516
169.05	0.25	0	1	84525
169.066	0.25	0	1	84533
169.082	0.25	0	1	84541
169.1	0.25	0	1	84550
169.116	0.25	0	1	84558
169.132	0.25	0	1	84566
169.15	0.25	0	1	84575
169.166	0.25	0	1	84583
169.182	0.25	0	1	84591
169.2	0.25	0	1	84600
169.216	0.25	0	1	84608
169.232	0.25	0	1	84616
169.25	0.25	0	1	84625
169.266	0.25	0	1	84633
169.282	0.25	0	1	84641
169.3	0.25	0	1	84650
169.316	0.25	0	1	84658
169.332	0.25	1	2	84666
169.35	0.25	1	2	84675
169.366	0.25	1	2	84683
169.382	0.25	1	2	84691
169.4	0.25	0	1	84700
169.416	0.25	0	1	84708
169.432	0.25	0	1	84716
169.45	0.25	0	1	84725
169.466	0.25	0	1	84733
169.482	0.25	0	1	84741
169.5	0.25	0	1	84750
169.516	0.25	0	1	84758
169.532	0.25	0	1	84766
169.55	0.25	0	1	84775
169.566	0.25	0	1	84783
169.582	0.25	0	1	84791
169.6	0.25	0	1	84800
169.616	0.25	0	1	84808
169.632	0.25	0	1	84816
169.65	0.25	0	1	84825
169.666	0.25	0	1	84833
169.682	0.25	0	1	84841
169.7	0.25	0	1	84850
169.716	0.25	0	1	84858
169.732	0.25	0	1	84866
169.75	0.25	1	2	84875
169.766	0.25	1	2	84883
169.782	0.25	1	2	84891
169.8	0.25	1	2	84900
169.816	0.25	0	1	84908
169.832	0.25	0	1	84916
169.85	0.25	0	1	84925
169.866	0.25	0	1	84933
169.882	0.25	0	1	84941
169.9	0.25	0	1	84950
169.916	0.25	0	1	84958
169.932	0.25	0	1	84966
169.95	0.25	0	1	84975
169.966	0.25	0	1	84983
169.982	0.25	0	1	84991
170.0	0.25	0	1	85000
170.016	0.25	0	1	85008
170.032	0.25	0	1	85016
170.05	0.25	0	1	85025
170.066	0.25	0	1	85033
170.082	0.25	0	1	85041
170.1	0.25	0	1	85050
170.116	0.25	0	1	85058
170.132	0.25	0	1	85066
170.15	0.25	0	1	85075
170.166	0.25	0	1	85083
170.182	0.25	1	2	85091
170.2	0.25	1	2	85100
170.216	0.25	1	2	85108
170.232	0.25	1	2	85116
170.25	0.25	0	1	85125
170.266	0.25	0	1	85133
170.282	0.25	0	1	85141
170.3	0.25	0	1	85150
171.782	0.25	0	1	85891
171.8	0.25	0	1	85900
171.816	0.25	0	1	85908
171.832	0.25	0	1	85916
171.85	0.25	0	1	85925
171.866	0.25	0	1	85933
171.882	0.25	0	1	85941
171.9	0.25	0	1	85950
171.916	0.25	0	1	85958
171.932	0.25	0	1	85966
171.95	0.25	0	1	85975
171.966	0.25	0	1	85983
171.982	0.25	0	1	85991
172.0	0.25	0	1	86000
172.016	0.25	0	1	86008
172.032	0.25	0	1	86016
172.05	0.25	0	1	86025
172.066	0.25	0	1	86033
172.082	0.25	1	2	86041
172.1	0.25	1	2	86050
172.116	0.25	1	2	86058
172.132	0.25	1	2	86066
172.15	0.25	0	1	86075
172.166	0.25	0	1	86083
172.182	0.25	0	1	86091
172.2	0.25	0	1	86100
172.216	0.25	0	1	86108
172.232	0.25	0	1	86116
172.25	0.25	0	1	86125
172.266	0.25	0	1	86133
172.282	0.25	0	1	86141
172.3	0.25	0	1	86150
172.316	0.25	0	1	86158
172.332	0.25	0	1	86166
172.35	0.25	0	1	86175
172.366	0.25	0	1	86183
172.382	0.25	0	1	86191
172.4	0.25	0	1	86200
172.416	0.25	0	1	86208
172.432	0.25	0	1	86216
172.45	0.25	0	1	86225
172.466	0.25	0	1	86233
172.482	0.25	1	2	86241
172.5	0.25	1	2	86250
172.516	0.25	1	2	86258
172.532	0.25	1	2	86266
172.55	0.25	0	1	86275
172.566	0.25	0	1	86283
172.582	0.25	0	1	86291
172.6	0.25	0	1	86300
172.616	0.25	0	1	86308
172.632	0.25	0	1	86316
172.65	0.25	0	1	86325
172.666	0.25	0	1	86333
172.682	0.25	0	1	86341
172.7	0.25	0	1	86350
172.716	0.25	0	1	86358
172.732	0.25	0	1	86366
172.75	0.25	0	1	86375
172.766	0.25	1	2	86383
172.782	0.25	1	2	86391
172.8	0.25	1	2	86400
172.816	0.25	1	2	86408
172.832	0.25	0	1	86416
172.85	0.25	0	1	86425
172.866	0.25	0	1	86433
172.882	0.25	0	1	86441
172.9	0.25	0	1	86450
172.916	0.25	0	1	86458
172.932	0.25	0	1	86466
172.95	0.25	0	1	86475
172.966	0.25	0	1	86483
172.982	0.25	0	1	86491
173.0	0.25	0	1	86500
173.016	0.25	0	1	86508
173.032	0.25	0	1	86516
173.05	0.25	0	1	86525
173.066	0.25	0	1	86533
173.082	0.25	0	1	86541
173.1	0.25	0	1	86550
173.116	0.25	0	1	86558
173.132	0.25	1	2	86566
173.15	0.25	1	2	86575
173.166	0.25	1	2	86583
173.182	0.25	1	2	86591
173.2	0.25	0	1	86600
173.216	0.25	0	1	86608
173.232	0.25	0	1	86616
173.25	0.25	0	1	86625
173.266	0.25	0	1	86633
173.282	0.25	0	1	86641
173.3	0.25	0	1	86650
173.316	0.25	0	1	86658
173.332	0.25	0	1	86666
173.35	0.25	0	1	86675
173.366	0.25	0	1	86683
173.382	0.25	0	1	86691
173.4	0.25	0	1	86700
173.416	0.25	0	1	86708
173.432	0.25	0	1	86716
173.45	0.25	0	1	86725
173.466	0.25	0	1	86733
173.482	0.25	0	1	86741
173.5	0.25	0	1	86750
173.516	0.25	0	1	86758
173.532	0.25	0	1	86766
173.55	0.25	0	1	86775
173.566	0.25	0	1	86783
173.582	0.25	0	1	86791
173.6	0.25	1	2	86800
173.616	0.25	1	2	86808
173.632	0.25	1	2	86816
173.65	0.25	1	2	86825
173.666	0.25	0	1	86833
173.682	0.25	0	1	86841
173.7	0.25	0	1	86850
173.716	0.25	0	1	86858
178.366	0.25	0	1	89183
178.382	0.25	0	1	89191
178.4	0.25	0	1	89200
178.416	0.25	0	1	89208
178.432	0.25	0	1	89216
178.45	0.25	0	1	89225
178.466	0.25	0	1	89233
178.482	0.25	0	1	89241
178.5	0.25	0	1	89250
178.516	0.25	0	1	89258
178.532	0.25	0	1	89266
178.55	0.25	0	1	89275
178.566	0.25	0	1	89283
178.582	0.25	0	1	89291
178.6	0.25	0	1	89300
178.616	0.25	0	1	89308
178.632	0.25	0	1	89316
178.65	0.25	0	1	89325
178.666	0.25	0	1	89333
178.682	0.25	0	1	89341
178.7	0.25	0	1	89350
178.716	0.25	0	1	89358
178.732	0.25	0	1	89366
178.75	0.25	1	2	89375
178.766	0.25	1	2	89383
178.782	0.25	1	2	89391
178.8	0.25	1	2	89400
178.816	0.25	0	1	89408
178.832	0.25	0	1	89416
178.85	0.25	0	1	89425
178.866	0.25	0	1	89433
178.882	0.25	0	1	89441
178.9	0.25	0	1	89450
178.916	0.25	0	1	89458
178.932	0.25	0	1	89466
178.95	0.25	0	1	89475
178.966	0.25	0	1	89483
178.982	0.25	0	1	89491
179.0	0.25	0	1	89500
179.016	0.25	0	1	89508
179.032	0.25	0	1	89516
179.05	0.25	0	1	89525
179.066	0.25	0	1	89533
179.082	0.25	0	1	89541
179.1	0.25	0	1	89550
179.116	0.25	0	1	89558
179.132	0.25	1	2	89566
179.15	0.25	1	2	89575
179.166	0.25	1	2	89583
179.182	0.25	1	2	89591
179.2	0.25	0	1	89600
179.216	0.25	0	1	89608
179.232	0.25	0	1	89616
179.25	0.25	0	1	89625
179.266	0.25	0	1	89633
179.282	0.25	0	1	89641
179.3	0.25	0	1	89650
179.316	0.25	0	1	89658
179.332	0.25	0	1	89666
179.35	0.25	0	1	89675
179.366	0.25	0	1	89683
179.382	0.25	0	1	89691
179.4	0.25	0	1	89700
179.416	0.25	0	1	89708
179.432	0.25	1	2	89716
179.45	0.25	1	2	89725
179.466	0.25	1	2	89733
179.482	0.25	1	2	89741
179.5	0.25	0	1	89750
179.516	0.25	0	1	89758
179.532	0.25	0	1	89766
179.55	0.25	0	1	89775
179.566	0.25	0	1	89783
179.582	0.25	0	1	89791
179.6	0.25	0	1	89800
179.616	0.25	0	1	89808
179.632	0.25	0	1	89816
179.65	0.25	0	1	89825
179.666	0.25	0	1	89833
179.682	0.25	0	1	89841
179.7	0.25	0	1	89850
179.716	0.25	1	2	89858
179.732	0.25	1	2	89866
179.75	0.25	1	2	89875
179.766	0.25	1	2	89883
179.782	0.25	0	1	89891
179.8	0.25	0	1	89900
179.816	0.25	0	1	89908
179.832	0.25	0	1	89916
179.85	0.25	0	1	89925
179.866	0.25	0	1	89933
179.882	0.25	0	1	89941
179.9	0.25	0	1	89950
179.916	0.25	0	1	89958
179.932	0.25	0	1	89966
179.95	0.25	0	1	89975
179.966	0.25	0	1	89983
179.982	0.25	0	1	89991
180.0	0.25	0	1	90000
180.016	0.25	0	1	90008
180.032	0.25	0	1	90016
180.05	0.25	1	2	90025
180.066	0.25	1	2	90033
180.082	0.25	1	2	90041
180.1	0.25	1	2	90050
180.116	0.25	0	1	90058
180.132	0.25	0	1	90066
180.15	0.25	0	1	90075
180.166	0.25	0	1	90083
180.182	0.25	0	1	90091
180.2	0.25	0	1	90100
180.216	0.25	0	1	90108
180.232	0.25	0	1	90116
180.25	0.25	0	1	90125
180.266	0.25	0	1	90133
180.282	0.25	0	1	90141
180.3	0.25	0	1	90150
181.782	0.25	0	1	90891
181.8	0.25	0	1	90900
181.816	0.25	0	1	90908
181.832	0.25	0	1	90916
181.85	0.25	0	1	90925
181.866	0.25	0	1	90933
181.882	0.25	0	1	90941
181.9	0.25	0	1	90950
181.916	0.25	0	1	90958
181.932	0.25	0	1	90966
181.95	0.25	0	1	90975
181.966	0.25	0	1	90983
181.982	0.25	0	1	90991
182.0	0.25	0	1	91000
182.016	0.25	0	1	91008
182.032	0.25	0	1	91016
182.05	0.25	0	1	91025
182.066	0.25	0	1	91033
182.082	0.25	1	2	91041
182.1	0.25	1	2	91050
182.116	0.25	1	2	91058
182.132	0.25	1	2	91066
182.15	0.25	0	1	91075
182.166	0.25	0	1	91083
182.182	0.25	0	1	91091
182.2	0.25	0	1	91100
182.216	0.25	0	1	91108
182.232	0.25	0	1	91116
182.25	0.25	0	1	91125
182.266	0.25	0	1	91133
182.282	0.25	0	1	91141
182.3	0.25	0	1	91150
182.316	0.25	0	1	91158
182.332	0.25	0	1	91166
182.35	0.25	0	1	91175
182.366	0.25	0	1	91183
182.382	0.25	0	1	91191
182.4	0.25	0	1	91200
182.416	0.25	0	1	91208
182.432	0.25	0	1	91216
182.45	0.25	0	1	91225
182.466	0.25	0	1	91233
182.482	0.25	1	2	91241
182.5	0.25	1	2	91250
182.516	0.25	1	2	91258
182.532	0.25	1	2	91266
182.55	0.25	0	1	91275
182.566	0.25	0	1	91283
182.582	0.25	0	1	91291
182.6	0.25	0	1	91300
182.616	0.25	0	1	91308
182.632	0.25	0	1	91316
182.65	0.25	0	1	91325
182.666	0.25	0	1	91333
182.682	0.25	0	1	91341
182.7	0.25	0	1	91350
182.716	0.25	0	1	91358
182.732	0.25	0	1	91366
182.75	0.25	0	1	91375
182.766	0.25	1	2	91383
182.782	0.25	1	2	91391
182.8	0.25	1	2	91400
182.816	0.25	1	2	91408
182.832	0.25	0	1	91416
182.85	0.25	0	1	91425
182.866	0.25	0	1	91433
182.882	0.25	0	1	91441
182.9	0.25	0	1	91450
182.916	0.25	0	1	91458
182.932	0.25	0	1	91466
182.95	0.25	0	1	91475
182.966	0.25	0	1	91483
182.982	0.25	0	1	91491
183.0	0.25	0	1	91500
183.016	0.25	0	1	91508
183.032	0.25	0	1	91516
183.05	0.25	0	1	91525
183.066	0.25	0	1	91533
183.082	0.25	0	1	91541
183.1	0.25	0	1	91550
183.116	0.25	0	1	91558
183.132	0.25	1	2	91566
183.15	0.25	1	2	91575
183.166	0.25	1	2	91583
183.182	0.25	1	2	91591
183.2	0.25	0	1	91600
183.216	0.25	0	1	91608
183.232	0.25	0	1	91616
183.25	0.25	0	1	91625
183.266	0.25	0	1	91633
183.282	0.25	0	1	91641
183.3	0.25	0	1	91650
183.316	0.25	0	1	91658
183.332	0.25	0	1	91666
183.35	0.25	0	1	91675
183.366	0.25	0	1	91683
183.382	0.25	0	1	91691
183.4	0.25	0	1	91700
183.416	0.25	0	1	91708
183.432	0.25	0	1	91716
183.45	0.25	0	1	91725
183.466	0.25	0	1	91733
183.482	0.25	0	1	91741
183.5	0.25	0	1	91750
183.516	0.25	0	1	91758
183.532	0.25	0	1	91766
183.55	0.25	0	1	91775
183.566	0.25	0	1	91783
183.582	0.25	0	1	91791
183.6	0.25	1	2	91800
183.616	0.25	1	2	91808
183.632	0.25	1	2	91816
183.65	0.25	1	2	91825
183.666	0.25	0	1	91833
183.682	0.25	0	1	91841
183.7	0.25	0	1	91850
183.716	0.25	0	1	91858
185.2	0.25	0	1	92600
185.216	0.25	0	1	92608
185.232	0.25	0	1	92616
185.25	0.25	0	1	92625
185.266	0.25	0	1	92633
185.282	0.25	0	1	92641
185.3	0.25	0	1	92650
185.316	0.25	0	1	92658
185.332	0.25	0	1	92666
185.35	0.25	0	1	92675
185.366	0.25	0	1	92683
185.382	0.25	0	1	92691
185.4	0.25	0	1	92700
185.416	0.25	0	1	92708
185.432	0.25	0	1	92716
185.45	0.25	1	2	92725
185.466	0.25	1	2	92733
185.482	0.25	1	2	92741
185.5	0.25	1	2	92750
185.516	0.25	0	1	92758
185.532	0.25	0	1	92766
185.55	0.25	0	1	92775
185.566	0.25	0	1	92783
185.582	0.25	0	1	92791
185.6	0.25	0	1	92800
185.616	0.25	0	1	92808
185.632	0.25	0	1	92816
185.65	0.25	0	1	92825
185.666	0.25	0	1	92833
185.682	0.25	0	1	92841
185.7	0.25	0	1	92850
185.716	0.25	0	1	92858
185.732	0.25	0	1	92866
185.75	0.25	0	1	92875
185.766	0.25	0	1	92883
185.782	0.25	0	1	92891
185.8	0.25	0	1	92900
185.816	0.25	0	1	92908
185.832	0.25	0	1	92916
185.85	0.25	0	1	92925
185.866	0.25	0	1	92933
185.882	0.25	1	2	92941
185.9	0.25	1	2	92950
185.916	0.25	1	2	92958
185.932	0.25	1	2	92966
185.95	0.25	0	1	92975
185.966	0.25	0	1	92983
185.982	0.25	0	1	92991
186.0	0.25	0	1	93000
186.016	0.25	0	1	93008
186.032	0.25	0	1	93016
186.05	0.25	0	1	93025
186.066	0.25	0	1	93033
186.082	0.25	0	1	93041
186.1	0.25	0	1	93050
186.116	0.25	0	1	93058
186.132	0.25	0	1	93066
186.15	0.25	0	1	93075
186.166	0.25	0	1	93083
186.182	0.25	0	1	93091
186.2	0.25	0	1	93100
186.216	0.25	0	1	93108
186.232	0.25	0	1	93116
186.25	0.25	0	1	93125
186.266	0.25	0	1	93133
186.282	0.25	0	1	93141
186.3	0.25	0	1	93150
186.316	0.25	0	1	93158
186.332	0.25	0	1	93166
186.35	0.25	1	2	93175
186.366	0.25	1	2	93183
186.382	0.25	1	2	93191
186.4	0.25	1	2	93200
186.416	0.25	0	1	93208
186.432	0.25	0	1	93216
186.45	0.25	0	1	93225
186.466	0.25	0	1	93233
186.482	0.25	0	1	93241
186.5	0.25	0	1	93250
186.516	0.25	0	1	93258
186.532	0.25	0	1	93266
186.55	0.25	0	1	93275
186.566	0.25	0	1	93283
186.582	0.25	0	1	93291
186.6	0.25	0	1	93300
186.616	0.25	0	1	93308
186.632	0.25	0	1	93316
186.65	0.25	1	2	93325
186.666	0.25	1	2	93333
186.682	0.25	1	2	93341
186.7	0.25	1	2	93350
186.716	0.25	0	1	93358
186.732	0.25	0	1	93366
186.75	0.25	0	1	93375
186.766	0.25	0	1	93383
186.782	0.25	0	1	93391
186.8	0.25	0	1	93400
186.816	0.25	0	1	93408
186.832	0.25	0	1	93416
186.85	0.25	0	1	93425
186.866	0.25	0	1	93433
186.882	0.25	0	1	93441
186.9	0.25	0	1	93450
186.916	0.25	0	1	93458
186.932	0.25	0	1	93466
186.95	0.25	0	1	93475
186.966	0.25	0	1	93483
186.982	0.25	0	1	93491
187.0	0.25	0	1	93500
187.016	0.25	0	1	93508
187.032	0.25	0	1	93516
187.05	0.25	0	1	93525
187.066	0.25	0	1	93533
187.082	0.25	1	2	93541
187.1	0.25	1	2	93550
187.116	0.25	1	2	93558
187.132	0.25	1	2	93566
188.616	0.25	0	1	94308
188.632	0.25	1	2	94316
188.65	0.25	1	2	94325
188.666	0.25	1	2	94333
188.682	0.25	1	2	94341
188.7	0.25	0	1	94350
188.716	0.25	0	1	94358
188.732	0.25	0	1	94366
188.75	0.25	0	1	94375
188.766	0.25	0	1	94383
188.782	0.25	0	1	94391
188.8	0.25	0	1	94400
188.816	0.25	0	1	94408
188.832	0.25	0	1	94416
188.85	0.25	0	1	94425
188.866	0.25	0	1	94433
188.882	0.25	0	1	94441
188.9	0.25	0	1	94450
188.916	0.25	0	1	94458
188.932	0.25	0	1	94466
188.95	0.25	0	1	94475
188.966	0.25	0	1	94483
188.982	0.25	0	1	94491
189.0	0.25	0	1	94500
189.016	0.25	0	1	94508
189.032	0.25	0	1	94516
189.05	0.25	0	1	94525
189.066	0.25	0	1	94533
189.082	0.25	0	1	94541
189.1	0.25	0	1	94550
189.116	0.25	1	2	94558
189.132	0.25	1	2	94566
189.15	0.25	1	2	94575
189.166	0.25	1	2	94583
189.182	0.25	0	1	94591
189.2	0.25	0	1	94600
189.216	0.25	0	1	94608
189.232	0.25	0	1	94616
189.25	0.25	0	1	94625
189.266	0.25	0	1	94633
189.282	0.25	0	1	94641
189.3	0.25	0	1	94650
189.316	0.25	0	1	94658
189.332	0.25	0	1	94666
189.35	0.25	0	1	94675
189.366	0.25	0	1	94683
189.382	0.25	0	1	94691
189.4	0.25	0	1	94700
189.416	0.25	0	1	94708
189.432	0.25	0	1	94716
189.45	0.25	0	1	94725
189.466	0.25	0	1	94733
189.482	0.25	0	1	94741
189.5	0.25	0	1	94750
189.516	0.25	0	1	94758
189.532	0.25	0	1	94766
189.55	0.25	0	1	94775
189.566	0.25	0	1	94783
189.582	0.25	1	2	94791
189.6	0.25	1	2	94800
189.616	0.25	1	2	94808
189.632	0.25	1	2	94816
189.65	0.25	0	1	94825
189.666	0.25	0	1	94833
189.682	0.25	0	1	94841
189.7	0.25	0	1	94850
189.716	0.25	0	1	94858
189.732	0.25	0	1	94866
189.75	0.25	0	1	94875
189.766	0.25	0	1	94883
189.782	0.25	0	1	94891
189.8	0.25	0	1	94900
189.816	0.25	0	1	94908
189.832	0.25	0	1	94916
189.85	0.25	0	1	94925
189.866	0.25	0	1	94933
189.882	0.25	0	1	94941
189.9	0.25	0	1	94950
189.916	0.25	0	1	94958
189.932	0.25	0	1	94966
189.95	0.25	0	1	94975
189.966	0.25	0	1	94983
189.982	0.25	0	1	94991
190.0	0.25	1	2	95000
190.016	0.25	1	2	95008
190.032	0.25	1	2	95016
190.05	0.25	1	2	95025
190.066	0.25	0	1	95033
190.082	0.25	0	1	95041
190.1	0.25	0	1	95050
190.116	0.25	0	1	95058
190.132	0.25	0	1	95066
190.15	0.25	0	1	95075
190.166	0.25	0	1	95083
190.182	0.25	0	1	95091
190.2	0.25	0	1	95100
190.216	0.25	0	1	95108
190.232	0.25	0	1	95116
190.25	0.25	0	1	95125
190.266	0.25	0	1	95133
190.282	0.25	0	1	95141
190.3	0.25	0	1	95150
190.316	0.25	0	1	95158
190.332	0.25	0	1	95166
190.35	0.25	0	1	95175
190.366	0.25	0	1	95183
190.382	0.25	0	1	95191
190.4	0.25	0	1	95200
190.416	0.25	0	1	95208
190.432	0.25	1	2	95216
190.45	0.25	1	2	95225
190.466	0.25	1	2	95233
190.482	0.25	1	2	95241
190.5	0.25	0	1	95250
190.516	0.25	0	1	95258
190.532	0.25	0	1	95266
190.55	0.25	0	1	95275
193.766	0.25	0	1	96883
193.782	0.25	1	2	96891
193.8	0.25	1	2	96900
193.816	0.25	1	2	96908
193.832	0.25	1	2	96916
193.85	0.25	0	1	96925
193.866	0.25	0	1	96933
193.882	0.25	0	1	96941
193.9	0.25	0	1	96950
193.916	0.25	0	1	96958
193.932	0.25	0	1	96966
193.95	0.25	0	1	96975
193.966	0.25	0	1	96983
193.982	0.25	0	1	96991
194.0	0.25	0	1	97000
194.016	0.25	0	1	97008
194.032	0.25	0	1	97016
194.05	0.25	0	1	97025
194.066	0.25	0	1	97033
194.082	0.25	0	1	97041
194.1	0.25	0	1	97050
194.116	0.25	0	1	97058
194.132	0.25	0	1	97066
194.15	0.25	0	1	97075
194.166	0.25	0	1	97083
194.182	0.25	0	1	97091
194.2	0.25	0	1	97100
194.216	0.25	0	1	97108
194.232	0.25	0	1	97116
194.25	0.25	0	1	97125
194.266	0.25	1	2	97133
194.282	0.25	1	2	97141
194.3	0.25	1	2	97150
194.316	0.25	1	2	97158
194.332	0.25	0	1	97166
194.35	0.25	0	1	97175
194.366	0.25	0	1	97183
194.382	0.25	0	1	97191
194.4	0.25	0	1	97200
194.416	0.25	0	1	97208
194.432	0.25	0	1	97216
194.45	0.25	0	1	97225
194.466	0.25	0	1	97233
194.482	0.25	0	1	97241
194.5	0.25	0	1	97250
194.516	0.25	0	1	97258
194.532	0.25	0	1	97266
194.55	0.25	0	1	97275
194.566	0.25	0	1	97283
194.582	0.25	0	1	97291
194.6	0.25	0	1	97300
194.616	0.25	0	1	97308
194.632	0.25	0	1	97316
194.65	0.25	0	1	97325
194.666	0.25	0	1	97333
194.682	0.25	0	1	97341
194.7	0.25	0	1	97350
194.716	0.25	0	1	97358
194.732	0.25	1	2	97366
194.75	0.25	1	2	97375
194.766	0.25	1	2	97383
194.782	0.25	1	2	97391
194.8	0.25	0	1	97400
194.816	0.25	0	1	97408
194.832	0.25	0	1	97416
194.85	0.25	0	1	97425
194.866	0.25	0	1	97433
194.882	0.25	0	1	97441
194.9	0.25	0	1	97450
194.916	0.25	0	1	97458
194.932	0.25	0	1	97466
194.95	0.25	0	1	97475
194.966	0.25	0	1	97483
194.982	0.25	0	1	97491
195.0	0.25	0	1	97500
195.016	0.25	0	1	97508
195.032	0.25	0	1	97516
195.05	0.25	0	1	97525
195.066	0.25	0	1	97533
195.082	0.25	0	1	97541
195.1	0.25	0	1	97550
195.116	0.25	0	1	97558
195.132	0.25	0	1	97566
195.15	0.25	1	2	97575
195.166	0.25	1	2	97583
195.182	0.25	1	2	97591
195.2	0.25	1	2	97600
195.216	0.25	0	1	97608
195.232	0.25	0	1	97616
195.25	0.25	0	1	97625
195.266	0.25	0	1	97633
195.282	0.25	0	1	97641
195.3	0.25	0	1	97650
195.316	0.25	0	1	97658
195.332	0.25	0	1	97666
195.35	0.25	0	1	97675
195.366	0.25	0	1	97683
195.382	0.25	0	1	97691
195.4	0.25	0	1	97700
195.416	0.25	0	1	97708
195.432	0.25	0	1	97716
195.45	0.25	0	1	97725
195.466	0.25	0	1	97733
195.482	0.25	0	1	97741
195.5	0.25	0	1	97750
195.516	0.25	0	1	97758
195.532	0.25	0	1	97766
195.55	0.25	0	1	97775
195.566	0.25	0	1	97783
195.582	0.25	1	2	97791
195.6	0.25	1	2	97800
195.616	0.25	1	2	97808
195.632	0.25	1	2	97816
195.65	0.25	0	1	97825
195.666	0.25	0	1	97833
195.682	0.25	0	1	97841
195.7	0.25	0	1	97850
197.182	0.25	0	1	98591
197.2	0.25	0	1	98600
197.216	0.25	0	1	98608
197.232	0.25	0	1	98616
197.25	0.25	0	1	98625
197.266	0.25	0	1	98633
197.282	0.25	0	1	98641
197.3	0.25	0	1	98650
197.316	0.25	0	1	98658
197.332	0.25	0	1	98666
197.35	0.25	0	1	98675
197.366	0.25	0	1	98683
197.382	0.25	0	1	98691
197.4	0.25	0	1	98700
197.416	0.25	0	1	98708
197.432	0.25	1	2	98716
197.45	0.25	1	2	98725
197.466	0.25	1	2	98733
197.482	0.25	1	2	98741
197.5	0.25	0	1	98750
197.516	0.25	0	1	98758
197.532	0.25	0	1	98766
197.55	0.25	0	1	98775
197.566	0.25	0	1	98783
197.582	0.25	0	1	98791
197.6	0.25	0	1	98800
197.616	0.25	0	1	98808
197.632	0.25	0	1	98816
197.65	0.25	0	1	98825
197.666	0.25	0	1	98833
197.682	0.25	0	1	98841
197.7	0.25	0	1	98850
197.716	0.25	0	1	98858
197.732	0.25	0	1	98866
197.75	0.25	0	1	98875
197.766	0.25	0	1	98883
197.782	0.25	0	1	98891
197.8	0.25	0	1	98900
197.816	0.25	0	1	98908
197.832	0.25	0	1	98916
197.85	0.25	0	1	98925
197.866	0.25	1	2	98933
197.882	0.25	1	2	98941
197.9	0.25	1	2	98950
197.916	0.25	1	2	98958
197.932	0.25	0	1	98966
197.95	0.25	0	1	98975
197.966	0.25	0	1	98983
197.982	0.25	0	1	98991
198.0	0.25	0	1	99000
198.016	0.25	0	1	99008
198.032	0.25	0	1	99016
198.05	0.25	0	1	99025
198.066	0.25	0	1	99033
198.082	0.25	0	1	99041
198.1	0.25	0	1	99050
198.116	0.25	0	1	99058
198.132	0.25	0	1	99066
198.15	0.25	0	1	99075
198.166	0.25	0	1	99083
198.182	0.25	0	1	99091
198.2	0.25	0	1	99100
198.216	0.25	0	1	99108
198.232	0.25	0	1	99116
198.25	0.25	0	1	99125
198.266	0.25	0	1	99133
198.282	0.25	0	1	99141
198.3	0.25	0	1	99150
198.316	0.25	0	1	99158
198.332	0.25	1	2	99166
198.35	0.25	1	2	99175
198.366	0.25	1	2	99183
198.382	0.25	1	2	99191
198.4	0.25	0	1	99200
198.416	0.25	0	1	99208
198.432	0.25	0	1	99216
198.45	0.25	0	1	99225
198.466	0.25	0	1	99233
198.482	0.25	0	1	99241
198.5	0.25	0	1	99250
198.516	0.25	0	1	99258
198.532	0.25	0	1	99266
198.55	0.25	0	1	99275
198.566	0.25	0	1	99283
198.582	0.25	0	1	99291
198.6	0.25	0	1	99300
198.616	0.25	0	1	99308
198.632	0.25	1	2	99316
198.65	0.25	1	2	99325
198.666	0.25	1	2	99333
198.682	0.25	1	2	99341
198.7	0.25	0	1	99350
198.716	0.25	0	1	99358
198.732	0.25	0	1	99366
198.75	0.25	0	1	99375
198.766	0.25	0	1	99383
198.782	0.25	0	1	99391
198.8	0.25	0	1	99400
198.816	0.25	0	1	99408
198.832	0.25	0	1	99416
198.85	0.25	0	1	99425
198.866	0.25	0	1	99433
198.882	0.25	0	1	99441
198.9	0.25	0	1	99450
198.916	0.25	0	1	99458
198.932	0.25	0	1	99466
198.95	0.25	0	1	99475
198.966	0.25	0	1	99483
198.982	0.25	0	1	99491
199.0	0.25	0	1	99500
199.016	0.25	0	1	99508
199.032	0.25	0	1	99516
199.05	0.25	0	1	99525
199.066	0.25	1	2	99533
199.082	0.25	1	2	99541
199.1	0.25	1	2	99550
199.116	0.25	1	2	99558
200.6	0.25	0	1	100300
200.616	0.25	0	1	100308
200.632	0.25	0	1	100316
200.65	0.25	0	1	100325
200.666	0.25	0	1	100333
200.682	0.25	0	1	100341
200.7	0.25	0	1	100350
200.716	0.25	0	1	100358
200.732	0.25	0	1	100366
200.75	0.25	0	1	100375
200.766	0.25	0	1	100383
200.782	0.25	0	1	100391
200.8	0.25	0	1	100400
200.816	0.25	0	1	100408
200.832	0.25	0	1	100416
200.85	0.25	0	1	100425
200.866	0.25	0	1	100433
200.882	0.25	0	1	100441
200.9	0.25	1	2	100450
200.916	0.25	1	2	100458
200.932	0.25	1	2	100466
200.95	0.25	1	2	100475
200.966	0.25	0	1	100483
200.982	0.25	0	1	100491
201.0	0.25	0	1	100500
201.016	0.25	0	1	100508
201.032	0.25	0	1	100516
201.05	0.25	0	1	100525
201.066	0.25	0	1	100533
201.082	0.25	0	1	100541
201.1	0.25	0	1	100550
201.116	0.25	0	1	100558
201.132	0.25	0	1	100566
201.15	0.25	0	1	100575
201.166	0.25	0	1	100583
201.182	0.25	0	1	100591
201.2	0.25	0	1	100600
201.216	0.25	0	1	100608
201.232	0.25	0	1	100616
201.25	0.25	0	1	100625
201.266	0.25	0	1	100633
201.282	0.25	0	1	100641
201.3	0.25	1	2	100650
201.316	0.25	1	2	100658
201.332	0.25	1	2	100666
201.35	0.25	1	2	100675
201.366	0.25	0	1	100683
201.382	0.25	0	1	100691
201.4	0.25	0	1	100700
201.416	0.25	0	1	100708
201.432	0.25	0	1	100716
201.45	0.25	0	1	100725
201.466	0.25	0	1	100733
201.482	0.25	0	1	100741
201.5	0.25	0	1	100750
201.516	0.25	0	1	100758
201.532	0.25	0	1	100766
201.55	0.25	0	1	100775
201.566	0.25	0	1	100783
201.582	0.25	1	2	100791
201.6	0.25	1	2	100800
201.616	0.25	1	2	100808
201.632	0.25	1	2	100816
201.65	0.25	0	1	100825
201.666	0.25	0	1	100833
201.682	0.25	0	1	100841
201.7	0.25	0	1	100850
201.716	0.25	0	1	100858
201.732	0.25	0	1	100866
201.75	0.25	0	1	100875
201.766	0.25	0	1	100883
201.782	0.25	0	1	100891
201.8	0.25	0	1	100900
201.816	0.25	0	1	100908
201.832	0.25	0	1	100916
201.85	0.25	0	1	100925
201.866	0.25	0	1	100933
201.882	0.25	0	1	100941
201.9	0.25	0	1	100950
201.916	0.25	0	1	100958
201.932	0.25	0	1	100966
201.95	0.25	1	2	100975
201.966	0.25	1	2	100983
201.982	0.25	1	2	100991
202.0	0.25	1	2	101000
202.016	0.25	0	1	101008
202.032	0.25	0	1	101016
202.05	0.25	0	1	101025
202.066	0.25	0	1	101033
202.082	0.25	0	1	101041
202.1	0.25	0	1	101050
202.116	0.25	0	1	101058
202.132	0.25	0	1	101066
202.15	0.25	0	1	101075
202.166	0.25	0	1	101083
202.182	0.25	0	1	101091
202.2	0.25	0	1	101100
202.216	0.25	0	1	101108
202.232	0.25	0	1	101116
202.25	0.25	0	1	101125
202.266	0.25	0	1	101133
202.282	0.25	0	1	101141
202.3	0.25	0	1	101150
202.316	0.25	0	1	101158
202.332	0.25	0	1	101166
202.35	0.25	0	1	101175
202.366	0.25	0	1	101183
202.382	0.25	0	1	101191
202.4	0.25	0	1	101200
202.416	0.25	1	2	101208
202.432	0.25	1	2	101216
202.45	0.25	1	2	101225
202.466	0.25	1	2	101233
202.482	0.25	0	1	101241
202.5	0.25	0	1	101250
202.516	0.25	0	1	101258
202.532	0.25	0	1	101266
204.016	0.25	0	1	102008
204.032	0.25	0	1	102016
204.05	0.25	0	1	102025
204.066	0.25	0	1	102033
204.082	0.25	0	1	102041
204.1	0.25	0	1	102050
204.116	0.25	0	1	102058
204.132	0.25	0	1	102066
204.15	0.25	0	1	102075
204.166	0.25	0	1	102083
204.182	0.25	0	1	102091
204.2	0.25	0	1	102100
204.216	0.25	0	1	102108
204.232	0.25	0	1	102116
204.25	0.25	0	1	102125
204.266	0.25	0	1	102133
204.282	0.25	0	1	102141
204.3	0.25	0	1	102150
204.316	0.25	0	1	102158
204.332	0.25	0	1	102166
204.35	0.25	0	1	102175
204.366	0.25	0	1	102183
204.382	0.25	0	1	102191
204.4	0.25	1	2	102200
204.416	0.25	1	2	102208
204.432	0.25	1	2	102216
204.45	0.25	1	2	102225
204.466	0.25	0	1	102233
204.482	0.25	0	1	102241
204.5	0.25	0	1	102250
204.516	0.25	0	1	102258
204.532	0.25	0	1	102266
204.55	0.25	0	1	102275
204.566	0.25	0	1	102283
204.582	0.25	0	1	102291
204.6	0.25	0	1	102300
204.616	0.25	0	1	102308
204.632	0.25	0	1	102316
204.65	0.25	0	1	102325
204.666	0.25	0	1	102333
204.682	0.25	0	1	102341
204.7	0.25	0	1	102350
204.716	0.25	0	1	102358
204.732	0.25	0	1	102366
204.75	0.25	0	1	102375
204.766	0.25	0	1	102383
204.782	0.25	1	2	102391
204.8	0.25	1	2	102400
204.816	0.25	1	2	102408
204.832	0.25	1	2	102416
204.85	0.25	0	1	102425
204.866	0.25	0	1	102433
204.882	0.25	0	1	102441
204.9	0.25	0	1	102450
204.916	0.25	0	1	102458
204.932	0.25	0	1	102466
204.95	0.25	0	1	102475
204.966	0.25	0	1	102483
204.982	0.25	0	1	102491
205.0	0.25	0	1	102500
205.016	0.25	0	1	102508
205.032	0.25	0	1	102516
205.05	0.25	0	1	102525
205.066	0.25	0	1	102533
205.082	0.25	1	2	102541
205.1	0.25	1	2	102550
205.116	0.25	1	2	102558
205.132	0.25	1	2	102566
205.15	0.25	0	1	102575
205.166	0.25	0	1	102583
205.182	0.25	0	1	102591
205.2	0.25	0	1	102600
205.216	0.25	0	1	102608
205.232	0.25	0	1	102616
205.25	0.25	0	1	102625
205.266	0.25	0	1	102633
205.282	0.25	0	1	102641
205.3	0.25	0	1	102650
205.316	0.25	0	1	102658
205.332	0.25	0	1	102666
205.35	0.25	0	1	102675
205.366	0.25	1	2	102683
205.382	0.25	1	2	102691
205.4	0.25	1	2	102700
205.416	0.25	1	2	102708
205.432	0.25	0	1	102716
205.45	0.25	0	1	102725
205.466	0.25	0	1	102733
205.482	0.25	0	1	102741
205.5	0.25	0	1	102750
205.516	0.25	0	1	102758
205.532	0.25	0	1	102766
205.55	0.25	0	1	102775
205.566	0.25	0	1	102783
205.582	0.25	0	1	102791
205.6	0.25	0	1	102800
205.616	0.25	0	1	102808
205.632	0.25	0	1	102816
205.65	0.25	0	1	102825
205.666	0.25	0	1	102833
205.682	0.25	0	1	102841
205.7	0.25	1	2	102850
205.716	0.25	1	2	102858
205.732	0.25	1	2	102866
205.75	0.25	1	2	102875
205.766	0.25	0	1	102883
205.782	0.25	0	1	102891
205.8	0.25	0	1	102900
205.816	0.25	0	1	102908
205.832	0.25	0	1	102916
205.85	0.25	0	1	102925
205.866	0.25	0	1	102933
205.882	0.25	0	1	102941
205.9	0.25	0	1	102950
205.916	0.25	0	1	102958
205.932	0.25	0	1	102966
205.95	0.25	0	1	102975
209.316	0.25	0	1	104658
209.332	0.25	0	1	104666
209.35	0.25	0	1	104675
209.366	0.25	0	1	104683
209.382	0.25	0	1	104691
209.4	0.25	0	1	104700
209.416	0.25	0	1	104708
209.432	0.25	0	1	104716
209.45	0.25	0	1	104725
209.466	0.25	0	1	104733
209.482	0.25	0	1	104741
209.5	0.25	0	1	104750
209.516	0.25	0	1	104758
209.532	0.25	0	1	104766
209.55	0.25	0	1	104775
209.566	0.25	0	1	104783
209.582	0.25	0	1	104791
209.6	0.25	0	1	104800
209.616	0.25	0	1	104808
209.632	0.25	0	1	104816
209.65	0.25	0	1	104825
209.666	0.25	0	1	104833
209.682	0.25	0	1	104841
209.7	0.25	1	2	104850
209.716	0.25	1	2	104858
209.732	0.25	1	2	104866
209.75	0.25	1	2	104875
209.766	0.25	0	1	104883
209.782	0.25	0	1	104891
209.8	0.25	0	1	104900
209.816	0.25	0	1	104908
209.832	0.25	0	1	104916
209.85	0.25	0	1	104925
209.866	0.25	0	1	104933
209.882	0.25	0	1	104941
209.9	0.25	0	1	104950
209.916	0.25	0	1	104958
209.932	0.25	0	1	104966
209.95	0.25	0	1	104975
209.966	0.25	0	1	104983
209.982	0.25	0	1	104991
210.0	0.25	0	1	105000
210.016	0.25	0	1	105008
210.032	0.25	0	1	105016
210.05	0.25	0	1	105025
210.066	0.25	0	1	105033
210.082	0.25	1	2	105041
210.1	0.25	1	2	105050
210.116	0.25	1	2	105058
210.132	0.25	1	2	105066
210.15	0.25	0	1	105075
210.166	0.25	0	1	105083
210.182	0.25	0	1	105091
210.2	0.25	0	1	105100
210.216	0.25	0	1	105108
210.232	0.25	0	1	105116
210.25	0.25	0	1	105125
210.266	0.25	0	1	105133
210.282	0.25	0	1	105141
210.3	0.25	0	1	105150
210.316	0.25	0	1	105158
210.332	0.25	0	1	105166
210.35	0.25	0	1	105175
210.366	0.25	0	1	105183
210.382	0.25	1	2	105191
210.4	0.25	1	2	105200
210.416	0.25	1	2	105208
210.432	0.25	1	2	105216
210.45	0.25	0	1	105225
210.466	0.25	0	1	105233
210.482	0.25	0	1	105241
210.5	0.25	0	1	105250
210.516	0.25	0	1	105258
210.532	0.25	0	1	105266
210.55	0.25	0	1	105275
210.566	0.25	0	1	105283
210.582	0.25	0	1	105291
210.6	0.25	0	1	105300
210.616	0.25	0	1	105308
210.632	0.25	0	1	105316
210.65	0.25	0	1	105325
210.666	0.25	1	2	105333
210.682	0.25	1	2	105341
210.7	0.25	1	2	105350
210.716	0.25	1	2	105358
210.732	0.25	0	1	105366
210.75	0.25	0	1	105375
210.766	0.25	0	1	105383
210.782	0.25	0	1	105391
210.8	0.25	0	1	105400
210.816	0.25	0	1	105408
210.832	0.25	0	1	105416
210.85	0.25	0	1	105425
210.866	0.25	0	1	105433
210.882	0.25	0	1	105441
210.9	0.25	0	1	105450
210.916	0.25	0	1	105458
210.932	0.25	0	1	105466
210.95	0.25	0	1	105475
210.966	0.25	0	1	105483
210.982	0.25	0	1	105491
211.0	0.25	1	2	105500
211.016	0.25	1	2	105508
211.032	0.25	1	2	105516
211.05	0.25	1	2	105525
211.066	0.25	0	1	105533
211.082	0.25	0	1	105541
211.1	0.25	0	1	105550
211.116	0.25	0	1	105558
211.132	0.25	0	1	105566
211.15	0.25	0	1	105575
211.166	0.25	0	1	105583
211.182	0.25	0	1	105591
211.2	0.25	0	1	105600
211.216	0.25	0	1	105608
211.232	0.25	0	1	105616
211.25	0.25	0	1	105625
212.732	0.25	0	1	106366
212.75	0.25	0	1	106375
212.766	0.25	0	1	106383
212.782	0.25	0	1	106391
212.8	0.25	0	1	106400
212.816	0.25	0	1	106408
212.832	0.25	0	1	106416
212.85	0.25	0	1	106425
212.866	0.25	0	1	106433
212.882	0.25	0	1	106441
212.9	0.25	0	1	106450
212.916	0.25	0	1	106458
212.932	0.25	0	1	106466
212.95	0.25	0	1	106475
212.966	0.25	0	1	106483
212.982	0.25	0	1	106491
213.0	0.25	0	1	106500
213.016	0.25	0	1	106508
213.032	0.25	1	2	106516
213.05	0.25	1	2	106525
213.066	0.25	1	2	106533
213.082	0.25	1	2	106541
213.1	0.25	0	1	106550
213.116	0.25	0	1	106558
213.132	0.25	0	1	106566
213.15	0.25	0	1	106575
213.166	0.25	0	1	106583
213.182	0.25	0	1	106591
213.2	0.25	0	1	106600
213.216	0.25	0	1	106608
213.232	0.25	0	1	106616
213.25	0.25	0	1	106625
213.266	0.25	0	1	106633
213.282	0.25	0	1	106641
213.3	0.25	0	1	106650
213.316	0.25	0	1	106658
213.332	0.25	0	1	106666
213.35	0.25	0	1	106675
213.366	0.25	0	1	106683
213.382	0.25	0	1	106691
213.4	0.25	0	1	106700
213.416	0.25	0	1	106708
213.432	0.25	1	2	106716
213.45	0.25	1	2	106725
213.466	0.25	1	2	106733
213.482	0.25	1	2	106741
213.5	0.25	0	1	106750
213.516	0.25	0	1	106758
213.532	0.25	0	1	106766
213.55	0.25	0	1	106775
213.566	0.25	0	1	106783
213.582	0.25	0	1	106791
213.6	0.25	0	1	106800
213.616	0.25	0	1	106808
213.632	0.25	0	1	106816
213.65	0.25	0	1	106825
213.666	0.25	0	1	106833
213.682	0.25	0	1	106841
213.7	0.25	0	1	106850
213.716	0.25	1	2	106858
213.732	0.25	1	2	106866
213.75	0.25	1	2	106875
213.766	0.25	1	2	106883
213.782	0.25	0	1	106891
213.8	0.25	0	1	106900
213.816	0.25	0	1	106908
213.832	0.25	0	1	106916
213.85	0.25	0	1	106925
213.866	0.25	0	1	106933
213.882	0.25	0	1	106941
213.9	0.25	0	1	106950
213.916	0.25	0	1	106958
213.932	0.25	0	1	106966
213.95	0.25	0	1	106975
213.966	0.25	0	1	106983
213.982	0.25	0	1	106991
214.0	0.25	0	1	107000
214.016	0.25	0	1	107008
214.032	0.25	0	1	107016
214.05	0.25	0	1	107025
214.066	0.25	0	1	107033
214.082	0.25	1	2	107041
214.1	0.25	1	2	107050
214.116	0.25	1	2	107058
214.132	0.25	1	2	107066
214.15	0.25	0	1	107075
214.166	0.25	0	1	107083
214.182	0.25	0	1	107091
214.2	0.25	0	1	107100
214.216	0.25	0	1	107108
214.232	0.25	0	1	107116
214.25	0.25	0	1	107125
214.266	0.25	0	1	107133
214.282	0.25	0	1	107141
214.3	0.25	0	1	107150
214.316	0.25	0	1	107158
214.332	0.25	0	1	107166
214.35	0.25	0	1	107175
214.366	0.25	0	1	107183
214.382	0.25	0	1	107191
214.4	0.25	0	1	107200
214.416	0.25	0	1	107208
214.432	0.25	0	1	107216
214.45	0.25	0	1	107225
214.466	0.25	0	1	107233
214.482	0.25	0	1	107241
214.5	0.25	0	1	107250
214.516	0.25	0	1	107258
214.532	0.25	0	1	107266
214.55	0.25	1	2	107275
214.566	0.25	1	2	107283
214.582	0.25	1	2	107291
214.6	0.25	1	2	107300
214.616	0.25	0	1	107308
214.632	0.25	0	1	107316
214.65	0.25	0	1	107325
214.666	0.25	0	1	107333
216.15	0.25	0	1	108075
216.166	0.25	0	1	108083
216.182	0.25	0	1	108091
216.2	0.25	0	1	108100
216.216	0.25	0	1	108108
216.232	0.25	0	1	108116
216.25	0.25	0	1	108125
216.266	0.25	0	1	108133
216.282	0.25	0	1	108141
216.3	0.25	0	1	108150
216.316	0.25	0	1	108158
216.332	0.25	0	1	108166
216.35	0.25	0	1	108175
216.366	0.25	0	1	108183
216.382	0.25	0	1	108191
216.4	0.25	1	2	108200
216.416	0.25	1	2	108208
216.432	0.25	1	2	108216
216.45	0.25	1	2	108225
216.466	0.25	0	1	108233
216.482	0.25	0	1	108241
216.5	0.25	0	1	108250
216.516	0.25	0	1	108258
216.532	0.25	0	1	108266
216.55	0.25	0	1	108275
216.566	0.25	0	1	108283
216.582	0.25	0	1	108291
216.6	0.25	0	1	108300
216.616	0.25	0	1	108308
216.632	0.25	0	1	108316
216.65	0.25	0	1	108325
216.666	0.25	0	1	108333
216.682	0.25	0	1	108341
216.7	0.25	0	1	108350
216.716	0.25	0	1	108358
216.732	0.25	0	1	108366
216.75	0.25	0	1	108375
216.766	0.25	0	1	108383
216.782	0.25	0	1	108391
216.8	0.25	0	1	108400
216.816	0.25	0	1	108408
216.832	0.25	1	2	108416
216.85	0.25	1	2	108425
216.866	0.25	1	2	108433
216.882	0.25	1	2	108441
216.9	0.25	0	1	108450
216.916	0.25	0	1	108458
216.932	0.25	0	1	108466
216.95	0.25	0	1	108475
216.966	0.25	0	1	108483
216.982	0.25	0	1	108491
217.0	0.25	0	1	108500
217.016	0.25	0	1	108508
217.032	0.25	0	1	108516
217.05	0.25	0	1	108525
217.066	0.25	0	1	108533
217.082	0.25	0	1	108541
217.1	0.25	0	1	108550
217.116	0.25	0	1	108558
217.132	0.25	0	1	108566
217.15	0.25	0	1	108575
217.166	0.25	0	1	108583
217.182	0.25	0	1	108591
217.2	0.25	0	1	108600
217.216	0.25	0	1	108608
217.232	0.25	0	1	108616
217.25	0.25	0	1	108625
217.266	0.25	0	1	108633
217.282	0.25	0	1	108641
217.3	0.25	1	2	108650
217.316	0.25	1	2	108658
217.332	0.25	1	2	108666
217.35	0.25	1	2	108675
217.366	0.25	0	1	108683
217.382	0.25	0	1	108691
217.4	0.25	0	1	108700
217.416	0.25	0	1	108708
217.432	0.25	0	1	108716
217.45	0.25	0	1	108725
217.466	0.25	0	1	108733
217.482	0.25	0	1	108741
217.5	0.25	0	1	108750
217.516	0.25	0	1	108758
217.532	0.25	0	1	108766
217.55	0.25	0	1	108775
217.566	0.25	0	1	108783
217.582	0.25	0	1	108791
217.6	0.25	1	2	108800
217.616	0.25	1	2	108808
217.632	0.25	1	2	108816
217.65	0.25	1	2	108825
217.666	0.25	0	1	108833
217.682	0.25	0	1	108841
217.7	0.25	0	1	108850
217.716	0.25	0	1	108858
217.732	0.25	0	1	108866
217.75	0.25	0	1	108875
217.766	0.25	0	1	108883
217.782	0.25	0	1	108891
217.8	0.25	0	1	108900
217.816	0.25	0	1	108908
217.832	0.25	0	1	108916
217.85	0.25	0	1	108925
217.866	0.25	0	1	108933
217.882	0.25	0	1	108941
217.9	0.25	0	1	108950
217.916	0.25	0	1	108958
217.932	0.25	0	1	108966
217.95	0.25	0	1	108975
217.966	0.25	0	1	108983
217.982	0.25	0	1	108991
218.0	0.25	0	1	109000
218.016	0.25	0	1	109008
218.032	0.25	1	2	109016
218.05	0.25	1	2	109025
218.066	0.25	1	2	109033
218.082	0.25	1	2	109041
219.566	0.25	0	1	109783
219.582	0.25	1	2	109791
219.6	0.25	1	2	109800
219.616	0.25	1	2	109808
219.632	0.25	1	2	109816
219.65	0.25	0	1	109825
219.666	0.25	0	1	109833
219.682	0.25	0	1	109841
219.7	0.25	0	1	109850
219.716	0.25	0	1	109858
219.732	0.25	0	1	109866
219.75	0.25	0	1	109875
219.766	0.25	0	1	109883
219.782	0.25	0	1	109891
219.8	0.25	0	1	109900
219.816	0.25	0	1	109908
219.832	0.25	0	1	109916
219.85	0.25	0	1	109925
219.866	0.25	0	1	109933
219.882	0.25	0	1	109941
219.9	0.25	0	1	109950
219.916	0.25	0	1	109958
219.932	0.25	0	1	109966
219.95	0.25	0	1	109975
219.966	0.25	0	1	109983
219.982	0.25	0	1	109991
220.0	0.25	0	1	110000
220.016	0.25	0	1	110008
220.032	0.25	0	1	110016
220.05	0.25	0	1	110025
220.066	0.25	1	2	110033
220.082	0.25	1	2	110041
220.1	0.25	1	2	110050
220.116	0.25	1	2	110058
220.132	0.25	0	1	110066
220.15	0.25	0	1	110075
220.166	0.25	0	1	110083
220.182	0.25	0	1	110091
220.2	0.25	0	1	110100
220.216	0.25	0	1	110108
220.232	0.25	0	1	110116
220.25	0.25	0	1	110125
220.266	0.25	0	1	110133
220.282	0.25	0	1	110141
220.3	0.25	0	1	110150
220.316	0.25	0	1	110158
220.332	0.25	0	1	110166
220.35	0.25	0	1	110175
220.366	0.25	0	1	110183
220.382	0.25	0	1	110191
220.4	0.25	0	1	110200
220.416	0.25	0	1	110208
220.432	0.25	0	1	110216
220.45	0.25	0	1	110225
220.466	0.25	0	1	110233
220.482	0.25	0	1	110241
220.5	0.25	0	1	110250
220.516	0.25	0	1	110258
220.532	0.25	1	2	110266
220.55	0.25	1	2	110275
220.566	0.25	1	2	110283
220.582	0.25	1	2	110291
220.6	0.25	0	1	110300
220.616	0.25	0	1	110308
220.632	0.25	0	1	110316
220.65	0.25	0	1	110325
220.666	0.25	0	1	110333
220.682	0.25	0	1	110341
220.7	0.25	0	1	110350
220.716	0.25	0	1	110358
220.732	0.25	0	1	110366
220.75	0.25	0	1	110375
220.766	0.25	0	1	110383
220.782	0.25	0	1	110391
220.8	0.25	0	1	110400
220.816	0.25	0	1	110408
220.832	0.25	0	1	110416
220.85	0.25	0	1	110425
220.866	0.25	0	1	110433
220.882	0.25	0	1	110441
220.9	0.25	0	1	110450
220.916	0.25	0	1	110458
220.932	0.25	0	1	110466
220.95	0.25	1	2	110475
220.966	0.25	1	2	110483
220.982	0.25	1	2	110491
221.0	0.25	1	2	110500
221.016	0.25	0	1	110508
221.032	0.25	0	1	110516
221.05	0.25	0	1	110525
221.066	0.25	0	1	110533
221.082	0.25	0	1	110541
221.1	0.25	0	1	110550
221.116	0.25	0	1	110558
221.132	0.25	0	1	110566
221.15	0.25	0	1	110575
221.166	0.25	0	1	110583
221.182	0.25	0	1	110591
221.2	0.25	0	1	110600
221.216	0.25	0	1	110608
221.232	0.25	0	1	110616
221.25	0.25	0	1	110625
221.266	0.25	0	1	110633
221.282	0.25	0	1	110641
221.3	0.25	0	1	110650
221.316	0.25	0	1	110658
221.332	0.25	0	1	110666
221.35	0.25	0	1	110675
221.366	0.25	0	1	110683
221.382	0.25	1	2	110691
221.4	0.25	1	2	110700
221.416	0.25	1	2	110708
221.432	0.25	1	2	110716
221.45	0.25	0	1	110725
221.466	0.25	0	1	110733
221.482	0.25	0	1	110741
221.5	0.25	0	1	110750
224.232	0.25	0	1	112116
224.25	0.25	1	2	112125
224.266	0.25	1	2	112133
224.282	0.25	1	2	112141
224.3	0.25	1	2	112150
224.316	0.25	0	1	112158
224.332	0.25	0	1	112166
224.35	0.25	0	1	112175
224.366	0.25	0	1	112183
224.382	0.25	0	1	112191
224.4	0.25	0	1	112200
224.416	0.25	0	1	112208
224.432	0.25	0	1	112216
224.45	0.25	0	1	112225
224.466	0.25	0	1	112233
224.482	0.25	0	1	112241
224.5	0.25	0	1	112250
224.516	0.25	0	1	112258
224.532	0.25	0	1	112266
224.55	0.25	0	1	112275
224.566	0.25	0	1	112283
224.582	0.25	0	1	112291
224.6	0.25	0	1	112300
224.616	0.25	0	1	112308
224.632	0.25	0	1	112316
224.65	0.25	0	1	112325
224.666	0.25	0	1	112333
224.682	0.25	0	1	112341
224.7	0.25	0	1	112350
224.716	0.25	0	1	112358
224.732	0.25	1	2	112366
224.75	0.25	1	2	112375
224.766	0.25	1	2	112383
224.782	0.25	1	2	112391
224.8	0.25	0	1	112400
224.816	0.25	0	1	112408
224.832	0.25	0	1	112416
224.85	0.25	0	1	112425
224.866	0.25	0	1	112433
224.882	0.25	0	1	112441
224.9	0.25	0	1	112450
224.916	0.25	0	1	112458
224.932	0.25	0	1	112466
224.95	0.25	0	1	112475
224.966	0.25	0	1	112483
224.982	0.25	0	1	112491
225.0	0.25	0	1	112500
225.016	0.25	0	1	112508
225.032	0.25	0	1	112516
225.05	0.25	0	1	112525
225.066	0.25	0	1	112533
225.082	0.25	0	1	112541
225.1	0.25	0	1	112550
225.116	0.25	0	1	112558
225.132	0.25	0	1	112566
225.15	0.25	0	1	112575
225.166	0.25	0	1	112583
225.182	0.25	0	1	112591
225.2	0.25	1	2	112600
225.216	0.25	1	2	112608
225.232	0.25	1	2	112616
225.25	0.25	1	2	112625
225.266	0.25	0	1	112633
225.282	0.25	0	1	112641
225.3	0.25	0	1	112650
225.316	0.25	0	1	112658
225.332	0.25	0	1	112666
225.35	0.25	0	1	112675
225.366	0.25	0	1	112683
225.382	0.25	0	1	112691
225.4	0.25	0	1	112700
225.416	0.25	0	1	112708
225.432	0.25	0	1	112716
225.45	0.25	0	1	112725
225.466	0.25	0	1	112733
225.482	0.25	0	1	112741
225.5	0.25	0	1	112750
225.516	0.25	0	1	112758
225.532	0.25	0	1	112766
225.55	0.25	0	1	112775
225.566	0.25	0	1	112783
225.582	0.25	0	1	112791
225.6	0.25	0	1	112800
225.616	0.25	1	2	112808
225.632	0.25	1	2	112816
225.65	0.25	1	2	112825
225.666	0.25	1	2	112833
225.682	0.25	0	1	112841
225.7	0.25	0	1	112850
225.716	0.25	0	1	112858
225.732	0.25	0	1	112866
225.75	0.25	0	1	112875
225.766	0.25	0	1	112883
225.782	0.25	0	1	112891
225.8	0.25	0	1	112900
225.816	0.25	0	1	112908
225.832	0.25	0	1	112916
225.85	0.25	0	1	112925
225.866	0.25	0	1	112933
225.882	0.25	0	1	112941
225.9	0.25	0	1	112950
225.916	0.25	0	1	112958
225.932	0.25	0	1	112966
225.95	0.25	0	1	112975
225.966	0.25	0	1	112983
225.982	0.25	0	1	112991
226.0	0.25	0	1	113000
226.016	0.25	0	1	113008
226.032	0.25	0	1	113016
226.05	0.25	1	2	113025
226.066	0.25	1	2	113033
226.082	0.25	1	2	113041
226.1	0.25	1	2	113050
226.116	0.25	0	1	113058
226.132	0.25	0	1	113066
226.15	0.25	0	1	113075
226.166	0.25	0	1	113083
227.65	0.25	0	1	113825
227.666	0.25	0	1	113833
227.682	0.25	0	1	113841
227.7	0.25	0	1	113850
227.716	0.25	0	1	113858
227.732	0.25	0	1	113866
227.75	0.25	0	1	113875
227.766	0.25	0	1	113883
227.782	0.25	0	1	113891
227.8	0.25	0	1	113900
227.816	0.25	0	1	113908
227.832	0.25	0	1	113916
227.85	0.25	0	1	113925
227.866	0.25	0	1	113933
227.882	0.25	0	1	113941
227.9	0.25	0	1	113950
227.916	0.25	0	1	113958
227.932	0.25	0	1	113966
227.95	0.25	1	2	113975
227.966	0.25	1	2	113983
227.982	0.25	1	2	113991
228.0	0.25	1	2	114000
228.016	0.25	0	1	114008
228.032	0.25	0	1	114016
228.05	0.25	0	1	114025
228.066	0.25	0	1	114033
228.082	0.25	0	1	114041
228.1	0.25	0	1	114050
228.116	0.25	0	1	114058
228.132	0.25	0	1	114066
228.15	0.25	0	1	114075
228.166	0.25	0	1	114083
228.182	0.25	0	1	114091
228.2	0.25	0	1	114100
228.216	0.25	0	1	114108
228.232	0.25	0	1	114116
228.25	0.25	0	1	114125
228.266	0.25	0	1	114133
228.282	0.25	0	1	114141
228.3	0.25	0	1	114150
228.316	0.25	0	1	114158
228.332	0.25	0	1	114166
228.35	0.25	1	2	114175
228.366	0.25	1	2	114183
228.382	0.25	1	2	114191
228.4	0.25	1	2	114200
228.416	0.25	0	1	114208
228.432	0.25	0	1	114216
228.45	0.25	0	1	114225
228.466	0.25	0	1	114233
228.482	0.25	0	1	114241
228.5	0.25	0	1	114250
228.516	0.25	0	1	114258
228.532	0.25	0	1	114266
228.55	0.25	0	1	114275
228.566	0.25	0	1	114283
228.582	0.25	0	1	114291
228.6	0.25	0	1	114300
228.616	0.25	0	1	114308
228.632	0.25	1	2	114316
228.65	0.25	1	2	114325
228.666	0.25	1	2	114333
228.682	0.25	1	2	114341
228.7	0.25	0	1	114350
228.716	0.25	0	1	114358
228.732	0.25	0	1	114366
228.75	0.25	0	1	114375
228.766	0.25	0	1	114383
228.782	0.25	0	1	114391
228.8	0.25	0	1	114400
228.816	0.25	0	1	114408
228.832	0.25	0	1	114416
228.85	0.25	0	1	114425
228.866	0.25	0	1	114433
228.882	0.25	0	1	114441
228.9	0.25	0	1	114450
228.916	0.25	0	1	114458
228.932	0.25	0	1	114466
228.95	0.25	0	1	114475
228.966	0.25	0	1	114483
228.982	0.25	0	1	114491
229.0	0.25	1	2	114500
229.016	0.25	1	2	114508
229.032	0.25	1	2	114516
229.05	0.25	1	2	114525
229.066	0.25	0	1	114533
229.082	0.25	0	1	114541
229.1	0.25	0	1	114550
229.116	0.25	0	1	114558
229.132	0.25	0	1	114566
229.15	0.25	0	1	114575
229.166	0.25	0	1	114583
229.182	0.25	0	1	114591
229.2	0.25	0	1	114600
229.216	0.25	0	1	114608
229.232	0.25	0	1	114616
229.25	0.25	0	1	114625
229.266	0.25	0	1	114633
229.282	0.25	0	1	114641
229.3	0.25	0	1	114650
229.316	0.25	0	1	114658
229.332	0.25	0	1	114666
229.35	0.25	0	1	114675
229.366	0.25	0	1	114683
229.382	0.25	0	1	114691
229.4	0.25	0	1	114700
229.416	0.25	0	1	114708
229.432	0.25	0	1	114716
229.45	0.25	0	1	114725
229.466	0.25	1	2	114733
229.482	0.25	1	2	114741
229.5	0.25	1	2	114750
229.516	0.25	1	2	114758
229.532	0.25	0	1	114766
229.55	0.25	0	1	114775
229.566	0.25	0	1	114783
229.582	0.25	0	1	114791
231.066	0.25	0	1	115533
231.082	0.25	0	1	115541
231.1	0.25	0	1	115550
231.116	0.25	0	1	115558
231.132	0.25	0	1	115566
231.15	0.25	0	1	115575
231.166	0.25	0	1	115583
231.182	0.25	0	1	115591
231.2	0.25	0	1	115600
231.216	0.25	0	1	115608
231.232	0.25	0	1	115616
231.25	0.25	0	1	115625
231.266	0.25	0	1	115633
231.282	0.25	0	1	115641
231.3	0.25	0	1	115650
231.316	0.25	1	2	115658
231.332	0.25	1	2	115666
231.35	0.25	1	2	115675
231.366	0.25	1	2	115683
231.382	0.25	0	1	115691
231.4	0.25	0	1	115700
231.416	0.25	0	1	115708
231.432	0.25	0	1	115716
231.45	0.25	0	1	115725
231.466	0.25	0	1	115733
231.482	0.25	0	1	115741
231.5	0.25	0	1	115750
231.516	0.25	0	1	115758
231.532	0.25	0	1	115766
231.55	0.25	0	1	115775
231.566	0.25	0	1	115783
231.582	0.25	0	1	115791
231.6	0.25	0	1	115800
231.616	0.25	0	1	115808
231.632	0.25	0	1	115816
231.65	0.25	0	1	115825
231.666	0.25	0	1	115833
231.682	0.25	0	1	115841
231.7	0.25	0	1	115850
231.716	0.25	0	1	115858
231.732	0.25	0	1	115866
231.75	0.25	1	2	115875
231.766	0.25	1	2	115883
231.782	0.25	1	2	115891
231.8	0.25	1	2	115900
231.816	0.25	0	1	115908
231.832	0.25	0	1	115916
231.85	0.25	0	1	115925
231.866	0.25	0	1	115933
231.882	0.25	0	1	115941
231.9	0.25	0	1	115950
231.916	0.25	0	1	115958
231.932	0.25	0	1	115966
231.95	0.25	0	1	115975
231.966	0.25	0	1	115983
231.982	0.25	0	1	115991
232.0	0.25	0	1	116000
232.016	0.25	0	1	116008
232.032	0.25	0	1	116016
232.05	0.25	0	1	116025
232.066	0.25	0	1	116033
232.082	0.25	0	1	116041
232.1	0.25	0	1	116050
232.116	0.25	0	1	116058
232.132	0.25	0	1	116066
232.15	0.25	0	1	116075
232.166	0.25	0	1	116083
232.182	0.25	0	1	116091
232.2	0.25	0	1	116100
232.216	0.25	1	2	116108
232.232	0.25	1	2	116116
232.25	0.25	1	2	116125
232.266	0.25	1	2	116133
232.282	0.25	0	1	116141
232.3	0.25	0	1	116150
232.316	0.25	0	1	116158
232.332	0.25	0	1	116166
232.35	0.25	0	1	116175
232.366	0.25	0	1	116183
232.382	0.25	0	1	116191
232.4	0.25	0	1	116200
232.416	0.25	0	1	116208
232.432	0.25	0	1	116216
232.45	0.25	0	1	116225
232.466	0.25	0	1	116233
232.482	0.25	0	1	116241
232.5	0.25	0	1	116250
232.516	0.25	1	2	116258
232.532	0.25	1	2	116266
232.55	0.25	1	2	116275
232.566	0.25	1	2	116283
232.582	0.25	0	1	116291
232.6	0.25	0	1	116300
232.616	0.25	0	1	116308
232.632	0.25	0	1	116316
232.65	0.25	0	1	116325
232.666	0.25	0	1	116333
232.682	0.25	0	1	116341
232.7	0.25	0	1	116350
232.716	0.25	0	1	116358
232.732	0.25	0	1	116366
232.75	0.25	0	1	116375
232.766	0.25	0	1	116383
232.782	0.25	0	1	116391
232.8	0.25	0	1	116400
232.816	0.25	0	1	116408
232.832	0.25	0	1	116416
232.85	0.25	0	1	116425
232.866	0.25	0	1	116433
232.882	0.25	0	1	116441
232.9	0.25	0	1	116450
232.916	0.25	0	1	116458
232.932	0.25	0	1	116466
232.95	0.25	1	2	116475
232.966	0.25	1	2	116483
232.982	0.25	1	2	116491
233.0	0.25	1	2	116500
234.482	0.25	0	1	117241
234.5	0.25	0	1	117250
234.516	0.25	0	1	117258
234.532	0.25	0	1	117266
234.55	0.25	0	1	117275
234.566	0.25	0	1	117283
234.582	0.25	0	1	117291
234.6	0.25	0	1	117300
234.616	0.25	0	1	117308
234.632	0.25	0	1	117316
234.65	0.25	0	1	117325
234.666	0.25	0	1	117333
234.682	0.25	0	1	117341
234.7	0.25	0	1	117350
234.716	0.25	0	1	117358
234.732	0.25	0	1	117366
234.75	0.25	0	1	117375
234.766	0.25	0	1	117383
234.782	0.25	0	1	117391
234.8	0.25	0	1	117400
234.816	0.25	0	1	117408
234.832	0.25	0	1	117416
234.85	0.25	0	1	117425
234.866	0.25	1	2	117433
234.882	0.25	1	2	117441
234.9	0.25	1	2	117450
234.916	0.25	1	2	117458
234.932	0.25	0	1	117466
234.95	0.25	0	1	117475
234.966	0.25	0	1	117483
234.982	0.25	0	1	117491
235.0	0.25	0	1	117500
235.016	0.25	0	1	117508
235.032	0.25	0	1	117516
235.05	0.25	0	1	117525
235.066	0.25	0	1	117533
235.082	0.25	0	1	117541
235.1	0.25	0	1	117550
235.116	0.25	0	1	117558
235.132	0.25	0	1	117566
235.15	0.25	0	1	117575
235.166	0.25	0	1	117583
235.182	0.25	0	1	117591
235.2	0.25	0	1	117600
235.216	0.25	0	1	117608
235.232	0.25	0	1	117616
235.25	0.25	1	2	117625
235.266	0.25	1	2	117633
235.282	0.25	1	2	117641
235.3	0.25	1	2	117650
235.316	0.25	0	1	117658
235.332	0.25	0	1	117666
235.35	0.25	0	1	117675
235.366	0.25	0	1	117683
235.382	0.25	0	1	117691
235.4	0.25	0	1	117700
235.416	0.25	0	1	117708
235.432	0.25	0	1	117716
235.45	0.25	0	1	117725
235.466	0.25	0	1	117733
235.482	0.25	0	1	117741
235.5	0.25	0	1	117750
235.516	0.25	0	1	117758
235.532	0.25	0	1	117766
235.55	0.25	1	2	117775
235.566	0.25	1	2	117783
235.582	0.25	1	2	117791
235.6	0.25	1	2	117800
235.616	0.25	0	1	117808
235.632	0.25	0	1	117816
235.65	0.25	0	1	117825
235.666	0.25	0	1	117833
235.682	0.25	0	1	117841
235.7	0.25	0	1	117850
235.716	0.25	0	1	117858
235.732	0.25	0	1	117866
235.75	0.25	0	1	117875
235.766	0.25	0	1	117883
235.782	0.25	0	1	117891
235.8	0.25	0	1	117900
235.816	0.25	0	1	117908
235.832	0.25	1	2	117916
235.85	0.25	1	2	117925
235.866	0.25	1	2	117933
235.882	0.25	1	2	117941
235.9	0.25	0	1	117950
235.916	0.25	0	1	117958
235.932	0.25	0	1	117966
235.95	0.25	0	1	117975
235.966	0.25	0	1	117983
235.982	0.25	0	1	117991
236.0	0.25	0	1	118000
236.016	0.25	0	1	118008
236.032	0.25	0	1	118016
236.05	0.25	0	1	118025
236.066	0.25	0	1	118033
236.082	0.25	0	1	118041
236.1	0.25	0	1	118050
236.116	0.25	0	1	118058
236.132	0.25	0	1	118066
236.15	0.25	0	1	118075
236.166	0.25	1	2	118083
236.182	0.25	1	2	118091
236.2	0.25	1	2	118100
236.216	0.25	1	2	118108
236.232	0.25	0	1	118116
236.25	0.25	0	1	118125
236.266	0.25	0	1	118133
236.282	0.25	0	1	118141
236.3	0.25	0	1	118150
236.316	0.25	0	1	118158
236.332	0.25	0	1	118166
236.35	0.25	0	1	118175
236.366	0.25	0	1	118183
236.382	0.25	0	1	118191
236.4	0.25	0	1	118200
236.416	0.25	0	1	118208
