onset	duration	trial_type	value	sample
23.7	n/a	0	1	11850
23.716	n/a	0	1	11858
23.732	n/a	0	1	11866
23.75	n/a	0	1	11875
23.766	n/a	0	1	11883
23.782	n/a	0	1	11891
23.8	n/a	0	1	11900
23.816	n/a	0	1	11908
23.832	n/a	0	1	11916
23.85	n/a	0	1	11925
23.866	n/a	0	1	11933
23.882	n/a	0	1	11941
23.9	n/a	0	1	11950
23.916	n/a	0	1	11958
23.932	n/a	0	1	11966
23.95	n/a	1	2	11975
23.966	n/a	1	2	11983
23.982	n/a	1	2	11991
24.0	n/a	1	2	12000
24.016	n/a	0	1	12008
24.032	n/a	0	1	12016
24.05	n/a	0	1	12025
24.066	n/a	0	1	12033
24.082	n/a	0	1	12041
24.1	n/a	0	1	12050
24.116	n/a	0	1	12058
24.132	n/a	0	1	12066
24.15	n/a	0	1	12075
24.166	n/a	0	1	12083
24.182	n/a	0	1	12091
24.2	n/a	0	1	12100
24.216	n/a	0	1	12108
24.232	n/a	0	1	12116
24.25	n/a	0	1	12125
24.266	n/a	0	1	12133
24.282	n/a	0	1	12141
24.3	n/a	0	1	12150
24.316	n/a	0	1	12158
24.332	n/a	0	1	12166
24.35	n/a	0	1	12175
24.366	n/a	0	1	12183
24.382	n/a	1	2	12191
24.4	n/a	1	2	12200
24.416	n/a	1	2	12208
24.432	n/a	1	2	12216
24.45	n/a	0	1	12225
24.466	n/a	0	1	12233
24.482	n/a	0	1	12241
24.5	n/a	0	1	12250
24.516	n/a	0	1	12258
24.532	n/a	0	1	12266
24.55	n/a	0	1	12275
24.566	n/a	0	1	12283
24.582	n/a	0	1	12291
24.6	n/a	0	1	12300
24.616	n/a	0	1	12308
24.632	n/a	0	1	12316
24.65	n/a	0	1	12325
24.666	n/a	0	1	12333
24.682	n/a	0	1	12341
24.7	n/a	0	1	12350
24.716	n/a	0	1	12358
24.732	n/a	0	1	12366
24.75	n/a	0	1	12375
24.766	n/a	0	1	12383
24.782	n/a	0	1	12391
24.8	n/a	0	1	12400
24.816	n/a	0	1	12408
24.832	n/a	0	1	12416
24.85	n/a	1	2	12425
24.866	n/a	1	2	12433
24.882	n/a	1	2	12441
24.9	n/a	1	2	12450
24.916	n/a	0	1	12458
24.932	n/a	0	1	12466
24.95	n/a	0	1	12475
24.966	n/a	0	1	12483
24.982	n/a	0	1	12491
25.0	n/a	0	1	12500
25.016	n/a	0	1	12508
25.032	n/a	0	1	12516
25.05	n/a	0	1	12525
25.066	n/a	0	1	12533
25.082	n/a	0	1	12541
25.1	n/a	0	1	12550
25.116	n/a	0	1	12558
25.132	n/a	0	1	12566
25.15	n/a	1	2	12575
25.166	n/a	1	2	12583
25.182	n/a	1	2	12591
25.2	n/a	1	2	12600
25.216	n/a	0	1	12608
25.232	n/a	0	1	12616
25.25	n/a	0	1	12625
25.266	n/a	0	1	12633
25.282	n/a	0	1	12641
25.3	n/a	0	1	12650
25.316	n/a	0	1	12658
25.332	n/a	0	1	12666
25.35	n/a	0	1	12675
25.366	n/a	0	1	12683
25.382	n/a	0	1	12691
25.4	n/a	0	1	12700
25.416	n/a	0	1	12708
25.432	n/a	0	1	12716
25.45	n/a	0	1	12725
25.466	n/a	0	1	12733
25.482	n/a	0	1	12741
25.5	n/a	0	1	12750
25.516	n/a	0	1	12758
25.532	n/a	0	1	12766
25.55	n/a	0	1	12775
25.566	n/a	0	1	12783
25.582	n/a	1	2	12791
25.6	n/a	1	2	12800
25.616	n/a	1	2	12808
25.632	n/a	1	2	12816
27.116	n/a	0	1	13558
27.132	n/a	1	2	13566
27.15	n/a	1	2	13575
27.166	n/a	1	2	13583
27.182	n/a	1	2	13591
27.2	n/a	0	1	13600
27.216	n/a	0	1	13608
27.232	n/a	0	1	13616
27.25	n/a	0	1	13625
27.266	n/a	0	1	13633
27.282	n/a	0	1	13641
27.3	n/a	0	1	13650
27.316	n/a	0	1	13658
27.332	n/a	0	1	13666
27.35	n/a	0	1	13675
27.366	n/a	0	1	13683
27.382	n/a	0	1	13691
27.4	n/a	0	1	13700
27.416	n/a	0	1	13708
27.432	n/a	0	1	13716
27.45	n/a	0	1	13725
27.466	n/a	0	1	13733
27.482	n/a	0	1	13741
27.5	n/a	0	1	13750
27.516	n/a	0	1	13758
27.532	n/a	0	1	13766
27.55	n/a	0	1	13775
27.566	n/a	0	1	13783
27.582	n/a	0	1	13791
27.6	n/a	0	1	13800
27.616	n/a	1	2	13808
27.632	n/a	1	2	13816
27.65	n/a	1	2	13825
27.666	n/a	1	2	13833
27.682	n/a	0	1	13841
27.7	n/a	0	1	13850
27.716	n/a	0	1	13858
27.732	n/a	0	1	13866
27.75	n/a	0	1	13875
27.766	n/a	0	1	13883
27.782	n/a	0	1	13891
27.8	n/a	0	1	13900
27.816	n/a	0	1	13908
27.832	n/a	0	1	13916
27.85	n/a	0	1	13925
27.866	n/a	0	1	13933
27.882	n/a	0	1	13941
27.9	n/a	0	1	13950
27.916	n/a	0	1	13958
27.932	n/a	0	1	13966
27.95	n/a	0	1	13975
27.966	n/a	0	1	13983
27.982	n/a	0	1	13991
28.0	n/a	0	1	14000
28.016	n/a	0	1	14008
28.032	n/a	0	1	14016
28.05	n/a	0	1	14025
28.066	n/a	0	1	14033
28.082	n/a	1	2	14041
28.1	n/a	1	2	14050
28.116	n/a	1	2	14058
28.132	n/a	1	2	14066
28.15	n/a	0	1	14075
28.166	n/a	0	1	14083
28.182	n/a	0	1	14091
28.2	n/a	0	1	14100
28.216	n/a	0	1	14108
28.232	n/a	0	1	14116
28.25	n/a	0	1	14125
28.266	n/a	0	1	14133
28.282	n/a	0	1	14141
28.3	n/a	0	1	14150
28.316	n/a	0	1	14158
28.332	n/a	0	1	14166
28.35	n/a	0	1	14175
28.366	n/a	0	1	14183
28.382	n/a	0	1	14191
28.4	n/a	0	1	14200
28.416	n/a	0	1	14208
28.432	n/a	0	1	14216
28.45	n/a	0	1	14225
28.466	n/a	0	1	14233
28.482	n/a	0	1	14241
28.5	n/a	1	2	14250
28.516	n/a	1	2	14258
28.532	n/a	1	2	14266
28.55	n/a	1	2	14275
28.566	n/a	0	1	14283
28.582	n/a	0	1	14291
28.6	n/a	0	1	14300
28.616	n/a	0	1	14308
28.632	n/a	0	1	14316
28.65	n/a	0	1	14325
28.666	n/a	0	1	14333
28.682	n/a	0	1	14341
28.7	n/a	0	1	14350
28.716	n/a	0	1	14358
28.732	n/a	0	1	14366
28.75	n/a	0	1	14375
28.766	n/a	0	1	14383
28.782	n/a	0	1	14391
28.8	n/a	0	1	14400
28.816	n/a	0	1	14408
28.832	n/a	0	1	14416
28.85	n/a	0	1	14425
28.866	n/a	0	1	14433
28.882	n/a	0	1	14441
28.9	n/a	0	1	14450
28.916	n/a	0	1	14458
28.932	n/a	1	2	14466
28.95	n/a	1	2	14475
28.966	n/a	1	2	14483
28.982	n/a	1	2	14491
29.0	n/a	0	1	14500
29.016	n/a	0	1	14508
29.032	n/a	0	1	14516
29.05	n/a	0	1	14525
30.532	n/a	0	1	15266
30.55	n/a	0	1	15275
30.566	n/a	0	1	15283
30.582	n/a	0	1	15291
30.6	n/a	0	1	15300
30.616	n/a	0	1	15308
30.632	n/a	0	1	15316
30.65	n/a	0	1	15325
30.666	n/a	0	1	15333
30.682	n/a	0	1	15341
30.7	n/a	0	1	15350
30.716	n/a	0	1	15358
30.732	n/a	0	1	15366
30.75	n/a	0	1	15375
30.766	n/a	0	1	15383
30.782	n/a	0	1	15391
30.8	n/a	0	1	15400
30.816	n/a	0	1	15408
30.832	n/a	0	1	15416
30.85	n/a	0	1	15425
30.866	n/a	0	1	15433
30.882	n/a	0	1	15441
30.9	n/a	0	1	15450
30.916	n/a	1	2	15458
30.932	n/a	1	2	15466
30.95	n/a	1	2	15475
30.966	n/a	1	2	15483
30.982	n/a	0	1	15491
31.0	n/a	0	1	15500
31.016	n/a	0	1	15508
31.032	n/a	0	1	15516
31.05	n/a	0	1	15525
31.066	n/a	0	1	15533
31.082	n/a	0	1	15541
31.1	n/a	0	1	15550
31.116	n/a	0	1	15558
31.132	n/a	0	1	15566
31.15	n/a	0	1	15575
31.166	n/a	0	1	15583
31.182	n/a	0	1	15591
31.2	n/a	0	1	15600
31.216	n/a	0	1	15608
31.232	n/a	0	1	15616
31.25	n/a	0	1	15625
31.266	n/a	0	1	15633
31.282	n/a	0	1	15641
31.3	n/a	1	2	15650
31.316	n/a	1	2	15658
31.332	n/a	1	2	15666
31.35	n/a	1	2	15675
31.366	n/a	0	1	15683
31.382	n/a	0	1	15691
31.4	n/a	0	1	15700
31.416	n/a	0	1	15708
31.432	n/a	0	1	15716
31.45	n/a	0	1	15725
31.466	n/a	0	1	15733
31.482	n/a	0	1	15741
31.5	n/a	0	1	15750
31.516	n/a	0	1	15758
31.532	n/a	0	1	15766
31.55	n/a	0	1	15775
31.566	n/a	0	1	15783
31.582	n/a	0	1	15791
31.6	n/a	1	2	15800
31.616	n/a	1	2	15808
31.632	n/a	1	2	15816
31.65	n/a	1	2	15825
31.666	n/a	0	1	15833
31.682	n/a	0	1	15841
31.7	n/a	0	1	15850
31.716	n/a	0	1	15858
31.732	n/a	0	1	15866
31.75	n/a	0	1	15875
31.766	n/a	0	1	15883
31.782	n/a	0	1	15891
31.8	n/a	0	1	15900
31.816	n/a	0	1	15908
31.832	n/a	0	1	15916
31.85	n/a	0	1	15925
31.866	n/a	0	1	15933
31.882	n/a	1	2	15941
31.9	n/a	1	2	15950
31.916	n/a	1	2	15958
31.932	n/a	1	2	15966
31.95	n/a	0	1	15975
31.966	n/a	0	1	15983
31.982	n/a	0	1	15991
32.0	n/a	0	1	16000
32.016	n/a	0	1	16008
32.032	n/a	0	1	16016
32.048	n/a	0	1	16024
32.066	n/a	0	1	16033
32.082	n/a	0	1	16041
32.1	n/a	0	1	16050
32.116	n/a	0	1	16058
32.132	n/a	0	1	16066
32.15	n/a	0	1	16075
32.166	n/a	0	1	16083
32.182	n/a	0	1	16091
32.2	n/a	0	1	16100
32.216	n/a	1	2	16108
32.232	n/a	1	2	16116
32.25	n/a	1	2	16125
32.266	n/a	1	2	16133
32.282	n/a	0	1	16141
32.298	n/a	0	1	16149
32.316	n/a	0	1	16158
32.332	n/a	0	1	16166
32.35	n/a	0	1	16175
32.366	n/a	0	1	16183
32.382	n/a	0	1	16191
32.4	n/a	0	1	16200
32.416	n/a	0	1	16208
32.432	n/a	0	1	16216
32.45	n/a	0	1	16225
32.466	n/a	0	1	16233
33.95	n/a	0	1	16975
33.966	n/a	0	1	16983
33.982	n/a	0	1	16991
34.0	n/a	0	1	17000
34.016	n/a	0	1	17008
34.032	n/a	0	1	17016
34.05	n/a	0	1	17025
34.066	n/a	0	1	17033
34.082	n/a	0	1	17041
34.1	n/a	0	1	17050
34.116	n/a	0	1	17058
34.132	n/a	0	1	17066
34.15	n/a	0	1	17075
34.166	n/a	0	1	17083
34.182	n/a	0	1	17091
34.2	n/a	0	1	17100
34.216	n/a	0	1	17108
34.232	n/a	0	1	17116
34.25	n/a	1	2	17125
34.266	n/a	1	2	17133
34.282	n/a	1	2	17141
34.3	n/a	1	2	17150
34.316	n/a	0	1	17158
34.332	n/a	0	1	17166
34.35	n/a	0	1	17175
34.366	n/a	0	1	17183
34.382	n/a	0	1	17191
34.4	n/a	0	1	17200
34.416	n/a	0	1	17208
34.432	n/a	0	1	17216
34.45	n/a	0	1	17225
34.466	n/a	0	1	17233
34.482	n/a	0	1	17241
34.5	n/a	0	1	17250
34.516	n/a	0	1	17258
34.532	n/a	0	1	17266
34.55	n/a	0	1	17275
34.566	n/a	0	1	17283
34.582	n/a	0	1	17291
34.6	n/a	0	1	17300
34.616	n/a	0	1	17308
34.632	n/a	0	1	17316
34.65	n/a	1	2	17325
34.666	n/a	1	2	17333
34.682	n/a	1	2	17341
34.7	n/a	1	2	17350
34.716	n/a	0	1	17358
34.732	n/a	0	1	17366
34.75	n/a	0	1	17375
34.766	n/a	0	1	17383
34.782	n/a	0	1	17391
34.8	n/a	0	1	17400
34.816	n/a	0	1	17408
34.832	n/a	0	1	17416
34.85	n/a	0	1	17425
34.866	n/a	0	1	17433
34.882	n/a	0	1	17441
34.9	n/a	0	1	17450
34.916	n/a	0	1	17458
34.932	n/a	1	2	17466
34.95	n/a	1	2	17475
34.966	n/a	1	2	17483
34.982	n/a	1	2	17491
35.0	n/a	0	1	17500
35.016	n/a	0	1	17508
35.032	n/a	0	1	17516
35.05	n/a	0	1	17525
35.066	n/a	0	1	17533
35.082	n/a	0	1	17541
35.1	n/a	0	1	17550
35.116	n/a	0	1	17558
35.132	n/a	0	1	17566
35.15	n/a	0	1	17575
35.166	n/a	0	1	17583
35.182	n/a	0	1	17591
35.2	n/a	0	1	17600
35.216	n/a	0	1	17608
35.232	n/a	0	1	17616
35.25	n/a	0	1	17625
35.266	n/a	0	1	17633
35.282	n/a	0	1	17641
35.3	n/a	1	2	17650
35.316	n/a	1	2	17658
35.332	n/a	1	2	17666
35.35	n/a	1	2	17675
35.366	n/a	0	1	17683
35.382	n/a	0	1	17691
35.4	n/a	0	1	17700
35.416	n/a	0	1	17708
35.432	n/a	0	1	17716
35.45	n/a	0	1	17725
35.466	n/a	0	1	17733
35.482	n/a	0	1	17741
35.5	n/a	0	1	17750
35.516	n/a	0	1	17758
35.532	n/a	0	1	17766
35.55	n/a	0	1	17775
35.566	n/a	0	1	17783
35.582	n/a	0	1	17791
35.6	n/a	0	1	17800
35.616	n/a	0	1	17808
35.632	n/a	0	1	17816
35.65	n/a	0	1	17825
35.666	n/a	0	1	17833
35.682	n/a	0	1	17841
35.7	n/a	0	1	17850
35.716	n/a	0	1	17858
35.732	n/a	0	1	17866
35.75	n/a	0	1	17875
35.766	n/a	1	2	17883
35.782	n/a	1	2	17891
35.8	n/a	1	2	17900
35.816	n/a	1	2	17908
35.832	n/a	0	1	17916
35.85	n/a	0	1	17925
35.866	n/a	0	1	17933
35.882	n/a	0	1	17941
39.982	n/a	0	1	19991
40.0	n/a	0	1	20000
40.016	n/a	0	1	20008
40.032	n/a	0	1	20016
40.05	n/a	0	1	20025
40.066	n/a	0	1	20033
40.082	n/a	0	1	20041
40.1	n/a	0	1	20050
40.116	n/a	0	1	20058
40.132	n/a	0	1	20066
40.15	n/a	0	1	20075
40.166	n/a	0	1	20083
40.182	n/a	0	1	20091
40.2	n/a	0	1	20100
40.216	n/a	0	1	20108
40.232	n/a	0	1	20116
40.25	n/a	0	1	20125
40.266	n/a	0	1	20133
40.282	n/a	1	2	20141
40.3	n/a	1	2	20150
40.316	n/a	1	2	20158
40.332	n/a	1	2	20166
40.35	n/a	0	1	20175
40.366	n/a	0	1	20183
40.382	n/a	0	1	20191
40.4	n/a	0	1	20200
40.416	n/a	0	1	20208
40.432	n/a	0	1	20216
40.45	n/a	0	1	20225
40.466	n/a	0	1	20233
40.482	n/a	0	1	20241
40.5	n/a	0	1	20250
40.516	n/a	0	1	20258
40.532	n/a	0	1	20266
40.55	n/a	0	1	20275
40.566	n/a	0	1	20283
40.582	n/a	0	1	20291
40.6	n/a	0	1	20300
40.616	n/a	0	1	20308
40.632	n/a	0	1	20316
40.65	n/a	0	1	20325
40.666	n/a	0	1	20333
40.682	n/a	1	2	20341
40.7	n/a	1	2	20350
40.716	n/a	1	2	20358
40.732	n/a	1	2	20366
40.75	n/a	0	1	20375
40.766	n/a	0	1	20383
40.782	n/a	0	1	20391
40.8	n/a	0	1	20400
40.816	n/a	0	1	20408
40.832	n/a	0	1	20416
40.85	n/a	0	1	20425
40.866	n/a	0	1	20433
40.882	n/a	0	1	20441
40.9	n/a	0	1	20450
40.916	n/a	0	1	20458
40.932	n/a	0	1	20466
40.95	n/a	0	1	20475
40.966	n/a	1	2	20483
40.982	n/a	1	2	20491
41.0	n/a	1	2	20500
41.016	n/a	1	2	20508
41.032	n/a	0	1	20516
41.05	n/a	0	1	20525
41.066	n/a	0	1	20533
41.082	n/a	0	1	20541
41.1	n/a	0	1	20550
41.116	n/a	0	1	20558
41.132	n/a	0	1	20566
41.15	n/a	0	1	20575
41.166	n/a	0	1	20583
41.182	n/a	0	1	20591
41.2	n/a	0	1	20600
41.216	n/a	0	1	20608
41.232	n/a	0	1	20616
41.25	n/a	0	1	20625
41.266	n/a	0	1	20633
41.282	n/a	0	1	20641
41.3	n/a	0	1	20650
41.316	n/a	0	1	20658
41.332	n/a	1	2	20666
41.35	n/a	1	2	20675
41.366	n/a	1	2	20683
41.382	n/a	1	2	20691
41.4	n/a	0	1	20700
41.416	n/a	0	1	20708
41.432	n/a	0	1	20716
41.45	n/a	0	1	20725
41.466	n/a	0	1	20733
41.482	n/a	0	1	20741
41.5	n/a	0	1	20750
41.516	n/a	0	1	20758
41.532	n/a	0	1	20766
41.55	n/a	0	1	20775
41.566	n/a	0	1	20783
41.582	n/a	0	1	20791
41.6	n/a	0	1	20800
41.616	n/a	0	1	20808
41.632	n/a	0	1	20816
41.65	n/a	0	1	20825
41.666	n/a	0	1	20833
41.682	n/a	0	1	20841
41.7	n/a	0	1	20850
41.716	n/a	0	1	20858
41.732	n/a	0	1	20866
41.75	n/a	0	1	20875
41.766	n/a	0	1	20883
41.782	n/a	0	1	20891
41.8	n/a	1	2	20900
41.816	n/a	1	2	20908
41.832	n/a	1	2	20916
41.85	n/a	1	2	20925
41.866	n/a	0	1	20933
41.882	n/a	0	1	20941
41.9	n/a	0	1	20950
41.916	n/a	0	1	20958
43.4	n/a	0	1	21700
43.416	n/a	0	1	21708
43.432	n/a	0	1	21716
43.45	n/a	0	1	21725
43.466	n/a	0	1	21733
43.482	n/a	0	1	21741
43.5	n/a	0	1	21750
43.516	n/a	0	1	21758
43.532	n/a	0	1	21766
43.55	n/a	0	1	21775
43.566	n/a	0	1	21783
43.582	n/a	0	1	21791
43.6	n/a	0	1	21800
43.616	n/a	0	1	21808
43.632	n/a	0	1	21816
43.65	n/a	0	1	21825
43.666	n/a	0	1	21833
43.682	n/a	0	1	21841
43.7	n/a	0	1	21850
43.716	n/a	0	1	21858
43.732	n/a	0	1	21866
43.75	n/a	0	1	21875
43.766	n/a	0	1	21883
43.782	n/a	1	2	21891
43.8	n/a	1	2	21900
43.816	n/a	1	2	21908
43.832	n/a	1	2	21916
43.85	n/a	0	1	21925
43.866	n/a	0	1	21933
43.882	n/a	0	1	21941
43.9	n/a	0	1	21950
43.916	n/a	0	1	21958
43.932	n/a	0	1	21966
43.95	n/a	0	1	21975
43.966	n/a	0	1	21983
43.982	n/a	0	1	21991
44.0	n/a	0	1	22000
44.016	n/a	0	1	22008
44.032	n/a	0	1	22016
44.05	n/a	0	1	22025
44.066	n/a	0	1	22033
44.082	n/a	0	1	22041
44.1	n/a	0	1	22050
44.116	n/a	0	1	22058
44.132	n/a	0	1	22066
44.15	n/a	0	1	22075
44.166	n/a	1	2	22083
44.182	n/a	1	2	22091
44.2	n/a	1	2	22100
44.216	n/a	1	2	22108
44.232	n/a	0	1	22116
44.25	n/a	0	1	22125
44.266	n/a	0	1	22133
44.282	n/a	0	1	22141
44.3	n/a	0	1	22150
44.316	n/a	0	1	22158
44.332	n/a	0	1	22166
44.35	n/a	0	1	22175
44.366	n/a	0	1	22183
44.382	n/a	0	1	22191
44.4	n/a	0	1	22200
44.416	n/a	0	1	22208
44.432	n/a	0	1	22216
44.45	n/a	0	1	22225
44.466	n/a	1	2	22233
44.482	n/a	1	2	22241
44.5	n/a	1	2	22250
44.516	n/a	1	2	22258
44.532	n/a	0	1	22266
44.55	n/a	0	1	22275
44.566	n/a	0	1	22283
44.582	n/a	0	1	22291
44.6	n/a	0	1	22300
44.616	n/a	0	1	22308
44.632	n/a	0	1	22316
44.65	n/a	0	1	22325
44.666	n/a	0	1	22333
44.682	n/a	0	1	22341
44.7	n/a	0	1	22350
44.716	n/a	0	1	22358
44.732	n/a	0	1	22366
44.75	n/a	1	2	22375
44.766	n/a	1	2	22383
44.782	n/a	1	2	22391
44.8	n/a	1	2	22400
44.816	n/a	0	1	22408
44.832	n/a	0	1	22416
44.85	n/a	0	1	22425
44.866	n/a	0	1	22433
44.882	n/a	0	1	22441
44.9	n/a	0	1	22450
44.916	n/a	0	1	22458
44.932	n/a	0	1	22466
44.95	n/a	0	1	22475
44.966	n/a	0	1	22483
44.982	n/a	0	1	22491
45.0	n/a	0	1	22500
45.016	n/a	0	1	22508
45.032	n/a	0	1	22516
45.05	n/a	0	1	22525
45.066	n/a	0	1	22533
45.082	n/a	1	2	22541
45.1	n/a	1	2	22550
45.116	n/a	1	2	22558
45.132	n/a	1	2	22566
45.15	n/a	0	1	22575
45.166	n/a	0	1	22583
45.182	n/a	0	1	22591
45.2	n/a	0	1	22600
45.216	n/a	0	1	22608
45.232	n/a	0	1	22616
45.25	n/a	0	1	22625
45.266	n/a	0	1	22633
45.282	n/a	0	1	22641
45.3	n/a	0	1	22650
45.316	n/a	0	1	22658
45.332	n/a	0	1	22666
46.816	n/a	0	1	23408
46.832	n/a	0	1	23416
46.85	n/a	0	1	23425
46.866	n/a	0	1	23433
46.882	n/a	0	1	23441
46.9	n/a	0	1	23450
46.916	n/a	0	1	23458
46.932	n/a	0	1	23466
46.95	n/a	0	1	23475
46.966	n/a	0	1	23483
46.982	n/a	0	1	23491
47.0	n/a	0	1	23500
47.016	n/a	0	1	23508
47.032	n/a	0	1	23516
47.05	n/a	0	1	23525
47.066	n/a	1	2	23533
47.082	n/a	1	2	23541
47.1	n/a	1	2	23550
47.116	n/a	1	2	23558
47.132	n/a	0	1	23566
47.15	n/a	0	1	23575
47.166	n/a	0	1	23583
47.182	n/a	0	1	23591
47.2	n/a	0	1	23600
47.216	n/a	0	1	23608
47.232	n/a	0	1	23616
47.25	n/a	0	1	23625
47.266	n/a	0	1	23633
47.282	n/a	0	1	23641
47.3	n/a	0	1	23650
47.316	n/a	0	1	23658
47.332	n/a	0	1	23666
47.35	n/a	0	1	23675
47.366	n/a	0	1	23683
47.382	n/a	0	1	23691
47.4	n/a	0	1	23700
47.416	n/a	0	1	23708
47.432	n/a	0	1	23716
47.45	n/a	0	1	23725
47.466	n/a	0	1	23733
47.482	n/a	0	1	23741
47.5	n/a	1	2	23750
47.516	n/a	1	2	23758
47.532	n/a	1	2	23766
47.55	n/a	1	2	23775
47.566	n/a	0	1	23783
47.582	n/a	0	1	23791
47.6	n/a	0	1	23800
47.616	n/a	0	1	23808
47.632	n/a	0	1	23816
47.65	n/a	0	1	23825
47.666	n/a	0	1	23833
47.682	n/a	0	1	23841
47.7	n/a	0	1	23850
47.716	n/a	0	1	23858
47.732	n/a	0	1	23866
47.75	n/a	0	1	23875
47.766	n/a	0	1	23883
47.782	n/a	0	1	23891
47.8	n/a	0	1	23900
47.816	n/a	0	1	23908
47.832	n/a	0	1	23916
47.85	n/a	0	1	23925
47.866	n/a	0	1	23933
47.882	n/a	0	1	23941
47.9	n/a	0	1	23950
47.916	n/a	0	1	23958
47.932	n/a	0	1	23966
47.95	n/a	0	1	23975
47.966	n/a	1	2	23983
47.982	n/a	1	2	23991
48.0	n/a	1	2	24000
48.016	n/a	1	2	24008
48.032	n/a	0	1	24016
48.05	n/a	0	1	24025
48.066	n/a	0	1	24033
48.082	n/a	0	1	24041
48.1	n/a	0	1	24050
48.116	n/a	0	1	24058
48.132	n/a	0	1	24066
48.15	n/a	0	1	24075
48.166	n/a	0	1	24083
48.182	n/a	0	1	24091
48.2	n/a	0	1	24100
48.216	n/a	0	1	24108
48.232	n/a	0	1	24116
48.25	n/a	0	1	24125
48.266	n/a	1	2	24133
48.282	n/a	1	2	24141
48.3	n/a	1	2	24150
48.316	n/a	1	2	24158
48.332	n/a	0	1	24166
48.35	n/a	0	1	24175
48.366	n/a	0	1	24183
48.382	n/a	0	1	24191
48.4	n/a	0	1	24200
48.416	n/a	0	1	24208
48.432	n/a	0	1	24216
48.45	n/a	0	1	24225
48.466	n/a	0	1	24233
48.482	n/a	0	1	24241
48.5	n/a	0	1	24250
48.516	n/a	0	1	24258
48.532	n/a	0	1	24266
48.55	n/a	0	1	24275
48.566	n/a	0	1	24283
48.582	n/a	0	1	24291
48.6	n/a	0	1	24300
48.616	n/a	0	1	24308
48.632	n/a	0	1	24316
48.65	n/a	0	1	24325
48.666	n/a	0	1	24333
48.682	n/a	0	1	24341
48.7	n/a	1	2	24350
48.716	n/a	1	2	24358
48.732	n/a	1	2	24366
48.75	n/a	1	2	24375
50.232	n/a	0	1	25116
50.25	n/a	1	2	25125
50.266	n/a	1	2	25133
50.282	n/a	1	2	25141
50.3	n/a	1	2	25150
50.316	n/a	0	1	25158
50.332	n/a	0	1	25166
50.35	n/a	0	1	25175
50.366	n/a	0	1	25183
50.382	n/a	0	1	25191
50.4	n/a	0	1	25200
50.416	n/a	0	1	25208
50.432	n/a	0	1	25216
50.45	n/a	0	1	25225
50.466	n/a	0	1	25233
50.482	n/a	0	1	25241
50.5	n/a	0	1	25250
50.516	n/a	0	1	25258
50.532	n/a	0	1	25266
50.55	n/a	0	1	25275
50.566	n/a	0	1	25283
50.582	n/a	0	1	25291
50.6	n/a	0	1	25300
50.616	n/a	0	1	25308
50.632	n/a	0	1	25316
50.65	n/a	0	1	25325
50.666	n/a	0	1	25333
50.682	n/a	0	1	25341
50.7	n/a	0	1	25350
50.716	n/a	0	1	25358
50.732	n/a	1	2	25366
50.75	n/a	1	2	25375
50.766	n/a	1	2	25383
50.782	n/a	1	2	25391
50.8	n/a	0	1	25400
50.816	n/a	0	1	25408
50.832	n/a	0	1	25416
50.85	n/a	0	1	25425
50.866	n/a	0	1	25433
50.882	n/a	0	1	25441
50.9	n/a	0	1	25450
50.916	n/a	0	1	25458
50.932	n/a	0	1	25466
50.95	n/a	0	1	25475
50.966	n/a	0	1	25483
50.982	n/a	0	1	25491
51.0	n/a	0	1	25500
51.016	n/a	0	1	25508
51.032	n/a	0	1	25516
51.05	n/a	0	1	25525
51.066	n/a	0	1	25533
51.082	n/a	0	1	25541
51.1	n/a	0	1	25550
51.116	n/a	0	1	25558
51.132	n/a	0	1	25566
51.15	n/a	0	1	25575
51.166	n/a	0	1	25583
51.182	n/a	0	1	25591
51.2	n/a	1	2	25600
51.216	n/a	1	2	25608
51.232	n/a	1	2	25616
51.25	n/a	1	2	25625
51.266	n/a	0	1	25633
51.282	n/a	0	1	25641
51.3	n/a	0	1	25650
51.316	n/a	0	1	25658
51.332	n/a	0	1	25666
51.35	n/a	0	1	25675
51.366	n/a	0	1	25683
51.382	n/a	0	1	25691
51.4	n/a	0	1	25700
51.416	n/a	0	1	25708
51.432	n/a	0	1	25716
51.45	n/a	0	1	25725
51.466	n/a	0	1	25733
51.482	n/a	0	1	25741
51.5	n/a	0	1	25750
51.516	n/a	0	1	25758
51.532	n/a	0	1	25766
51.55	n/a	0	1	25775
51.566	n/a	0	1	25783
51.582	n/a	0	1	25791
51.6	n/a	0	1	25800
51.616	n/a	1	2	25808
51.632	n/a	1	2	25816
51.65	n/a	1	2	25825
51.666	n/a	1	2	25833
51.682	n/a	0	1	25841
51.7	n/a	0	1	25850
51.716	n/a	0	1	25858
51.732	n/a	0	1	25866
51.75	n/a	0	1	25875
51.766	n/a	0	1	25883
51.782	n/a	0	1	25891
51.8	n/a	0	1	25900
51.816	n/a	0	1	25908
51.832	n/a	0	1	25916
51.85	n/a	0	1	25925
51.866	n/a	0	1	25933
51.882	n/a	0	1	25941
51.9	n/a	0	1	25950
51.916	n/a	0	1	25958
51.932	n/a	0	1	25966
51.95	n/a	0	1	25975
51.966	n/a	0	1	25983
51.982	n/a	0	1	25991
52.0	n/a	0	1	26000
52.016	n/a	0	1	26008
52.032	n/a	0	1	26016
52.05	n/a	1	2	26025
52.066	n/a	1	2	26033
52.082	n/a	1	2	26041
52.1	n/a	1	2	26050
52.116	n/a	0	1	26058
52.132	n/a	0	1	26066
52.15	n/a	0	1	26075
52.166	n/a	0	1	26083
55.866	n/a	0	1	27933
55.882	n/a	0	1	27941
55.9	n/a	0	1	27950
55.916	n/a	0	1	27958
55.932	n/a	0	1	27966
55.95	n/a	0	1	27975
55.966	n/a	0	1	27983
55.982	n/a	0	1	27991
56.0	n/a	0	1	28000
56.016	n/a	0	1	28008
56.032	n/a	0	1	28016
56.05	n/a	0	1	28025
56.066	n/a	0	1	28033
56.082	n/a	0	1	28041
56.1	n/a	0	1	28050
56.116	n/a	1	2	28058
56.132	n/a	1	2	28066
56.15	n/a	1	2	28075
56.166	n/a	1	2	28083
56.182	n/a	0	1	28091
56.2	n/a	0	1	28100
56.216	n/a	0	1	28108
56.232	n/a	0	1	28116
56.25	n/a	0	1	28125
56.266	n/a	0	1	28133
56.282	n/a	0	1	28141
56.3	n/a	0	1	28150
56.316	n/a	0	1	28158
56.332	n/a	0	1	28166
56.35	n/a	0	1	28175
56.366	n/a	0	1	28183
56.382	n/a	0	1	28191
56.4	n/a	0	1	28200
56.416	n/a	0	1	28208
56.432	n/a	0	1	28216
56.45	n/a	0	1	28225
56.466	n/a	0	1	28233
56.482	n/a	0	1	28241
56.5	n/a	0	1	28250
56.516	n/a	0	1	28258
56.532	n/a	0	1	28266
56.55	n/a	1	2	28275
56.566	n/a	1	2	28283
56.582	n/a	1	2	28291
56.6	n/a	1	2	28300
56.616	n/a	0	1	28308
56.632	n/a	0	1	28316
56.65	n/a	0	1	28325
56.666	n/a	0	1	28333
56.682	n/a	0	1	28341
56.7	n/a	0	1	28350
56.716	n/a	0	1	28358
56.732	n/a	0	1	28366
56.75	n/a	0	1	28375
56.766	n/a	0	1	28383
56.782	n/a	0	1	28391
56.8	n/a	0	1	28400
56.816	n/a	0	1	28408
56.832	n/a	0	1	28416
56.85	n/a	0	1	28425
56.866	n/a	0	1	28433
56.882	n/a	0	1	28441
56.9	n/a	0	1	28450
56.916	n/a	0	1	28458
56.932	n/a	0	1	28466
56.95	n/a	0	1	28475
56.966	n/a	0	1	28483
56.982	n/a	0	1	28491
57.0	n/a	0	1	28500
57.016	n/a	1	2	28508
57.032	n/a	1	2	28516
57.05	n/a	1	2	28525
57.066	n/a	1	2	28533
57.082	n/a	0	1	28541
57.1	n/a	0	1	28550
57.116	n/a	0	1	28558
57.132	n/a	0	1	28566
57.15	n/a	0	1	28575
57.166	n/a	0	1	28583
57.182	n/a	0	1	28591
57.2	n/a	0	1	28600
57.216	n/a	0	1	28608
57.232	n/a	0	1	28616
57.25	n/a	0	1	28625
57.266	n/a	0	1	28633
57.282	n/a	0	1	28641
57.3	n/a	0	1	28650
57.316	n/a	1	2	28658
57.332	n/a	1	2	28666
57.35	n/a	1	2	28675
57.366	n/a	1	2	28683
57.382	n/a	0	1	28691
57.4	n/a	0	1	28700
57.416	n/a	0	1	28708
57.432	n/a	0	1	28716
57.45	n/a	0	1	28725
57.466	n/a	0	1	28733
57.482	n/a	0	1	28741
57.5	n/a	0	1	28750
57.516	n/a	0	1	28758
57.532	n/a	0	1	28766
57.55	n/a	0	1	28775
57.566	n/a	0	1	28783
57.582	n/a	0	1	28791
57.6	n/a	0	1	28800
57.616	n/a	0	1	28808
57.632	n/a	0	1	28816
57.65	n/a	0	1	28825
57.666	n/a	0	1	28833
57.682	n/a	0	1	28841
57.7	n/a	0	1	28850
57.716	n/a	0	1	28858
57.732	n/a	0	1	28866
57.75	n/a	1	2	28875
57.766	n/a	1	2	28883
57.782	n/a	1	2	28891
57.8	n/a	1	2	28900
59.282	n/a	0	1	29641
59.3	n/a	0	1	29650
59.316	n/a	0	1	29658
59.332	n/a	0	1	29666
59.35	n/a	0	1	29675
59.366	n/a	0	1	29683
59.382	n/a	0	1	29691
59.4	n/a	0	1	29700
59.416	n/a	0	1	29708
59.432	n/a	0	1	29716
59.45	n/a	0	1	29725
59.466	n/a	0	1	29733
59.482	n/a	0	1	29741
59.5	n/a	0	1	29750
59.516	n/a	0	1	29758
59.532	n/a	0	1	29766
59.55	n/a	0	1	29775
59.566	n/a	0	1	29783
59.582	n/a	1	2	29791
59.6	n/a	1	2	29800
59.616	n/a	1	2	29808
59.632	n/a	1	2	29816
59.65	n/a	0	1	29825
59.666	n/a	0	1	29833
59.682	n/a	0	1	29841
59.7	n/a	0	1	29850
59.716	n/a	0	1	29858
59.732	n/a	0	1	29866
59.75	n/a	0	1	29875
59.766	n/a	0	1	29883
59.782	n/a	0	1	29891
59.8	n/a	0	1	29900
59.816	n/a	0	1	29908
59.832	n/a	0	1	29916
59.85	n/a	0	1	29925
59.866	n/a	0	1	29933
59.882	n/a	0	1	29941
59.9	n/a	0	1	29950
59.916	n/a	0	1	29958
59.932	n/a	0	1	29966
59.95	n/a	0	1	29975
59.966	n/a	0	1	29983
59.982	n/a	1	2	29991
60.0	n/a	1	2	30000
60.016	n/a	1	2	30008
60.032	n/a	1	2	30016
60.05	n/a	0	1	30025
60.066	n/a	0	1	30033
60.082	n/a	0	1	30041
60.1	n/a	0	1	30050
60.116	n/a	0	1	30058
60.132	n/a	0	1	30066
60.15	n/a	0	1	30075
60.166	n/a	0	1	30083
60.182	n/a	0	1	30091
60.2	n/a	0	1	30100
60.216	n/a	0	1	30108
60.232	n/a	0	1	30116
60.25	n/a	0	1	30125
60.266	n/a	1	2	30133
60.282	n/a	1	2	30141
60.3	n/a	1	2	30150
60.316	n/a	1	2	30158
60.332	n/a	0	1	30166
60.35	n/a	0	1	30175
60.366	n/a	0	1	30183
60.382	n/a	0	1	30191
60.4	n/a	0	1	30200
60.416	n/a	0	1	30208
60.432	n/a	0	1	30216
60.45	n/a	0	1	30225
60.466	n/a	0	1	30233
60.482	n/a	0	1	30241
60.5	n/a	0	1	30250
60.516	n/a	0	1	30258
60.532	n/a	0	1	30266
60.55	n/a	0	1	30275
60.566	n/a	0	1	30283
60.582	n/a	0	1	30291
60.6	n/a	0	1	30300
60.616	n/a	0	1	30308
60.632	n/a	1	2	30316
60.65	n/a	1	2	30325
60.666	n/a	1	2	30333
60.682	n/a	1	2	30341
60.7	n/a	0	1	30350
60.716	n/a	0	1	30358
60.732	n/a	0	1	30366
60.75	n/a	0	1	30375
60.766	n/a	0	1	30383
60.782	n/a	0	1	30391
60.8	n/a	0	1	30400
60.816	n/a	0	1	30408
60.832	n/a	0	1	30416
60.85	n/a	0	1	30425
60.866	n/a	0	1	30433
60.882	n/a	0	1	30441
60.9	n/a	0	1	30450
60.916	n/a	0	1	30458
60.932	n/a	0	1	30466
60.95	n/a	0	1	30475
60.966	n/a	0	1	30483
60.982	n/a	0	1	30491
61.0	n/a	0	1	30500
61.016	n/a	0	1	30508
61.032	n/a	0	1	30516
61.05	n/a	0	1	30525
61.066	n/a	0	1	30533
61.082	n/a	0	1	30541
61.1	n/a	1	2	30550
61.116	n/a	1	2	30558
61.132	n/a	1	2	30566
61.15	n/a	1	2	30575
61.166	n/a	0	1	30583
61.182	n/a	0	1	30591
61.2	n/a	0	1	30600
61.216	n/a	0	1	30608
62.7	n/a	0	1	31350
62.716	n/a	0	1	31358
62.732	n/a	0	1	31366
62.75	n/a	0	1	31375
62.766	n/a	0	1	31383
62.782	n/a	0	1	31391
62.8	n/a	0	1	31400
62.816	n/a	0	1	31408
62.832	n/a	0	1	31416
62.85	n/a	0	1	31425
62.866	n/a	0	1	31433
62.882	n/a	0	1	31441
62.9	n/a	0	1	31450
62.916	n/a	0	1	31458
62.932	n/a	0	1	31466
62.95	n/a	0	1	31475
62.966	n/a	0	1	31483
62.982	n/a	0	1	31491
63.0	n/a	0	1	31500
63.016	n/a	0	1	31508
63.032	n/a	0	1	31516
63.05	n/a	0	1	31525
63.066	n/a	0	1	31533
63.082	n/a	1	2	31541
63.1	n/a	1	2	31550
63.116	n/a	1	2	31558
63.132	n/a	1	2	31566
63.15	n/a	0	1	31575
63.166	n/a	0	1	31583
63.182	n/a	0	1	31591
63.2	n/a	0	1	31600
63.216	n/a	0	1	31608
63.232	n/a	0	1	31616
63.25	n/a	0	1	31625
63.266	n/a	0	1	31633
63.282	n/a	0	1	31641
63.3	n/a	0	1	31650
63.316	n/a	0	1	31658
63.332	n/a	0	1	31666
63.35	n/a	0	1	31675
63.366	n/a	0	1	31683
63.382	n/a	0	1	31691
63.4	n/a	0	1	31700
63.416	n/a	0	1	31708
63.432	n/a	0	1	31716
63.45	n/a	0	1	31725
63.466	n/a	1	2	31733
63.482	n/a	1	2	31741
63.5	n/a	1	2	31750
63.516	n/a	1	2	31758
63.532	n/a	0	1	31766
63.55	n/a	0	1	31775
63.566	n/a	0	1	31783
63.582	n/a	0	1	31791
63.6	n/a	0	1	31800
63.616	n/a	0	1	31808
63.632	n/a	0	1	31816
63.65	n/a	0	1	31825
63.666	n/a	0	1	31833
63.682	n/a	0	1	31841
63.7	n/a	0	1	31850
63.716	n/a	0	1	31858
63.732	n/a	0	1	31866
63.75	n/a	0	1	31875
63.766	n/a	1	2	31883
63.782	n/a	1	2	31891
63.8	n/a	1	2	31900
63.816	n/a	1	2	31908
63.832	n/a	0	1	31916
63.85	n/a	0	1	31925
63.866	n/a	0	1	31933
63.882	n/a	0	1	31941
63.9	n/a	0	1	31950
63.916	n/a	0	1	31958
63.932	n/a	0	1	31966
63.95	n/a	0	1	31975
63.966	n/a	0	1	31983
63.982	n/a	0	1	31991
64.0	n/a	0	1	32000
64.016	n/a	0	1	32008
64.032	n/a	0	1	32016
64.05	n/a	1	2	32025
64.066	n/a	1	2	32033
64.082	n/a	1	2	32041
64.098	n/a	1	2	32049
64.116	n/a	0	1	32058
64.132	n/a	0	1	32066
64.15	n/a	0	1	32075
64.166	n/a	0	1	32083
64.182	n/a	0	1	32091
64.2	n/a	0	1	32100
64.216	n/a	0	1	32108
64.232	n/a	0	1	32116
64.25	n/a	0	1	32125
64.266	n/a	0	1	32133
64.282	n/a	0	1	32141
64.3	n/a	0	1	32150
64.316	n/a	0	1	32158
64.332	n/a	0	1	32166
64.348	n/a	0	1	32174
64.366	n/a	0	1	32183
64.382	n/a	1	2	32191
64.4	n/a	1	2	32200
64.416	n/a	1	2	32208
64.432	n/a	1	2	32216
64.45	n/a	0	1	32225
64.466	n/a	0	1	32233
64.482	n/a	0	1	32241
64.5	n/a	0	1	32250
64.516	n/a	0	1	32258
64.532	n/a	0	1	32266
64.55	n/a	0	1	32275
64.566	n/a	0	1	32283
64.582	n/a	0	1	32291
64.598	n/a	0	1	32299
64.616	n/a	0	1	32308
64.632	n/a	0	1	32316
66.116	n/a	0	1	33058
66.132	n/a	1	2	33066
66.15	n/a	1	2	33075
66.166	n/a	1	2	33083
66.182	n/a	1	2	33091
66.2	n/a	0	1	33100
66.216	n/a	0	1	33108
66.232	n/a	0	1	33116
66.25	n/a	0	1	33125
66.266	n/a	0	1	33133
66.282	n/a	0	1	33141
66.3	n/a	0	1	33150
66.316	n/a	0	1	33158
66.332	n/a	0	1	33166
66.35	n/a	0	1	33175
66.366	n/a	0	1	33183
66.382	n/a	0	1	33191
66.4	n/a	0	1	33200
66.416	n/a	0	1	33208
66.432	n/a	0	1	33216
66.45	n/a	0	1	33225
66.466	n/a	0	1	33233
66.482	n/a	0	1	33241
66.5	n/a	0	1	33250
66.516	n/a	0	1	33258
66.532	n/a	0	1	33266
66.55	n/a	0	1	33275
66.566	n/a	0	1	33283
66.582	n/a	0	1	33291
66.6	n/a	0	1	33300
66.616	n/a	1	2	33308
66.632	n/a	1	2	33316
66.65	n/a	1	2	33325
66.666	n/a	1	2	33333
66.682	n/a	0	1	33341
66.7	n/a	0	1	33350
66.716	n/a	0	1	33358
66.732	n/a	0	1	33366
66.75	n/a	0	1	33375
66.766	n/a	0	1	33383
66.782	n/a	0	1	33391
66.8	n/a	0	1	33400
66.816	n/a	0	1	33408
66.832	n/a	0	1	33416
66.85	n/a	0	1	33425
66.866	n/a	0	1	33433
66.882	n/a	0	1	33441
66.9	n/a	0	1	33450
66.916	n/a	0	1	33458
66.932	n/a	0	1	33466
66.95	n/a	0	1	33475
66.966	n/a	0	1	33483
66.982	n/a	0	1	33491
67.0	n/a	0	1	33500
67.016	n/a	0	1	33508
67.032	n/a	0	1	33516
67.05	n/a	0	1	33525
67.066	n/a	0	1	33533
67.082	n/a	1	2	33541
67.1	n/a	1	2	33550
67.116	n/a	1	2	33558
67.132	n/a	1	2	33566
67.15	n/a	0	1	33575
67.166	n/a	0	1	33583
67.182	n/a	0	1	33591
67.2	n/a	0	1	33600
67.216	n/a	0	1	33608
67.232	n/a	0	1	33616
67.25	n/a	0	1	33625
67.266	n/a	0	1	33633
67.282	n/a	0	1	33641
67.3	n/a	0	1	33650
67.316	n/a	0	1	33658
67.332	n/a	0	1	33666
67.35	n/a	0	1	33675
67.366	n/a	0	1	33683
67.382	n/a	0	1	33691
67.4	n/a	0	1	33700
67.416	n/a	0	1	33708
67.432	n/a	0	1	33716
67.45	n/a	0	1	33725
67.466	n/a	0	1	33733
67.482	n/a	0	1	33741
67.5	n/a	1	2	33750
67.516	n/a	1	2	33758
67.532	n/a	1	2	33766
67.55	n/a	1	2	33775
67.566	n/a	0	1	33783
67.582	n/a	0	1	33791
67.6	n/a	0	1	33800
67.616	n/a	0	1	33808
67.632	n/a	0	1	33816
67.65	n/a	0	1	33825
67.666	n/a	0	1	33833
67.682	n/a	0	1	33841
67.7	n/a	0	1	33850
67.716	n/a	0	1	33858
67.732	n/a	0	1	33866
67.75	n/a	0	1	33875
67.766	n/a	0	1	33883
67.782	n/a	0	1	33891
67.8	n/a	0	1	33900
67.816	n/a	0	1	33908
67.832	n/a	0	1	33916
67.85	n/a	0	1	33925
67.866	n/a	0	1	33933
67.882	n/a	0	1	33941
67.9	n/a	0	1	33950
67.916	n/a	0	1	33958
67.932	n/a	1	2	33966
67.95	n/a	1	2	33975
67.966	n/a	1	2	33983
67.982	n/a	1	2	33991
68.0	n/a	0	1	34000
68.016	n/a	0	1	34008
68.032	n/a	0	1	34016
68.05	n/a	0	1	34025
71.65	n/a	0	1	35825
71.666	n/a	0	1	35833
71.682	n/a	0	1	35841
71.7	n/a	0	1	35850
71.716	n/a	0	1	35858
71.732	n/a	0	1	35866
71.75	n/a	0	1	35875
71.766	n/a	0	1	35883
71.782	n/a	0	1	35891
71.8	n/a	0	1	35900
71.816	n/a	0	1	35908
71.832	n/a	0	1	35916
71.85	n/a	0	1	35925
71.866	n/a	0	1	35933
71.882	n/a	0	1	35941
71.9	n/a	0	1	35950
71.916	n/a	0	1	35958
71.932	n/a	0	1	35966
71.95	n/a	0	1	35975
71.966	n/a	0	1	35983
71.982	n/a	0	1	35991
72.0	n/a	0	1	36000
72.016	n/a	0	1	36008
72.032	n/a	1	2	36016
72.05	n/a	1	2	36025
72.066	n/a	1	2	36033
72.082	n/a	1	2	36041
72.1	n/a	0	1	36050
72.116	n/a	0	1	36058
72.132	n/a	0	1	36066
72.15	n/a	0	1	36075
72.166	n/a	0	1	36083
72.182	n/a	0	1	36091
72.2	n/a	0	1	36100
72.216	n/a	0	1	36108
72.232	n/a	0	1	36116
72.25	n/a	0	1	36125
72.266	n/a	0	1	36133
72.282	n/a	0	1	36141
72.3	n/a	0	1	36150
72.316	n/a	0	1	36158
72.332	n/a	0	1	36166
72.35	n/a	0	1	36175
72.366	n/a	0	1	36183
72.382	n/a	0	1	36191
72.4	n/a	0	1	36200
72.416	n/a	1	2	36208
72.432	n/a	1	2	36216
72.45	n/a	1	2	36225
72.466	n/a	1	2	36233
72.482	n/a	0	1	36241
72.5	n/a	0	1	36250
72.516	n/a	0	1	36258
72.532	n/a	0	1	36266
72.55	n/a	0	1	36275
72.566	n/a	0	1	36283
72.582	n/a	0	1	36291
72.6	n/a	0	1	36300
72.616	n/a	0	1	36308
72.632	n/a	0	1	36316
72.65	n/a	0	1	36325
72.666	n/a	0	1	36333
72.682	n/a	0	1	36341
72.7	n/a	0	1	36350
72.716	n/a	1	2	36358
72.732	n/a	1	2	36366
72.75	n/a	1	2	36375
72.766	n/a	1	2	36383
72.782	n/a	0	1	36391
72.8	n/a	0	1	36400
72.816	n/a	0	1	36408
72.832	n/a	0	1	36416
72.85	n/a	0	1	36425
72.866	n/a	0	1	36433
72.882	n/a	0	1	36441
72.9	n/a	0	1	36450
72.916	n/a	0	1	36458
72.932	n/a	0	1	36466
72.95	n/a	0	1	36475
72.966	n/a	0	1	36483
72.982	n/a	0	1	36491
73.0	n/a	1	2	36500
73.016	n/a	1	2	36508
73.032	n/a	1	2	36516
73.05	n/a	1	2	36525
73.066	n/a	0	1	36533
73.082	n/a	0	1	36541
73.1	n/a	0	1	36550
73.116	n/a	0	1	36558
73.132	n/a	0	1	36566
73.15	n/a	0	1	36575
73.166	n/a	0	1	36583
73.182	n/a	0	1	36591
73.2	n/a	0	1	36600
73.216	n/a	0	1	36608
73.232	n/a	0	1	36616
73.25	n/a	0	1	36625
73.266	n/a	0	1	36633
73.282	n/a	0	1	36641
73.3	n/a	0	1	36650
73.316	n/a	0	1	36658
73.332	n/a	1	2	36666
73.35	n/a	1	2	36675
73.366	n/a	1	2	36683
73.382	n/a	1	2	36691
73.4	n/a	0	1	36700
73.416	n/a	0	1	36708
73.432	n/a	0	1	36716
73.45	n/a	0	1	36725
73.466	n/a	0	1	36733
73.482	n/a	0	1	36741
73.5	n/a	0	1	36750
73.516	n/a	0	1	36758
73.532	n/a	0	1	36766
73.55	n/a	0	1	36775
73.566	n/a	0	1	36783
73.582	n/a	0	1	36791
75.066	n/a	0	1	37533
75.082	n/a	0	1	37541
75.1	n/a	0	1	37550
75.116	n/a	0	1	37558
75.132	n/a	0	1	37566
75.15	n/a	0	1	37575
75.166	n/a	0	1	37583
75.182	n/a	0	1	37591
75.2	n/a	0	1	37600
75.216	n/a	0	1	37608
75.232	n/a	0	1	37616
75.25	n/a	0	1	37625
75.266	n/a	0	1	37633
75.282	n/a	0	1	37641
75.3	n/a	0	1	37650
75.316	n/a	1	2	37658
75.332	n/a	1	2	37666
75.35	n/a	1	2	37675
75.366	n/a	1	2	37683
75.382	n/a	0	1	37691
75.4	n/a	0	1	37700
75.416	n/a	0	1	37708
75.432	n/a	0	1	37716
75.45	n/a	0	1	37725
75.466	n/a	0	1	37733
75.482	n/a	0	1	37741
75.5	n/a	0	1	37750
75.516	n/a	0	1	37758
75.532	n/a	0	1	37766
75.55	n/a	0	1	37775
75.566	n/a	0	1	37783
75.582	n/a	0	1	37791
75.6	n/a	0	1	37800
75.616	n/a	0	1	37808
75.632	n/a	0	1	37816
75.65	n/a	0	1	37825
75.666	n/a	0	1	37833
75.682	n/a	0	1	37841
75.7	n/a	0	1	37850
75.716	n/a	0	1	37858
75.732	n/a	0	1	37866
75.75	n/a	1	2	37875
75.766	n/a	1	2	37883
75.782	n/a	1	2	37891
75.8	n/a	1	2	37900
75.816	n/a	0	1	37908
75.832	n/a	0	1	37916
75.85	n/a	0	1	37925
75.866	n/a	0	1	37933
75.882	n/a	0	1	37941
75.9	n/a	0	1	37950
75.916	n/a	0	1	37958
75.932	n/a	0	1	37966
75.95	n/a	0	1	37975
75.966	n/a	0	1	37983
75.982	n/a	0	1	37991
76.0	n/a	0	1	38000
76.016	n/a	0	1	38008
76.032	n/a	0	1	38016
76.05	n/a	0	1	38025
76.066	n/a	0	1	38033
76.082	n/a	0	1	38041
76.1	n/a	0	1	38050
76.116	n/a	0	1	38058
76.132	n/a	0	1	38066
76.15	n/a	0	1	38075
76.166	n/a	0	1	38083
76.182	n/a	0	1	38091
76.2	n/a	0	1	38100
76.216	n/a	1	2	38108
76.232	n/a	1	2	38116
76.25	n/a	1	2	38125
76.266	n/a	1	2	38133
76.282	n/a	0	1	38141
76.3	n/a	0	1	38150
76.316	n/a	0	1	38158
76.332	n/a	0	1	38166
76.35	n/a	0	1	38175
76.366	n/a	0	1	38183
76.382	n/a	0	1	38191
76.4	n/a	0	1	38200
76.416	n/a	0	1	38208
76.432	n/a	0	1	38216
76.45	n/a	0	1	38225
76.466	n/a	0	1	38233
76.482	n/a	0	1	38241
76.5	n/a	0	1	38250
76.516	n/a	1	2	38258
76.532	n/a	1	2	38266
76.55	n/a	1	2	38275
76.566	n/a	1	2	38283
76.582	n/a	0	1	38291
76.6	n/a	0	1	38300
76.616	n/a	0	1	38308
76.632	n/a	0	1	38316
76.65	n/a	0	1	38325
76.666	n/a	0	1	38333
76.682	n/a	0	1	38341
76.7	n/a	0	1	38350
76.716	n/a	0	1	38358
76.732	n/a	0	1	38366
76.75	n/a	0	1	38375
76.766	n/a	0	1	38383
76.782	n/a	0	1	38391
76.8	n/a	0	1	38400
76.816	n/a	0	1	38408
76.832	n/a	0	1	38416
76.85	n/a	0	1	38425
76.866	n/a	0	1	38433
76.882	n/a	0	1	38441
76.9	n/a	0	1	38450
76.916	n/a	0	1	38458
76.932	n/a	0	1	38466
76.95	n/a	1	2	38475
76.966	n/a	1	2	38483
76.982	n/a	1	2	38491
77.0	n/a	1	2	38500
78.482	n/a	0	1	39241
78.5	n/a	0	1	39250
78.516	n/a	0	1	39258
78.532	n/a	0	1	39266
78.55	n/a	0	1	39275
78.566	n/a	0	1	39283
78.582	n/a	0	1	39291
78.6	n/a	0	1	39300
78.616	n/a	0	1	39308
78.632	n/a	0	1	39316
78.65	n/a	0	1	39325
78.666	n/a	0	1	39333
78.682	n/a	0	1	39341
78.7	n/a	0	1	39350
78.716	n/a	0	1	39358
78.732	n/a	0	1	39366
78.75	n/a	0	1	39375
78.766	n/a	0	1	39383
78.782	n/a	1	2	39391
78.8	n/a	1	2	39400
78.816	n/a	1	2	39408
78.832	n/a	1	2	39416
78.85	n/a	0	1	39425
78.866	n/a	0	1	39433
78.882	n/a	0	1	39441
78.9	n/a	0	1	39450
78.916	n/a	0	1	39458
78.932	n/a	0	1	39466
78.95	n/a	0	1	39475
78.966	n/a	0	1	39483
78.982	n/a	0	1	39491
79.0	n/a	0	1	39500
79.016	n/a	0	1	39508
79.032	n/a	0	1	39516
79.05	n/a	0	1	39525
79.066	n/a	0	1	39533
79.082	n/a	0	1	39541
79.1	n/a	0	1	39550
79.116	n/a	0	1	39558
79.132	n/a	0	1	39566
79.15	n/a	0	1	39575
79.166	n/a	0	1	39583
79.182	n/a	1	2	39591
79.2	n/a	1	2	39600
79.216	n/a	1	2	39608
79.232	n/a	1	2	39616
79.25	n/a	0	1	39625
79.266	n/a	0	1	39633
79.282	n/a	0	1	39641
79.3	n/a	0	1	39650
79.316	n/a	0	1	39658
79.332	n/a	0	1	39666
79.35	n/a	0	1	39675
79.366	n/a	0	1	39683
79.382	n/a	0	1	39691
79.4	n/a	0	1	39700
79.416	n/a	0	1	39708
79.432	n/a	0	1	39716
79.45	n/a	0	1	39725
79.466	n/a	1	2	39733
79.482	n/a	1	2	39741
79.5	n/a	1	2	39750
79.516	n/a	1	2	39758
79.532	n/a	0	1	39766
79.55	n/a	0	1	39775
79.566	n/a	0	1	39783
79.582	n/a	0	1	39791
79.6	n/a	0	1	39800
79.616	n/a	0	1	39808
79.632	n/a	0	1	39816
79.65	n/a	0	1	39825
79.666	n/a	0	1	39833
79.682	n/a	0	1	39841
79.7	n/a	0	1	39850
79.716	n/a	0	1	39858
79.732	n/a	0	1	39866
79.75	n/a	0	1	39875
79.766	n/a	0	1	39883
79.782	n/a	0	1	39891
79.8	n/a	0	1	39900
79.816	n/a	0	1	39908
79.832	n/a	1	2	39916
79.85	n/a	1	2	39925
79.866	n/a	1	2	39933
79.882	n/a	1	2	39941
79.9	n/a	0	1	39950
79.916	n/a	0	1	39958
79.932	n/a	0	1	39966
79.95	n/a	0	1	39975
79.966	n/a	0	1	39983
79.982	n/a	0	1	39991
80.0	n/a	0	1	40000
80.016	n/a	0	1	40008
80.032	n/a	0	1	40016
80.05	n/a	0	1	40025
80.066	n/a	0	1	40033
80.082	n/a	0	1	40041
80.1	n/a	0	1	40050
80.116	n/a	0	1	40058
80.132	n/a	0	1	40066
80.15	n/a	0	1	40075
80.166	n/a	0	1	40083
80.182	n/a	0	1	40091
80.2	n/a	0	1	40100
80.216	n/a	0	1	40108
80.232	n/a	0	1	40116
80.25	n/a	0	1	40125
80.266	n/a	0	1	40133
80.282	n/a	0	1	40141
80.3	n/a	1	2	40150
80.316	n/a	1	2	40158
80.332	n/a	1	2	40166
80.35	n/a	1	2	40175
80.366	n/a	0	1	40183
80.382	n/a	0	1	40191
80.4	n/a	0	1	40200
80.416	n/a	0	1	40208
81.9	n/a	0	1	40950
81.916	n/a	1	2	40958
81.932	n/a	1	2	40966
81.95	n/a	1	2	40975
81.966	n/a	1	2	40983
81.982	n/a	0	1	40991
82.0	n/a	0	1	41000
82.016	n/a	0	1	41008
82.032	n/a	0	1	41016
82.05	n/a	0	1	41025
82.066	n/a	0	1	41033
82.082	n/a	0	1	41041
82.1	n/a	0	1	41050
82.116	n/a	0	1	41058
82.132	n/a	0	1	41066
82.15	n/a	0	1	41075
82.166	n/a	0	1	41083
82.182	n/a	0	1	41091
82.2	n/a	0	1	41100
82.216	n/a	0	1	41108
82.232	n/a	0	1	41116
82.25	n/a	0	1	41125
82.266	n/a	0	1	41133
82.282	n/a	0	1	41141
82.3	n/a	0	1	41150
82.316	n/a	0	1	41158
82.332	n/a	0	1	41166
82.35	n/a	0	1	41175
82.366	n/a	0	1	41183
82.382	n/a	0	1	41191
82.4	n/a	1	2	41200
82.416	n/a	1	2	41208
82.432	n/a	1	2	41216
82.45	n/a	1	2	41225
82.466	n/a	0	1	41233
82.482	n/a	0	1	41241
82.5	n/a	0	1	41250
82.516	n/a	0	1	41258
82.532	n/a	0	1	41266
82.55	n/a	0	1	41275
82.566	n/a	0	1	41283
82.582	n/a	0	1	41291
82.6	n/a	0	1	41300
82.616	n/a	0	1	41308
82.632	n/a	0	1	41316
82.65	n/a	0	1	41325
82.666	n/a	0	1	41333
82.682	n/a	0	1	41341
82.7	n/a	0	1	41350
82.716	n/a	0	1	41358
82.732	n/a	0	1	41366
82.75	n/a	0	1	41375
82.766	n/a	0	1	41383
82.782	n/a	0	1	41391
82.8	n/a	0	1	41400
82.816	n/a	0	1	41408
82.832	n/a	0	1	41416
82.85	n/a	0	1	41425
82.866	n/a	1	2	41433
82.882	n/a	1	2	41441
82.9	n/a	1	2	41450
82.916	n/a	1	2	41458
82.932	n/a	0	1	41466
82.95	n/a	0	1	41475
82.966	n/a	0	1	41483
82.982	n/a	0	1	41491
83.0	n/a	0	1	41500
83.016	n/a	0	1	41508
83.032	n/a	0	1	41516
83.05	n/a	0	1	41525
83.066	n/a	0	1	41533
83.082	n/a	0	1	41541
83.1	n/a	0	1	41550
83.116	n/a	0	1	41558
83.132	n/a	0	1	41566
83.15	n/a	0	1	41575
83.166	n/a	0	1	41583
83.182	n/a	0	1	41591
83.2	n/a	0	1	41600
83.216	n/a	0	1	41608
83.232	n/a	0	1	41616
83.25	n/a	0	1	41625
83.266	n/a	0	1	41633
83.282	n/a	1	2	41641
83.3	n/a	1	2	41650
83.316	n/a	1	2	41658
83.332	n/a	1	2	41666
83.35	n/a	0	1	41675
83.366	n/a	0	1	41683
83.382	n/a	0	1	41691
83.4	n/a	0	1	41700
83.416	n/a	0	1	41708
83.432	n/a	0	1	41716
83.45	n/a	0	1	41725
83.466	n/a	0	1	41733
83.482	n/a	0	1	41741
83.5	n/a	0	1	41750
83.516	n/a	0	1	41758
83.532	n/a	0	1	41766
83.55	n/a	0	1	41775
83.566	n/a	0	1	41783
83.582	n/a	0	1	41791
83.6	n/a	0	1	41800
83.616	n/a	0	1	41808
83.632	n/a	0	1	41816
83.65	n/a	0	1	41825
83.666	n/a	0	1	41833
83.682	n/a	0	1	41841
83.7	n/a	0	1	41850
83.716	n/a	1	2	41858
83.732	n/a	1	2	41866
83.75	n/a	1	2	41875
83.766	n/a	1	2	41883
83.782	n/a	0	1	41891
83.8	n/a	0	1	41900
83.816	n/a	0	1	41908
83.832	n/a	0	1	41916
87.066	n/a	0	1	43533
87.082	n/a	0	1	43541
87.1	n/a	0	1	43550
87.116	n/a	0	1	43558
87.132	n/a	0	1	43566
87.15	n/a	0	1	43575
87.166	n/a	0	1	43583
87.182	n/a	0	1	43591
87.2	n/a	0	1	43600
87.216	n/a	0	1	43608
87.232	n/a	0	1	43616
87.25	n/a	0	1	43625
87.266	n/a	0	1	43633
87.282	n/a	0	1	43641
87.3	n/a	0	1	43650
87.316	n/a	0	1	43658
87.332	n/a	0	1	43666
87.35	n/a	0	1	43675
87.366	n/a	1	2	43683
87.382	n/a	1	2	43691
87.4	n/a	1	2	43700
87.416	n/a	1	2	43708
87.432	n/a	0	1	43716
87.45	n/a	0	1	43725
87.466	n/a	0	1	43733
87.482	n/a	0	1	43741
87.5	n/a	0	1	43750
87.516	n/a	0	1	43758
87.532	n/a	0	1	43766
87.55	n/a	0	1	43775
87.566	n/a	0	1	43783
87.582	n/a	0	1	43791
87.6	n/a	0	1	43800
87.616	n/a	0	1	43808
87.632	n/a	0	1	43816
87.65	n/a	0	1	43825
87.666	n/a	0	1	43833
87.682	n/a	0	1	43841
87.7	n/a	0	1	43850
87.716	n/a	0	1	43858
87.732	n/a	0	1	43866
87.75	n/a	0	1	43875
87.766	n/a	1	2	43883
87.782	n/a	1	2	43891
87.8	n/a	1	2	43900
87.816	n/a	1	2	43908
87.832	n/a	0	1	43916
87.85	n/a	0	1	43925
87.866	n/a	0	1	43933
87.882	n/a	0	1	43941
87.9	n/a	0	1	43950
87.916	n/a	0	1	43958
87.932	n/a	0	1	43966
87.95	n/a	0	1	43975
87.966	n/a	0	1	43983
87.982	n/a	0	1	43991
88.0	n/a	0	1	44000
88.016	n/a	0	1	44008
88.032	n/a	0	1	44016
88.05	n/a	1	2	44025
88.066	n/a	1	2	44033
88.082	n/a	1	2	44041
88.1	n/a	1	2	44050
88.116	n/a	0	1	44058
88.132	n/a	0	1	44066
88.15	n/a	0	1	44075
88.166	n/a	0	1	44083
88.182	n/a	0	1	44091
88.2	n/a	0	1	44100
88.216	n/a	0	1	44108
88.232	n/a	0	1	44116
88.25	n/a	0	1	44125
88.266	n/a	0	1	44133
88.282	n/a	0	1	44141
88.3	n/a	0	1	44150
88.316	n/a	0	1	44158
88.332	n/a	0	1	44166
88.35	n/a	0	1	44175
88.366	n/a	0	1	44183
88.382	n/a	0	1	44191
88.4	n/a	0	1	44200
88.416	n/a	1	2	44208
88.432	n/a	1	2	44216
88.45	n/a	1	2	44225
88.466	n/a	1	2	44233
88.482	n/a	0	1	44241
88.5	n/a	0	1	44250
88.516	n/a	0	1	44258
88.532	n/a	0	1	44266
88.55	n/a	0	1	44275
88.566	n/a	0	1	44283
88.582	n/a	0	1	44291
88.6	n/a	0	1	44300
88.616	n/a	0	1	44308
88.632	n/a	0	1	44316
88.65	n/a	0	1	44325
88.666	n/a	0	1	44333
88.682	n/a	0	1	44341
88.7	n/a	0	1	44350
88.716	n/a	0	1	44358
88.732	n/a	0	1	44366
88.75	n/a	0	1	44375
88.766	n/a	0	1	44383
88.782	n/a	0	1	44391
88.8	n/a	0	1	44400
88.816	n/a	0	1	44408
88.832	n/a	0	1	44416
88.85	n/a	0	1	44425
88.866	n/a	0	1	44433
88.882	n/a	1	2	44441
88.9	n/a	1	2	44450
88.916	n/a	1	2	44458
88.932	n/a	1	2	44466
88.95	n/a	0	1	44475
88.966	n/a	0	1	44483
88.982	n/a	0	1	44491
89.0	n/a	0	1	44500
90.482	n/a	0	1	45241
90.5	n/a	0	1	45250
90.516	n/a	0	1	45258
90.532	n/a	0	1	45266
90.55	n/a	0	1	45275
90.566	n/a	0	1	45283
90.582	n/a	0	1	45291
90.6	n/a	0	1	45300
90.616	n/a	0	1	45308
90.632	n/a	0	1	45316
90.65	n/a	0	1	45325
90.666	n/a	0	1	45333
90.682	n/a	0	1	45341
90.7	n/a	0	1	45350
90.716	n/a	0	1	45358
90.732	n/a	1	2	45366
90.75	n/a	1	2	45375
90.766	n/a	1	2	45383
90.782	n/a	1	2	45391
90.8	n/a	0	1	45400
90.816	n/a	0	1	45408
90.832	n/a	0	1	45416
90.85	n/a	0	1	45425
90.866	n/a	0	1	45433
90.882	n/a	0	1	45441
90.9	n/a	0	1	45450
90.916	n/a	0	1	45458
90.932	n/a	0	1	45466
90.95	n/a	0	1	45475
90.966	n/a	0	1	45483
90.982	n/a	0	1	45491
91.0	n/a	0	1	45500
91.016	n/a	0	1	45508
91.032	n/a	0	1	45516
91.05	n/a	0	1	45525
91.066	n/a	0	1	45533
91.082	n/a	0	1	45541
91.1	n/a	0	1	45550
91.116	n/a	0	1	45558
91.132	n/a	0	1	45566
91.15	n/a	0	1	45575
91.166	n/a	1	2	45583
91.182	n/a	1	2	45591
91.2	n/a	1	2	45600
91.216	n/a	1	2	45608
91.232	n/a	0	1	45616
91.25	n/a	0	1	45625
91.266	n/a	0	1	45633
91.282	n/a	0	1	45641
91.3	n/a	0	1	45650
91.316	n/a	0	1	45658
91.332	n/a	0	1	45666
91.35	n/a	0	1	45675
91.366	n/a	0	1	45683
91.382	n/a	0	1	45691
91.4	n/a	0	1	45700
91.416	n/a	0	1	45708
91.432	n/a	0	1	45716
91.45	n/a	0	1	45725
91.466	n/a	0	1	45733
91.482	n/a	0	1	45741
91.5	n/a	0	1	45750
91.516	n/a	0	1	45758
91.532	n/a	0	1	45766
91.55	n/a	0	1	45775
91.566	n/a	0	1	45783
91.582	n/a	0	1	45791
91.6	n/a	0	1	45800
91.616	n/a	0	1	45808
91.632	n/a	1	2	45816
91.65	n/a	1	2	45825
91.666	n/a	1	2	45833
91.682	n/a	1	2	45841
91.7	n/a	0	1	45850
91.716	n/a	0	1	45858
91.732	n/a	0	1	45866
91.75	n/a	0	1	45875
91.766	n/a	0	1	45883
91.782	n/a	0	1	45891
91.8	n/a	0	1	45900
91.816	n/a	0	1	45908
91.832	n/a	0	1	45916
91.85	n/a	0	1	45925
91.866	n/a	0	1	45933
91.882	n/a	0	1	45941
91.9	n/a	0	1	45950
91.916	n/a	0	1	45958
91.932	n/a	1	2	45966
91.95	n/a	1	2	45975
91.966	n/a	1	2	45983
91.982	n/a	1	2	45991
92.0	n/a	0	1	46000
92.016	n/a	0	1	46008
92.032	n/a	0	1	46016
92.05	n/a	0	1	46025
92.066	n/a	0	1	46033
92.082	n/a	0	1	46041
92.1	n/a	0	1	46050
92.116	n/a	0	1	46058
92.132	n/a	0	1	46066
92.15	n/a	0	1	46075
92.166	n/a	0	1	46083
92.182	n/a	0	1	46091
92.2	n/a	0	1	46100
92.216	n/a	0	1	46108
92.232	n/a	0	1	46116
92.25	n/a	0	1	46125
92.266	n/a	0	1	46133
92.282	n/a	0	1	46141
92.3	n/a	0	1	46150
92.316	n/a	0	1	46158
92.332	n/a	0	1	46166
92.35	n/a	0	1	46175
92.366	n/a	1	2	46183
92.382	n/a	1	2	46191
92.4	n/a	1	2	46200
92.416	n/a	1	2	46208
93.9	n/a	0	1	46950
93.916	n/a	0	1	46958
93.932	n/a	0	1	46966
93.95	n/a	0	1	46975
93.966	n/a	0	1	46983
93.982	n/a	0	1	46991
94.0	n/a	0	1	47000
94.016	n/a	0	1	47008
94.032	n/a	0	1	47016
94.05	n/a	0	1	47025
94.066	n/a	0	1	47033
94.082	n/a	0	1	47041
94.1	n/a	0	1	47050
94.116	n/a	0	1	47058
94.132	n/a	0	1	47066
94.15	n/a	0	1	47075
94.166	n/a	0	1	47083
94.182	n/a	0	1	47091
94.2	n/a	0	1	47100
94.216	n/a	0	1	47108
94.232	n/a	0	1	47116
94.25	n/a	0	1	47125
94.266	n/a	0	1	47133
94.282	n/a	1	2	47141
94.3	n/a	1	2	47150
94.316	n/a	1	2	47158
94.332	n/a	1	2	47166
94.35	n/a	0	1	47175
94.366	n/a	0	1	47183
94.382	n/a	0	1	47191
94.4	n/a	0	1	47200
94.416	n/a	0	1	47208
94.432	n/a	0	1	47216
94.45	n/a	0	1	47225
94.466	n/a	0	1	47233
94.482	n/a	0	1	47241
94.5	n/a	0	1	47250
94.516	n/a	0	1	47258
94.532	n/a	0	1	47266
94.55	n/a	0	1	47275
94.566	n/a	0	1	47283
94.582	n/a	0	1	47291
94.6	n/a	0	1	47300
94.616	n/a	0	1	47308
94.632	n/a	0	1	47316
94.65	n/a	0	1	47325
94.666	n/a	1	2	47333
94.682	n/a	1	2	47341
94.7	n/a	1	2	47350
94.716	n/a	1	2	47358
94.732	n/a	0	1	47366
94.75	n/a	0	1	47375
94.766	n/a	0	1	47383
94.782	n/a	0	1	47391
94.8	n/a	0	1	47400
94.816	n/a	0	1	47408
94.832	n/a	0	1	47416
94.85	n/a	0	1	47425
94.866	n/a	0	1	47433
94.882	n/a	0	1	47441
94.9	n/a	0	1	47450
94.916	n/a	0	1	47458
94.932	n/a	0	1	47466
94.95	n/a	0	1	47475
94.966	n/a	1	2	47483
94.982	n/a	1	2	47491
95.0	n/a	1	2	47500
95.016	n/a	1	2	47508
95.032	n/a	0	1	47516
95.05	n/a	0	1	47525
95.066	n/a	0	1	47533
95.082	n/a	0	1	47541
95.1	n/a	0	1	47550
95.116	n/a	0	1	47558
95.132	n/a	0	1	47566
95.15	n/a	0	1	47575
95.166	n/a	0	1	47583
95.182	n/a	0	1	47591
95.2	n/a	0	1	47600
95.216	n/a	0	1	47608
95.232	n/a	0	1	47616
95.25	n/a	1	2	47625
95.266	n/a	1	2	47633
95.282	n/a	1	2	47641
95.3	n/a	1	2	47650
95.316	n/a	0	1	47658
95.332	n/a	0	1	47666
95.35	n/a	0	1	47675
95.366	n/a	0	1	47683
95.382	n/a	0	1	47691
95.4	n/a	0	1	47700
95.416	n/a	0	1	47708
95.432	n/a	0	1	47716
95.45	n/a	0	1	47725
95.466	n/a	0	1	47733
95.482	n/a	0	1	47741
95.5	n/a	0	1	47750
95.516	n/a	0	1	47758
95.532	n/a	0	1	47766
95.55	n/a	0	1	47775
95.566	n/a	0	1	47783
95.582	n/a	1	2	47791
95.6	n/a	1	2	47800
95.616	n/a	1	2	47808
95.632	n/a	1	2	47816
95.65	n/a	0	1	47825
95.666	n/a	0	1	47833
95.682	n/a	0	1	47841
95.7	n/a	0	1	47850
95.716	n/a	0	1	47858
95.732	n/a	0	1	47866
95.75	n/a	0	1	47875
95.766	n/a	0	1	47883
95.782	n/a	0	1	47891
95.8	n/a	0	1	47900
95.816	n/a	0	1	47908
95.832	n/a	0	1	47916
97.316	n/a	0	1	48658
97.332	n/a	1	2	48666
97.35	n/a	1	2	48675
97.366	n/a	1	2	48683
97.382	n/a	1	2	48691
97.4	n/a	0	1	48700
97.416	n/a	0	1	48708
97.432	n/a	0	1	48716
97.45	n/a	0	1	48725
97.466	n/a	0	1	48733
97.482	n/a	0	1	48741
97.5	n/a	0	1	48750
97.516	n/a	0	1	48758
97.532	n/a	0	1	48766
97.55	n/a	0	1	48775
97.566	n/a	0	1	48783
97.582	n/a	0	1	48791
97.6	n/a	0	1	48800
97.616	n/a	0	1	48808
97.632	n/a	0	1	48816
97.65	n/a	0	1	48825
97.666	n/a	0	1	48833
97.682	n/a	0	1	48841
97.7	n/a	0	1	48850
97.716	n/a	0	1	48858
97.732	n/a	0	1	48866
97.75	n/a	0	1	48875
97.766	n/a	0	1	48883
97.782	n/a	0	1	48891
97.8	n/a	0	1	48900
97.816	n/a	1	2	48908
97.832	n/a	1	2	48916
97.85	n/a	1	2	48925
97.866	n/a	1	2	48933
97.882	n/a	0	1	48941
97.9	n/a	0	1	48950
97.916	n/a	0	1	48958
97.932	n/a	0	1	48966
97.95	n/a	0	1	48975
97.966	n/a	0	1	48983
97.982	n/a	0	1	48991
98.0	n/a	0	1	49000
98.016	n/a	0	1	49008
98.032	n/a	0	1	49016
98.05	n/a	0	1	49025
98.066	n/a	0	1	49033
98.082	n/a	0	1	49041
98.1	n/a	0	1	49050
98.116	n/a	0	1	49058
98.132	n/a	0	1	49066
98.15	n/a	0	1	49075
98.166	n/a	0	1	49083
98.182	n/a	0	1	49091
98.2	n/a	0	1	49100
98.216	n/a	0	1	49108
98.232	n/a	0	1	49116
98.25	n/a	0	1	49125
98.266	n/a	0	1	49133
98.282	n/a	1	2	49141
98.3	n/a	1	2	49150
98.316	n/a	1	2	49158
98.332	n/a	1	2	49166
98.35	n/a	0	1	49175
98.366	n/a	0	1	49183
98.382	n/a	0	1	49191
98.4	n/a	0	1	49200
98.416	n/a	0	1	49208
98.432	n/a	0	1	49216
98.45	n/a	0	1	49225
98.466	n/a	0	1	49233
98.482	n/a	0	1	49241
98.5	n/a	0	1	49250
98.516	n/a	0	1	49258
98.532	n/a	0	1	49266
98.55	n/a	0	1	49275
98.566	n/a	0	1	49283
98.582	n/a	0	1	49291
98.6	n/a	0	1	49300
98.616	n/a	0	1	49308
98.632	n/a	0	1	49316
98.65	n/a	0	1	49325
98.666	n/a	0	1	49333
98.682	n/a	0	1	49341
98.7	n/a	1	2	49350
98.716	n/a	1	2	49358
98.732	n/a	1	2	49366
98.75	n/a	1	2	49375
98.766	n/a	0	1	49383
98.782	n/a	0	1	49391
98.8	n/a	0	1	49400
98.816	n/a	0	1	49408
98.832	n/a	0	1	49416
98.85	n/a	0	1	49425
98.866	n/a	0	1	49433
98.882	n/a	0	1	49441
98.9	n/a	0	1	49450
98.916	n/a	0	1	49458
98.932	n/a	0	1	49466
98.95	n/a	0	1	49475
98.966	n/a	0	1	49483
98.982	n/a	0	1	49491
99.0	n/a	0	1	49500
99.016	n/a	0	1	49508
99.032	n/a	0	1	49516
99.05	n/a	0	1	49525
99.066	n/a	0	1	49533
99.082	n/a	0	1	49541
99.1	n/a	0	1	49550
99.116	n/a	0	1	49558
99.132	n/a	1	2	49566
99.15	n/a	1	2	49575
99.166	n/a	1	2	49583
99.182	n/a	1	2	49591
99.2	n/a	0	1	49600
99.216	n/a	0	1	49608
99.232	n/a	0	1	49616
99.25	n/a	0	1	49625
105.232	n/a	0	1	52616
105.25	n/a	0	1	52625
105.266	n/a	0	1	52633
105.282	n/a	0	1	52641
105.3	n/a	0	1	52650
105.316	n/a	0	1	52658
105.332	n/a	0	1	52666
105.35	n/a	0	1	52675
105.366	n/a	0	1	52683
105.382	n/a	0	1	52691
105.4	n/a	0	1	52700
105.416	n/a	0	1	52708
105.432	n/a	0	1	52716
105.45	n/a	0	1	52725
105.466	n/a	0	1	52733
105.482	n/a	0	1	52741
105.5	n/a	0	1	52750
105.516	n/a	0	1	52758
105.532	n/a	0	1	52766
105.55	n/a	0	1	52775
105.566	n/a	0	1	52783
105.582	n/a	0	1	52791
105.6	n/a	0	1	52800
105.616	n/a	1	2	52808
105.632	n/a	1	2	52816
105.65	n/a	1	2	52825
105.666	n/a	1	2	52833
105.682	n/a	0	1	52841
105.7	n/a	0	1	52850
105.716	n/a	0	1	52858
105.732	n/a	0	1	52866
105.75	n/a	0	1	52875
105.766	n/a	0	1	52883
105.782	n/a	0	1	52891
105.8	n/a	0	1	52900
105.816	n/a	0	1	52908
105.832	n/a	0	1	52916
105.85	n/a	0	1	52925
105.866	n/a	0	1	52933
105.882	n/a	0	1	52941
105.9	n/a	0	1	52950
105.916	n/a	0	1	52958
105.932	n/a	0	1	52966
105.95	n/a	0	1	52975
105.966	n/a	0	1	52983
105.982	n/a	0	1	52991
106.0	n/a	1	2	53000
106.016	n/a	1	2	53008
106.032	n/a	1	2	53016
106.05	n/a	1	2	53025
106.066	n/a	0	1	53033
106.082	n/a	0	1	53041
106.1	n/a	0	1	53050
106.116	n/a	0	1	53058
106.132	n/a	0	1	53066
106.15	n/a	0	1	53075
106.166	n/a	0	1	53083
106.182	n/a	0	1	53091
106.2	n/a	0	1	53100
106.216	n/a	0	1	53108
106.232	n/a	0	1	53116
106.25	n/a	0	1	53125
106.266	n/a	0	1	53133
106.282	n/a	0	1	53141
106.3	n/a	1	2	53150
106.316	n/a	1	2	53158
106.332	n/a	1	2	53166
106.35	n/a	1	2	53175
106.366	n/a	0	1	53183
106.382	n/a	0	1	53191
106.4	n/a	0	1	53200
106.416	n/a	0	1	53208
106.432	n/a	0	1	53216
106.45	n/a	0	1	53225
106.466	n/a	0	1	53233
106.482	n/a	0	1	53241
106.5	n/a	0	1	53250
106.516	n/a	0	1	53258
106.532	n/a	0	1	53266
106.55	n/a	0	1	53275
106.566	n/a	0	1	53283
106.582	n/a	1	2	53291
106.6	n/a	1	2	53300
106.616	n/a	1	2	53308
106.632	n/a	1	2	53316
106.65	n/a	0	1	53325
106.666	n/a	0	1	53333
106.682	n/a	0	1	53341
106.7	n/a	0	1	53350
106.716	n/a	0	1	53358
106.732	n/a	0	1	53366
106.75	n/a	0	1	53375
106.766	n/a	0	1	53383
106.782	n/a	0	1	53391
106.8	n/a	0	1	53400
106.816	n/a	0	1	53408
106.832	n/a	0	1	53416
106.85	n/a	0	1	53425
106.866	n/a	0	1	53433
106.882	n/a	0	1	53441
106.9	n/a	0	1	53450
106.916	n/a	1	2	53458
106.932	n/a	1	2	53466
106.95	n/a	1	2	53475
106.966	n/a	1	2	53483
106.982	n/a	0	1	53491
107.0	n/a	0	1	53500
107.016	n/a	0	1	53508
107.032	n/a	0	1	53516
107.05	n/a	0	1	53525
107.066	n/a	0	1	53533
107.082	n/a	0	1	53541
107.1	n/a	0	1	53550
107.116	n/a	0	1	53558
107.132	n/a	0	1	53566
107.15	n/a	0	1	53575
107.166	n/a	0	1	53583
108.65	n/a	0	1	54325
108.666	n/a	0	1	54333
108.682	n/a	0	1	54341
108.7	n/a	0	1	54350
108.716	n/a	0	1	54358
108.732	n/a	0	1	54366
108.75	n/a	0	1	54375
108.766	n/a	0	1	54383
108.782	n/a	0	1	54391
108.8	n/a	0	1	54400
108.816	n/a	0	1	54408
108.832	n/a	0	1	54416
108.85	n/a	0	1	54425
108.866	n/a	0	1	54433
108.882	n/a	0	1	54441
108.9	n/a	0	1	54450
108.916	n/a	0	1	54458
108.932	n/a	0	1	54466
108.95	n/a	1	2	54475
108.966	n/a	1	2	54483
108.982	n/a	1	2	54491
109.0	n/a	1	2	54500
109.016	n/a	0	1	54508
109.032	n/a	0	1	54516
109.05	n/a	0	1	54525
109.066	n/a	0	1	54533
109.082	n/a	0	1	54541
109.1	n/a	0	1	54550
109.116	n/a	0	1	54558
109.132	n/a	0	1	54566
109.15	n/a	0	1	54575
109.166	n/a	0	1	54583
109.182	n/a	0	1	54591
109.2	n/a	0	1	54600
109.216	n/a	0	1	54608
109.232	n/a	0	1	54616
109.25	n/a	0	1	54625
109.266	n/a	0	1	54633
109.282	n/a	0	1	54641
109.3	n/a	0	1	54650
109.316	n/a	0	1	54658
109.332	n/a	0	1	54666
109.35	n/a	1	2	54675
109.366	n/a	1	2	54683
109.382	n/a	1	2	54691
109.4	n/a	1	2	54700
109.416	n/a	0	1	54708
109.432	n/a	0	1	54716
109.45	n/a	0	1	54725
109.466	n/a	0	1	54733
109.482	n/a	0	1	54741
109.5	n/a	0	1	54750
109.516	n/a	0	1	54758
109.532	n/a	0	1	54766
109.55	n/a	0	1	54775
109.566	n/a	0	1	54783
109.582	n/a	0	1	54791
109.6	n/a	0	1	54800
109.616	n/a	0	1	54808
109.632	n/a	1	2	54816
109.65	n/a	1	2	54825
109.666	n/a	1	2	54833
109.682	n/a	1	2	54841
109.7	n/a	0	1	54850
109.716	n/a	0	1	54858
109.732	n/a	0	1	54866
109.75	n/a	0	1	54875
109.766	n/a	0	1	54883
109.782	n/a	0	1	54891
109.8	n/a	0	1	54900
109.816	n/a	0	1	54908
109.832	n/a	0	1	54916
109.85	n/a	0	1	54925
109.866	n/a	0	1	54933
109.882	n/a	0	1	54941
109.9	n/a	0	1	54950
109.916	n/a	0	1	54958
109.932	n/a	0	1	54966
109.95	n/a	0	1	54975
109.966	n/a	0	1	54983
109.982	n/a	0	1	54991
110.0	n/a	1	2	55000
110.016	n/a	1	2	55008
110.032	n/a	1	2	55016
110.05	n/a	1	2	55025
110.066	n/a	0	1	55033
110.082	n/a	0	1	55041
110.1	n/a	0	1	55050
110.116	n/a	0	1	55058
110.132	n/a	0	1	55066
110.15	n/a	0	1	55075
110.166	n/a	0	1	55083
110.182	n/a	0	1	55091
110.2	n/a	0	1	55100
110.216	n/a	0	1	55108
110.232	n/a	0	1	55116
110.25	n/a	0	1	55125
110.266	n/a	0	1	55133
110.282	n/a	0	1	55141
110.3	n/a	0	1	55150
110.316	n/a	0	1	55158
110.332	n/a	0	1	55166
110.35	n/a	0	1	55175
110.366	n/a	0	1	55183
110.382	n/a	0	1	55191
110.4	n/a	0	1	55200
110.416	n/a	0	1	55208
110.432	n/a	0	1	55216
110.45	n/a	0	1	55225
110.466	n/a	1	2	55233
110.482	n/a	1	2	55241
110.5	n/a	1	2	55250
110.516	n/a	1	2	55258
110.532	n/a	0	1	55266
110.55	n/a	0	1	55275
110.566	n/a	0	1	55283
110.582	n/a	0	1	55291
112.066	n/a	0	1	56033
112.082	n/a	0	1	56041
112.1	n/a	0	1	56050
112.116	n/a	0	1	56058
112.132	n/a	0	1	56066
112.15	n/a	0	1	56075
112.166	n/a	0	1	56083
112.182	n/a	0	1	56091
112.2	n/a	0	1	56100
112.216	n/a	0	1	56108
112.232	n/a	0	1	56116
112.25	n/a	0	1	56125
112.266	n/a	0	1	56133
112.282	n/a	0	1	56141
112.3	n/a	0	1	56150
112.316	n/a	1	2	56158
112.332	n/a	1	2	56166
112.35	n/a	1	2	56175
112.366	n/a	1	2	56183
112.382	n/a	0	1	56191
112.4	n/a	0	1	56200
112.416	n/a	0	1	56208
112.432	n/a	0	1	56216
112.45	n/a	0	1	56225
112.466	n/a	0	1	56233
112.482	n/a	0	1	56241
112.5	n/a	0	1	56250
112.516	n/a	0	1	56258
112.532	n/a	0	1	56266
112.55	n/a	0	1	56275
112.566	n/a	0	1	56283
112.582	n/a	0	1	56291
112.6	n/a	0	1	56300
112.616	n/a	0	1	56308
112.632	n/a	0	1	56316
112.65	n/a	0	1	56325
112.666	n/a	0	1	56333
112.682	n/a	0	1	56341
112.7	n/a	0	1	56350
112.716	n/a	0	1	56358
112.732	n/a	0	1	56366
112.75	n/a	1	2	56375
112.766	n/a	1	2	56383
112.782	n/a	1	2	56391
112.8	n/a	1	2	56400
112.816	n/a	0	1	56408
112.832	n/a	0	1	56416
112.85	n/a	0	1	56425
112.866	n/a	0	1	56433
112.882	n/a	0	1	56441
112.9	n/a	0	1	56450
112.916	n/a	0	1	56458
112.932	n/a	0	1	56466
112.95	n/a	0	1	56475
112.966	n/a	0	1	56483
112.982	n/a	0	1	56491
113.0	n/a	0	1	56500
113.016	n/a	0	1	56508
113.032	n/a	0	1	56516
113.05	n/a	0	1	56525
113.066	n/a	0	1	56533
113.082	n/a	0	1	56541
113.1	n/a	0	1	56550
113.116	n/a	0	1	56558
113.132	n/a	0	1	56566
113.15	n/a	0	1	56575
113.166	n/a	0	1	56583
113.182	n/a	0	1	56591
113.2	n/a	0	1	56600
113.216	n/a	1	2	56608
113.232	n/a	1	2	56616
113.25	n/a	1	2	56625
113.266	n/a	1	2	56633
113.282	n/a	0	1	56641
113.3	n/a	0	1	56650
113.316	n/a	0	1	56658
113.332	n/a	0	1	56666
113.35	n/a	0	1	56675
113.366	n/a	0	1	56683
113.382	n/a	0	1	56691
113.4	n/a	0	1	56700
113.416	n/a	0	1	56708
113.432	n/a	0	1	56716
113.45	n/a	0	1	56725
113.466	n/a	0	1	56733
113.482	n/a	0	1	56741
113.5	n/a	0	1	56750
113.516	n/a	1	2	56758
113.532	n/a	1	2	56766
113.55	n/a	1	2	56775
113.566	n/a	1	2	56783
113.582	n/a	0	1	56791
113.6	n/a	0	1	56800
113.616	n/a	0	1	56808
113.632	n/a	0	1	56816
113.65	n/a	0	1	56825
113.666	n/a	0	1	56833
113.682	n/a	0	1	56841
113.7	n/a	0	1	56850
113.716	n/a	0	1	56858
113.732	n/a	0	1	56866
113.75	n/a	0	1	56875
113.766	n/a	0	1	56883
113.782	n/a	0	1	56891
113.8	n/a	0	1	56900
113.816	n/a	0	1	56908
113.832	n/a	0	1	56916
113.85	n/a	0	1	56925
113.866	n/a	0	1	56933
113.882	n/a	0	1	56941
113.9	n/a	0	1	56950
113.916	n/a	0	1	56958
113.932	n/a	0	1	56966
113.95	n/a	1	2	56975
113.966	n/a	1	2	56983
113.982	n/a	1	2	56991
114.0	n/a	1	2	57000
115.482	n/a	0	1	57741
115.5	n/a	1	2	57750
115.516	n/a	1	2	57758
115.532	n/a	1	2	57766
115.55	n/a	1	2	57775
115.566	n/a	0	1	57783
115.582	n/a	0	1	57791
115.6	n/a	0	1	57800
115.616	n/a	0	1	57808
115.632	n/a	0	1	57816
115.65	n/a	0	1	57825
115.666	n/a	0	1	57833
115.682	n/a	0	1	57841
115.7	n/a	0	1	57850
115.716	n/a	0	1	57858
115.732	n/a	0	1	57866
115.75	n/a	0	1	57875
115.766	n/a	0	1	57883
115.782	n/a	0	1	57891
115.8	n/a	0	1	57900
115.816	n/a	0	1	57908
115.832	n/a	0	1	57916
115.85	n/a	0	1	57925
115.866	n/a	0	1	57933
115.882	n/a	0	1	57941
115.9	n/a	0	1	57950
115.916	n/a	0	1	57958
115.932	n/a	0	1	57966
115.95	n/a	0	1	57975
115.966	n/a	0	1	57983
115.982	n/a	1	2	57991
116.0	n/a	1	2	58000
116.016	n/a	1	2	58008
116.032	n/a	1	2	58016
116.05	n/a	0	1	58025
116.066	n/a	0	1	58033
116.082	n/a	0	1	58041
116.1	n/a	0	1	58050
116.116	n/a	0	1	58058
116.132	n/a	0	1	58066
116.15	n/a	0	1	58075
116.166	n/a	0	1	58083
116.182	n/a	0	1	58091
116.2	n/a	0	1	58100
116.216	n/a	0	1	58108
116.232	n/a	0	1	58116
116.25	n/a	0	1	58125
116.266	n/a	0	1	58133
116.282	n/a	0	1	58141
116.3	n/a	0	1	58150
116.316	n/a	0	1	58158
116.332	n/a	0	1	58166
116.35	n/a	0	1	58175
116.366	n/a	0	1	58183
116.382	n/a	0	1	58191
116.4	n/a	0	1	58200
116.416	n/a	0	1	58208
116.432	n/a	0	1	58216
116.45	n/a	1	2	58225
116.466	n/a	1	2	58233
116.482	n/a	1	2	58241
116.5	n/a	1	2	58250
116.516	n/a	0	1	58258
116.532	n/a	0	1	58266
116.55	n/a	0	1	58275
116.566	n/a	0	1	58283
116.582	n/a	0	1	58291
116.6	n/a	0	1	58300
116.616	n/a	0	1	58308
116.632	n/a	0	1	58316
116.65	n/a	0	1	58325
116.666	n/a	0	1	58333
116.682	n/a	0	1	58341
116.7	n/a	0	1	58350
116.716	n/a	0	1	58358
116.732	n/a	0	1	58366
116.75	n/a	0	1	58375
116.766	n/a	0	1	58383
116.782	n/a	0	1	58391
116.8	n/a	0	1	58400
116.816	n/a	0	1	58408
116.832	n/a	0	1	58416
116.85	n/a	0	1	58425
116.866	n/a	1	2	58433
116.882	n/a	1	2	58441
116.9	n/a	1	2	58450
116.916	n/a	1	2	58458
116.932	n/a	0	1	58466
116.95	n/a	0	1	58475
116.966	n/a	0	1	58483
116.982	n/a	0	1	58491
117.0	n/a	0	1	58500
117.016	n/a	0	1	58508
117.032	n/a	0	1	58516
117.05	n/a	0	1	58525
117.066	n/a	0	1	58533
117.082	n/a	0	1	58541
117.1	n/a	0	1	58550
117.116	n/a	0	1	58558
117.132	n/a	0	1	58566
117.15	n/a	0	1	58575
117.166	n/a	0	1	58583
117.182	n/a	0	1	58591
117.2	n/a	0	1	58600
117.216	n/a	0	1	58608
117.232	n/a	0	1	58616
117.25	n/a	0	1	58625
117.266	n/a	0	1	58633
117.282	n/a	0	1	58641
117.3	n/a	1	2	58650
117.316	n/a	1	2	58658
117.332	n/a	1	2	58666
117.35	n/a	1	2	58675
117.366	n/a	0	1	58683
117.382	n/a	0	1	58691
117.4	n/a	0	1	58700
117.416	n/a	0	1	58708
120.85	n/a	0	1	60425
120.866	n/a	0	1	60433
120.882	n/a	0	1	60441
120.9	n/a	0	1	60450
120.916	n/a	0	1	60458
120.932	n/a	0	1	60466
120.95	n/a	0	1	60475
120.966	n/a	0	1	60483
120.982	n/a	0	1	60491
121.0	n/a	0	1	60500
121.016	n/a	0	1	60508
121.032	n/a	0	1	60516
121.05	n/a	0	1	60525
121.066	n/a	0	1	60533
121.082	n/a	0	1	60541
121.1	n/a	0	1	60550
121.116	n/a	0	1	60558
121.132	n/a	0	1	60566
121.15	n/a	0	1	60575
121.166	n/a	0	1	60583
121.182	n/a	0	1	60591
121.2	n/a	0	1	60600
121.216	n/a	0	1	60608
121.232	n/a	1	2	60616
121.25	n/a	1	2	60625
121.266	n/a	1	2	60633
121.282	n/a	1	2	60641
121.3	n/a	0	1	60650
121.316	n/a	0	1	60658
121.332	n/a	0	1	60666
121.35	n/a	0	1	60675
121.366	n/a	0	1	60683
121.382	n/a	0	1	60691
121.4	n/a	0	1	60700
121.416	n/a	0	1	60708
121.432	n/a	0	1	60716
121.45	n/a	0	1	60725
121.466	n/a	0	1	60733
121.482	n/a	0	1	60741
121.5	n/a	0	1	60750
121.516	n/a	0	1	60758
121.532	n/a	0	1	60766
121.55	n/a	0	1	60775
121.566	n/a	0	1	60783
121.582	n/a	0	1	60791
121.6	n/a	0	1	60800
121.616	n/a	1	2	60808
121.632	n/a	1	2	60816
121.65	n/a	1	2	60825
121.666	n/a	1	2	60833
121.682	n/a	0	1	60841
121.7	n/a	0	1	60850
121.716	n/a	0	1	60858
121.732	n/a	0	1	60866
121.75	n/a	0	1	60875
121.766	n/a	0	1	60883
121.782	n/a	0	1	60891
121.8	n/a	0	1	60900
121.816	n/a	0	1	60908
121.832	n/a	0	1	60916
121.85	n/a	0	1	60925
121.866	n/a	0	1	60933
121.882	n/a	0	1	60941
121.9	n/a	0	1	60950
121.916	n/a	1	2	60958
121.932	n/a	1	2	60966
121.95	n/a	1	2	60975
121.966	n/a	1	2	60983
121.982	n/a	0	1	60991
122.0	n/a	0	1	61000
122.016	n/a	0	1	61008
122.032	n/a	0	1	61016
122.05	n/a	0	1	61025
122.066	n/a	0	1	61033
122.082	n/a	0	1	61041
122.1	n/a	0	1	61050
122.116	n/a	0	1	61058
122.132	n/a	0	1	61066
122.15	n/a	0	1	61075
122.166	n/a	0	1	61083
122.182	n/a	0	1	61091
122.2	n/a	1	2	61100
122.216	n/a	1	2	61108
122.232	n/a	1	2	61116
122.25	n/a	1	2	61125
122.266	n/a	0	1	61133
122.282	n/a	0	1	61141
122.3	n/a	0	1	61150
122.316	n/a	0	1	61158
122.332	n/a	0	1	61166
122.35	n/a	0	1	61175
122.366	n/a	0	1	61183
122.382	n/a	0	1	61191
122.4	n/a	0	1	61200
122.416	n/a	0	1	61208
122.432	n/a	0	1	61216
122.45	n/a	0	1	61225
122.466	n/a	0	1	61233
122.482	n/a	0	1	61241
122.5	n/a	0	1	61250
122.516	n/a	0	1	61258
122.532	n/a	1	2	61266
122.55	n/a	1	2	61275
122.566	n/a	1	2	61283
122.582	n/a	1	2	61291
122.6	n/a	0	1	61300
122.616	n/a	0	1	61308
122.632	n/a	0	1	61316
122.65	n/a	0	1	61325
122.666	n/a	0	1	61333
122.682	n/a	0	1	61341
122.7	n/a	0	1	61350
122.716	n/a	0	1	61358
122.732	n/a	0	1	61366
122.75	n/a	0	1	61375
122.766	n/a	0	1	61383
122.782	n/a	0	1	61391
124.266	n/a	0	1	62133
124.282	n/a	0	1	62141
124.3	n/a	0	1	62150
124.316	n/a	0	1	62158
124.332	n/a	0	1	62166
124.35	n/a	0	1	62175
124.366	n/a	0	1	62183
124.382	n/a	0	1	62191
124.4	n/a	0	1	62200
124.416	n/a	0	1	62208
124.432	n/a	0	1	62216
124.45	n/a	0	1	62225
124.466	n/a	0	1	62233
124.482	n/a	0	1	62241
124.5	n/a	0	1	62250
124.516	n/a	1	2	62258
124.532	n/a	1	2	62266
124.55	n/a	1	2	62275
124.566	n/a	1	2	62283
124.582	n/a	0	1	62291
124.6	n/a	0	1	62300
124.616	n/a	0	1	62308
124.632	n/a	0	1	62316
124.65	n/a	0	1	62325
124.666	n/a	0	1	62333
124.682	n/a	0	1	62341
124.7	n/a	0	1	62350
124.716	n/a	0	1	62358
124.732	n/a	0	1	62366
124.75	n/a	0	1	62375
124.766	n/a	0	1	62383
124.782	n/a	0	1	62391
124.8	n/a	0	1	62400
124.816	n/a	0	1	62408
124.832	n/a	0	1	62416
124.85	n/a	0	1	62425
124.866	n/a	0	1	62433
124.882	n/a	0	1	62441
124.9	n/a	0	1	62450
124.916	n/a	0	1	62458
124.932	n/a	0	1	62466
124.95	n/a	1	2	62475
124.966	n/a	1	2	62483
124.982	n/a	1	2	62491
125.0	n/a	1	2	62500
125.016	n/a	0	1	62508
125.032	n/a	0	1	62516
125.05	n/a	0	1	62525
125.066	n/a	0	1	62533
125.082	n/a	0	1	62541
125.1	n/a	0	1	62550
125.116	n/a	0	1	62558
125.132	n/a	0	1	62566
125.15	n/a	0	1	62575
125.166	n/a	0	1	62583
125.182	n/a	0	1	62591
125.2	n/a	0	1	62600
125.216	n/a	0	1	62608
125.232	n/a	0	1	62616
125.25	n/a	0	1	62625
125.266	n/a	0	1	62633
125.282	n/a	0	1	62641
125.3	n/a	0	1	62650
125.316	n/a	0	1	62658
125.332	n/a	0	1	62666
125.35	n/a	0	1	62675
125.366	n/a	0	1	62683
125.382	n/a	0	1	62691
125.4	n/a	0	1	62700
125.416	n/a	1	2	62708
125.432	n/a	1	2	62716
125.45	n/a	1	2	62725
125.466	n/a	1	2	62733
125.482	n/a	0	1	62741
125.5	n/a	0	1	62750
125.516	n/a	0	1	62758
125.532	n/a	0	1	62766
125.55	n/a	0	1	62775
125.566	n/a	0	1	62783
125.582	n/a	0	1	62791
125.6	n/a	0	1	62800
125.616	n/a	0	1	62808
125.632	n/a	0	1	62816
125.65	n/a	0	1	62825
125.666	n/a	0	1	62833
125.682	n/a	0	1	62841
125.7	n/a	0	1	62850
125.716	n/a	1	2	62858
125.732	n/a	1	2	62866
125.75	n/a	1	2	62875
125.766	n/a	1	2	62883
125.782	n/a	0	1	62891
125.8	n/a	0	1	62900
125.816	n/a	0	1	62908
125.832	n/a	0	1	62916
125.85	n/a	0	1	62925
125.866	n/a	0	1	62933
125.882	n/a	0	1	62941
125.9	n/a	0	1	62950
125.916	n/a	0	1	62958
125.932	n/a	0	1	62966
125.95	n/a	0	1	62975
125.966	n/a	0	1	62983
125.982	n/a	0	1	62991
126.0	n/a	0	1	63000
126.016	n/a	0	1	63008
126.032	n/a	0	1	63016
126.05	n/a	0	1	63025
126.066	n/a	0	1	63033
126.082	n/a	0	1	63041
126.1	n/a	0	1	63050
126.116	n/a	0	1	63058
126.132	n/a	0	1	63066
126.15	n/a	1	2	63075
126.166	n/a	1	2	63083
126.182	n/a	1	2	63091
126.2	n/a	1	2	63100
127.682	n/a	0	1	63841
127.7	n/a	1	2	63850
127.716	n/a	1	2	63858
127.732	n/a	1	2	63866
127.75	n/a	1	2	63875
127.766	n/a	0	1	63883
127.782	n/a	0	1	63891
127.8	n/a	0	1	63900
127.816	n/a	0	1	63908
127.832	n/a	0	1	63916
127.85	n/a	0	1	63925
127.866	n/a	0	1	63933
127.882	n/a	0	1	63941
127.9	n/a	0	1	63950
127.916	n/a	0	1	63958
127.932	n/a	0	1	63966
127.95	n/a	0	1	63975
127.966	n/a	0	1	63983
127.982	n/a	0	1	63991
128.0	n/a	0	1	64000
128.016	n/a	0	1	64008
128.032	n/a	0	1	64016
128.05	n/a	0	1	64025
128.066	n/a	0	1	64033
128.082	n/a	0	1	64041
128.1	n/a	0	1	64050
128.116	n/a	0	1	64058
128.132	n/a	0	1	64066
128.15	n/a	0	1	64075
128.166	n/a	0	1	64083
128.182	n/a	1	2	64091
128.198	n/a	1	2	64099
128.216	n/a	1	2	64108
128.232	n/a	1	2	64116
128.25	n/a	0	1	64125
128.266	n/a	0	1	64133
128.282	n/a	0	1	64141
128.3	n/a	0	1	64150
128.316	n/a	0	1	64158
128.332	n/a	0	1	64166
128.35	n/a	0	1	64175
128.366	n/a	0	1	64183
128.382	n/a	0	1	64191
128.4	n/a	0	1	64200
128.416	n/a	0	1	64208
128.432	n/a	0	1	64216
128.448	n/a	0	1	64224
128.466	n/a	0	1	64233
128.482	n/a	0	1	64241
128.5	n/a	0	1	64250
128.516	n/a	0	1	64258
128.532	n/a	0	1	64266
128.55	n/a	0	1	64275
128.566	n/a	0	1	64283
128.582	n/a	0	1	64291
128.6	n/a	0	1	64300
128.616	n/a	0	1	64308
128.632	n/a	0	1	64316
128.65	n/a	1	2	64325
128.666	n/a	1	2	64333
128.682	n/a	1	2	64341
128.698	n/a	1	2	64349
128.716	n/a	0	1	64358
128.732	n/a	0	1	64366
128.75	n/a	0	1	64375
128.766	n/a	0	1	64383
128.782	n/a	0	1	64391
128.8	n/a	0	1	64400
128.816	n/a	0	1	64408
128.832	n/a	0	1	64416
128.85	n/a	0	1	64425
128.866	n/a	0	1	64433
128.882	n/a	0	1	64441
128.9	n/a	0	1	64450
128.916	n/a	0	1	64458
128.932	n/a	0	1	64466
128.948	n/a	0	1	64474
128.966	n/a	0	1	64483
128.982	n/a	0	1	64491
129.0	n/a	0	1	64500
129.016	n/a	0	1	64508
129.032	n/a	0	1	64516
129.05	n/a	0	1	64525
129.066	n/a	1	2	64533
129.082	n/a	1	2	64541
129.1	n/a	1	2	64550
129.116	n/a	1	2	64558
129.132	n/a	0	1	64566
129.15	n/a	0	1	64575
129.166	n/a	0	1	64583
129.182	n/a	0	1	64591
129.198	n/a	0	1	64599
129.216	n/a	0	1	64608
129.232	n/a	0	1	64616
129.25	n/a	0	1	64625
129.266	n/a	0	1	64633
129.282	n/a	0	1	64641
129.3	n/a	0	1	64650
129.316	n/a	0	1	64658
129.332	n/a	0	1	64666
129.35	n/a	0	1	64675
129.366	n/a	0	1	64683
129.382	n/a	0	1	64691
129.4	n/a	0	1	64700
129.416	n/a	0	1	64708
129.432	n/a	0	1	64716
129.448	n/a	0	1	64724
129.466	n/a	0	1	64733
129.482	n/a	0	1	64741
129.5	n/a	1	2	64750
129.516	n/a	1	2	64758
129.532	n/a	1	2	64766
129.55	n/a	1	2	64775
129.566	n/a	0	1	64783
129.582	n/a	0	1	64791
129.6	n/a	0	1	64800
129.616	n/a	0	1	64808
131.1	n/a	0	1	65550
131.116	n/a	0	1	65558
131.132	n/a	0	1	65566
131.15	n/a	0	1	65575
131.166	n/a	0	1	65583
131.182	n/a	0	1	65591
131.2	n/a	0	1	65600
131.216	n/a	0	1	65608
131.232	n/a	0	1	65616
131.25	n/a	0	1	65625
131.266	n/a	0	1	65633
131.282	n/a	0	1	65641
131.3	n/a	0	1	65650
131.316	n/a	0	1	65658
131.332	n/a	0	1	65666
131.35	n/a	0	1	65675
131.366	n/a	0	1	65683
131.382	n/a	0	1	65691
131.4	n/a	1	2	65700
131.416	n/a	1	2	65708
131.432	n/a	1	2	65716
131.45	n/a	1	2	65725
131.466	n/a	0	1	65733
131.482	n/a	0	1	65741
131.5	n/a	0	1	65750
131.516	n/a	0	1	65758
131.532	n/a	0	1	65766
131.55	n/a	0	1	65775
131.566	n/a	0	1	65783
131.582	n/a	0	1	65791
131.6	n/a	0	1	65800
131.616	n/a	0	1	65808
131.632	n/a	0	1	65816
131.65	n/a	0	1	65825
131.666	n/a	0	1	65833
131.682	n/a	0	1	65841
131.7	n/a	0	1	65850
131.716	n/a	0	1	65858
131.732	n/a	0	1	65866
131.75	n/a	0	1	65875
131.766	n/a	0	1	65883
131.782	n/a	0	1	65891
131.8	n/a	1	2	65900
131.816	n/a	1	2	65908
131.832	n/a	1	2	65916
131.85	n/a	1	2	65925
131.866	n/a	0	1	65933
131.882	n/a	0	1	65941
131.9	n/a	0	1	65950
131.916	n/a	0	1	65958
131.932	n/a	0	1	65966
131.95	n/a	0	1	65975
131.966	n/a	0	1	65983
131.982	n/a	0	1	65991
132.0	n/a	0	1	66000
132.016	n/a	0	1	66008
132.032	n/a	0	1	66016
132.05	n/a	0	1	66025
132.066	n/a	0	1	66033
132.082	n/a	1	2	66041
132.1	n/a	1	2	66050
132.116	n/a	1	2	66058
132.132	n/a	1	2	66066
132.15	n/a	0	1	66075
132.166	n/a	0	1	66083
132.182	n/a	0	1	66091
132.2	n/a	0	1	66100
132.216	n/a	0	1	66108
132.232	n/a	0	1	66116
132.25	n/a	0	1	66125
132.266	n/a	0	1	66133
132.282	n/a	0	1	66141
132.3	n/a	0	1	66150
132.316	n/a	0	1	66158
132.332	n/a	0	1	66166
132.35	n/a	0	1	66175
132.366	n/a	0	1	66183
132.382	n/a	0	1	66191
132.4	n/a	0	1	66200
132.416	n/a	0	1	66208
132.432	n/a	0	1	66216
132.45	n/a	1	2	66225
132.466	n/a	1	2	66233
132.482	n/a	1	2	66241
132.5	n/a	1	2	66250
132.516	n/a	0	1	66258
132.532	n/a	0	1	66266
132.55	n/a	0	1	66275
132.566	n/a	0	1	66283
132.582	n/a	0	1	66291
132.6	n/a	0	1	66300
132.616	n/a	0	1	66308
132.632	n/a	0	1	66316
132.65	n/a	0	1	66325
132.666	n/a	0	1	66333
132.682	n/a	0	1	66341
132.7	n/a	0	1	66350
132.716	n/a	0	1	66358
132.732	n/a	0	1	66366
132.75	n/a	0	1	66375
132.766	n/a	0	1	66383
132.782	n/a	0	1	66391
132.8	n/a	0	1	66400
132.816	n/a	0	1	66408
132.832	n/a	0	1	66416
132.85	n/a	0	1	66425
132.866	n/a	0	1	66433
132.882	n/a	0	1	66441
132.9	n/a	0	1	66450
132.916	n/a	1	2	66458
132.932	n/a	1	2	66466
132.95	n/a	1	2	66475
132.966	n/a	1	2	66483
132.982	n/a	0	1	66491
133.0	n/a	0	1	66500
133.016	n/a	0	1	66508
133.032	n/a	0	1	66516
136.566	n/a	0	1	68283
136.582	n/a	0	1	68291
136.6	n/a	0	1	68300
136.616	n/a	0	1	68308
136.632	n/a	0	1	68316
136.65	n/a	0	1	68325
136.666	n/a	0	1	68333
136.682	n/a	0	1	68341
136.7	n/a	0	1	68350
136.716	n/a	0	1	68358
136.732	n/a	0	1	68366
136.75	n/a	0	1	68375
136.766	n/a	0	1	68383
136.782	n/a	0	1	68391
136.8	n/a	0	1	68400
136.816	n/a	0	1	68408
136.832	n/a	0	1	68416
136.85	n/a	0	1	68425
136.866	n/a	0	1	68433
136.882	n/a	0	1	68441
136.9	n/a	0	1	68450
136.916	n/a	0	1	68458
136.932	n/a	0	1	68466
136.95	n/a	1	2	68475
136.966	n/a	1	2	68483
136.982	n/a	1	2	68491
137.0	n/a	1	2	68500
137.016	n/a	0	1	68508
137.032	n/a	0	1	68516
137.05	n/a	0	1	68525
137.066	n/a	0	1	68533
137.082	n/a	0	1	68541
137.1	n/a	0	1	68550
137.116	n/a	0	1	68558
137.132	n/a	0	1	68566
137.15	n/a	0	1	68575
137.166	n/a	0	1	68583
137.182	n/a	0	1	68591
137.2	n/a	0	1	68600
137.216	n/a	0	1	68608
137.232	n/a	0	1	68616
137.25	n/a	0	1	68625
137.266	n/a	0	1	68633
137.282	n/a	0	1	68641
137.3	n/a	0	1	68650
137.316	n/a	0	1	68658
137.332	n/a	1	2	68666
137.35	n/a	1	2	68675
137.366	n/a	1	2	68683
137.382	n/a	1	2	68691
137.4	n/a	0	1	68700
137.416	n/a	0	1	68708
137.432	n/a	0	1	68716
137.45	n/a	0	1	68725
137.466	n/a	0	1	68733
137.482	n/a	0	1	68741
137.5	n/a	0	1	68750
137.516	n/a	0	1	68758
137.532	n/a	0	1	68766
137.55	n/a	0	1	68775
137.566	n/a	0	1	68783
137.582	n/a	0	1	68791
137.6	n/a	0	1	68800
137.616	n/a	0	1	68808
137.632	n/a	1	2	68816
137.65	n/a	1	2	68825
137.666	n/a	1	2	68833
137.682	n/a	1	2	68841
137.7	n/a	0	1	68850
137.716	n/a	0	1	68858
137.732	n/a	0	1	68866
137.75	n/a	0	1	68875
137.766	n/a	0	1	68883
137.782	n/a	0	1	68891
137.8	n/a	0	1	68900
137.816	n/a	0	1	68908
137.832	n/a	0	1	68916
137.85	n/a	0	1	68925
137.866	n/a	0	1	68933
137.882	n/a	0	1	68941
137.9	n/a	0	1	68950
137.916	n/a	1	2	68958
137.932	n/a	1	2	68966
137.95	n/a	1	2	68975
137.966	n/a	1	2	68983
137.982	n/a	0	1	68991
138.0	n/a	0	1	69000
138.016	n/a	0	1	69008
138.032	n/a	0	1	69016
138.05	n/a	0	1	69025
138.066	n/a	0	1	69033
138.082	n/a	0	1	69041
138.1	n/a	0	1	69050
138.116	n/a	0	1	69058
138.132	n/a	0	1	69066
138.15	n/a	0	1	69075
138.166	n/a	0	1	69083
138.182	n/a	0	1	69091
138.2	n/a	0	1	69100
138.216	n/a	0	1	69108
138.232	n/a	0	1	69116
138.25	n/a	1	2	69125
138.266	n/a	1	2	69133
138.282	n/a	1	2	69141
138.3	n/a	1	2	69150
138.316	n/a	0	1	69158
138.332	n/a	0	1	69166
138.35	n/a	0	1	69175
138.366	n/a	0	1	69183
138.382	n/a	0	1	69191
138.4	n/a	0	1	69200
138.416	n/a	0	1	69208
138.432	n/a	0	1	69216
138.45	n/a	0	1	69225
138.466	n/a	0	1	69233
138.482	n/a	0	1	69241
138.5	n/a	0	1	69250
139.982	n/a	0	1	69991
140.0	n/a	0	1	70000
140.016	n/a	0	1	70008
140.032	n/a	0	1	70016
140.05	n/a	0	1	70025
140.066	n/a	0	1	70033
140.082	n/a	0	1	70041
140.1	n/a	0	1	70050
140.116	n/a	0	1	70058
140.132	n/a	0	1	70066
140.15	n/a	0	1	70075
140.166	n/a	0	1	70083
140.182	n/a	0	1	70091
140.2	n/a	0	1	70100
140.216	n/a	0	1	70108
140.232	n/a	0	1	70116
140.25	n/a	0	1	70125
140.266	n/a	0	1	70133
140.282	n/a	1	2	70141
140.3	n/a	1	2	70150
140.316	n/a	1	2	70158
140.332	n/a	1	2	70166
140.35	n/a	0	1	70175
140.366	n/a	0	1	70183
140.382	n/a	0	1	70191
140.4	n/a	0	1	70200
140.416	n/a	0	1	70208
140.432	n/a	0	1	70216
140.45	n/a	0	1	70225
140.466	n/a	0	1	70233
140.482	n/a	0	1	70241
140.5	n/a	0	1	70250
140.516	n/a	0	1	70258
140.532	n/a	0	1	70266
140.55	n/a	0	1	70275
140.566	n/a	0	1	70283
140.582	n/a	0	1	70291
140.6	n/a	0	1	70300
140.616	n/a	0	1	70308
140.632	n/a	0	1	70316
140.65	n/a	0	1	70325
140.666	n/a	0	1	70333
140.682	n/a	1	2	70341
140.7	n/a	1	2	70350
140.716	n/a	1	2	70358
140.732	n/a	1	2	70366
140.75	n/a	0	1	70375
140.766	n/a	0	1	70383
140.782	n/a	0	1	70391
140.8	n/a	0	1	70400
140.816	n/a	0	1	70408
140.832	n/a	0	1	70416
140.85	n/a	0	1	70425
140.866	n/a	0	1	70433
140.882	n/a	0	1	70441
140.9	n/a	0	1	70450
140.916	n/a	0	1	70458
140.932	n/a	0	1	70466
140.95	n/a	0	1	70475
140.966	n/a	1	2	70483
140.982	n/a	1	2	70491
141.0	n/a	1	2	70500
141.016	n/a	1	2	70508
141.032	n/a	0	1	70516
141.05	n/a	0	1	70525
141.066	n/a	0	1	70533
141.082	n/a	0	1	70541
141.1	n/a	0	1	70550
141.116	n/a	0	1	70558
141.132	n/a	0	1	70566
141.15	n/a	0	1	70575
141.166	n/a	0	1	70583
141.182	n/a	0	1	70591
141.2	n/a	0	1	70600
141.216	n/a	0	1	70608
141.232	n/a	0	1	70616
141.25	n/a	0	1	70625
141.266	n/a	0	1	70633
141.282	n/a	0	1	70641
141.3	n/a	0	1	70650
141.316	n/a	0	1	70658
141.332	n/a	1	2	70666
141.35	n/a	1	2	70675
141.366	n/a	1	2	70683
141.382	n/a	1	2	70691
141.4	n/a	0	1	70700
141.416	n/a	0	1	70708
141.432	n/a	0	1	70716
141.45	n/a	0	1	70725
141.466	n/a	0	1	70733
141.482	n/a	0	1	70741
141.5	n/a	0	1	70750
141.516	n/a	0	1	70758
141.532	n/a	0	1	70766
141.55	n/a	0	1	70775
141.566	n/a	0	1	70783
141.582	n/a	0	1	70791
141.6	n/a	0	1	70800
141.616	n/a	0	1	70808
141.632	n/a	0	1	70816
141.65	n/a	0	1	70825
141.666	n/a	0	1	70833
141.682	n/a	0	1	70841
141.7	n/a	0	1	70850
141.716	n/a	0	1	70858
141.732	n/a	0	1	70866
141.75	n/a	0	1	70875
141.766	n/a	0	1	70883
141.782	n/a	0	1	70891
141.8	n/a	1	2	70900
141.816	n/a	1	2	70908
141.832	n/a	1	2	70916
141.85	n/a	1	2	70925
141.866	n/a	0	1	70933
141.882	n/a	0	1	70941
141.9	n/a	0	1	70950
141.916	n/a	0	1	70958
143.4	n/a	0	1	71700
143.416	n/a	1	2	71708
143.432	n/a	1	2	71716
143.45	n/a	1	2	71725
143.466	n/a	1	2	71733
143.482	n/a	0	1	71741
143.5	n/a	0	1	71750
143.516	n/a	0	1	71758
143.532	n/a	0	1	71766
143.55	n/a	0	1	71775
143.566	n/a	0	1	71783
143.582	n/a	0	1	71791
143.6	n/a	0	1	71800
143.616	n/a	0	1	71808
143.632	n/a	0	1	71816
143.65	n/a	0	1	71825
143.666	n/a	0	1	71833
143.682	n/a	0	1	71841
143.7	n/a	0	1	71850
143.716	n/a	0	1	71858
143.732	n/a	0	1	71866
143.75	n/a	0	1	71875
143.766	n/a	0	1	71883
143.782	n/a	0	1	71891
143.8	n/a	0	1	71900
143.816	n/a	0	1	71908
143.832	n/a	0	1	71916
143.85	n/a	0	1	71925
143.866	n/a	0	1	71933
143.882	n/a	0	1	71941
143.9	n/a	1	2	71950
143.916	n/a	1	2	71958
143.932	n/a	1	2	71966
143.95	n/a	1	2	71975
143.966	n/a	0	1	71983
143.982	n/a	0	1	71991
144.0	n/a	0	1	72000
144.016	n/a	0	1	72008
144.032	n/a	0	1	72016
144.05	n/a	0	1	72025
144.066	n/a	0	1	72033
144.082	n/a	0	1	72041
144.1	n/a	0	1	72050
144.116	n/a	0	1	72058
144.132	n/a	0	1	72066
144.15	n/a	0	1	72075
144.166	n/a	0	1	72083
144.182	n/a	0	1	72091
144.2	n/a	0	1	72100
144.216	n/a	0	1	72108
144.232	n/a	0	1	72116
144.25	n/a	0	1	72125
144.266	n/a	0	1	72133
144.282	n/a	0	1	72141
144.3	n/a	0	1	72150
144.316	n/a	0	1	72158
144.332	n/a	0	1	72166
144.35	n/a	0	1	72175
144.366	n/a	1	2	72183
144.382	n/a	1	2	72191
144.4	n/a	1	2	72200
144.416	n/a	1	2	72208
144.432	n/a	0	1	72216
144.45	n/a	0	1	72225
144.466	n/a	0	1	72233
144.482	n/a	0	1	72241
144.5	n/a	0	1	72250
144.516	n/a	0	1	72258
144.532	n/a	0	1	72266
144.55	n/a	0	1	72275
144.566	n/a	0	1	72283
144.582	n/a	0	1	72291
144.6	n/a	0	1	72300
144.616	n/a	0	1	72308
144.632	n/a	0	1	72316
144.65	n/a	0	1	72325
144.666	n/a	0	1	72333
144.682	n/a	0	1	72341
144.7	n/a	0	1	72350
144.716	n/a	0	1	72358
144.732	n/a	0	1	72366
144.75	n/a	0	1	72375
144.766	n/a	0	1	72383
144.782	n/a	1	2	72391
144.8	n/a	1	2	72400
144.816	n/a	1	2	72408
144.832	n/a	1	2	72416
144.85	n/a	0	1	72425
144.866	n/a	0	1	72433
144.882	n/a	0	1	72441
144.9	n/a	0	1	72450
144.916	n/a	0	1	72458
144.932	n/a	0	1	72466
144.95	n/a	0	1	72475
144.966	n/a	0	1	72483
144.982	n/a	0	1	72491
145.0	n/a	0	1	72500
145.016	n/a	0	1	72508
145.032	n/a	0	1	72516
145.05	n/a	0	1	72525
145.066	n/a	0	1	72533
145.082	n/a	0	1	72541
145.1	n/a	0	1	72550
145.116	n/a	0	1	72558
145.132	n/a	0	1	72566
145.15	n/a	0	1	72575
145.166	n/a	0	1	72583
145.182	n/a	0	1	72591
145.2	n/a	0	1	72600
145.216	n/a	1	2	72608
145.232	n/a	1	2	72616
145.25	n/a	1	2	72625
145.266	n/a	1	2	72633
145.282	n/a	0	1	72641
145.3	n/a	0	1	72650
145.316	n/a	0	1	72658
145.332	n/a	0	1	72666
146.816	n/a	0	1	73408
146.832	n/a	0	1	73416
146.85	n/a	0	1	73425
146.866	n/a	0	1	73433
146.882	n/a	0	1	73441
146.9	n/a	0	1	73450
146.916	n/a	0	1	73458
146.932	n/a	0	1	73466
146.95	n/a	0	1	73475
146.966	n/a	0	1	73483
146.982	n/a	0	1	73491
147.0	n/a	0	1	73500
147.016	n/a	0	1	73508
147.032	n/a	0	1	73516
147.05	n/a	0	1	73525
147.066	n/a	1	2	73533
147.082	n/a	1	2	73541
147.1	n/a	1	2	73550
147.116	n/a	1	2	73558
147.132	n/a	0	1	73566
147.15	n/a	0	1	73575
147.166	n/a	0	1	73583
147.182	n/a	0	1	73591
147.2	n/a	0	1	73600
147.216	n/a	0	1	73608
147.232	n/a	0	1	73616
147.25	n/a	0	1	73625
147.266	n/a	0	1	73633
147.282	n/a	0	1	73641
147.3	n/a	0	1	73650
147.316	n/a	0	1	73658
147.332	n/a	0	1	73666
147.35	n/a	0	1	73675
147.366	n/a	0	1	73683
147.382	n/a	0	1	73691
147.4	n/a	0	1	73700
147.416	n/a	0	1	73708
147.432	n/a	0	1	73716
147.45	n/a	0	1	73725
147.466	n/a	0	1	73733
147.482	n/a	0	1	73741
147.5	n/a	1	2	73750
147.516	n/a	1	2	73758
147.532	n/a	1	2	73766
147.55	n/a	1	2	73775
147.566	n/a	0	1	73783
147.582	n/a	0	1	73791
147.6	n/a	0	1	73800
147.616	n/a	0	1	73808
147.632	n/a	0	1	73816
147.65	n/a	0	1	73825
147.666	n/a	0	1	73833
147.682	n/a	0	1	73841
147.7	n/a	0	1	73850
147.716	n/a	0	1	73858
147.732	n/a	0	1	73866
147.75	n/a	0	1	73875
147.766	n/a	0	1	73883
147.782	n/a	0	1	73891
147.8	n/a	0	1	73900
147.816	n/a	0	1	73908
147.832	n/a	0	1	73916
147.85	n/a	0	1	73925
147.866	n/a	0	1	73933
147.882	n/a	0	1	73941
147.9	n/a	0	1	73950
147.916	n/a	0	1	73958
147.932	n/a	0	1	73966
147.95	n/a	0	1	73975
147.966	n/a	1	2	73983
147.982	n/a	1	2	73991
148.0	n/a	1	2	74000
148.016	n/a	1	2	74008
148.032	n/a	0	1	74016
148.05	n/a	0	1	74025
148.066	n/a	0	1	74033
148.082	n/a	0	1	74041
148.1	n/a	0	1	74050
148.116	n/a	0	1	74058
148.132	n/a	0	1	74066
148.15	n/a	0	1	74075
148.166	n/a	0	1	74083
148.182	n/a	0	1	74091
148.2	n/a	0	1	74100
148.216	n/a	0	1	74108
148.232	n/a	0	1	74116
148.25	n/a	0	1	74125
148.266	n/a	1	2	74133
148.282	n/a	1	2	74141
148.3	n/a	1	2	74150
148.316	n/a	1	2	74158
148.332	n/a	0	1	74166
148.35	n/a	0	1	74175
148.366	n/a	0	1	74183
148.382	n/a	0	1	74191
148.4	n/a	0	1	74200
148.416	n/a	0	1	74208
148.432	n/a	0	1	74216
148.45	n/a	0	1	74225
148.466	n/a	0	1	74233
148.482	n/a	0	1	74241
148.5	n/a	0	1	74250
148.516	n/a	0	1	74258
148.532	n/a	0	1	74266
148.55	n/a	0	1	74275
148.566	n/a	0	1	74283
148.582	n/a	0	1	74291
148.6	n/a	0	1	74300
148.616	n/a	0	1	74308
148.632	n/a	0	1	74316
148.65	n/a	0	1	74325
148.666	n/a	0	1	74333
148.682	n/a	0	1	74341
148.7	n/a	1	2	74350
148.716	n/a	1	2	74358
148.732	n/a	1	2	74366
148.75	n/a	1	2	74375
152.2	n/a	0	1	76100
152.216	n/a	0	1	76108
152.232	n/a	0	1	76116
152.25	n/a	0	1	76125
152.266	n/a	0	1	76133
152.282	n/a	0	1	76141
152.3	n/a	0	1	76150
152.316	n/a	0	1	76158
152.332	n/a	0	1	76166
152.35	n/a	0	1	76175
152.366	n/a	0	1	76183
152.382	n/a	0	1	76191
152.4	n/a	0	1	76200
152.416	n/a	0	1	76208
152.432	n/a	0	1	76216
152.45	n/a	1	2	76225
152.466	n/a	1	2	76233
152.482	n/a	1	2	76241
152.5	n/a	1	2	76250
152.516	n/a	0	1	76258
152.532	n/a	0	1	76266
152.55	n/a	0	1	76275
152.566	n/a	0	1	76283
152.582	n/a	0	1	76291
152.6	n/a	0	1	76300
152.616	n/a	0	1	76308
152.632	n/a	0	1	76316
152.65	n/a	0	1	76325
152.666	n/a	0	1	76333
152.682	n/a	0	1	76341
152.7	n/a	0	1	76350
152.716	n/a	0	1	76358
152.732	n/a	0	1	76366
152.75	n/a	0	1	76375
152.766	n/a	0	1	76383
152.782	n/a	0	1	76391
152.8	n/a	0	1	76400
152.816	n/a	0	1	76408
152.832	n/a	0	1	76416
152.85	n/a	0	1	76425
152.866	n/a	0	1	76433
152.882	n/a	1	2	76441
152.9	n/a	1	2	76450
152.916	n/a	1	2	76458
152.932	n/a	1	2	76466
152.95	n/a	0	1	76475
152.966	n/a	0	1	76483
152.982	n/a	0	1	76491
153.0	n/a	0	1	76500
153.016	n/a	0	1	76508
153.032	n/a	0	1	76516
153.05	n/a	0	1	76525
153.066	n/a	0	1	76533
153.082	n/a	0	1	76541
153.1	n/a	0	1	76550
153.116	n/a	0	1	76558
153.132	n/a	0	1	76566
153.15	n/a	0	1	76575
153.166	n/a	0	1	76583
153.182	n/a	0	1	76591
153.2	n/a	0	1	76600
153.216	n/a	0	1	76608
153.232	n/a	0	1	76616
153.25	n/a	0	1	76625
153.266	n/a	0	1	76633
153.282	n/a	0	1	76641
153.3	n/a	0	1	76650
153.316	n/a	0	1	76658
153.332	n/a	0	1	76666
153.35	n/a	1	2	76675
153.366	n/a	1	2	76683
153.382	n/a	1	2	76691
153.4	n/a	1	2	76700
153.416	n/a	0	1	76708
153.432	n/a	0	1	76716
153.45	n/a	0	1	76725
153.466	n/a	0	1	76733
153.482	n/a	0	1	76741
153.5	n/a	0	1	76750
153.516	n/a	0	1	76758
153.532	n/a	0	1	76766
153.55	n/a	0	1	76775
153.566	n/a	0	1	76783
153.582	n/a	0	1	76791
153.6	n/a	0	1	76800
153.616	n/a	0	1	76808
153.632	n/a	0	1	76816
153.65	n/a	1	2	76825
153.666	n/a	1	2	76833
153.682	n/a	1	2	76841
153.7	n/a	1	2	76850
153.716	n/a	0	1	76858
153.732	n/a	0	1	76866
153.75	n/a	0	1	76875
153.766	n/a	0	1	76883
153.782	n/a	0	1	76891
153.8	n/a	0	1	76900
153.816	n/a	0	1	76908
153.832	n/a	0	1	76916
153.85	n/a	0	1	76925
153.866	n/a	0	1	76933
153.882	n/a	0	1	76941
153.9	n/a	0	1	76950
153.916	n/a	0	1	76958
153.932	n/a	0	1	76966
153.95	n/a	0	1	76975
153.966	n/a	0	1	76983
153.982	n/a	0	1	76991
154.0	n/a	0	1	77000
154.016	n/a	0	1	77008
154.032	n/a	0	1	77016
154.05	n/a	0	1	77025
154.066	n/a	0	1	77033
154.082	n/a	1	2	77041
154.1	n/a	1	2	77050
154.116	n/a	1	2	77058
154.132	n/a	1	2	77066
155.616	n/a	0	1	77808
155.632	n/a	0	1	77816
155.65	n/a	0	1	77825
155.666	n/a	0	1	77833
155.682	n/a	0	1	77841
155.7	n/a	0	1	77850
155.716	n/a	0	1	77858
155.732	n/a	0	1	77866
155.75	n/a	0	1	77875
155.766	n/a	0	1	77883
155.782	n/a	0	1	77891
155.8	n/a	0	1	77900
155.816	n/a	0	1	77908
155.832	n/a	0	1	77916
155.85	n/a	0	1	77925
155.866	n/a	0	1	77933
155.882	n/a	0	1	77941
155.9	n/a	0	1	77950
155.916	n/a	0	1	77958
155.932	n/a	0	1	77966
155.95	n/a	0	1	77975
155.966	n/a	0	1	77983
155.982	n/a	0	1	77991
156.0	n/a	1	2	78000
156.016	n/a	1	2	78008
156.032	n/a	1	2	78016
156.05	n/a	1	2	78025
156.066	n/a	0	1	78033
156.082	n/a	0	1	78041
156.1	n/a	0	1	78050
156.116	n/a	0	1	78058
156.132	n/a	0	1	78066
156.15	n/a	0	1	78075
156.166	n/a	0	1	78083
156.182	n/a	0	1	78091
156.2	n/a	0	1	78100
156.216	n/a	0	1	78108
156.232	n/a	0	1	78116
156.25	n/a	0	1	78125
156.266	n/a	0	1	78133
156.282	n/a	0	1	78141
156.3	n/a	0	1	78150
156.316	n/a	0	1	78158
156.332	n/a	0	1	78166
156.35	n/a	0	1	78175
156.366	n/a	0	1	78183
156.382	n/a	1	2	78191
156.4	n/a	1	2	78200
156.416	n/a	1	2	78208
156.432	n/a	1	2	78216
156.45	n/a	0	1	78225
156.466	n/a	0	1	78233
156.482	n/a	0	1	78241
156.5	n/a	0	1	78250
156.516	n/a	0	1	78258
156.532	n/a	0	1	78266
156.55	n/a	0	1	78275
156.566	n/a	0	1	78283
156.582	n/a	0	1	78291
156.6	n/a	0	1	78300
156.616	n/a	0	1	78308
156.632	n/a	0	1	78316
156.65	n/a	0	1	78325
156.666	n/a	0	1	78333
156.682	n/a	1	2	78341
156.7	n/a	1	2	78350
156.716	n/a	1	2	78358
156.732	n/a	1	2	78366
156.75	n/a	0	1	78375
156.766	n/a	0	1	78383
156.782	n/a	0	1	78391
156.8	n/a	0	1	78400
156.816	n/a	0	1	78408
156.832	n/a	0	1	78416
156.85	n/a	0	1	78425
156.866	n/a	0	1	78433
156.882	n/a	0	1	78441
156.9	n/a	0	1	78450
156.916	n/a	0	1	78458
156.932	n/a	0	1	78466
156.95	n/a	0	1	78475
156.966	n/a	1	2	78483
156.982	n/a	1	2	78491
157.0	n/a	1	2	78500
157.016	n/a	1	2	78508
157.032	n/a	0	1	78516
157.05	n/a	0	1	78525
157.066	n/a	0	1	78533
157.082	n/a	0	1	78541
157.1	n/a	0	1	78550
157.116	n/a	0	1	78558
157.132	n/a	0	1	78566
157.15	n/a	0	1	78575
157.166	n/a	0	1	78583
157.182	n/a	0	1	78591
157.2	n/a	0	1	78600
157.216	n/a	0	1	78608
157.232	n/a	0	1	78616
157.25	n/a	0	1	78625
157.266	n/a	0	1	78633
157.282	n/a	0	1	78641
157.3	n/a	1	2	78650
157.316	n/a	1	2	78658
157.332	n/a	1	2	78666
157.35	n/a	1	2	78675
157.366	n/a	0	1	78683
157.382	n/a	0	1	78691
157.4	n/a	0	1	78700
157.416	n/a	0	1	78708
157.432	n/a	0	1	78716
157.45	n/a	0	1	78725
157.466	n/a	0	1	78733
157.482	n/a	0	1	78741
157.5	n/a	0	1	78750
157.516	n/a	0	1	78758
157.532	n/a	0	1	78766
157.55	n/a	0	1	78775
159.032	n/a	0	1	79516
159.05	n/a	0	1	79525
159.066	n/a	0	1	79533
159.082	n/a	0	1	79541
159.1	n/a	0	1	79550
159.116	n/a	0	1	79558
159.132	n/a	0	1	79566
159.15	n/a	0	1	79575
159.166	n/a	0	1	79583
159.182	n/a	0	1	79591
159.2	n/a	0	1	79600
159.216	n/a	0	1	79608
159.232	n/a	0	1	79616
159.25	n/a	0	1	79625
159.266	n/a	0	1	79633
159.282	n/a	0	1	79641
159.3	n/a	0	1	79650
159.316	n/a	0	1	79658
159.332	n/a	1	2	79666
159.35	n/a	1	2	79675
159.366	n/a	1	2	79683
159.382	n/a	1	2	79691
159.4	n/a	0	1	79700
159.416	n/a	0	1	79708
159.432	n/a	0	1	79716
159.45	n/a	0	1	79725
159.466	n/a	0	1	79733
159.482	n/a	0	1	79741
159.5	n/a	0	1	79750
159.516	n/a	0	1	79758
159.532	n/a	0	1	79766
159.55	n/a	0	1	79775
159.566	n/a	0	1	79783
159.582	n/a	0	1	79791
159.6	n/a	0	1	79800
159.616	n/a	0	1	79808
159.632	n/a	0	1	79816
159.65	n/a	0	1	79825
159.666	n/a	0	1	79833
159.682	n/a	0	1	79841
159.7	n/a	0	1	79850
159.716	n/a	0	1	79858
159.732	n/a	1	2	79866
159.75	n/a	1	2	79875
159.766	n/a	1	2	79883
159.782	n/a	1	2	79891
159.8	n/a	0	1	79900
159.816	n/a	0	1	79908
159.832	n/a	0	1	79916
159.85	n/a	0	1	79925
159.866	n/a	0	1	79933
159.882	n/a	0	1	79941
159.9	n/a	0	1	79950
159.916	n/a	0	1	79958
159.932	n/a	0	1	79966
159.95	n/a	0	1	79975
159.966	n/a	0	1	79983
159.982	n/a	0	1	79991
160.0	n/a	0	1	80000
160.016	n/a	1	2	80008
160.032	n/a	1	2	80016
160.05	n/a	1	2	80025
160.066	n/a	1	2	80033
160.082	n/a	0	1	80041
160.1	n/a	0	1	80050
160.116	n/a	0	1	80058
160.132	n/a	0	1	80066
160.15	n/a	0	1	80075
160.166	n/a	0	1	80083
160.182	n/a	0	1	80091
160.2	n/a	0	1	80100
160.216	n/a	0	1	80108
160.232	n/a	0	1	80116
160.25	n/a	0	1	80125
160.266	n/a	0	1	80133
160.282	n/a	0	1	80141
160.3	n/a	0	1	80150
160.316	n/a	0	1	80158
160.332	n/a	0	1	80166
160.35	n/a	0	1	80175
160.366	n/a	0	1	80183
160.382	n/a	1	2	80191
160.4	n/a	1	2	80200
160.416	n/a	1	2	80208
160.432	n/a	1	2	80216
160.45	n/a	0	1	80225
160.466	n/a	0	1	80233
160.482	n/a	0	1	80241
160.5	n/a	0	1	80250
160.516	n/a	0	1	80258
160.532	n/a	0	1	80266
160.55	n/a	0	1	80275
160.566	n/a	0	1	80283
160.582	n/a	0	1	80291
160.6	n/a	0	1	80300
160.616	n/a	0	1	80308
160.632	n/a	0	1	80316
160.65	n/a	0	1	80325
160.666	n/a	0	1	80333
160.682	n/a	0	1	80341
160.7	n/a	0	1	80350
160.716	n/a	0	1	80358
160.732	n/a	0	1	80366
160.75	n/a	0	1	80375
160.766	n/a	0	1	80383
160.782	n/a	0	1	80391
160.8	n/a	0	1	80400
160.816	n/a	0	1	80408
160.832	n/a	0	1	80416
160.85	n/a	1	2	80425
160.866	n/a	1	2	80433
160.882	n/a	1	2	80441
160.9	n/a	1	2	80450
160.916	n/a	0	1	80458
160.932	n/a	0	1	80466
160.95	n/a	0	1	80475
160.966	n/a	0	1	80483
162.45	n/a	0	1	81225
162.466	n/a	1	2	81233
162.482	n/a	1	2	81241
162.5	n/a	1	2	81250
162.516	n/a	1	2	81258
162.532	n/a	0	1	81266
162.55	n/a	0	1	81275
162.566	n/a	0	1	81283
162.582	n/a	0	1	81291
162.6	n/a	0	1	81300
162.616	n/a	0	1	81308
162.632	n/a	0	1	81316
162.65	n/a	0	1	81325
162.666	n/a	0	1	81333
162.682	n/a	0	1	81341
162.7	n/a	0	1	81350
162.716	n/a	0	1	81358
162.732	n/a	0	1	81366
162.75	n/a	0	1	81375
162.766	n/a	0	1	81383
162.782	n/a	0	1	81391
162.8	n/a	0	1	81400
162.816	n/a	0	1	81408
162.832	n/a	0	1	81416
162.85	n/a	0	1	81425
162.866	n/a	0	1	81433
162.882	n/a	0	1	81441
162.9	n/a	0	1	81450
162.916	n/a	0	1	81458
162.932	n/a	0	1	81466
162.95	n/a	1	2	81475
162.966	n/a	1	2	81483
162.982	n/a	1	2	81491
163.0	n/a	1	2	81500
163.016	n/a	0	1	81508
163.032	n/a	0	1	81516
163.05	n/a	0	1	81525
163.066	n/a	0	1	81533
163.082	n/a	0	1	81541
163.1	n/a	0	1	81550
163.116	n/a	0	1	81558
163.132	n/a	0	1	81566
163.15	n/a	0	1	81575
163.166	n/a	0	1	81583
163.182	n/a	0	1	81591
163.2	n/a	0	1	81600
163.216	n/a	0	1	81608
163.232	n/a	0	1	81616
163.25	n/a	0	1	81625
163.266	n/a	0	1	81633
163.282	n/a	0	1	81641
163.3	n/a	0	1	81650
163.316	n/a	0	1	81658
163.332	n/a	0	1	81666
163.35	n/a	0	1	81675
163.366	n/a	0	1	81683
163.382	n/a	0	1	81691
163.4	n/a	0	1	81700
163.416	n/a	1	2	81708
163.432	n/a	1	2	81716
163.45	n/a	1	2	81725
163.466	n/a	1	2	81733
163.482	n/a	0	1	81741
163.5	n/a	0	1	81750
163.516	n/a	0	1	81758
163.532	n/a	0	1	81766
163.55	n/a	0	1	81775
163.566	n/a	0	1	81783
163.582	n/a	0	1	81791
163.6	n/a	0	1	81800
163.616	n/a	0	1	81808
163.632	n/a	0	1	81816
163.65	n/a	0	1	81825
163.666	n/a	0	1	81833
163.682	n/a	0	1	81841
163.7	n/a	0	1	81850
163.716	n/a	0	1	81858
163.732	n/a	0	1	81866
163.75	n/a	0	1	81875
163.766	n/a	0	1	81883
163.782	n/a	0	1	81891
163.8	n/a	0	1	81900
163.816	n/a	0	1	81908
163.832	n/a	1	2	81916
163.85	n/a	1	2	81925
163.866	n/a	1	2	81933
163.882	n/a	1	2	81941
163.9	n/a	0	1	81950
163.916	n/a	0	1	81958
163.932	n/a	0	1	81966
163.95	n/a	0	1	81975
163.966	n/a	0	1	81983
163.982	n/a	0	1	81991
164.0	n/a	0	1	82000
164.016	n/a	0	1	82008
164.032	n/a	0	1	82016
164.05	n/a	0	1	82025
164.066	n/a	0	1	82033
164.082	n/a	0	1	82041
164.1	n/a	0	1	82050
164.116	n/a	0	1	82058
164.132	n/a	0	1	82066
164.15	n/a	0	1	82075
164.166	n/a	0	1	82083
164.182	n/a	0	1	82091
164.2	n/a	0	1	82100
164.216	n/a	0	1	82108
164.232	n/a	0	1	82116
164.25	n/a	0	1	82125
164.266	n/a	1	2	82133
164.282	n/a	1	2	82141
164.3	n/a	1	2	82150
164.316	n/a	1	2	82158
164.332	n/a	0	1	82166
164.35	n/a	0	1	82175
164.366	n/a	0	1	82183
164.382	n/a	0	1	82191
167.632	n/a	0	1	83816
167.65	n/a	0	1	83825
167.666	n/a	0	1	83833
167.682	n/a	0	1	83841
167.7	n/a	0	1	83850
167.716	n/a	0	1	83858
167.732	n/a	0	1	83866
167.75	n/a	0	1	83875
167.766	n/a	0	1	83883
167.782	n/a	0	1	83891
167.8	n/a	0	1	83900
167.816	n/a	0	1	83908
167.832	n/a	0	1	83916
167.85	n/a	0	1	83925
167.866	n/a	0	1	83933
167.882	n/a	1	2	83941
167.9	n/a	1	2	83950
167.916	n/a	1	2	83958
167.932	n/a	1	2	83966
167.95	n/a	0	1	83975
167.966	n/a	0	1	83983
167.982	n/a	0	1	83991
168.0	n/a	0	1	84000
168.016	n/a	0	1	84008
168.032	n/a	0	1	84016
168.05	n/a	0	1	84025
168.066	n/a	0	1	84033
168.082	n/a	0	1	84041
168.1	n/a	0	1	84050
168.116	n/a	0	1	84058
168.132	n/a	0	1	84066
168.15	n/a	0	1	84075
168.166	n/a	0	1	84083
168.182	n/a	0	1	84091
168.2	n/a	0	1	84100
168.216	n/a	0	1	84108
168.232	n/a	0	1	84116
168.25	n/a	0	1	84125
168.266	n/a	0	1	84133
168.282	n/a	0	1	84141
168.3	n/a	0	1	84150
168.316	n/a	1	2	84158
168.332	n/a	1	2	84166
168.35	n/a	1	2	84175
168.366	n/a	1	2	84183
168.382	n/a	0	1	84191
168.4	n/a	0	1	84200
168.416	n/a	0	1	84208
168.432	n/a	0	1	84216
168.45	n/a	0	1	84225
168.466	n/a	0	1	84233
168.482	n/a	0	1	84241
168.5	n/a	0	1	84250
168.516	n/a	0	1	84258
168.532	n/a	0	1	84266
168.55	n/a	0	1	84275
168.566	n/a	0	1	84283
168.582	n/a	0	1	84291
168.6	n/a	0	1	84300
168.616	n/a	0	1	84308
168.632	n/a	0	1	84316
168.65	n/a	0	1	84325
168.666	n/a	0	1	84333
168.682	n/a	0	1	84341
168.7	n/a	0	1	84350
168.716	n/a	0	1	84358
168.732	n/a	0	1	84366
168.75	n/a	0	1	84375
168.766	n/a	0	1	84383
168.782	n/a	1	2	84391
168.8	n/a	1	2	84400
168.816	n/a	1	2	84408
168.832	n/a	1	2	84416
168.85	n/a	0	1	84425
168.866	n/a	0	1	84433
168.882	n/a	0	1	84441
168.9	n/a	0	1	84450
168.916	n/a	0	1	84458
168.932	n/a	0	1	84466
168.95	n/a	0	1	84475
168.966	n/a	0	1	84483
168.982	n/a	0	1	84491
169.0	n/a	0	1	84500
169.016	n/a	0	1	84508
169.032	n/a	0	1	84516
169.05	n/a	0	1	84525
169.066	n/a	0	1	84533
169.082	n/a	1	2	84541
169.1	n/a	1	2	84550
169.116	n/a	1	2	84558
169.132	n/a	1	2	84566
169.15	n/a	0	1	84575
169.166	n/a	0	1	84583
169.182	n/a	0	1	84591
169.2	n/a	0	1	84600
169.216	n/a	0	1	84608
169.232	n/a	0	1	84616
169.25	n/a	0	1	84625
169.266	n/a	0	1	84633
169.282	n/a	0	1	84641
169.3	n/a	0	1	84650
169.316	n/a	0	1	84658
169.332	n/a	0	1	84666
169.35	n/a	0	1	84675
169.366	n/a	0	1	84683
169.382	n/a	0	1	84691
169.4	n/a	0	1	84700
169.416	n/a	0	1	84708
169.432	n/a	0	1	84716
169.45	n/a	0	1	84725
169.466	n/a	0	1	84733
169.482	n/a	0	1	84741
169.5	n/a	0	1	84750
169.516	n/a	1	2	84758
169.532	n/a	1	2	84766
169.55	n/a	1	2	84775
169.566	n/a	1	2	84783
171.05	n/a	0	1	85525
171.066	n/a	0	1	85533
171.082	n/a	0	1	85541
171.1	n/a	0	1	85550
171.116	n/a	0	1	85558
171.132	n/a	0	1	85566
171.15	n/a	0	1	85575
171.166	n/a	0	1	85583
171.182	n/a	0	1	85591
171.2	n/a	0	1	85600
171.216	n/a	0	1	85608
171.232	n/a	0	1	85616
171.25	n/a	0	1	85625
171.266	n/a	0	1	85633
171.282	n/a	0	1	85641
171.3	n/a	0	1	85650
171.316	n/a	0	1	85658
171.332	n/a	0	1	85666
171.35	n/a	0	1	85675
171.366	n/a	0	1	85683
171.382	n/a	0	1	85691
171.4	n/a	0	1	85700
171.416	n/a	0	1	85708
171.432	n/a	1	2	85716
171.45	n/a	1	2	85725
171.466	n/a	1	2	85733
171.482	n/a	1	2	85741
171.5	n/a	0	1	85750
171.516	n/a	0	1	85758
171.532	n/a	0	1	85766
171.55	n/a	0	1	85775
171.566	n/a	0	1	85783
171.582	n/a	0	1	85791
171.6	n/a	0	1	85800
171.616	n/a	0	1	85808
171.632	n/a	0	1	85816
171.65	n/a	0	1	85825
171.666	n/a	0	1	85833
171.682	n/a	0	1	85841
171.7	n/a	0	1	85850
171.716	n/a	0	1	85858
171.732	n/a	0	1	85866
171.75	n/a	0	1	85875
171.766	n/a	0	1	85883
171.782	n/a	0	1	85891
171.8	n/a	0	1	85900
171.816	n/a	1	2	85908
171.832	n/a	1	2	85916
171.85	n/a	1	2	85925
171.866	n/a	1	2	85933
171.882	n/a	0	1	85941
171.9	n/a	0	1	85950
171.916	n/a	0	1	85958
171.932	n/a	0	1	85966
171.95	n/a	0	1	85975
171.966	n/a	0	1	85983
171.982	n/a	0	1	85991
172.0	n/a	0	1	86000
172.016	n/a	0	1	86008
172.032	n/a	0	1	86016
172.05	n/a	0	1	86025
172.066	n/a	0	1	86033
172.082	n/a	0	1	86041
172.1	n/a	0	1	86050
172.116	n/a	1	2	86058
172.132	n/a	1	2	86066
172.15	n/a	1	2	86075
172.166	n/a	1	2	86083
172.182	n/a	0	1	86091
172.2	n/a	0	1	86100
172.216	n/a	0	1	86108
172.232	n/a	0	1	86116
172.25	n/a	0	1	86125
172.266	n/a	0	1	86133
172.282	n/a	0	1	86141
172.3	n/a	0	1	86150
172.316	n/a	0	1	86158
172.332	n/a	0	1	86166
172.35	n/a	0	1	86175
172.366	n/a	0	1	86183
172.382	n/a	0	1	86191
172.4	n/a	1	2	86200
172.416	n/a	1	2	86208
172.432	n/a	1	2	86216
172.45	n/a	1	2	86225
172.466	n/a	0	1	86233
172.482	n/a	0	1	86241
172.5	n/a	0	1	86250
172.516	n/a	0	1	86258
172.532	n/a	0	1	86266
172.55	n/a	0	1	86275
172.566	n/a	0	1	86283
172.582	n/a	0	1	86291
172.6	n/a	0	1	86300
172.616	n/a	0	1	86308
172.632	n/a	0	1	86316
172.65	n/a	0	1	86325
172.666	n/a	0	1	86333
172.682	n/a	0	1	86341
172.7	n/a	0	1	86350
172.716	n/a	0	1	86358
172.732	n/a	1	2	86366
172.75	n/a	1	2	86375
172.766	n/a	1	2	86383
172.782	n/a	1	2	86391
172.8	n/a	0	1	86400
172.816	n/a	0	1	86408
172.832	n/a	0	1	86416
172.85	n/a	0	1	86425
172.866	n/a	0	1	86433
172.882	n/a	0	1	86441
172.9	n/a	0	1	86450
172.916	n/a	0	1	86458
172.932	n/a	0	1	86466
172.95	n/a	0	1	86475
172.966	n/a	0	1	86483
172.982	n/a	0	1	86491
174.466	n/a	0	1	87233
174.482	n/a	0	1	87241
174.5	n/a	0	1	87250
174.516	n/a	0	1	87258
174.532	n/a	0	1	87266
174.55	n/a	0	1	87275
174.566	n/a	0	1	87283
174.582	n/a	0	1	87291
174.6	n/a	0	1	87300
174.616	n/a	0	1	87308
174.632	n/a	0	1	87316
174.65	n/a	0	1	87325
174.666	n/a	0	1	87333
174.682	n/a	0	1	87341
174.7	n/a	0	1	87350
174.716	n/a	0	1	87358
174.732	n/a	0	1	87366
174.75	n/a	0	1	87375
174.766	n/a	1	2	87383
174.782	n/a	1	2	87391
174.8	n/a	1	2	87400
174.816	n/a	1	2	87408
174.832	n/a	0	1	87416
174.85	n/a	0	1	87425
174.866	n/a	0	1	87433
174.882	n/a	0	1	87441
174.9	n/a	0	1	87450
174.916	n/a	0	1	87458
174.932	n/a	0	1	87466
174.95	n/a	0	1	87475
174.966	n/a	0	1	87483
174.982	n/a	0	1	87491
175.0	n/a	0	1	87500
175.016	n/a	0	1	87508
175.032	n/a	0	1	87516
175.05	n/a	0	1	87525
175.066	n/a	0	1	87533
175.082	n/a	0	1	87541
175.1	n/a	0	1	87550
175.116	n/a	0	1	87558
175.132	n/a	0	1	87566
175.15	n/a	0	1	87575
175.166	n/a	1	2	87583
175.182	n/a	1	2	87591
175.2	n/a	1	2	87600
175.216	n/a	1	2	87608
175.232	n/a	0	1	87616
175.25	n/a	0	1	87625
175.266	n/a	0	1	87633
175.282	n/a	0	1	87641
175.3	n/a	0	1	87650
175.316	n/a	0	1	87658
175.332	n/a	0	1	87666
175.35	n/a	0	1	87675
175.366	n/a	0	1	87683
175.382	n/a	0	1	87691
175.4	n/a	0	1	87700
175.416	n/a	0	1	87708
175.432	n/a	0	1	87716
175.45	n/a	1	2	87725
175.466	n/a	1	2	87733
175.482	n/a	1	2	87741
175.5	n/a	1	2	87750
175.516	n/a	0	1	87758
175.532	n/a	0	1	87766
175.55	n/a	0	1	87775
175.566	n/a	0	1	87783
175.582	n/a	0	1	87791
175.6	n/a	0	1	87800
175.616	n/a	0	1	87808
175.632	n/a	0	1	87816
175.65	n/a	0	1	87825
175.666	n/a	0	1	87833
175.682	n/a	0	1	87841
175.7	n/a	0	1	87850
175.716	n/a	0	1	87858
175.732	n/a	0	1	87866
175.75	n/a	0	1	87875
175.766	n/a	0	1	87883
175.782	n/a	0	1	87891
175.8	n/a	0	1	87900
175.816	n/a	1	2	87908
175.832	n/a	1	2	87916
175.85	n/a	1	2	87925
175.866	n/a	1	2	87933
175.882	n/a	0	1	87941
175.9	n/a	0	1	87950
175.916	n/a	0	1	87958
175.932	n/a	0	1	87966
175.95	n/a	0	1	87975
175.966	n/a	0	1	87983
175.982	n/a	0	1	87991
176.0	n/a	0	1	88000
176.016	n/a	0	1	88008
176.032	n/a	0	1	88016
176.05	n/a	0	1	88025
176.066	n/a	0	1	88033
176.082	n/a	0	1	88041
176.1	n/a	0	1	88050
176.116	n/a	0	1	88058
176.132	n/a	0	1	88066
176.15	n/a	0	1	88075
176.166	n/a	0	1	88083
176.182	n/a	0	1	88091
176.2	n/a	0	1	88100
176.216	n/a	0	1	88108
176.232	n/a	0	1	88116
176.25	n/a	0	1	88125
176.266	n/a	0	1	88133
176.282	n/a	1	2	88141
176.3	n/a	1	2	88150
176.316	n/a	1	2	88158
176.332	n/a	1	2	88166
176.35	n/a	0	1	88175
176.366	n/a	0	1	88183
176.382	n/a	0	1	88191
176.4	n/a	0	1	88200
177.882	n/a	0	1	88941
177.9	n/a	1	2	88950
177.916	n/a	1	2	88958
177.932	n/a	1	2	88966
177.95	n/a	1	2	88975
177.966	n/a	0	1	88983
177.982	n/a	0	1	88991
178.0	n/a	0	1	89000
178.016	n/a	0	1	89008
178.032	n/a	0	1	89016
178.05	n/a	0	1	89025
178.066	n/a	0	1	89033
178.082	n/a	0	1	89041
178.1	n/a	0	1	89050
178.116	n/a	0	1	89058
178.132	n/a	0	1	89066
178.15	n/a	0	1	89075
178.166	n/a	0	1	89083
178.182	n/a	0	1	89091
178.2	n/a	0	1	89100
178.216	n/a	0	1	89108
178.232	n/a	0	1	89116
178.25	n/a	0	1	89125
178.266	n/a	0	1	89133
178.282	n/a	0	1	89141
178.3	n/a	0	1	89150
178.316	n/a	0	1	89158
178.332	n/a	0	1	89166
178.35	n/a	0	1	89175
178.366	n/a	0	1	89183
178.382	n/a	1	2	89191
178.4	n/a	1	2	89200
178.416	n/a	1	2	89208
178.432	n/a	1	2	89216
178.45	n/a	0	1	89225
178.466	n/a	0	1	89233
178.482	n/a	0	1	89241
178.5	n/a	0	1	89250
178.516	n/a	0	1	89258
178.532	n/a	0	1	89266
178.55	n/a	0	1	89275
178.566	n/a	0	1	89283
178.582	n/a	0	1	89291
178.6	n/a	0	1	89300
178.616	n/a	0	1	89308
178.632	n/a	0	1	89316
178.65	n/a	0	1	89325
178.666	n/a	0	1	89333
178.682	n/a	0	1	89341
178.7	n/a	0	1	89350
178.716	n/a	0	1	89358
178.732	n/a	0	1	89366
178.75	n/a	0	1	89375
178.766	n/a	0	1	89383
178.782	n/a	0	1	89391
178.8	n/a	0	1	89400
178.816	n/a	0	1	89408
178.832	n/a	0	1	89416
178.85	n/a	1	2	89425
178.866	n/a	1	2	89433
178.882	n/a	1	2	89441
178.9	n/a	1	2	89450
178.916	n/a	0	1	89458
178.932	n/a	0	1	89466
178.95	n/a	0	1	89475
178.966	n/a	0	1	89483
178.982	n/a	0	1	89491
179.0	n/a	0	1	89500
179.016	n/a	0	1	89508
179.032	n/a	0	1	89516
179.05	n/a	0	1	89525
179.066	n/a	0	1	89533
179.082	n/a	0	1	89541
179.1	n/a	0	1	89550
179.116	n/a	0	1	89558
179.132	n/a	0	1	89566
179.15	n/a	0	1	89575
179.166	n/a	0	1	89583
179.182	n/a	0	1	89591
179.2	n/a	0	1	89600
179.216	n/a	0	1	89608
179.232	n/a	0	1	89616
179.25	n/a	0	1	89625
179.266	n/a	1	2	89633
179.282	n/a	1	2	89641
179.3	n/a	1	2	89650
179.316	n/a	1	2	89658
179.332	n/a	0	1	89666
179.35	n/a	0	1	89675
179.366	n/a	0	1	89683
179.382	n/a	0	1	89691
179.4	n/a	0	1	89700
179.416	n/a	0	1	89708
179.432	n/a	0	1	89716
179.45	n/a	0	1	89725
179.466	n/a	0	1	89733
179.482	n/a	0	1	89741
179.5	n/a	0	1	89750
179.516	n/a	0	1	89758
179.532	n/a	0	1	89766
179.55	n/a	0	1	89775
179.566	n/a	0	1	89783
179.582	n/a	0	1	89791
179.6	n/a	0	1	89800
179.616	n/a	0	1	89808
179.632	n/a	0	1	89816
179.65	n/a	0	1	89825
179.666	n/a	0	1	89833
179.682	n/a	0	1	89841
179.7	n/a	1	2	89850
179.716	n/a	1	2	89858
179.732	n/a	1	2	89866
179.75	n/a	1	2	89875
179.766	n/a	0	1	89883
179.782	n/a	0	1	89891
179.8	n/a	0	1	89900
179.816	n/a	0	1	89908
183.032	n/a	0	1	91516
183.05	n/a	1	2	91525
183.066	n/a	1	2	91533
183.082	n/a	1	2	91541
183.1	n/a	1	2	91550
183.116	n/a	0	1	91558
183.132	n/a	0	1	91566
183.15	n/a	0	1	91575
183.166	n/a	0	1	91583
183.182	n/a	0	1	91591
183.2	n/a	0	1	91600
183.216	n/a	0	1	91608
183.232	n/a	0	1	91616
183.25	n/a	0	1	91625
183.266	n/a	0	1	91633
183.282	n/a	0	1	91641
183.3	n/a	0	1	91650
183.316	n/a	0	1	91658
183.332	n/a	0	1	91666
183.35	n/a	0	1	91675
183.366	n/a	0	1	91683
183.382	n/a	0	1	91691
183.4	n/a	0	1	91700
183.416	n/a	0	1	91708
183.432	n/a	0	1	91716
183.45	n/a	0	1	91725
183.466	n/a	0	1	91733
183.482	n/a	0	1	91741
183.5	n/a	0	1	91750
183.516	n/a	0	1	91758
183.532	n/a	1	2	91766
183.55	n/a	1	2	91775
183.566	n/a	1	2	91783
183.582	n/a	1	2	91791
183.6	n/a	0	1	91800
183.616	n/a	0	1	91808
183.632	n/a	0	1	91816
183.65	n/a	0	1	91825
183.666	n/a	0	1	91833
183.682	n/a	0	1	91841
183.7	n/a	0	1	91850
183.716	n/a	0	1	91858
183.732	n/a	0	1	91866
183.75	n/a	0	1	91875
183.766	n/a	0	1	91883
183.782	n/a	0	1	91891
183.8	n/a	0	1	91900
183.816	n/a	0	1	91908
183.832	n/a	0	1	91916
183.85	n/a	0	1	91925
183.866	n/a	0	1	91933
183.882	n/a	0	1	91941
183.9	n/a	0	1	91950
183.916	n/a	0	1	91958
183.932	n/a	0	1	91966
183.95	n/a	0	1	91975
183.966	n/a	0	1	91983
183.982	n/a	0	1	91991
184.0	n/a	1	2	92000
184.016	n/a	1	2	92008
184.032	n/a	1	2	92016
184.05	n/a	1	2	92025
184.066	n/a	0	1	92033
184.082	n/a	0	1	92041
184.1	n/a	0	1	92050
184.116	n/a	0	1	92058
184.132	n/a	0	1	92066
184.15	n/a	0	1	92075
184.166	n/a	0	1	92083
184.182	n/a	0	1	92091
184.2	n/a	0	1	92100
184.216	n/a	0	1	92108
184.232	n/a	0	1	92116
184.25	n/a	0	1	92125
184.266	n/a	0	1	92133
184.282	n/a	0	1	92141
184.3	n/a	0	1	92150
184.316	n/a	0	1	92158
184.332	n/a	0	1	92166
184.35	n/a	0	1	92175
184.366	n/a	0	1	92183
184.382	n/a	0	1	92191
184.4	n/a	0	1	92200
184.416	n/a	1	2	92208
184.432	n/a	1	2	92216
184.45	n/a	1	2	92225
184.466	n/a	1	2	92233
184.482	n/a	0	1	92241
184.5	n/a	0	1	92250
184.516	n/a	0	1	92258
184.532	n/a	0	1	92266
184.55	n/a	0	1	92275
184.566	n/a	0	1	92283
184.582	n/a	0	1	92291
184.6	n/a	0	1	92300
184.616	n/a	0	1	92308
184.632	n/a	0	1	92316
184.65	n/a	0	1	92325
184.666	n/a	0	1	92333
184.682	n/a	0	1	92341
184.7	n/a	0	1	92350
184.716	n/a	0	1	92358
184.732	n/a	0	1	92366
184.75	n/a	0	1	92375
184.766	n/a	0	1	92383
184.782	n/a	0	1	92391
184.8	n/a	0	1	92400
184.816	n/a	0	1	92408
184.832	n/a	0	1	92416
184.85	n/a	1	2	92425
184.866	n/a	1	2	92433
184.882	n/a	1	2	92441
184.9	n/a	1	2	92450
184.916	n/a	0	1	92458
184.932	n/a	0	1	92466
184.95	n/a	0	1	92475
184.966	n/a	0	1	92483
186.45	n/a	0	1	93225
186.466	n/a	0	1	93233
186.482	n/a	0	1	93241
186.5	n/a	0	1	93250
186.516	n/a	0	1	93258
186.532	n/a	0	1	93266
186.55	n/a	0	1	93275
186.566	n/a	0	1	93283
186.582	n/a	0	1	93291
186.6	n/a	0	1	93300
186.616	n/a	0	1	93308
186.632	n/a	0	1	93316
186.65	n/a	0	1	93325
186.666	n/a	0	1	93333
186.682	n/a	0	1	93341
186.7	n/a	0	1	93350
186.716	n/a	0	1	93358
186.732	n/a	0	1	93366
186.75	n/a	0	1	93375
186.766	n/a	0	1	93383
186.782	n/a	0	1	93391
186.8	n/a	0	1	93400
186.816	n/a	0	1	93408
186.832	n/a	1	2	93416
186.85	n/a	1	2	93425
186.866	n/a	1	2	93433
186.882	n/a	1	2	93441
186.9	n/a	0	1	93450
186.916	n/a	0	1	93458
186.932	n/a	0	1	93466
186.95	n/a	0	1	93475
186.966	n/a	0	1	93483
186.982	n/a	0	1	93491
187.0	n/a	0	1	93500
187.016	n/a	0	1	93508
187.032	n/a	0	1	93516
187.05	n/a	0	1	93525
187.066	n/a	0	1	93533
187.082	n/a	0	1	93541
187.1	n/a	0	1	93550
187.116	n/a	0	1	93558
187.132	n/a	0	1	93566
187.15	n/a	0	1	93575
187.166	n/a	0	1	93583
187.182	n/a	0	1	93591
187.2	n/a	0	1	93600
187.216	n/a	1	2	93608
187.232	n/a	1	2	93616
187.25	n/a	1	2	93625
187.266	n/a	1	2	93633
187.282	n/a	0	1	93641
187.3	n/a	0	1	93650
187.316	n/a	0	1	93658
187.332	n/a	0	1	93666
187.35	n/a	0	1	93675
187.366	n/a	0	1	93683
187.382	n/a	0	1	93691
187.4	n/a	0	1	93700
187.416	n/a	0	1	93708
187.432	n/a	0	1	93716
187.45	n/a	0	1	93725
187.466	n/a	0	1	93733
187.482	n/a	0	1	93741
187.5	n/a	0	1	93750
187.516	n/a	1	2	93758
187.532	n/a	1	2	93766
187.55	n/a	1	2	93775
187.566	n/a	1	2	93783
187.582	n/a	0	1	93791
187.6	n/a	0	1	93800
187.616	n/a	0	1	93808
187.632	n/a	0	1	93816
187.65	n/a	0	1	93825
187.666	n/a	0	1	93833
187.682	n/a	0	1	93841
187.7	n/a	0	1	93850
187.716	n/a	0	1	93858
187.732	n/a	0	1	93866
187.75	n/a	0	1	93875
187.766	n/a	0	1	93883
187.782	n/a	0	1	93891
187.8	n/a	1	2	93900
187.816	n/a	1	2	93908
187.832	n/a	1	2	93916
187.85	n/a	1	2	93925
187.866	n/a	0	1	93933
187.882	n/a	0	1	93941
187.9	n/a	0	1	93950
187.916	n/a	0	1	93958
187.932	n/a	0	1	93966
187.95	n/a	0	1	93975
187.966	n/a	0	1	93983
187.982	n/a	0	1	93991
188.0	n/a	0	1	94000
188.016	n/a	0	1	94008
188.032	n/a	0	1	94016
188.05	n/a	0	1	94025
188.066	n/a	0	1	94033
188.082	n/a	0	1	94041
188.1	n/a	0	1	94050
188.116	n/a	0	1	94058
188.132	n/a	1	2	94066
188.15	n/a	1	2	94075
188.166	n/a	1	2	94083
188.182	n/a	1	2	94091
188.2	n/a	0	1	94100
188.216	n/a	0	1	94108
188.232	n/a	0	1	94116
188.25	n/a	0	1	94125
188.266	n/a	0	1	94133
188.282	n/a	0	1	94141
188.3	n/a	0	1	94150
188.316	n/a	0	1	94158
188.332	n/a	0	1	94166
188.35	n/a	0	1	94175
188.366	n/a	0	1	94183
188.382	n/a	0	1	94191
189.866	n/a	0	1	94933
189.882	n/a	0	1	94941
189.9	n/a	0	1	94950
189.916	n/a	0	1	94958
189.932	n/a	0	1	94966
189.95	n/a	0	1	94975
189.966	n/a	0	1	94983
189.982	n/a	0	1	94991
190.0	n/a	0	1	95000
190.016	n/a	0	1	95008
190.032	n/a	0	1	95016
190.05	n/a	0	1	95025
190.066	n/a	0	1	95033
190.082	n/a	0	1	95041
190.1	n/a	0	1	95050
190.116	n/a	1	2	95058
190.132	n/a	1	2	95066
190.15	n/a	1	2	95075
190.166	n/a	1	2	95083
190.182	n/a	0	1	95091
190.2	n/a	0	1	95100
190.216	n/a	0	1	95108
190.232	n/a	0	1	95116
190.25	n/a	0	1	95125
190.266	n/a	0	1	95133
190.282	n/a	0	1	95141
190.3	n/a	0	1	95150
190.316	n/a	0	1	95158
190.332	n/a	0	1	95166
190.35	n/a	0	1	95175
190.366	n/a	0	1	95183
190.382	n/a	0	1	95191
190.4	n/a	0	1	95200
190.416	n/a	0	1	95208
190.432	n/a	0	1	95216
190.45	n/a	0	1	95225
190.466	n/a	0	1	95233
190.482	n/a	0	1	95241
190.5	n/a	0	1	95250
190.516	n/a	0	1	95258
190.532	n/a	0	1	95266
190.55	n/a	1	2	95275
190.566	n/a	1	2	95283
190.582	n/a	1	2	95291
190.6	n/a	1	2	95300
190.616	n/a	0	1	95308
190.632	n/a	0	1	95316
190.65	n/a	0	1	95325
190.666	n/a	0	1	95333
190.682	n/a	0	1	95341
190.7	n/a	0	1	95350
190.716	n/a	0	1	95358
190.732	n/a	0	1	95366
190.75	n/a	0	1	95375
190.766	n/a	0	1	95383
190.782	n/a	0	1	95391
190.8	n/a	0	1	95400
190.816	n/a	0	1	95408
190.832	n/a	0	1	95416
190.85	n/a	0	1	95425
190.866	n/a	0	1	95433
190.882	n/a	0	1	95441
190.9	n/a	0	1	95450
190.916	n/a	0	1	95458
190.932	n/a	0	1	95466
190.95	n/a	0	1	95475
190.966	n/a	0	1	95483
190.982	n/a	0	1	95491
191.0	n/a	0	1	95500
191.016	n/a	1	2	95508
191.032	n/a	1	2	95516
191.05	n/a	1	2	95525
191.066	n/a	1	2	95533
191.082	n/a	0	1	95541
191.1	n/a	0	1	95550
191.116	n/a	0	1	95558
191.132	n/a	0	1	95566
191.15	n/a	0	1	95575
191.166	n/a	0	1	95583
191.182	n/a	0	1	95591
191.2	n/a	0	1	95600
191.216	n/a	0	1	95608
191.232	n/a	0	1	95616
191.25	n/a	0	1	95625
191.266	n/a	0	1	95633
191.282	n/a	0	1	95641
191.3	n/a	0	1	95650
191.316	n/a	1	2	95658
191.332	n/a	1	2	95666
191.35	n/a	1	2	95675
191.366	n/a	1	2	95683
191.382	n/a	0	1	95691
191.4	n/a	0	1	95700
191.416	n/a	0	1	95708
191.432	n/a	0	1	95716
191.45	n/a	0	1	95725
191.466	n/a	0	1	95733
191.482	n/a	0	1	95741
191.5	n/a	0	1	95750
191.516	n/a	0	1	95758
191.532	n/a	0	1	95766
191.55	n/a	0	1	95775
191.566	n/a	0	1	95783
191.582	n/a	0	1	95791
191.6	n/a	0	1	95800
191.616	n/a	0	1	95808
191.632	n/a	0	1	95816
191.65	n/a	0	1	95825
191.666	n/a	0	1	95833
191.682	n/a	0	1	95841
191.7	n/a	0	1	95850
191.716	n/a	0	1	95858
191.732	n/a	0	1	95866
191.75	n/a	1	2	95875
191.766	n/a	1	2	95883
191.782	n/a	1	2	95891
191.8	n/a	1	2	95900
193.282	n/a	0	1	96641
193.3	n/a	0	1	96650
193.316	n/a	0	1	96658
193.332	n/a	0	1	96666
193.35	n/a	0	1	96675
193.366	n/a	0	1	96683
193.382	n/a	0	1	96691
193.4	n/a	0	1	96700
193.416	n/a	0	1	96708
193.432	n/a	0	1	96716
193.45	n/a	0	1	96725
193.466	n/a	0	1	96733
193.482	n/a	0	1	96741
193.5	n/a	0	1	96750
193.516	n/a	0	1	96758
193.532	n/a	0	1	96766
193.55	n/a	0	1	96775
193.566	n/a	0	1	96783
193.582	n/a	1	2	96791
193.6	n/a	1	2	96800
193.616	n/a	1	2	96808
193.632	n/a	1	2	96816
193.65	n/a	0	1	96825
193.666	n/a	0	1	96833
193.682	n/a	0	1	96841
193.7	n/a	0	1	96850
193.716	n/a	0	1	96858
193.732	n/a	0	1	96866
193.75	n/a	0	1	96875
193.766	n/a	0	1	96883
193.782	n/a	0	1	96891
193.8	n/a	0	1	96900
193.816	n/a	0	1	96908
193.832	n/a	0	1	96916
193.85	n/a	0	1	96925
193.866	n/a	0	1	96933
193.882	n/a	0	1	96941
193.9	n/a	0	1	96950
193.916	n/a	0	1	96958
193.932	n/a	0	1	96966
193.95	n/a	0	1	96975
193.966	n/a	0	1	96983
193.982	n/a	1	2	96991
194.0	n/a	1	2	97000
194.016	n/a	1	2	97008
194.032	n/a	1	2	97016
194.05	n/a	0	1	97025
194.066	n/a	0	1	97033
194.082	n/a	0	1	97041
194.1	n/a	0	1	97050
194.116	n/a	0	1	97058
194.132	n/a	0	1	97066
194.15	n/a	0	1	97075
194.166	n/a	0	1	97083
194.182	n/a	0	1	97091
194.2	n/a	0	1	97100
194.216	n/a	0	1	97108
194.232	n/a	0	1	97116
194.25	n/a	0	1	97125
194.266	n/a	1	2	97133
194.282	n/a	1	2	97141
194.3	n/a	1	2	97150
194.316	n/a	1	2	97158
194.332	n/a	0	1	97166
194.35	n/a	0	1	97175
194.366	n/a	0	1	97183
194.382	n/a	0	1	97191
194.4	n/a	0	1	97200
194.416	n/a	0	1	97208
194.432	n/a	0	1	97216
194.45	n/a	0	1	97225
194.466	n/a	0	1	97233
194.482	n/a	0	1	97241
194.5	n/a	0	1	97250
194.516	n/a	0	1	97258
194.532	n/a	0	1	97266
194.55	n/a	0	1	97275
194.566	n/a	0	1	97283
194.582	n/a	0	1	97291
194.6	n/a	0	1	97300
194.616	n/a	0	1	97308
194.632	n/a	1	2	97316
194.65	n/a	1	2	97325
194.666	n/a	1	2	97333
194.682	n/a	1	2	97341
194.7	n/a	0	1	97350
194.716	n/a	0	1	97358
194.732	n/a	0	1	97366
194.75	n/a	0	1	97375
194.766	n/a	0	1	97383
194.782	n/a	0	1	97391
194.8	n/a	0	1	97400
194.816	n/a	0	1	97408
194.832	n/a	0	1	97416
194.85	n/a	0	1	97425
194.866	n/a	0	1	97433
194.882	n/a	0	1	97441
194.9	n/a	0	1	97450
194.916	n/a	0	1	97458
194.932	n/a	0	1	97466
194.95	n/a	0	1	97475
194.966	n/a	0	1	97483
194.982	n/a	0	1	97491
195.0	n/a	0	1	97500
195.016	n/a	0	1	97508
195.032	n/a	0	1	97516
195.05	n/a	0	1	97525
195.066	n/a	0	1	97533
195.082	n/a	0	1	97541
195.1	n/a	1	2	97550
195.116	n/a	1	2	97558
195.132	n/a	1	2	97566
195.15	n/a	1	2	97575
195.166	n/a	0	1	97583
195.182	n/a	0	1	97591
195.2	n/a	0	1	97600
195.216	n/a	0	1	97608
199.366	n/a	0	1	99683
199.382	n/a	1	2	99691
199.4	n/a	1	2	99700
199.416	n/a	1	2	99708
199.432	n/a	1	2	99716
199.45	n/a	0	1	99725
199.466	n/a	0	1	99733
199.482	n/a	0	1	99741
199.5	n/a	0	1	99750
199.516	n/a	0	1	99758
199.532	n/a	0	1	99766
199.55	n/a	0	1	99775
199.566	n/a	0	1	99783
199.582	n/a	0	1	99791
199.6	n/a	0	1	99800
199.616	n/a	0	1	99808
199.632	n/a	0	1	99816
199.65	n/a	0	1	99825
199.666	n/a	0	1	99833
199.682	n/a	0	1	99841
199.7	n/a	0	1	99850
199.716	n/a	0	1	99858
199.732	n/a	0	1	99866
199.75	n/a	0	1	99875
199.766	n/a	0	1	99883
199.782	n/a	0	1	99891
199.8	n/a	0	1	99900
199.816	n/a	0	1	99908
199.832	n/a	0	1	99916
199.85	n/a	0	1	99925
199.866	n/a	1	2	99933
199.882	n/a	1	2	99941
199.9	n/a	1	2	99950
199.916	n/a	1	2	99958
199.932	n/a	0	1	99966
199.95	n/a	0	1	99975
199.966	n/a	0	1	99983
199.982	n/a	0	1	99991
200.0	n/a	0	1	100000
200.016	n/a	0	1	100008
200.032	n/a	0	1	100016
200.05	n/a	0	1	100025
200.066	n/a	0	1	100033
200.082	n/a	0	1	100041
200.1	n/a	0	1	100050
200.116	n/a	0	1	100058
200.132	n/a	0	1	100066
200.15	n/a	0	1	100075
200.166	n/a	0	1	100083
200.182	n/a	0	1	100091
200.2	n/a	0	1	100100
200.216	n/a	0	1	100108
200.232	n/a	0	1	100116
200.25	n/a	0	1	100125
200.266	n/a	0	1	100133
200.282	n/a	0	1	100141
200.3	n/a	0	1	100150
200.316	n/a	0	1	100158
200.332	n/a	1	2	100166
200.35	n/a	1	2	100175
200.366	n/a	1	2	100183
200.382	n/a	1	2	100191
200.4	n/a	0	1	100200
200.416	n/a	0	1	100208
200.432	n/a	0	1	100216
200.45	n/a	0	1	100225
200.466	n/a	0	1	100233
200.482	n/a	0	1	100241
200.5	n/a	0	1	100250
200.516	n/a	0	1	100258
200.532	n/a	0	1	100266
200.55	n/a	0	1	100275
200.566	n/a	0	1	100283
200.582	n/a	0	1	100291
200.6	n/a	0	1	100300
200.616	n/a	0	1	100308
200.632	n/a	0	1	100316
200.65	n/a	0	1	100325
200.666	n/a	0	1	100333
200.682	n/a	0	1	100341
200.7	n/a	0	1	100350
200.716	n/a	0	1	100358
200.732	n/a	0	1	100366
200.75	n/a	1	2	100375
200.766	n/a	1	2	100383
200.782	n/a	1	2	100391
200.8	n/a	1	2	100400
200.816	n/a	0	1	100408
200.832	n/a	0	1	100416
200.85	n/a	0	1	100425
200.866	n/a	0	1	100433
200.882	n/a	0	1	100441
200.9	n/a	0	1	100450
200.916	n/a	0	1	100458
200.932	n/a	0	1	100466
200.95	n/a	0	1	100475
200.966	n/a	0	1	100483
200.982	n/a	0	1	100491
201.0	n/a	0	1	100500
201.016	n/a	0	1	100508
201.032	n/a	0	1	100516
201.05	n/a	0	1	100525
201.066	n/a	0	1	100533
201.082	n/a	0	1	100541
201.1	n/a	0	1	100550
201.116	n/a	0	1	100558
201.132	n/a	0	1	100566
201.15	n/a	0	1	100575
201.166	n/a	0	1	100583
201.182	n/a	1	2	100591
201.2	n/a	1	2	100600
201.216	n/a	1	2	100608
201.232	n/a	1	2	100616
201.25	n/a	0	1	100625
201.266	n/a	0	1	100633
201.282	n/a	0	1	100641
201.3	n/a	0	1	100650
202.782	n/a	0	1	101391
202.8	n/a	0	1	101400
202.816	n/a	0	1	101408
202.832	n/a	0	1	101416
202.85	n/a	0	1	101425
202.866	n/a	0	1	101433
202.882	n/a	0	1	101441
202.9	n/a	0	1	101450
202.916	n/a	0	1	101458
202.932	n/a	0	1	101466
202.95	n/a	0	1	101475
202.966	n/a	0	1	101483
202.982	n/a	0	1	101491
203.0	n/a	0	1	101500
203.016	n/a	0	1	101508
203.032	n/a	1	2	101516
203.05	n/a	1	2	101525
203.066	n/a	1	2	101533
203.082	n/a	1	2	101541
203.1	n/a	0	1	101550
203.116	n/a	0	1	101558
203.132	n/a	0	1	101566
203.15	n/a	0	1	101575
203.166	n/a	0	1	101583
203.182	n/a	0	1	101591
203.2	n/a	0	1	101600
203.216	n/a	0	1	101608
203.232	n/a	0	1	101616
203.25	n/a	0	1	101625
203.266	n/a	0	1	101633
203.282	n/a	0	1	101641
203.3	n/a	0	1	101650
203.316	n/a	0	1	101658
203.332	n/a	0	1	101666
203.35	n/a	0	1	101675
203.366	n/a	0	1	101683
203.382	n/a	0	1	101691
203.4	n/a	0	1	101700
203.416	n/a	0	1	101708
203.432	n/a	0	1	101716
203.45	n/a	0	1	101725
203.466	n/a	1	2	101733
203.482	n/a	1	2	101741
203.5	n/a	1	2	101750
203.516	n/a	1	2	101758
203.532	n/a	0	1	101766
203.55	n/a	0	1	101775
203.566	n/a	0	1	101783
203.582	n/a	0	1	101791
203.6	n/a	0	1	101800
203.616	n/a	0	1	101808
203.632	n/a	0	1	101816
203.65	n/a	0	1	101825
203.666	n/a	0	1	101833
203.682	n/a	0	1	101841
203.7	n/a	0	1	101850
203.716	n/a	0	1	101858
203.732	n/a	0	1	101866
203.75	n/a	0	1	101875
203.766	n/a	0	1	101883
203.782	n/a	0	1	101891
203.8	n/a	0	1	101900
203.816	n/a	0	1	101908
203.832	n/a	0	1	101916
203.85	n/a	0	1	101925
203.866	n/a	0	1	101933
203.882	n/a	0	1	101941
203.9	n/a	0	1	101950
203.916	n/a	0	1	101958
203.932	n/a	1	2	101966
203.95	n/a	1	2	101975
203.966	n/a	1	2	101983
203.982	n/a	1	2	101991
204.0	n/a	0	1	102000
204.016	n/a	0	1	102008
204.032	n/a	0	1	102016
204.05	n/a	0	1	102025
204.066	n/a	0	1	102033
204.082	n/a	0	1	102041
204.1	n/a	0	1	102050
204.116	n/a	0	1	102058
204.132	n/a	0	1	102066
204.15	n/a	0	1	102075
204.166	n/a	0	1	102083
204.182	n/a	0	1	102091
204.2	n/a	0	1	102100
204.216	n/a	0	1	102108
204.232	n/a	1	2	102116
204.25	n/a	1	2	102125
204.266	n/a	1	2	102133
204.282	n/a	1	2	102141
204.3	n/a	0	1	102150
204.316	n/a	0	1	102158
204.332	n/a	0	1	102166
204.35	n/a	0	1	102175
204.366	n/a	0	1	102183
204.382	n/a	0	1	102191
204.4	n/a	0	1	102200
204.416	n/a	0	1	102208
204.432	n/a	0	1	102216
204.45	n/a	0	1	102225
204.466	n/a	0	1	102233
204.482	n/a	0	1	102241
204.5	n/a	0	1	102250
204.516	n/a	0	1	102258
204.532	n/a	0	1	102266
204.55	n/a	0	1	102275
204.566	n/a	0	1	102283
204.582	n/a	0	1	102291
204.6	n/a	0	1	102300
204.616	n/a	0	1	102308
204.632	n/a	0	1	102316
204.65	n/a	0	1	102325
204.666	n/a	1	2	102333
204.682	n/a	1	2	102341
204.7	n/a	1	2	102350
204.716	n/a	1	2	102358
206.2	n/a	0	1	103100
206.216	n/a	0	1	103108
206.232	n/a	0	1	103116
206.25	n/a	0	1	103125
206.266	n/a	0	1	103133
206.282	n/a	0	1	103141
206.3	n/a	0	1	103150
206.316	n/a	0	1	103158
206.332	n/a	0	1	103166
206.35	n/a	0	1	103175
206.366	n/a	0	1	103183
206.382	n/a	0	1	103191
206.4	n/a	0	1	103200
206.416	n/a	0	1	103208
206.432	n/a	0	1	103216
206.45	n/a	0	1	103225
206.466	n/a	0	1	103233
206.482	n/a	0	1	103241
206.5	n/a	0	1	103250
206.516	n/a	0	1	103258
206.532	n/a	0	1	103266
206.55	n/a	0	1	103275
206.566	n/a	0	1	103283
206.582	n/a	1	2	103291
206.6	n/a	1	2	103300
206.616	n/a	1	2	103308
206.632	n/a	1	2	103316
206.65	n/a	0	1	103325
206.666	n/a	0	1	103333
206.682	n/a	0	1	103341
206.7	n/a	0	1	103350
206.716	n/a	0	1	103358
206.732	n/a	0	1	103366
206.75	n/a	0	1	103375
206.766	n/a	0	1	103383
206.782	n/a	0	1	103391
206.8	n/a	0	1	103400
206.816	n/a	0	1	103408
206.832	n/a	0	1	103416
206.85	n/a	0	1	103425
206.866	n/a	0	1	103433
206.882	n/a	0	1	103441
206.9	n/a	0	1	103450
206.916	n/a	0	1	103458
206.932	n/a	0	1	103466
206.95	n/a	0	1	103475
206.966	n/a	1	2	103483
206.982	n/a	1	2	103491
207.0	n/a	1	2	103500
207.016	n/a	1	2	103508
207.032	n/a	0	1	103516
207.05	n/a	0	1	103525
207.066	n/a	0	1	103533
207.082	n/a	0	1	103541
207.1	n/a	0	1	103550
207.116	n/a	0	1	103558
207.132	n/a	0	1	103566
207.15	n/a	0	1	103575
207.166	n/a	0	1	103583
207.182	n/a	0	1	103591
207.2	n/a	0	1	103600
207.216	n/a	0	1	103608
207.232	n/a	0	1	103616
207.25	n/a	0	1	103625
207.266	n/a	1	2	103633
207.282	n/a	1	2	103641
207.3	n/a	1	2	103650
207.316	n/a	1	2	103658
207.332	n/a	0	1	103666
207.35	n/a	0	1	103675
207.366	n/a	0	1	103683
207.382	n/a	0	1	103691
207.4	n/a	0	1	103700
207.416	n/a	0	1	103708
207.432	n/a	0	1	103716
207.45	n/a	0	1	103725
207.466	n/a	0	1	103733
207.482	n/a	0	1	103741
207.5	n/a	0	1	103750
207.516	n/a	0	1	103758
207.532	n/a	0	1	103766
207.55	n/a	1	2	103775
207.566	n/a	1	2	103783
207.582	n/a	1	2	103791
207.6	n/a	1	2	103800
207.616	n/a	0	1	103808
207.632	n/a	0	1	103816
207.65	n/a	0	1	103825
207.666	n/a	0	1	103833
207.682	n/a	0	1	103841
207.7	n/a	0	1	103850
207.716	n/a	0	1	103858
207.732	n/a	0	1	103866
207.75	n/a	0	1	103875
207.766	n/a	0	1	103883
207.782	n/a	0	1	103891
207.8	n/a	0	1	103900
207.816	n/a	0	1	103908
207.832	n/a	0	1	103916
207.85	n/a	0	1	103925
207.866	n/a	0	1	103933
207.882	n/a	1	2	103941
207.9	n/a	1	2	103950
207.916	n/a	1	2	103958
207.932	n/a	1	2	103966
207.95	n/a	0	1	103975
207.966	n/a	0	1	103983
207.982	n/a	0	1	103991
208.0	n/a	0	1	104000
208.016	n/a	0	1	104008
208.032	n/a	0	1	104016
208.05	n/a	0	1	104025
208.066	n/a	0	1	104033
208.082	n/a	0	1	104041
208.1	n/a	0	1	104050
208.116	n/a	0	1	104058
208.132	n/a	0	1	104066
209.616	n/a	0	1	104808
209.632	n/a	0	1	104816
209.65	n/a	0	1	104825
209.666	n/a	0	1	104833
209.682	n/a	0	1	104841
209.7	n/a	0	1	104850
209.716	n/a	0	1	104858
209.732	n/a	0	1	104866
209.75	n/a	0	1	104875
209.766	n/a	0	1	104883
209.782	n/a	0	1	104891
209.8	n/a	0	1	104900
209.816	n/a	0	1	104908
209.832	n/a	0	1	104916
209.85	n/a	0	1	104925
209.866	n/a	0	1	104933
209.882	n/a	0	1	104941
209.9	n/a	0	1	104950
209.916	n/a	1	2	104958
209.932	n/a	1	2	104966
209.95	n/a	1	2	104975
209.966	n/a	1	2	104983
209.982	n/a	0	1	104991
210.0	n/a	0	1	105000
210.016	n/a	0	1	105008
210.032	n/a	0	1	105016
210.05	n/a	0	1	105025
210.066	n/a	0	1	105033
210.082	n/a	0	1	105041
210.1	n/a	0	1	105050
210.116	n/a	0	1	105058
210.132	n/a	0	1	105066
210.15	n/a	0	1	105075
210.166	n/a	0	1	105083
210.182	n/a	0	1	105091
210.2	n/a	0	1	105100
210.216	n/a	0	1	105108
210.232	n/a	0	1	105116
210.25	n/a	0	1	105125
210.266	n/a	0	1	105133
210.282	n/a	0	1	105141
210.3	n/a	0	1	105150
210.316	n/a	1	2	105158
210.332	n/a	1	2	105166
210.35	n/a	1	2	105175
210.366	n/a	1	2	105183
210.382	n/a	0	1	105191
210.4	n/a	0	1	105200
210.416	n/a	0	1	105208
210.432	n/a	0	1	105216
210.45	n/a	0	1	105225
210.466	n/a	0	1	105233
210.482	n/a	0	1	105241
210.5	n/a	0	1	105250
210.516	n/a	0	1	105258
210.532	n/a	0	1	105266
210.55	n/a	0	1	105275
210.566	n/a	0	1	105283
210.582	n/a	0	1	105291
210.6	n/a	1	2	105300
210.616	n/a	1	2	105308
210.632	n/a	1	2	105316
210.65	n/a	1	2	105325
210.666	n/a	0	1	105333
210.682	n/a	0	1	105341
210.7	n/a	0	1	105350
210.716	n/a	0	1	105358
210.732	n/a	0	1	105366
210.75	n/a	0	1	105375
210.766	n/a	0	1	105383
210.782	n/a	0	1	105391
210.8	n/a	0	1	105400
210.816	n/a	0	1	105408
210.832	n/a	0	1	105416
210.85	n/a	0	1	105425
210.866	n/a	0	1	105433
210.882	n/a	0	1	105441
210.9	n/a	0	1	105450
210.916	n/a	0	1	105458
210.932	n/a	0	1	105466
210.95	n/a	0	1	105475
210.966	n/a	1	2	105483
210.982	n/a	1	2	105491
211.0	n/a	1	2	105500
211.016	n/a	1	2	105508
211.032	n/a	0	1	105516
211.05	n/a	0	1	105525
211.066	n/a	0	1	105533
211.082	n/a	0	1	105541
211.1	n/a	0	1	105550
211.116	n/a	0	1	105558
211.132	n/a	0	1	105566
211.15	n/a	0	1	105575
211.166	n/a	0	1	105583
211.182	n/a	0	1	105591
211.2	n/a	0	1	105600
211.216	n/a	0	1	105608
211.232	n/a	0	1	105616
211.25	n/a	0	1	105625
211.266	n/a	0	1	105633
211.282	n/a	0	1	105641
211.3	n/a	0	1	105650
211.316	n/a	0	1	105658
211.332	n/a	0	1	105666
211.35	n/a	0	1	105675
211.366	n/a	0	1	105683
211.382	n/a	0	1	105691
211.4	n/a	0	1	105700
211.416	n/a	0	1	105708
211.432	n/a	1	2	105716
211.45	n/a	1	2	105725
211.466	n/a	1	2	105733
211.482	n/a	1	2	105741
211.5	n/a	0	1	105750
211.516	n/a	0	1	105758
211.532	n/a	0	1	105766
211.55	n/a	0	1	105775
214.282	n/a	0	1	107141
214.3	n/a	0	1	107150
214.316	n/a	0	1	107158
214.332	n/a	0	1	107166
214.35	n/a	0	1	107175
214.366	n/a	0	1	107183
214.382	n/a	0	1	107191
214.4	n/a	0	1	107200
214.416	n/a	0	1	107208
214.432	n/a	0	1	107216
214.45	n/a	0	1	107225
214.466	n/a	0	1	107233
214.482	n/a	0	1	107241
214.5	n/a	0	1	107250
214.516	n/a	0	1	107258
214.532	n/a	0	1	107266
214.55	n/a	0	1	107275
214.566	n/a	0	1	107283
214.582	n/a	0	1	107291
214.6	n/a	0	1	107300
214.616	n/a	0	1	107308
214.632	n/a	0	1	107316
214.65	n/a	0	1	107325
214.666	n/a	1	2	107333
214.682	n/a	1	2	107341
214.7	n/a	1	2	107350
214.716	n/a	1	2	107358
214.732	n/a	0	1	107366
214.75	n/a	0	1	107375
214.766	n/a	0	1	107383
214.782	n/a	0	1	107391
214.8	n/a	0	1	107400
214.816	n/a	0	1	107408
214.832	n/a	0	1	107416
214.85	n/a	0	1	107425
214.866	n/a	0	1	107433
214.882	n/a	0	1	107441
214.9	n/a	0	1	107450
214.916	n/a	0	1	107458
214.932	n/a	0	1	107466
214.95	n/a	0	1	107475
214.966	n/a	0	1	107483
214.982	n/a	0	1	107491
215.0	n/a	0	1	107500
215.016	n/a	0	1	107508
215.032	n/a	0	1	107516
215.05	n/a	1	2	107525
215.066	n/a	1	2	107533
215.082	n/a	1	2	107541
215.1	n/a	1	2	107550
215.116	n/a	0	1	107558
215.132	n/a	0	1	107566
215.15	n/a	0	1	107575
215.166	n/a	0	1	107583
215.182	n/a	0	1	107591
215.2	n/a	0	1	107600
215.216	n/a	0	1	107608
215.232	n/a	0	1	107616
215.25	n/a	0	1	107625
215.266	n/a	0	1	107633
215.282	n/a	0	1	107641
215.3	n/a	0	1	107650
215.316	n/a	0	1	107658
215.332	n/a	0	1	107666
215.35	n/a	1	2	107675
215.366	n/a	1	2	107683
215.382	n/a	1	2	107691
215.4	n/a	1	2	107700
215.416	n/a	0	1	107708
215.432	n/a	0	1	107716
215.45	n/a	0	1	107725
215.466	n/a	0	1	107733
215.482	n/a	0	1	107741
215.5	n/a	0	1	107750
215.516	n/a	0	1	107758
215.532	n/a	0	1	107766
215.55	n/a	0	1	107775
215.566	n/a	0	1	107783
215.582	n/a	0	1	107791
215.6	n/a	0	1	107800
215.616	n/a	0	1	107808
215.632	n/a	1	2	107816
215.65	n/a	1	2	107825
215.666	n/a	1	2	107833
215.682	n/a	1	2	107841
215.7	n/a	0	1	107850
215.716	n/a	0	1	107858
215.732	n/a	0	1	107866
215.75	n/a	0	1	107875
215.766	n/a	0	1	107883
215.782	n/a	0	1	107891
215.8	n/a	0	1	107900
215.816	n/a	0	1	107908
215.832	n/a	0	1	107916
215.85	n/a	0	1	107925
215.866	n/a	0	1	107933
215.882	n/a	0	1	107941
215.9	n/a	0	1	107950
215.916	n/a	0	1	107958
215.932	n/a	0	1	107966
215.95	n/a	0	1	107975
215.966	n/a	1	2	107983
215.982	n/a	1	2	107991
216.0	n/a	1	2	108000
216.016	n/a	1	2	108008
216.032	n/a	0	1	108016
216.05	n/a	0	1	108025
216.066	n/a	0	1	108033
216.082	n/a	0	1	108041
216.1	n/a	0	1	108050
216.116	n/a	0	1	108058
216.132	n/a	0	1	108066
216.15	n/a	0	1	108075
216.166	n/a	0	1	108083
216.182	n/a	0	1	108091
216.2	n/a	0	1	108100
216.216	n/a	0	1	108108
217.7	n/a	0	1	108850
217.716	n/a	1	2	108858
217.732	n/a	1	2	108866
217.75	n/a	1	2	108875
217.766	n/a	1	2	108883
217.782	n/a	0	1	108891
217.8	n/a	0	1	108900
217.816	n/a	0	1	108908
217.832	n/a	0	1	108916
217.85	n/a	0	1	108925
217.866	n/a	0	1	108933
217.882	n/a	0	1	108941
217.9	n/a	0	1	108950
217.916	n/a	0	1	108958
217.932	n/a	0	1	108966
217.95	n/a	0	1	108975
217.966	n/a	0	1	108983
217.982	n/a	0	1	108991
218.0	n/a	0	1	109000
218.016	n/a	0	1	109008
218.032	n/a	0	1	109016
218.05	n/a	0	1	109025
218.066	n/a	0	1	109033
218.082	n/a	0	1	109041
218.1	n/a	0	1	109050
218.116	n/a	0	1	109058
218.132	n/a	0	1	109066
218.15	n/a	0	1	109075
218.166	n/a	0	1	109083
218.182	n/a	0	1	109091
218.2	n/a	1	2	109100
218.216	n/a	1	2	109108
218.232	n/a	1	2	109116
218.25	n/a	1	2	109125
218.266	n/a	0	1	109133
218.282	n/a	0	1	109141
218.3	n/a	0	1	109150
218.316	n/a	0	1	109158
218.332	n/a	0	1	109166
218.35	n/a	0	1	109175
218.366	n/a	0	1	109183
218.382	n/a	0	1	109191
218.4	n/a	0	1	109200
218.416	n/a	0	1	109208
218.432	n/a	0	1	109216
218.45	n/a	0	1	109225
218.466	n/a	0	1	109233
218.482	n/a	0	1	109241
218.5	n/a	0	1	109250
218.516	n/a	0	1	109258
218.532	n/a	0	1	109266
218.55	n/a	0	1	109275
218.566	n/a	0	1	109283
218.582	n/a	0	1	109291
218.6	n/a	0	1	109300
218.616	n/a	0	1	109308
218.632	n/a	0	1	109316
218.65	n/a	0	1	109325
218.666	n/a	1	2	109333
218.682	n/a	1	2	109341
218.7	n/a	1	2	109350
218.716	n/a	1	2	109358
218.732	n/a	0	1	109366
218.75	n/a	0	1	109375
218.766	n/a	0	1	109383
218.782	n/a	0	1	109391
218.8	n/a	0	1	109400
218.816	n/a	0	1	109408
218.832	n/a	0	1	109416
218.85	n/a	0	1	109425
218.866	n/a	0	1	109433
218.882	n/a	0	1	109441
218.9	n/a	0	1	109450
218.916	n/a	0	1	109458
218.932	n/a	0	1	109466
218.95	n/a	0	1	109475
218.966	n/a	0	1	109483
218.982	n/a	0	1	109491
219.0	n/a	0	1	109500
219.016	n/a	0	1	109508
219.032	n/a	0	1	109516
219.05	n/a	0	1	109525
219.066	n/a	0	1	109533
219.082	n/a	1	2	109541
219.1	n/a	1	2	109550
219.116	n/a	1	2	109558
219.132	n/a	1	2	109566
219.15	n/a	0	1	109575
219.166	n/a	0	1	109583
219.182	n/a	0	1	109591
219.2	n/a	0	1	109600
219.216	n/a	0	1	109608
219.232	n/a	0	1	109616
219.25	n/a	0	1	109625
219.266	n/a	0	1	109633
219.282	n/a	0	1	109641
219.3	n/a	0	1	109650
219.316	n/a	0	1	109658
219.332	n/a	0	1	109666
219.35	n/a	0	1	109675
219.366	n/a	0	1	109683
219.382	n/a	0	1	109691
219.4	n/a	0	1	109700
219.416	n/a	0	1	109708
219.432	n/a	0	1	109716
219.45	n/a	0	1	109725
219.466	n/a	0	1	109733
219.482	n/a	0	1	109741
219.5	n/a	0	1	109750
219.516	n/a	1	2	109758
219.532	n/a	1	2	109766
219.55	n/a	1	2	109775
219.566	n/a	1	2	109783
219.582	n/a	0	1	109791
219.6	n/a	0	1	109800
219.616	n/a	0	1	109808
219.632	n/a	0	1	109816
221.116	n/a	0	1	110558
221.132	n/a	0	1	110566
221.15	n/a	0	1	110575
221.166	n/a	0	1	110583
221.182	n/a	0	1	110591
221.2	n/a	0	1	110600
221.216	n/a	0	1	110608
221.232	n/a	0	1	110616
221.25	n/a	0	1	110625
221.266	n/a	0	1	110633
221.282	n/a	0	1	110641
221.3	n/a	0	1	110650
221.316	n/a	0	1	110658
221.332	n/a	0	1	110666
221.35	n/a	0	1	110675
221.366	n/a	0	1	110683
221.382	n/a	0	1	110691
221.4	n/a	0	1	110700
221.416	n/a	1	2	110708
221.432	n/a	1	2	110716
221.45	n/a	1	2	110725
221.466	n/a	1	2	110733
221.482	n/a	0	1	110741
221.5	n/a	0	1	110750
221.516	n/a	0	1	110758
221.532	n/a	0	1	110766
221.55	n/a	0	1	110775
221.566	n/a	0	1	110783
221.582	n/a	0	1	110791
221.6	n/a	0	1	110800
221.616	n/a	0	1	110808
221.632	n/a	0	1	110816
221.65	n/a	0	1	110825
221.666	n/a	0	1	110833
221.682	n/a	0	1	110841
221.7	n/a	0	1	110850
221.716	n/a	0	1	110858
221.732	n/a	0	1	110866
221.75	n/a	0	1	110875
221.766	n/a	0	1	110883
221.782	n/a	0	1	110891
221.8	n/a	0	1	110900
221.816	n/a	1	2	110908
221.832	n/a	1	2	110916
221.85	n/a	1	2	110925
221.866	n/a	1	2	110933
221.882	n/a	0	1	110941
221.9	n/a	0	1	110950
221.916	n/a	0	1	110958
221.932	n/a	0	1	110966
221.95	n/a	0	1	110975
221.966	n/a	0	1	110983
221.982	n/a	0	1	110991
222.0	n/a	0	1	111000
222.016	n/a	0	1	111008
222.032	n/a	0	1	111016
222.05	n/a	0	1	111025
222.066	n/a	0	1	111033
222.082	n/a	0	1	111041
222.1	n/a	1	2	111050
222.116	n/a	1	2	111058
222.132	n/a	1	2	111066
222.15	n/a	1	2	111075
222.166	n/a	0	1	111083
222.182	n/a	0	1	111091
222.2	n/a	0	1	111100
222.216	n/a	0	1	111108
222.232	n/a	0	1	111116
222.25	n/a	0	1	111125
222.266	n/a	0	1	111133
222.282	n/a	0	1	111141
222.3	n/a	0	1	111150
222.316	n/a	0	1	111158
222.332	n/a	0	1	111166
222.35	n/a	0	1	111175
222.366	n/a	0	1	111183
222.382	n/a	0	1	111191
222.4	n/a	0	1	111200
222.416	n/a	0	1	111208
222.432	n/a	0	1	111216
222.45	n/a	0	1	111225
222.466	n/a	1	2	111233
222.482	n/a	1	2	111241
222.5	n/a	1	2	111250
222.516	n/a	1	2	111258
222.532	n/a	0	1	111266
222.55	n/a	0	1	111275
222.566	n/a	0	1	111283
222.582	n/a	0	1	111291
222.6	n/a	0	1	111300
222.616	n/a	0	1	111308
222.632	n/a	0	1	111316
222.65	n/a	0	1	111325
222.666	n/a	0	1	111333
222.682	n/a	0	1	111341
222.7	n/a	0	1	111350
222.716	n/a	0	1	111358
222.732	n/a	0	1	111366
222.75	n/a	0	1	111375
222.766	n/a	0	1	111383
222.782	n/a	0	1	111391
222.8	n/a	0	1	111400
222.816	n/a	0	1	111408
222.832	n/a	0	1	111416
222.85	n/a	0	1	111425
222.866	n/a	0	1	111433
222.882	n/a	0	1	111441
222.9	n/a	0	1	111450
222.916	n/a	0	1	111458
222.932	n/a	1	2	111466
222.95	n/a	1	2	111475
222.966	n/a	1	2	111483
222.982	n/a	1	2	111491
223.0	n/a	0	1	111500
223.016	n/a	0	1	111508
223.032	n/a	0	1	111516
223.05	n/a	0	1	111525
224.532	n/a	0	1	112266
224.55	n/a	0	1	112275
224.566	n/a	0	1	112283
224.582	n/a	0	1	112291
224.6	n/a	0	1	112300
224.616	n/a	0	1	112308
224.632	n/a	0	1	112316
224.65	n/a	0	1	112325
224.666	n/a	0	1	112333
224.682	n/a	0	1	112341
224.7	n/a	0	1	112350
224.716	n/a	0	1	112358
224.732	n/a	0	1	112366
224.75	n/a	0	1	112375
224.766	n/a	0	1	112383
224.782	n/a	1	2	112391
224.8	n/a	1	2	112400
224.816	n/a	1	2	112408
224.832	n/a	1	2	112416
224.85	n/a	0	1	112425
224.866	n/a	0	1	112433
224.882	n/a	0	1	112441
224.9	n/a	0	1	112450
224.916	n/a	0	1	112458
224.932	n/a	0	1	112466
224.95	n/a	0	1	112475
224.966	n/a	0	1	112483
224.982	n/a	0	1	112491
225.0	n/a	0	1	112500
225.016	n/a	0	1	112508
225.032	n/a	0	1	112516
225.05	n/a	0	1	112525
225.066	n/a	0	1	112533
225.082	n/a	0	1	112541
225.1	n/a	0	1	112550
225.116	n/a	0	1	112558
225.132	n/a	0	1	112566
225.15	n/a	0	1	112575
225.166	n/a	0	1	112583
225.182	n/a	0	1	112591
225.2	n/a	0	1	112600
225.216	n/a	1	2	112608
225.232	n/a	1	2	112616
225.25	n/a	1	2	112625
225.266	n/a	1	2	112633
225.282	n/a	0	1	112641
225.3	n/a	0	1	112650
225.316	n/a	0	1	112658
225.332	n/a	0	1	112666
225.35	n/a	0	1	112675
225.366	n/a	0	1	112683
225.382	n/a	0	1	112691
225.4	n/a	0	1	112700
225.416	n/a	0	1	112708
225.432	n/a	0	1	112716
225.45	n/a	0	1	112725
225.466	n/a	0	1	112733
225.482	n/a	0	1	112741
225.5	n/a	0	1	112750
225.516	n/a	0	1	112758
225.532	n/a	0	1	112766
225.55	n/a	0	1	112775
225.566	n/a	0	1	112783
225.582	n/a	0	1	112791
225.6	n/a	0	1	112800
225.616	n/a	0	1	112808
225.632	n/a	0	1	112816
225.65	n/a	0	1	112825
225.666	n/a	0	1	112833
225.682	n/a	1	2	112841
225.7	n/a	1	2	112850
225.716	n/a	1	2	112858
225.732	n/a	1	2	112866
225.75	n/a	0	1	112875
225.766	n/a	0	1	112883
225.782	n/a	0	1	112891
225.8	n/a	0	1	112900
225.816	n/a	0	1	112908
225.832	n/a	0	1	112916
225.85	n/a	0	1	112925
225.866	n/a	0	1	112933
225.882	n/a	0	1	112941
225.9	n/a	0	1	112950
225.916	n/a	0	1	112958
225.932	n/a	0	1	112966
225.95	n/a	0	1	112975
225.966	n/a	0	1	112983
225.982	n/a	1	2	112991
226.0	n/a	1	2	113000
226.016	n/a	1	2	113008
226.032	n/a	1	2	113016
226.05	n/a	0	1	113025
226.066	n/a	0	1	113033
226.082	n/a	0	1	113041
226.1	n/a	0	1	113050
226.116	n/a	0	1	113058
226.132	n/a	0	1	113066
226.15	n/a	0	1	113075
226.166	n/a	0	1	113083
226.182	n/a	0	1	113091
226.2	n/a	0	1	113100
226.216	n/a	0	1	113108
226.232	n/a	0	1	113116
226.25	n/a	0	1	113125
226.266	n/a	0	1	113133
226.282	n/a	0	1	113141
226.3	n/a	0	1	113150
226.316	n/a	0	1	113158
226.332	n/a	0	1	113166
226.35	n/a	0	1	113175
226.366	n/a	0	1	113183
226.382	n/a	0	1	113191
226.4	n/a	0	1	113200
226.416	n/a	1	2	113208
226.432	n/a	1	2	113216
226.45	n/a	1	2	113225
226.466	n/a	1	2	113233
230.816	n/a	0	1	115408
230.832	n/a	0	1	115416
230.85	n/a	0	1	115425
230.866	n/a	0	1	115433
230.882	n/a	0	1	115441
230.9	n/a	0	1	115450
230.916	n/a	0	1	115458
230.932	n/a	0	1	115466
230.95	n/a	0	1	115475
230.966	n/a	0	1	115483
230.982	n/a	0	1	115491
231.0	n/a	0	1	115500
231.016	n/a	0	1	115508
231.032	n/a	0	1	115516
231.05	n/a	0	1	115525
231.066	n/a	0	1	115533
231.082	n/a	0	1	115541
231.1	n/a	0	1	115550
231.116	n/a	1	2	115558
231.132	n/a	1	2	115566
231.15	n/a	1	2	115575
231.166	n/a	1	2	115583
231.182	n/a	0	1	115591
231.2	n/a	0	1	115600
231.216	n/a	0	1	115608
231.232	n/a	0	1	115616
231.25	n/a	0	1	115625
231.266	n/a	0	1	115633
231.282	n/a	0	1	115641
231.3	n/a	0	1	115650
231.316	n/a	0	1	115658
231.332	n/a	0	1	115666
231.35	n/a	0	1	115675
231.366	n/a	0	1	115683
231.382	n/a	0	1	115691
231.4	n/a	0	1	115700
231.416	n/a	0	1	115708
231.432	n/a	0	1	115716
231.45	n/a	0	1	115725
231.466	n/a	0	1	115733
231.482	n/a	0	1	115741
231.5	n/a	0	1	115750
231.516	n/a	1	2	115758
231.532	n/a	1	2	115766
231.55	n/a	1	2	115775
231.566	n/a	1	2	115783
231.582	n/a	0	1	115791
231.6	n/a	0	1	115800
231.616	n/a	0	1	115808
231.632	n/a	0	1	115816
231.65	n/a	0	1	115825
231.666	n/a	0	1	115833
231.682	n/a	0	1	115841
231.7	n/a	0	1	115850
231.716	n/a	0	1	115858
231.732	n/a	0	1	115866
231.75	n/a	0	1	115875
231.766	n/a	0	1	115883
231.782	n/a	0	1	115891
231.8	n/a	1	2	115900
231.816	n/a	1	2	115908
231.832	n/a	1	2	115916
231.85	n/a	1	2	115925
231.866	n/a	0	1	115933
231.882	n/a	0	1	115941
231.9	n/a	0	1	115950
231.916	n/a	0	1	115958
231.932	n/a	0	1	115966
231.95	n/a	0	1	115975
231.966	n/a	0	1	115983
231.982	n/a	0	1	115991
232.0	n/a	0	1	116000
232.016	n/a	0	1	116008
232.032	n/a	0	1	116016
232.05	n/a	0	1	116025
232.066	n/a	0	1	116033
232.082	n/a	0	1	116041
232.1	n/a	0	1	116050
232.116	n/a	0	1	116058
232.132	n/a	0	1	116066
232.15	n/a	0	1	116075
232.166	n/a	1	2	116083
232.182	n/a	1	2	116091
232.2	n/a	1	2	116100
232.216	n/a	1	2	116108
232.232	n/a	0	1	116116
232.25	n/a	0	1	116125
232.266	n/a	0	1	116133
232.282	n/a	0	1	116141
232.3	n/a	0	1	116150
232.316	n/a	0	1	116158
232.332	n/a	0	1	116166
232.35	n/a	0	1	116175
232.366	n/a	0	1	116183
232.382	n/a	0	1	116191
232.4	n/a	0	1	116200
232.416	n/a	0	1	116208
232.432	n/a	0	1	116216
232.45	n/a	0	1	116225
232.466	n/a	0	1	116233
232.482	n/a	0	1	116241
232.5	n/a	0	1	116250
232.516	n/a	0	1	116258
232.532	n/a	0	1	116266
232.55	n/a	0	1	116275
232.566	n/a	0	1	116283
232.582	n/a	0	1	116291
232.6	n/a	0	1	116300
232.616	n/a	0	1	116308
232.632	n/a	1	2	116316
232.65	n/a	1	2	116325
232.666	n/a	1	2	116333
232.682	n/a	1	2	116341
232.7	n/a	0	1	116350
232.716	n/a	0	1	116358
232.732	n/a	0	1	116366
232.75	n/a	0	1	116375
234.232	n/a	0	1	117116
234.25	n/a	0	1	117125
234.266	n/a	0	1	117133
234.282	n/a	0	1	117141
234.3	n/a	0	1	117150
234.316	n/a	0	1	117158
234.332	n/a	0	1	117166
234.35	n/a	0	1	117175
234.366	n/a	0	1	117183
234.382	n/a	0	1	117191
234.4	n/a	0	1	117200
234.416	n/a	0	1	117208
234.432	n/a	0	1	117216
234.45	n/a	0	1	117225
234.466	n/a	0	1	117233
234.482	n/a	1	2	117241
234.5	n/a	1	2	117250
234.516	n/a	1	2	117258
234.532	n/a	1	2	117266
234.55	n/a	0	1	117275
234.566	n/a	0	1	117283
234.582	n/a	0	1	117291
234.6	n/a	0	1	117300
234.616	n/a	0	1	117308
234.632	n/a	0	1	117316
234.65	n/a	0	1	117325
234.666	n/a	0	1	117333
234.682	n/a	0	1	117341
234.7	n/a	0	1	117350
234.716	n/a	0	1	117358
234.732	n/a	0	1	117366
234.75	n/a	0	1	117375
234.766	n/a	0	1	117383
234.782	n/a	0	1	117391
234.8	n/a	0	1	117400
234.816	n/a	0	1	117408
234.832	n/a	0	1	117416
234.85	n/a	0	1	117425
234.866	n/a	0	1	117433
234.882	n/a	0	1	117441
234.9	n/a	0	1	117450
234.916	n/a	1	2	117458
234.932	n/a	1	2	117466
234.95	n/a	1	2	117475
234.966	n/a	1	2	117483
234.982	n/a	0	1	117491
235.0	n/a	0	1	117500
235.016	n/a	0	1	117508
235.032	n/a	0	1	117516
235.05	n/a	0	1	117525
235.066	n/a	0	1	117533
235.082	n/a	0	1	117541
235.1	n/a	0	1	117550
235.116	n/a	0	1	117558
235.132	n/a	0	1	117566
235.15	n/a	0	1	117575
235.166	n/a	0	1	117583
235.182	n/a	0	1	117591
235.2	n/a	0	1	117600
235.216	n/a	0	1	117608
235.232	n/a	0	1	117616
235.25	n/a	0	1	117625
235.266	n/a	0	1	117633
235.282	n/a	0	1	117641
235.3	n/a	0	1	117650
235.316	n/a	0	1	117658
235.332	n/a	0	1	117666
235.35	n/a	0	1	117675
235.366	n/a	0	1	117683
235.382	n/a	1	2	117691
235.4	n/a	1	2	117700
235.416	n/a	1	2	117708
235.432	n/a	1	2	117716
235.45	n/a	0	1	117725
235.466	n/a	0	1	117733
235.482	n/a	0	1	117741
235.5	n/a	0	1	117750
235.516	n/a	0	1	117758
235.532	n/a	0	1	117766
235.55	n/a	0	1	117775
235.566	n/a	0	1	117783
235.582	n/a	0	1	117791
235.6	n/a	0	1	117800
235.616	n/a	0	1	117808
235.632	n/a	0	1	117816
235.65	n/a	0	1	117825
235.666	n/a	0	1	117833
235.682	n/a	1	2	117841
235.7	n/a	1	2	117850
235.716	n/a	1	2	117858
235.732	n/a	1	2	117866
235.75	n/a	0	1	117875
235.766	n/a	0	1	117883
235.782	n/a	0	1	117891
235.8	n/a	0	1	117900
235.816	n/a	0	1	117908
235.832	n/a	0	1	117916
235.85	n/a	0	1	117925
235.866	n/a	0	1	117933
235.882	n/a	0	1	117941
235.9	n/a	0	1	117950
235.916	n/a	0	1	117958
235.932	n/a	0	1	117966
235.95	n/a	0	1	117975
235.966	n/a	0	1	117983
235.982	n/a	0	1	117991
236.0	n/a	0	1	118000
236.016	n/a	0	1	118008
236.032	n/a	0	1	118016
236.05	n/a	0	1	118025
236.066	n/a	0	1	118033
236.082	n/a	0	1	118041
236.1	n/a	0	1	118050
236.116	n/a	1	2	118058
236.132	n/a	1	2	118066
236.15	n/a	1	2	118075
236.166	n/a	1	2	118083
237.65	n/a	0	1	118825
237.666	n/a	0	1	118833
237.682	n/a	0	1	118841
237.7	n/a	0	1	118850
237.716	n/a	0	1	118858
237.732	n/a	0	1	118866
237.75	n/a	0	1	118875
237.766	n/a	0	1	118883
237.782	n/a	0	1	118891
237.8	n/a	0	1	118900
237.816	n/a	0	1	118908
237.832	n/a	0	1	118916
237.85	n/a	0	1	118925
237.866	n/a	0	1	118933
237.882	n/a	0	1	118941
237.9	n/a	0	1	118950
237.916	n/a	0	1	118958
237.932	n/a	0	1	118966
237.95	n/a	0	1	118975
237.966	n/a	0	1	118983
237.982	n/a	0	1	118991
238.0	n/a	0	1	119000
238.016	n/a	0	1	119008
238.032	n/a	1	2	119016
238.05	n/a	1	2	119025
238.066	n/a	1	2	119033
238.082	n/a	1	2	119041
238.1	n/a	0	1	119050
238.116	n/a	0	1	119058
238.132	n/a	0	1	119066
238.15	n/a	0	1	119075
238.166	n/a	0	1	119083
238.182	n/a	0	1	119091
238.2	n/a	0	1	119100
238.216	n/a	0	1	119108
238.232	n/a	0	1	119116
238.25	n/a	0	1	119125
238.266	n/a	0	1	119133
238.282	n/a	0	1	119141
238.3	n/a	0	1	119150
238.316	n/a	0	1	119158
238.332	n/a	0	1	119166
238.35	n/a	0	1	119175
238.366	n/a	0	1	119183
238.382	n/a	0	1	119191
238.4	n/a	0	1	119200
238.416	n/a	1	2	119208
238.432	n/a	1	2	119216
238.45	n/a	1	2	119225
238.466	n/a	1	2	119233
238.482	n/a	0	1	119241
238.5	n/a	0	1	119250
238.516	n/a	0	1	119258
238.532	n/a	0	1	119266
238.55	n/a	0	1	119275
238.566	n/a	0	1	119283
238.582	n/a	0	1	119291
238.6	n/a	0	1	119300
238.616	n/a	0	1	119308
238.632	n/a	0	1	119316
238.65	n/a	0	1	119325
238.666	n/a	0	1	119333
238.682	n/a	0	1	119341
238.7	n/a	0	1	119350
238.716	n/a	1	2	119358
238.732	n/a	1	2	119366
238.75	n/a	1	2	119375
238.766	n/a	1	2	119383
238.782	n/a	0	1	119391
238.8	n/a	0	1	119400
238.816	n/a	0	1	119408
238.832	n/a	0	1	119416
238.85	n/a	0	1	119425
238.866	n/a	0	1	119433
238.882	n/a	0	1	119441
238.9	n/a	0	1	119450
238.916	n/a	0	1	119458
238.932	n/a	0	1	119466
238.95	n/a	0	1	119475
238.966	n/a	0	1	119483
238.982	n/a	0	1	119491
239.0	n/a	1	2	119500
239.016	n/a	1	2	119508
239.032	n/a	1	2	119516
239.05	n/a	1	2	119525
239.066	n/a	0	1	119533
239.082	n/a	0	1	119541
239.1	n/a	0	1	119550
239.116	n/a	0	1	119558
239.132	n/a	0	1	119566
239.15	n/a	0	1	119575
239.166	n/a	0	1	119583
239.182	n/a	0	1	119591
239.2	n/a	0	1	119600
239.216	n/a	0	1	119608
239.232	n/a	0	1	119616
239.25	n/a	0	1	119625
239.266	n/a	0	1	119633
239.282	n/a	0	1	119641
239.3	n/a	0	1	119650
239.316	n/a	0	1	119658
239.332	n/a	1	2	119666
239.35	n/a	1	2	119675
239.366	n/a	1	2	119683
239.382	n/a	1	2	119691
239.4	n/a	0	1	119700
239.416	n/a	0	1	119708
239.432	n/a	0	1	119716
239.45	n/a	0	1	119725
239.466	n/a	0	1	119733
239.482	n/a	0	1	119741
239.5	n/a	0	1	119750
239.516	n/a	0	1	119758
239.532	n/a	0	1	119766
239.55	n/a	0	1	119775
239.566	n/a	0	1	119783
239.582	n/a	0	1	119791
241.066	n/a	0	1	120533
241.082	n/a	1	2	120541
241.1	n/a	1	2	120550
241.116	n/a	1	2	120558
241.132	n/a	1	2	120566
241.15	n/a	0	1	120575
241.166	n/a	0	1	120583
241.182	n/a	0	1	120591
241.2	n/a	0	1	120600
241.216	n/a	0	1	120608
241.232	n/a	0	1	120616
241.25	n/a	0	1	120625
241.266	n/a	0	1	120633
241.282	n/a	0	1	120641
241.3	n/a	0	1	120650
241.316	n/a	0	1	120658
241.332	n/a	0	1	120666
241.35	n/a	0	1	120675
241.366	n/a	0	1	120683
241.382	n/a	0	1	120691
241.4	n/a	0	1	120700
241.416	n/a	0	1	120708
241.432	n/a	0	1	120716
241.45	n/a	0	1	120725
241.466	n/a	0	1	120733
241.482	n/a	0	1	120741
241.5	n/a	0	1	120750
241.516	n/a	0	1	120758
241.532	n/a	0	1	120766
241.55	n/a	0	1	120775
241.566	n/a	1	2	120783
241.582	n/a	1	2	120791
241.6	n/a	1	2	120800
241.616	n/a	1	2	120808
241.632	n/a	0	1	120816
241.65	n/a	0	1	120825
241.666	n/a	0	1	120833
241.682	n/a	0	1	120841
241.7	n/a	0	1	120850
241.716	n/a	0	1	120858
241.732	n/a	0	1	120866
241.75	n/a	0	1	120875
241.766	n/a	0	1	120883
241.782	n/a	0	1	120891
241.8	n/a	0	1	120900
241.816	n/a	0	1	120908
241.832	n/a	0	1	120916
241.85	n/a	0	1	120925
241.866	n/a	0	1	120933
241.882	n/a	0	1	120941
241.9	n/a	0	1	120950
241.916	n/a	0	1	120958
241.932	n/a	0	1	120966
241.95	n/a	0	1	120975
241.966	n/a	0	1	120983
241.982	n/a	0	1	120991
242.0	n/a	0	1	121000
242.016	n/a	0	1	121008
242.032	n/a	1	2	121016
242.05	n/a	1	2	121025
242.066	n/a	1	2	121033
242.082	n/a	1	2	121041
242.1	n/a	0	1	121050
242.116	n/a	0	1	121058
242.132	n/a	0	1	121066
242.15	n/a	0	1	121075
242.166	n/a	0	1	121083
242.182	n/a	0	1	121091
242.2	n/a	0	1	121100
242.216	n/a	0	1	121108
242.232	n/a	0	1	121116
242.25	n/a	0	1	121125
242.266	n/a	0	1	121133
242.282	n/a	0	1	121141
242.3	n/a	0	1	121150
242.316	n/a	0	1	121158
242.332	n/a	0	1	121166
242.35	n/a	0	1	121175
242.366	n/a	0	1	121183
242.382	n/a	0	1	121191
242.4	n/a	0	1	121200
242.416	n/a	0	1	121208
242.432	n/a	0	1	121216
242.45	n/a	1	2	121225
242.466	n/a	1	2	121233
242.482	n/a	1	2	121241
242.5	n/a	1	2	121250
242.516	n/a	0	1	121258
242.532	n/a	0	1	121266
242.55	n/a	0	1	121275
242.566	n/a	0	1	121283
242.582	n/a	0	1	121291
242.6	n/a	0	1	121300
242.616	n/a	0	1	121308
242.632	n/a	0	1	121316
242.65	n/a	0	1	121325
242.666	n/a	0	1	121333
242.682	n/a	0	1	121341
242.7	n/a	0	1	121350
242.716	n/a	0	1	121358
242.732	n/a	0	1	121366
242.75	n/a	0	1	121375
242.766	n/a	0	1	121383
242.782	n/a	0	1	121391
242.8	n/a	0	1	121400
242.816	n/a	0	1	121408
242.832	n/a	0	1	121416
242.85	n/a	0	1	121425
242.866	n/a	0	1	121433
242.882	n/a	1	2	121441
242.9	n/a	1	2	121450
242.916	n/a	1	2	121458
242.932	n/a	1	2	121466
242.95	n/a	0	1	121475
242.966	n/a	0	1	121483
242.982	n/a	0	1	121491
243.0	n/a	0	1	121500
245.632	n/a	0	1	122816
245.65	n/a	0	1	122825
245.666	n/a	0	1	122833
245.682	n/a	0	1	122841
245.7	n/a	0	1	122850
245.716	n/a	0	1	122858
245.732	n/a	0	1	122866
245.75	n/a	0	1	122875
245.766	n/a	0	1	122883
245.782	n/a	0	1	122891
245.8	n/a	0	1	122900
245.816	n/a	0	1	122908
245.832	n/a	0	1	122916
245.85	n/a	0	1	122925
245.866	n/a	0	1	122933
245.882	n/a	1	2	122941
245.9	n/a	1	2	122950
245.916	n/a	1	2	122958
245.932	n/a	1	2	122966
245.95	n/a	0	1	122975
245.966	n/a	0	1	122983
245.982	n/a	0	1	122991
246.0	n/a	0	1	123000
246.016	n/a	0	1	123008
246.032	n/a	0	1	123016
246.05	n/a	0	1	123025
246.066	n/a	0	1	123033
246.082	n/a	0	1	123041
246.1	n/a	0	1	123050
246.116	n/a	0	1	123058
246.132	n/a	0	1	123066
246.15	n/a	0	1	123075
246.166	n/a	0	1	123083
246.182	n/a	0	1	123091
246.2	n/a	0	1	123100
246.216	n/a	0	1	123108
246.232	n/a	0	1	123116
246.25	n/a	0	1	123125
246.266	n/a	0	1	123133
246.282	n/a	0	1	123141
246.3	n/a	0	1	123150
246.316	n/a	1	2	123158
246.332	n/a	1	2	123166
246.35	n/a	1	2	123175
246.366	n/a	1	2	123183
246.382	n/a	0	1	123191
246.4	n/a	0	1	123200
246.416	n/a	0	1	123208
246.432	n/a	0	1	123216
246.45	n/a	0	1	123225
246.466	n/a	0	1	123233
246.482	n/a	0	1	123241
246.5	n/a	0	1	123250
246.516	n/a	0	1	123258
246.532	n/a	0	1	123266
246.55	n/a	0	1	123275
246.566	n/a	0	1	123283
246.582	n/a	0	1	123291
246.6	n/a	0	1	123300
246.616	n/a	0	1	123308
246.632	n/a	0	1	123316
246.65	n/a	0	1	123325
246.666	n/a	0	1	123333
246.682	n/a	0	1	123341
246.7	n/a	0	1	123350
246.716	n/a	0	1	123358
246.732	n/a	0	1	123366
246.75	n/a	0	1	123375
246.766	n/a	0	1	123383
246.782	n/a	1	2	123391
246.8	n/a	1	2	123400
246.816	n/a	1	2	123408
246.832	n/a	1	2	123416
246.85	n/a	0	1	123425
246.866	n/a	0	1	123433
246.882	n/a	0	1	123441
246.9	n/a	0	1	123450
246.916	n/a	0	1	123458
246.932	n/a	0	1	123466
246.95	n/a	0	1	123475
246.966	n/a	0	1	123483
246.982	n/a	0	1	123491
247.0	n/a	0	1	123500
247.016	n/a	0	1	123508
247.032	n/a	0	1	123516
247.05	n/a	0	1	123525
247.066	n/a	0	1	123533
247.082	n/a	1	2	123541
247.1	n/a	1	2	123550
247.116	n/a	1	2	123558
247.132	n/a	1	2	123566
247.15	n/a	0	1	123575
247.166	n/a	0	1	123583
247.182	n/a	0	1	123591
247.2	n/a	0	1	123600
247.216	n/a	0	1	123608
247.232	n/a	0	1	123616
247.25	n/a	0	1	123625
247.266	n/a	0	1	123633
247.282	n/a	0	1	123641
247.3	n/a	0	1	123650
247.316	n/a	0	1	123658
247.332	n/a	0	1	123666
247.35	n/a	0	1	123675
247.366	n/a	0	1	123683
247.382	n/a	0	1	123691
247.4	n/a	0	1	123700
247.416	n/a	0	1	123708
247.432	n/a	0	1	123716
247.45	n/a	0	1	123725
247.466	n/a	0	1	123733
247.482	n/a	0	1	123741
247.5	n/a	0	1	123750
247.516	n/a	1	2	123758
247.532	n/a	1	2	123766
247.55	n/a	1	2	123775
247.566	n/a	1	2	123783
249.05	n/a	0	1	124525
249.066	n/a	0	1	124533
249.082	n/a	0	1	124541
249.1	n/a	0	1	124550
249.116	n/a	0	1	124558
249.132	n/a	0	1	124566
249.15	n/a	0	1	124575
249.166	n/a	0	1	124583
249.182	n/a	0	1	124591
249.2	n/a	0	1	124600
249.216	n/a	0	1	124608
249.232	n/a	0	1	124616
249.25	n/a	0	1	124625
249.266	n/a	0	1	124633
249.282	n/a	0	1	124641
249.3	n/a	0	1	124650
249.316	n/a	0	1	124658
249.332	n/a	0	1	124666
249.35	n/a	0	1	124675
249.366	n/a	0	1	124683
249.382	n/a	0	1	124691
249.4	n/a	0	1	124700
249.416	n/a	0	1	124708
249.432	n/a	1	2	124716
249.45	n/a	1	2	124725
249.466	n/a	1	2	124733
249.482	n/a	1	2	124741
249.5	n/a	0	1	124750
249.516	n/a	0	1	124758
249.532	n/a	0	1	124766
249.55	n/a	0	1	124775
249.566	n/a	0	1	124783
249.582	n/a	0	1	124791
249.6	n/a	0	1	124800
249.616	n/a	0	1	124808
249.632	n/a	0	1	124816
249.65	n/a	0	1	124825
249.666	n/a	0	1	124833
249.682	n/a	0	1	124841
249.7	n/a	0	1	124850
249.716	n/a	0	1	124858
249.732	n/a	0	1	124866
249.75	n/a	0	1	124875
249.766	n/a	0	1	124883
249.782	n/a	0	1	124891
249.8	n/a	0	1	124900
249.816	n/a	1	2	124908
249.832	n/a	1	2	124916
249.85	n/a	1	2	124925
249.866	n/a	1	2	124933
249.882	n/a	0	1	124941
249.9	n/a	0	1	124950
249.916	n/a	0	1	124958
249.932	n/a	0	1	124966
249.95	n/a	0	1	124975
249.966	n/a	0	1	124983
249.982	n/a	0	1	124991
250.0	n/a	0	1	125000
250.016	n/a	0	1	125008
250.032	n/a	0	1	125016
250.05	n/a	0	1	125025
250.066	n/a	0	1	125033
250.082	n/a	0	1	125041
250.1	n/a	0	1	125050
250.116	n/a	1	2	125058
250.132	n/a	1	2	125066
250.15	n/a	1	2	125075
250.166	n/a	1	2	125083
250.182	n/a	0	1	125091
250.2	n/a	0	1	125100
250.216	n/a	0	1	125108
250.232	n/a	0	1	125116
250.25	n/a	0	1	125125
250.266	n/a	0	1	125133
250.282	n/a	0	1	125141
250.3	n/a	0	1	125150
250.316	n/a	0	1	125158
250.332	n/a	0	1	125166
250.35	n/a	0	1	125175
250.366	n/a	0	1	125183
250.382	n/a	0	1	125191
250.4	n/a	1	2	125200
250.416	n/a	1	2	125208
250.432	n/a	1	2	125216
250.45	n/a	1	2	125225
250.466	n/a	0	1	125233
250.482	n/a	0	1	125241
250.5	n/a	0	1	125250
250.516	n/a	0	1	125258
250.532	n/a	0	1	125266
250.55	n/a	0	1	125275
250.566	n/a	0	1	125283
250.582	n/a	0	1	125291
250.6	n/a	0	1	125300
250.616	n/a	0	1	125308
250.632	n/a	0	1	125316
250.65	n/a	0	1	125325
250.666	n/a	0	1	125333
250.682	n/a	0	1	125341
250.7	n/a	0	1	125350
250.716	n/a	0	1	125358
250.732	n/a	1	2	125366
250.75	n/a	1	2	125375
250.766	n/a	1	2	125383
250.782	n/a	1	2	125391
250.8	n/a	0	1	125400
250.816	n/a	0	1	125408
250.832	n/a	0	1	125416
250.85	n/a	0	1	125425
250.866	n/a	0	1	125433
250.882	n/a	0	1	125441
250.9	n/a	0	1	125450
250.916	n/a	0	1	125458
250.932	n/a	0	1	125466
250.95	n/a	0	1	125475
250.966	n/a	0	1	125483
250.982	n/a	0	1	125491
252.466	n/a	0	1	126233
252.482	n/a	1	2	126241
252.5	n/a	1	2	126250
252.516	n/a	1	2	126258
252.532	n/a	1	2	126266
252.55	n/a	0	1	126275
252.566	n/a	0	1	126283
252.582	n/a	0	1	126291
252.6	n/a	0	1	126300
252.616	n/a	0	1	126308
252.632	n/a	0	1	126316
252.65	n/a	0	1	126325
252.666	n/a	0	1	126333
252.682	n/a	0	1	126341
252.7	n/a	0	1	126350
252.716	n/a	0	1	126358
252.732	n/a	0	1	126366
252.75	n/a	0	1	126375
252.766	n/a	0	1	126383
252.782	n/a	0	1	126391
252.8	n/a	0	1	126400
252.816	n/a	0	1	126408
252.832	n/a	0	1	126416
252.85	n/a	0	1	126425
252.866	n/a	0	1	126433
252.882	n/a	0	1	126441
252.9	n/a	0	1	126450
252.916	n/a	0	1	126458
252.932	n/a	0	1	126466
252.95	n/a	0	1	126475
252.966	n/a	1	2	126483
252.982	n/a	1	2	126491
253.0	n/a	1	2	126500
253.016	n/a	1	2	126508
253.032	n/a	0	1	126516
253.05	n/a	0	1	126525
253.066	n/a	0	1	126533
253.082	n/a	0	1	126541
253.1	n/a	0	1	126550
253.116	n/a	0	1	126558
253.132	n/a	0	1	126566
253.15	n/a	0	1	126575
253.166	n/a	0	1	126583
253.182	n/a	0	1	126591
253.2	n/a	0	1	126600
253.216	n/a	0	1	126608
253.232	n/a	0	1	126616
253.25	n/a	0	1	126625
253.266	n/a	0	1	126633
253.282	n/a	0	1	126641
253.3	n/a	0	1	126650
253.316	n/a	0	1	126658
253.332	n/a	0	1	126666
253.35	n/a	0	1	126675
253.366	n/a	0	1	126683
253.382	n/a	0	1	126691
253.4	n/a	0	1	126700
253.416	n/a	0	1	126708
253.432	n/a	1	2	126716
253.45	n/a	1	2	126725
253.466	n/a	1	2	126733
253.482	n/a	1	2	126741
253.5	n/a	0	1	126750
253.516	n/a	0	1	126758
253.532	n/a	0	1	126766
253.55	n/a	0	1	126775
253.566	n/a	0	1	126783
253.582	n/a	0	1	126791
253.6	n/a	0	1	126800
253.616	n/a	0	1	126808
253.632	n/a	0	1	126816
253.65	n/a	0	1	126825
253.666	n/a	0	1	126833
253.682	n/a	0	1	126841
253.7	n/a	0	1	126850
253.716	n/a	0	1	126858
253.732	n/a	0	1	126866
253.75	n/a	0	1	126875
253.766	n/a	0	1	126883
253.782	n/a	0	1	126891
253.8	n/a	0	1	126900
253.816	n/a	0	1	126908
253.832	n/a	0	1	126916
253.85	n/a	1	2	126925
253.866	n/a	1	2	126933
253.882	n/a	1	2	126941
253.9	n/a	1	2	126950
253.916	n/a	0	1	126958
253.932	n/a	0	1	126966
253.95	n/a	0	1	126975
253.966	n/a	0	1	126983
253.982	n/a	0	1	126991
254.0	n/a	0	1	127000
254.016	n/a	0	1	127008
254.032	n/a	0	1	127016
254.05	n/a	0	1	127025
254.066	n/a	0	1	127033
254.082	n/a	0	1	127041
254.1	n/a	0	1	127050
254.116	n/a	0	1	127058
254.132	n/a	0	1	127066
254.15	n/a	0	1	127075
254.166	n/a	0	1	127083
254.182	n/a	0	1	127091
254.2	n/a	0	1	127100
254.216	n/a	0	1	127108
254.232	n/a	0	1	127116
254.25	n/a	0	1	127125
254.266	n/a	0	1	127133
254.282	n/a	1	2	127141
254.3	n/a	1	2	127150
254.316	n/a	1	2	127158
254.332	n/a	1	2	127166
254.35	n/a	0	1	127175
254.366	n/a	0	1	127183
254.382	n/a	0	1	127191
254.4	n/a	0	1	127200
255.882	n/a	0	1	127941
255.9	n/a	0	1	127950
255.916	n/a	0	1	127958
255.932	n/a	0	1	127966
255.95	n/a	0	1	127975
255.966	n/a	0	1	127983
255.982	n/a	0	1	127991
256.0	n/a	0	1	128000
256.016	n/a	0	1	128008
256.032	n/a	0	1	128016
256.05	n/a	0	1	128025
256.066	n/a	0	1	128033
256.082	n/a	0	1	128041
256.1	n/a	0	1	128050
256.116	n/a	0	1	128058
256.132	n/a	0	1	128066
256.148	n/a	0	1	128074
256.166	n/a	0	1	128083
256.182	n/a	1	2	128091
256.2	n/a	1	2	128100
256.216	n/a	1	2	128108
256.232	n/a	1	2	128116
256.25	n/a	0	1	128125
256.266	n/a	0	1	128133
256.282	n/a	0	1	128141
256.3	n/a	0	1	128150
256.316	n/a	0	1	128158
256.332	n/a	0	1	128166
256.35	n/a	0	1	128175
256.366	n/a	0	1	128183
256.382	n/a	0	1	128191
256.398	n/a	0	1	128199
256.416	n/a	0	1	128208
256.432	n/a	0	1	128216
256.45	n/a	0	1	128225
256.466	n/a	0	1	128233
256.482	n/a	0	1	128241
256.5	n/a	0	1	128250
256.516	n/a	0	1	128258
256.532	n/a	0	1	128266
256.55	n/a	0	1	128275
256.566	n/a	0	1	128283
256.582	n/a	1	2	128291
256.6	n/a	1	2	128300
256.616	n/a	1	2	128308
256.632	n/a	1	2	128316
256.648	n/a	0	1	128324
256.666	n/a	0	1	128333
256.682	n/a	0	1	128341
256.7	n/a	0	1	128350
256.716	n/a	0	1	128358
256.732	n/a	0	1	128366
256.75	n/a	0	1	128375
256.766	n/a	0	1	128383
256.782	n/a	0	1	128391
256.8	n/a	0	1	128400
256.816	n/a	0	1	128408
256.832	n/a	0	1	128416
256.85	n/a	0	1	128425
256.866	n/a	1	2	128433
256.882	n/a	1	2	128441
256.898	n/a	1	2	128449
256.916	n/a	1	2	128458
256.932	n/a	0	1	128466
256.95	n/a	0	1	128475
256.966	n/a	0	1	128483
256.982	n/a	0	1	128491
257.0	n/a	0	1	128500
257.016	n/a	0	1	128508
257.032	n/a	0	1	128516
257.05	n/a	0	1	128525
257.066	n/a	0	1	128533
257.082	n/a	0	1	128541
257.1	n/a	0	1	128550
257.116	n/a	0	1	128558
257.132	n/a	0	1	128566
257.148	n/a	0	1	128574
257.166	n/a	0	1	128583
257.182	n/a	0	1	128591
257.2	n/a	0	1	128600
257.216	n/a	0	1	128608
257.232	n/a	1	2	128616
257.25	n/a	1	2	128625
257.266	n/a	1	2	128633
257.282	n/a	1	2	128641
257.3	n/a	0	1	128650
257.316	n/a	0	1	128658
257.332	n/a	0	1	128666
257.35	n/a	0	1	128675
257.366	n/a	0	1	128683
257.382	n/a	0	1	128691
257.398	n/a	0	1	128699
257.416	n/a	0	1	128708
257.432	n/a	0	1	128716
257.45	n/a	0	1	128725
257.466	n/a	0	1	128733
257.482	n/a	0	1	128741
257.5	n/a	0	1	128750
257.516	n/a	0	1	128758
257.532	n/a	0	1	128766
257.55	n/a	0	1	128775
257.566	n/a	0	1	128783
257.582	n/a	0	1	128791
257.6	n/a	0	1	128800
257.616	n/a	0	1	128808
257.632	n/a	0	1	128816
257.648	n/a	0	1	128824
257.666	n/a	0	1	128833
257.682	n/a	0	1	128841
257.7	n/a	1	2	128850
257.716	n/a	1	2	128858
257.732	n/a	1	2	128866
257.75	n/a	1	2	128875
257.766	n/a	0	1	128883
257.782	n/a	0	1	128891
257.8	n/a	0	1	128900
257.816	n/a	0	1	128908
